NAME,B01003_001E,B17001_002E,B03002_003E,B03002_012E,B08201_002E,state,county,tract,block group
Block Group 1; Census Tract 1.07; Bernalillo County; New Mexico,1504,,1057,317,,35,001,000107,1
Block Group 2; Census Tract 1.07; Bernalillo County; New Mexico,1169,,755,271,,35,001,000107,2
Block Group 1; Census Tract 1.08; Bernalillo County; New Mexico,996,,671,206,,35,001,000108,1
Block Group 2; Census Tract 1.08; Bernalillo County; New Mexico,1617,,1059,398,,35,001,000108,2
Block Group 1; Census Tract 1.09; Bernalillo County; New Mexico,1130,,699,369,,35,001,000109,1
Block Group 2; Census Tract 1.09; Bernalillo County; New Mexico,1352,,561,546,,35,001,000109,2
Block Group 1; Census Tract 1.10; Bernalillo County; New Mexico,1764,,811,773,,35,001,000110,1
Block Group 2; Census Tract 1.10; Bernalillo County; New Mexico,1266,,922,199,,35,001,000110,2
Block Group 3; Census Tract 1.10; Bernalillo County; New Mexico,438,,200,201,,35,001,000110,3
Block Group 1; Census Tract 1.11; Bernalillo County; New Mexico,1859,,1376,335,,35,001,000111,1
Block Group 2; Census Tract 1.11; Bernalillo County; New Mexico,1316,,476,704,,35,001,000111,2
Block Group 1; Census Tract 1.12; Bernalillo County; New Mexico,1297,,892,212,,35,001,000112,1
Block Group 2; Census Tract 1.12; Bernalillo County; New Mexico,599,,435,115,,35,001,000112,2
Block Group 1; Census Tract 1.13; Bernalillo County; New Mexico,1762,,883,546,,35,001,000113,1
Block Group 2; Census Tract 1.13; Bernalillo County; New Mexico,1486,,582,397,,35,001,000113,2
Block Group 1; Census Tract 1.14; Bernalillo County; New Mexico,1608,,508,789,,35,001,000114,1
Block Group 2; Census Tract 1.14; Bernalillo County; New Mexico,1191,,642,470,,35,001,000114,2
Block Group 1; Census Tract 1.15; Bernalillo County; New Mexico,1478,,837,382,,35,001,000115,1
Block Group 2; Census Tract 1.15; Bernalillo County; New Mexico,956,,550,339,,35,001,000115,2
Block Group 3; Census Tract 1.15; Bernalillo County; New Mexico,1029,,651,347,,35,001,000115,3
Block Group 1; Census Tract 1.16; Bernalillo County; New Mexico,1470,,917,412,,35,001,000116,1
Block Group 2; Census Tract 1.16; Bernalillo County; New Mexico,1495,,764,543,,35,001,000116,2
Block Group 1; Census Tract 1.17; Bernalillo County; New Mexico,864,,534,248,,35,001,000117,1
Block Group 2; Census Tract 1.17; Bernalillo County; New Mexico,1189,,796,298,,35,001,000117,2
Block Group 1; Census Tract 1.18; Bernalillo County; New Mexico,1585,,785,585,,35,001,000118,1
Block Group 2; Census Tract 1.18; Bernalillo County; New Mexico,1241,,670,350,,35,001,000118,2
Block Group 1; Census Tract 1.19; Bernalillo County; New Mexico,1238,,632,351,,35,001,000119,1
Block Group 2; Census Tract 1.19; Bernalillo County; New Mexico,545,,260,230,,35,001,000119,2
Block Group 1; Census Tract 1.20; Bernalillo County; New Mexico,1131,,605,414,,35,001,000120,1
Block Group 2; Census Tract 1.20; Bernalillo County; New Mexico,1190,,392,223,,35,001,000120,2
Block Group 1; Census Tract 1.21; Bernalillo County; New Mexico,884,,518,294,,35,001,000121,1
Block Group 2; Census Tract 1.21; Bernalillo County; New Mexico,1392,,394,860,,35,001,000121,2
Block Group 3; Census Tract 1.21; Bernalillo County; New Mexico,1160,,938,151,,35,001,000121,3
Block Group 4; Census Tract 1.21; Bernalillo County; New Mexico,1607,,628,965,,35,001,000121,4
Block Group 5; Census Tract 1.21; Bernalillo County; New Mexico,381,,225,114,,35,001,000121,5
Block Group 1; Census Tract 1.22; Bernalillo County; New Mexico,1624,,588,936,,35,001,000122,1
Block Group 2; Census Tract 1.22; Bernalillo County; New Mexico,866,,360,494,,35,001,000122,2
Block Group 3; Census Tract 1.22; Bernalillo County; New Mexico,367,,217,150,,35,001,000122,3
Block Group 4; Census Tract 1.22; Bernalillo County; New Mexico,1828,,576,1158,,35,001,000122,4
Block Group 1; Census Tract 1.23; Bernalillo County; New Mexico,611,,259,261,,35,001,000123,1
Block Group 2; Census Tract 1.23; Bernalillo County; New Mexico,1013,,327,611,,35,001,000123,2
Block Group 3; Census Tract 1.23; Bernalillo County; New Mexico,823,,278,386,,35,001,000123,3
Block Group 4; Census Tract 1.23; Bernalillo County; New Mexico,693,,504,157,,35,001,000123,4
Block Group 5; Census Tract 1.23; Bernalillo County; New Mexico,1553,,1241,296,,35,001,000123,5
Block Group 1; Census Tract 1.24; Bernalillo County; New Mexico,926,,228,573,,35,001,000124,1
Block Group 2; Census Tract 1.24; Bernalillo County; New Mexico,676,,352,288,,35,001,000124,2
Block Group 3; Census Tract 1.24; Bernalillo County; New Mexico,788,,407,308,,35,001,000124,3
Block Group 4; Census Tract 1.24; Bernalillo County; New Mexico,1425,,484,545,,35,001,000124,4
Block Group 1; Census Tract 1.25; Bernalillo County; New Mexico,1587,,981,316,,35,001,000125,1
Block Group 2; Census Tract 1.25; Bernalillo County; New Mexico,1504,,853,457,,35,001,000125,2
Block Group 3; Census Tract 1.25; Bernalillo County; New Mexico,1036,,837,147,,35,001,000125,3
Block Group 1; Census Tract 1.26; Bernalillo County; New Mexico,1490,,762,453,,35,001,000126,1
Block Group 2; Census Tract 1.26; Bernalillo County; New Mexico,898,,504,314,,35,001,000126,2
Block Group 1; Census Tract 1.27; Bernalillo County; New Mexico,996,,235,720,,35,001,000127,1
Block Group 2; Census Tract 1.27; Bernalillo County; New Mexico,914,,464,303,,35,001,000127,2
Block Group 3; Census Tract 1.27; Bernalillo County; New Mexico,754,,478,188,,35,001,000127,3
Block Group 1; Census Tract 1.28; Bernalillo County; New Mexico,1014,,229,508,,35,001,000128,1
Block Group 2; Census Tract 1.28; Bernalillo County; New Mexico,1216,,643,456,,35,001,000128,2
Block Group 3; Census Tract 1.28; Bernalillo County; New Mexico,399,,107,278,,35,001,000128,3
Block Group 4; Census Tract 1.28; Bernalillo County; New Mexico,900,,345,539,,35,001,000128,4
Block Group 1; Census Tract 1.29; Bernalillo County; New Mexico,2037,,595,787,,35,001,000129,1
Block Group 2; Census Tract 1.29; Bernalillo County; New Mexico,2113,,913,867,,35,001,000129,2
Block Group 3; Census Tract 1.29; Bernalillo County; New Mexico,850,,499,331,,35,001,000129,3
Block Group 1; Census Tract 2.03; Bernalillo County; New Mexico,1255,,679,266,,35,001,000203,1
Block Group 2; Census Tract 2.03; Bernalillo County; New Mexico,1006,,381,259,,35,001,000203,2
Block Group 1; Census Tract 2.04; Bernalillo County; New Mexico,1751,,885,700,,35,001,000204,1
Block Group 2; Census Tract 2.04; Bernalillo County; New Mexico,1369,,515,600,,35,001,000204,2
Block Group 1; Census Tract 2.05; Bernalillo County; New Mexico,815,,190,314,,35,001,000205,1
Block Group 2; Census Tract 2.05; Bernalillo County; New Mexico,692,,369,320,,35,001,000205,2
Block Group 3; Census Tract 2.05; Bernalillo County; New Mexico,489,,199,268,,35,001,000205,3
Block Group 4; Census Tract 2.05; Bernalillo County; New Mexico,945,,656,210,,35,001,000205,4
Block Group 1; Census Tract 2.06; Bernalillo County; New Mexico,2261,,1102,605,,35,001,000206,1
Block Group 2; Census Tract 2.06; Bernalillo County; New Mexico,961,,614,198,,35,001,000206,2
Block Group 1; Census Tract 2.07; Bernalillo County; New Mexico,1395,,478,660,,35,001,000207,1
Block Group 2; Census Tract 2.07; Bernalillo County; New Mexico,705,,241,278,,35,001,000207,2
Block Group 3; Census Tract 2.07; Bernalillo County; New Mexico,793,,243,377,,35,001,000207,3
Block Group 1; Census Tract 2.08; Bernalillo County; New Mexico,670,,139,378,,35,001,000208,1
Block Group 2; Census Tract 2.08; Bernalillo County; New Mexico,595,,276,285,,35,001,000208,2
Block Group 3; Census Tract 2.08; Bernalillo County; New Mexico,1419,,376,748,,35,001,000208,3
Block Group 1; Census Tract 3; Bernalillo County; New Mexico,1351,,781,491,,35,001,000300,1
Block Group 2; Census Tract 3; Bernalillo County; New Mexico,689,,340,159,,35,001,000300,2
Block Group 3; Census Tract 3; Bernalillo County; New Mexico,579,,291,247,,35,001,000300,3
Block Group 4; Census Tract 3; Bernalillo County; New Mexico,1185,,606,518,,35,001,000300,4
Block Group 5; Census Tract 3; Bernalillo County; New Mexico,1623,,720,444,,35,001,000300,5
Block Group 6; Census Tract 3; Bernalillo County; New Mexico,998,,595,195,,35,001,000300,6
Block Group 1; Census Tract 4.01; Bernalillo County; New Mexico,1536,,458,835,,35,001,000401,1
Block Group 2; Census Tract 4.01; Bernalillo County; New Mexico,1180,,849,201,,35,001,000401,2
Block Group 3; Census Tract 4.01; Bernalillo County; New Mexico,1703,,641,846,,35,001,000401,3
Block Group 1; Census Tract 4.02; Bernalillo County; New Mexico,923,,238,272,,35,001,000402,1
Block Group 2; Census Tract 4.02; Bernalillo County; New Mexico,473,,283,171,,35,001,000402,2
Block Group 3; Census Tract 4.02; Bernalillo County; New Mexico,1061,,772,220,,35,001,000402,3
Block Group 4; Census Tract 4.02; Bernalillo County; New Mexico,1091,,589,278,,35,001,000402,4
Block Group 1; Census Tract 5.01; Bernalillo County; New Mexico,2069,,844,841,,35,001,000501,1
Block Group 2; Census Tract 5.01; Bernalillo County; New Mexico,617,,307,85,,35,001,000501,2
Block Group 1; Census Tract 5.03; Bernalillo County; New Mexico,1208,,865,219,,35,001,000503,1
Block Group 2; Census Tract 5.03; Bernalillo County; New Mexico,2077,,1068,453,,35,001,000503,2
Block Group 1; Census Tract 5.04; Bernalillo County; New Mexico,1355,,736,340,,35,001,000504,1
Block Group 1; Census Tract 6.01; Bernalillo County; New Mexico,1138,,569,312,,35,001,000601,1
Block Group 2; Census Tract 6.01; Bernalillo County; New Mexico,1006,,417,457,,35,001,000601,2
Block Group 3; Census Tract 6.01; Bernalillo County; New Mexico,1056,,483,257,,35,001,000601,3
Block Group 4; Census Tract 6.01; Bernalillo County; New Mexico,843,,473,236,,35,001,000601,4
Block Group 1; Census Tract 6.03; Bernalillo County; New Mexico,2377,,703,1363,,35,001,000603,1
Block Group 2; Census Tract 6.03; Bernalillo County; New Mexico,2132,,293,1471,,35,001,000603,2
Block Group 1; Census Tract 6.05; Bernalillo County; New Mexico,1127,,471,532,,35,001,000605,1
Block Group 2; Census Tract 6.05; Bernalillo County; New Mexico,797,,19,556,,35,001,000605,2
Block Group 3; Census Tract 6.05; Bernalillo County; New Mexico,608,,210,311,,35,001,000605,3
Block Group 4; Census Tract 6.05; Bernalillo County; New Mexico,713,,205,438,,35,001,000605,4
Block Group 5; Census Tract 6.05; Bernalillo County; New Mexico,831,,272,499,,35,001,000605,5
Block Group 1; Census Tract 7.04; Bernalillo County; New Mexico,856,,213,573,,35,001,000704,1
Block Group 2; Census Tract 7.04; Bernalillo County; New Mexico,854,,386,374,,35,001,000704,2
Block Group 3; Census Tract 7.04; Bernalillo County; New Mexico,1984,,795,970,,35,001,000704,3
Block Group 1; Census Tract 7.11; Bernalillo County; New Mexico,2476,,1722,379,,35,001,000711,1
Block Group 2; Census Tract 7.11; Bernalillo County; New Mexico,737,,388,272,,35,001,000711,2
Block Group 3; Census Tract 7.11; Bernalillo County; New Mexico,1013,,477,336,,35,001,000711,3
Block Group 1; Census Tract 7.12; Bernalillo County; New Mexico,2490,,710,965,,35,001,000712,1
Block Group 2; Census Tract 7.12; Bernalillo County; New Mexico,1806,,938,584,,35,001,000712,2
Block Group 1; Census Tract 7.13; Bernalillo County; New Mexico,1004,,256,561,,35,001,000713,1
Block Group 2; Census Tract 7.13; Bernalillo County; New Mexico,1546,,592,562,,35,001,000713,2
Block Group 3; Census Tract 7.13; Bernalillo County; New Mexico,1275,,599,636,,35,001,000713,3
Block Group 4; Census Tract 7.13; Bernalillo County; New Mexico,1631,,1019,548,,35,001,000713,4
Block Group 1; Census Tract 7.14; Bernalillo County; New Mexico,552,,251,157,,35,001,000714,1
Block Group 2; Census Tract 7.14; Bernalillo County; New Mexico,1848,,615,632,,35,001,000714,2
Block Group 3; Census Tract 7.14; Bernalillo County; New Mexico,1362,,334,912,,35,001,000714,3
Block Group 4; Census Tract 7.14; Bernalillo County; New Mexico,1264,,685,77,,35,001,000714,4
Block Group 1; Census Tract 7.15; Bernalillo County; New Mexico,2630,,338,2196,,35,001,000715,1
Block Group 1; Census Tract 7.16; Bernalillo County; New Mexico,1491,,335,967,,35,001,000716,1
Block Group 2; Census Tract 7.16; Bernalillo County; New Mexico,1324,,97,900,,35,001,000716,2
Block Group 3; Census Tract 7.16; Bernalillo County; New Mexico,605,,131,474,,35,001,000716,3
Block Group 4; Census Tract 7.16; Bernalillo County; New Mexico,1169,,118,1019,,35,001,000716,4
Block Group 1; Census Tract 7.17; Bernalillo County; New Mexico,2035,,554,1067,,35,001,000717,1
Block Group 1; Census Tract 7.18; Bernalillo County; New Mexico,1593,,494,940,,35,001,000718,1
Block Group 2; Census Tract 7.18; Bernalillo County; New Mexico,909,,371,338,,35,001,000718,2
Block Group 3; Census Tract 7.18; Bernalillo County; New Mexico,1402,,445,828,,35,001,000718,3
Block Group 1; Census Tract 7.19; Bernalillo County; New Mexico,3117,,1584,724,,35,001,000719,1
Block Group 1; Census Tract 7.20; Bernalillo County; New Mexico,658,,309,203,,35,001,000720,1
Block Group 2; Census Tract 7.20; Bernalillo County; New Mexico,1940,,1326,486,,35,001,000720,2
Block Group 3; Census Tract 7.20; Bernalillo County; New Mexico,1278,,1037,140,,35,001,000720,3
Block Group 1; Census Tract 9.04; Bernalillo County; New Mexico,1914,,396,856,,35,001,000904,1
Block Group 2; Census Tract 9.04; Bernalillo County; New Mexico,2127,,831,1160,,35,001,000904,2
Block Group 1; Census Tract 9.05; Bernalillo County; New Mexico,1771,,515,815,,35,001,000905,1
Block Group 1; Census Tract 9.06; Bernalillo County; New Mexico,1528,,705,661,,35,001,000906,1
Block Group 2; Census Tract 9.06; Bernalillo County; New Mexico,1336,,651,306,,35,001,000906,2
Block Group 3; Census Tract 9.06; Bernalillo County; New Mexico,638,,369,127,,35,001,000906,3
Block Group 1; Census Tract 9.07; Bernalillo County; New Mexico,794,,129,626,,35,001,000907,1
Block Group 2; Census Tract 9.07; Bernalillo County; New Mexico,811,,135,373,,35,001,000907,2
Block Group 3; Census Tract 9.07; Bernalillo County; New Mexico,591,,83,477,,35,001,000907,3
Block Group 1; Census Tract 9.08; Bernalillo County; New Mexico,1239,,29,1097,,35,001,000908,1
Block Group 2; Census Tract 9.08; Bernalillo County; New Mexico,730,,79,521,,35,001,000908,2
Block Group 3; Census Tract 9.08; Bernalillo County; New Mexico,1451,,53,1260,,35,001,000908,3
Block Group 4; Census Tract 9.08; Bernalillo County; New Mexico,1487,,62,1198,,35,001,000908,4
Block Group 1; Census Tract 11.01; Bernalillo County; New Mexico,1249,,765,309,,35,001,001101,1
Block Group 2; Census Tract 11.01; Bernalillo County; New Mexico,593,,334,177,,35,001,001101,2
Block Group 3; Census Tract 11.01; Bernalillo County; New Mexico,2180,,1166,776,,35,001,001101,3
Block Group 1; Census Tract 11.02; Bernalillo County; New Mexico,613,,469,120,,35,001,001102,1
Block Group 2; Census Tract 11.02; Bernalillo County; New Mexico,853,,540,216,,35,001,001102,2
Block Group 3; Census Tract 11.02; Bernalillo County; New Mexico,1367,,202,917,,35,001,001102,3
Block Group 1; Census Tract 12.01; Bernalillo County; New Mexico,747,,585,135,,35,001,001201,1
Block Group 2; Census Tract 12.01; Bernalillo County; New Mexico,1866,,373,1001,,35,001,001201,2
Block Group 3; Census Tract 12.01; Bernalillo County; New Mexico,807,,387,328,,35,001,001201,3
Block Group 4; Census Tract 12.01; Bernalillo County; New Mexico,520,,226,262,,35,001,001201,4
Block Group 1; Census Tract 12.02; Bernalillo County; New Mexico,1188,,242,812,,35,001,001202,1
Block Group 2; Census Tract 12.02; Bernalillo County; New Mexico,1845,,396,1231,,35,001,001202,2
Block Group 1; Census Tract 13; Bernalillo County; New Mexico,811,,50,736,,35,001,001300,1
Block Group 2; Census Tract 13; Bernalillo County; New Mexico,1475,,191,1074,,35,001,001300,2
Block Group 3; Census Tract 13; Bernalillo County; New Mexico,673,,126,349,,35,001,001300,3
Block Group 4; Census Tract 13; Bernalillo County; New Mexico,1417,,82,1245,,35,001,001300,4
Block Group 1; Census Tract 14; Bernalillo County; New Mexico,821,,114,664,,35,001,001400,1
Block Group 2; Census Tract 14; Bernalillo County; New Mexico,1098,,273,701,,35,001,001400,2
Block Group 1; Census Tract 15; Bernalillo County; New Mexico,772,,409,263,,35,001,001500,1
Block Group 2; Census Tract 15; Bernalillo County; New Mexico,2077,,336,1567,,35,001,001500,2
Block Group 1; Census Tract 17.01; Bernalillo County; New Mexico,1248,,1039,123,,35,001,001701,1
Block Group 2; Census Tract 17.01; Bernalillo County; New Mexico,870,,810,30,,35,001,001701,2
Block Group 1; Census Tract 17.02; Bernalillo County; New Mexico,970,,521,212,,35,001,001702,1
Block Group 2; Census Tract 17.02; Bernalillo County; New Mexico,768,,174,211,,35,001,001702,2
Block Group 3; Census Tract 17.02; Bernalillo County; New Mexico,609,,191,390,,35,001,001702,3
Block Group 1; Census Tract 18; Bernalillo County; New Mexico,626,,255,184,,35,001,001800,1
Block Group 2; Census Tract 18; Bernalillo County; New Mexico,1851,,764,655,,35,001,001800,2
Block Group 1; Census Tract 20; Bernalillo County; New Mexico,1217,,249,637,,35,001,002000,1
Block Group 2; Census Tract 20; Bernalillo County; New Mexico,1218,,306,906,,35,001,002000,2
Block Group 1; Census Tract 21; Bernalillo County; New Mexico,1705,,568,754,,35,001,002100,1
Block Group 1; Census Tract 22; Bernalillo County; New Mexico,1627,,687,624,,35,001,002200,1
Block Group 2; Census Tract 22; Bernalillo County; New Mexico,742,,236,369,,35,001,002200,2
Block Group 3; Census Tract 22; Bernalillo County; New Mexico,1004,,776,104,,35,001,002200,3
Block Group 1; Census Tract 23.01; Bernalillo County; New Mexico,411,,0,411,,35,001,002301,1
Block Group 2; Census Tract 23.01; Bernalillo County; New Mexico,1440,,6,1434,,35,001,002301,2
Block Group 1; Census Tract 23.02; Bernalillo County; New Mexico,1372,,34,1331,,35,001,002302,1
Block Group 2; Census Tract 23.02; Bernalillo County; New Mexico,1806,,83,1490,,35,001,002302,2
Block Group 1; Census Tract 23.03; Bernalillo County; New Mexico,1325,,156,1128,,35,001,002303,1
Block Group 2; Census Tract 23.03; Bernalillo County; New Mexico,1295,,187,1108,,35,001,002303,2
Block Group 1; Census Tract 24.01; Bernalillo County; New Mexico,1764,,226,1478,,35,001,002401,1
Block Group 2; Census Tract 24.01; Bernalillo County; New Mexico,806,,43,740,,35,001,002401,2
Block Group 3; Census Tract 24.01; Bernalillo County; New Mexico,2038,,237,1761,,35,001,002401,3
Block Group 1; Census Tract 24.03; Bernalillo County; New Mexico,900,,238,642,,35,001,002403,1
Block Group 2; Census Tract 24.03; Bernalillo County; New Mexico,2777,,323,2380,,35,001,002403,2
Block Group 3; Census Tract 24.03; Bernalillo County; New Mexico,1481,,416,1065,,35,001,002403,3
Block Group 1; Census Tract 24.04; Bernalillo County; New Mexico,1329,,52,1256,,35,001,002404,1
Block Group 2; Census Tract 24.04; Bernalillo County; New Mexico,893,,47,776,,35,001,002404,2
Block Group 3; Census Tract 24.04; Bernalillo County; New Mexico,1233,,112,745,,35,001,002404,3
Block Group 1; Census Tract 27; Bernalillo County; New Mexico,2010,,439,1391,,35,001,002700,1
Block Group 2; Census Tract 27; Bernalillo County; New Mexico,2488,,1370,736,,35,001,002700,2
Block Group 1; Census Tract 29; Bernalillo County; New Mexico,1460,,447,851,,35,001,002900,1
Block Group 2; Census Tract 29; Bernalillo County; New Mexico,889,,183,614,,35,001,002900,2
Block Group 3; Census Tract 29; Bernalillo County; New Mexico,1151,,216,851,,35,001,002900,3
Block Group 1; Census Tract 30.01; Bernalillo County; New Mexico,1041,,760,250,,35,001,003001,1
Block Group 2; Census Tract 30.01; Bernalillo County; New Mexico,882,,404,380,,35,001,003001,2
Block Group 3; Census Tract 30.01; Bernalillo County; New Mexico,973,,354,502,,35,001,003001,3
Block Group 4; Census Tract 30.01; Bernalillo County; New Mexico,1626,,626,909,,35,001,003001,4
Block Group 1; Census Tract 30.02; Bernalillo County; New Mexico,1762,,946,586,,35,001,003002,1
Block Group 2; Census Tract 30.02; Bernalillo County; New Mexico,2098,,791,1162,,35,001,003002,2
Block Group 1; Census Tract 31; Bernalillo County; New Mexico,1178,,776,358,,35,001,003100,1
Block Group 2; Census Tract 31; Bernalillo County; New Mexico,1464,,716,678,,35,001,003100,2
Block Group 1; Census Tract 32.01; Bernalillo County; New Mexico,1942,,739,1077,,35,001,003201,1
Block Group 2; Census Tract 32.01; Bernalillo County; New Mexico,926,,190,442,,35,001,003201,2
Block Group 1; Census Tract 32.02; Bernalillo County; New Mexico,1350,,394,890,,35,001,003202,1
Block Group 2; Census Tract 32.02; Bernalillo County; New Mexico,1224,,398,700,,35,001,003202,2
Block Group 3; Census Tract 32.02; Bernalillo County; New Mexico,1811,,1199,612,,35,001,003202,3
Block Group 4; Census Tract 32.02; Bernalillo County; New Mexico,491,,137,305,,35,001,003202,4
Block Group 1; Census Tract 34; Bernalillo County; New Mexico,1484,,420,780,,35,001,003400,1
Block Group 2; Census Tract 34; Bernalillo County; New Mexico,1009,,133,647,,35,001,003400,2
Block Group 3; Census Tract 34; Bernalillo County; New Mexico,1411,,458,741,,35,001,003400,3
Block Group 1; Census Tract 35.01; Bernalillo County; New Mexico,1816,,360,1168,,35,001,003501,1
Block Group 2; Census Tract 35.01; Bernalillo County; New Mexico,1089,,328,753,,35,001,003501,2
Block Group 3; Census Tract 35.01; Bernalillo County; New Mexico,1929,,994,902,,35,001,003501,3
Block Group 1; Census Tract 35.02; Bernalillo County; New Mexico,1286,,629,507,,35,001,003502,1
Block Group 2; Census Tract 35.02; Bernalillo County; New Mexico,1412,,687,630,,35,001,003502,2
Block Group 3; Census Tract 35.02; Bernalillo County; New Mexico,1171,,597,504,,35,001,003502,3
Block Group 4; Census Tract 35.02; Bernalillo County; New Mexico,1262,,580,534,,35,001,003502,4
Block Group 1; Census Tract 36; Bernalillo County; New Mexico,2317,,278,1535,,35,001,003600,1
Block Group 2; Census Tract 36; Bernalillo County; New Mexico,2397,,1395,898,,35,001,003600,2
Block Group 3; Census Tract 36; Bernalillo County; New Mexico,1527,,241,1286,,35,001,003600,3
Block Group 4; Census Tract 36; Bernalillo County; New Mexico,737,,572,104,,35,001,003600,4
Block Group 1; Census Tract 37.07; Bernalillo County; New Mexico,1696,,680,274,,35,001,003707,1
Block Group 2; Census Tract 37.07; Bernalillo County; New Mexico,807,,322,325,,35,001,003707,2
Block Group 3; Census Tract 37.07; Bernalillo County; New Mexico,2429,,849,1039,,35,001,003707,3
Block Group 1; Census Tract 37.12; Bernalillo County; New Mexico,1049,,609,364,,35,001,003712,1
Block Group 2; Census Tract 37.12; Bernalillo County; New Mexico,1498,,647,687,,35,001,003712,2
Block Group 3; Census Tract 37.12; Bernalillo County; New Mexico,1176,,752,366,,35,001,003712,3
Block Group 4; Census Tract 37.12; Bernalillo County; New Mexico,1449,,756,583,,35,001,003712,4
Block Group 1; Census Tract 37.15; Bernalillo County; New Mexico,1005,,574,386,,35,001,003715,1
Block Group 2; Census Tract 37.15; Bernalillo County; New Mexico,1112,,685,326,,35,001,003715,2
Block Group 3; Census Tract 37.15; Bernalillo County; New Mexico,741,,631,97,,35,001,003715,3
Block Group 4; Census Tract 37.15; Bernalillo County; New Mexico,1190,,909,213,,35,001,003715,4
Block Group 1; Census Tract 37.17; Bernalillo County; New Mexico,1028,,674,315,,35,001,003717,1
Block Group 2; Census Tract 37.17; Bernalillo County; New Mexico,1114,,798,300,,35,001,003717,2
Block Group 3; Census Tract 37.17; Bernalillo County; New Mexico,1356,,480,764,,35,001,003717,3
Block Group 4; Census Tract 37.17; Bernalillo County; New Mexico,1691,,948,743,,35,001,003717,4
Block Group 1; Census Tract 37.18; Bernalillo County; New Mexico,2258,,1070,735,,35,001,003718,1
Block Group 2; Census Tract 37.18; Bernalillo County; New Mexico,554,,403,110,,35,001,003718,2
Block Group 1; Census Tract 37.19; Bernalillo County; New Mexico,2149,,1370,676,,35,001,003719,1
Block Group 2; Census Tract 37.19; Bernalillo County; New Mexico,1815,,1157,349,,35,001,003719,2
Block Group 3; Census Tract 37.19; Bernalillo County; New Mexico,1293,,975,211,,35,001,003719,3
Block Group 1; Census Tract 37.22; Bernalillo County; New Mexico,1563,,321,231,,35,001,003722,1
Block Group 2; Census Tract 37.22; Bernalillo County; New Mexico,4260,,1752,811,,35,001,003722,2
Block Group 3; Census Tract 37.22; Bernalillo County; New Mexico,1421,,792,118,,35,001,003722,3
Block Group 1; Census Tract 37.23; Bernalillo County; New Mexico,708,,437,147,,35,001,003723,1
Block Group 2; Census Tract 37.23; Bernalillo County; New Mexico,1552,,716,373,,35,001,003723,2
Block Group 3; Census Tract 37.23; Bernalillo County; New Mexico,839,,437,256,,35,001,003723,3
Block Group 4; Census Tract 37.23; Bernalillo County; New Mexico,1733,,897,749,,35,001,003723,4
Block Group 5; Census Tract 37.23; Bernalillo County; New Mexico,1447,,516,792,,35,001,003723,5
Block Group 1; Census Tract 37.24; Bernalillo County; New Mexico,882,,591,247,,35,001,003724,1
Block Group 2; Census Tract 37.24; Bernalillo County; New Mexico,2464,,1478,717,,35,001,003724,2
Block Group 1; Census Tract 37.25; Bernalillo County; New Mexico,1489,,923,421,,35,001,003725,1
Block Group 2; Census Tract 37.25; Bernalillo County; New Mexico,1259,,504,457,,35,001,003725,2
Block Group 3; Census Tract 37.25; Bernalillo County; New Mexico,1409,,615,598,,35,001,003725,3
Block Group 1; Census Tract 37.26; Bernalillo County; New Mexico,1142,,859,193,,35,001,003726,1
Block Group 2; Census Tract 37.26; Bernalillo County; New Mexico,1173,,810,133,,35,001,003726,2
Block Group 1; Census Tract 37.28; Bernalillo County; New Mexico,1068,,583,339,,35,001,003728,1
Block Group 2; Census Tract 37.28; Bernalillo County; New Mexico,607,,386,102,,35,001,003728,2
Block Group 3; Census Tract 37.28; Bernalillo County; New Mexico,2962,,1621,1051,,35,001,003728,3
Block Group 1; Census Tract 37.29; Bernalillo County; New Mexico,843,,608,83,,35,001,003729,1
Block Group 2; Census Tract 37.29; Bernalillo County; New Mexico,1245,,869,310,,35,001,003729,2
Block Group 1; Census Tract 37.30; Bernalillo County; New Mexico,1671,,1168,247,,35,001,003730,1
Block Group 2; Census Tract 37.30; Bernalillo County; New Mexico,1192,,745,362,,35,001,003730,2
Block Group 3; Census Tract 37.30; Bernalillo County; New Mexico,2102,,1109,647,,35,001,003730,3
Block Group 1; Census Tract 37.31; Bernalillo County; New Mexico,1431,,796,508,,35,001,003731,1
Block Group 2; Census Tract 37.31; Bernalillo County; New Mexico,2459,,1593,537,,35,001,003731,2
Block Group 1; Census Tract 37.33; Bernalillo County; New Mexico,1585,,268,1066,,35,001,003733,1
Block Group 2; Census Tract 37.33; Bernalillo County; New Mexico,1703,,657,711,,35,001,003733,2
Block Group 1; Census Tract 37.36; Bernalillo County; New Mexico,2370,,912,941,,35,001,003736,1
Block Group 1; Census Tract 37.37; Bernalillo County; New Mexico,1274,,945,236,,35,001,003737,1
Block Group 2; Census Tract 37.37; Bernalillo County; New Mexico,1786,,1261,295,,35,001,003737,2
Block Group 1; Census Tract 37.38; Bernalillo County; New Mexico,3269,,1109,1124,,35,001,003738,1
Block Group 2; Census Tract 37.38; Bernalillo County; New Mexico,574,,374,150,,35,001,003738,2
Block Group 3; Census Tract 37.38; Bernalillo County; New Mexico,687,,493,160,,35,001,003738,3
Block Group 4; Census Tract 37.38; Bernalillo County; New Mexico,714,,523,101,,35,001,003738,4
Block Group 1; Census Tract 37.39; Bernalillo County; New Mexico,1681,,885,690,,35,001,003739,1
Block Group 1; Census Tract 37.40; Bernalillo County; New Mexico,786,,318,349,,35,001,003740,1
Block Group 2; Census Tract 37.40; Bernalillo County; New Mexico,2792,,1327,617,,35,001,003740,2
Block Group 3; Census Tract 37.40; Bernalillo County; New Mexico,1738,,475,974,,35,001,003740,3
Block Group 1; Census Tract 37.41; Bernalillo County; New Mexico,927,,764,70,,35,001,003741,1
Block Group 2; Census Tract 37.41; Bernalillo County; New Mexico,1019,,746,263,,35,001,003741,2
Block Group 3; Census Tract 37.41; Bernalillo County; New Mexico,0,,0,0,,35,001,003741,3
Block Group 1; Census Tract 37.42; Bernalillo County; New Mexico,0,,0,0,,35,001,003742,1
Block Group 2; Census Tract 37.42; Bernalillo County; New Mexico,1429,,1187,194,,35,001,003742,2
Block Group 3; Census Tract 37.42; Bernalillo County; New Mexico,1599,,1031,250,,35,001,003742,3
Block Group 4; Census Tract 37.42; Bernalillo County; New Mexico,2038,,1378,528,,35,001,003742,4
Block Group 1; Census Tract 37.43; Bernalillo County; New Mexico,1876,,897,587,,35,001,003743,1
Block Group 2; Census Tract 37.43; Bernalillo County; New Mexico,2547,,1197,664,,35,001,003743,2
Block Group 3; Census Tract 37.43; Bernalillo County; New Mexico,1996,,931,443,,35,001,003743,3
Block Group 1; Census Tract 37.44; Bernalillo County; New Mexico,1524,,1089,335,,35,001,003744,1
Block Group 1; Census Tract 37.45; Bernalillo County; New Mexico,1478,,1048,346,,35,001,003745,1
Block Group 1; Census Tract 37.46; Bernalillo County; New Mexico,1570,,797,690,,35,001,003746,1
Block Group 2; Census Tract 37.46; Bernalillo County; New Mexico,2560,,1002,1121,,35,001,003746,2
Block Group 3; Census Tract 37.46; Bernalillo County; New Mexico,297,,149,148,,35,001,003746,3
Block Group 1; Census Tract 38.03; Bernalillo County; New Mexico,2517,,1914,530,,35,001,003803,1
Block Group 2; Census Tract 38.03; Bernalillo County; New Mexico,852,,751,73,,35,001,003803,2
Block Group 1; Census Tract 38.04; Bernalillo County; New Mexico,2005,,1215,579,,35,001,003804,1
Block Group 2; Census Tract 38.04; Bernalillo County; New Mexico,1282,,672,610,,35,001,003804,2
Block Group 3; Census Tract 38.04; Bernalillo County; New Mexico,1246,,866,344,,35,001,003804,3
Block Group 4; Census Tract 38.04; Bernalillo County; New Mexico,960,,694,254,,35,001,003804,4
Block Group 1; Census Tract 38.05; Bernalillo County; New Mexico,1714,,1413,181,,35,001,003805,1
Block Group 2; Census Tract 38.05; Bernalillo County; New Mexico,730,,328,298,,35,001,003805,2
Block Group 1; Census Tract 38.06; Bernalillo County; New Mexico,1685,,1227,408,,35,001,003806,1
Block Group 2; Census Tract 38.06; Bernalillo County; New Mexico,2131,,1164,925,,35,001,003806,2
Block Group 1; Census Tract 38.07; Bernalillo County; New Mexico,1700,,1270,347,,35,001,003807,1
Block Group 2; Census Tract 38.07; Bernalillo County; New Mexico,980,,820,103,,35,001,003807,2
Block Group 3; Census Tract 38.07; Bernalillo County; New Mexico,2061,,1216,493,,35,001,003807,3
Block Group 1; Census Tract 40.01; Bernalillo County; New Mexico,914,,315,582,,35,001,004001,1
Block Group 2; Census Tract 40.01; Bernalillo County; New Mexico,1371,,339,1008,,35,001,004001,2
Block Group 3; Census Tract 40.01; Bernalillo County; New Mexico,548,,263,285,,35,001,004001,3
Block Group 4; Census Tract 40.01; Bernalillo County; New Mexico,2131,,226,1810,,35,001,004001,4
Block Group 1; Census Tract 43; Bernalillo County; New Mexico,663,,152,467,,35,001,004300,1
Block Group 2; Census Tract 43; Bernalillo County; New Mexico,850,,10,840,,35,001,004300,2
Block Group 3; Census Tract 43; Bernalillo County; New Mexico,1475,,300,1175,,35,001,004300,3
Block Group 4; Census Tract 43; Bernalillo County; New Mexico,2168,,448,1515,,35,001,004300,4
Block Group 1; Census Tract 44.01; Bernalillo County; New Mexico,2585,,219,2340,,35,001,004401,1
Block Group 2; Census Tract 44.01; Bernalillo County; New Mexico,652,,32,620,,35,001,004401,2
Block Group 1; Census Tract 44.02; Bernalillo County; New Mexico,2424,,483,1858,,35,001,004402,1
Block Group 2; Census Tract 44.02; Bernalillo County; New Mexico,1207,,193,995,,35,001,004402,2
Block Group 1; Census Tract 45.01; Bernalillo County; New Mexico,2025,,205,1791,,35,001,004501,1
Block Group 2; Census Tract 45.01; Bernalillo County; New Mexico,1380,,46,1334,,35,001,004501,2
Block Group 1; Census Tract 45.02; Bernalillo County; New Mexico,2386,,98,2210,,35,001,004502,1
Block Group 2; Census Tract 45.02; Bernalillo County; New Mexico,852,,200,595,,35,001,004502,2
Block Group 1; Census Tract 46.02; Bernalillo County; New Mexico,2661,,567,2007,,35,001,004602,1
Block Group 2; Census Tract 46.02; Bernalillo County; New Mexico,1307,,306,966,,35,001,004602,2
Block Group 1; Census Tract 46.03; Bernalillo County; New Mexico,974,,63,909,,35,001,004603,1
Block Group 2; Census Tract 46.03; Bernalillo County; New Mexico,380,,151,217,,35,001,004603,2
Block Group 3; Census Tract 46.03; Bernalillo County; New Mexico,1831,,212,1453,,35,001,004603,3
Block Group 1; Census Tract 46.04; Bernalillo County; New Mexico,2280,,820,1423,,35,001,004604,1
Block Group 2; Census Tract 46.04; Bernalillo County; New Mexico,2769,,208,2403,,35,001,004604,2
Block Group 1; Census Tract 47.12; Bernalillo County; New Mexico,2715,,172,2047,,35,001,004712,1
Block Group 2; Census Tract 47.12; Bernalillo County; New Mexico,1941,,91,1638,,35,001,004712,2
Block Group 3; Census Tract 47.12; Bernalillo County; New Mexico,2385,,71,2212,,35,001,004712,3
Block Group 1; Census Tract 47.13; Bernalillo County; New Mexico,1701,,172,1266,,35,001,004713,1
Block Group 2; Census Tract 47.13; Bernalillo County; New Mexico,2404,,145,1901,,35,001,004713,2
Block Group 3; Census Tract 47.13; Bernalillo County; New Mexico,3166,,141,3006,,35,001,004713,3
Block Group 1; Census Tract 47.15; Bernalillo County; New Mexico,2765,,240,2501,,35,001,004715,1
Block Group 2; Census Tract 47.15; Bernalillo County; New Mexico,1819,,298,1515,,35,001,004715,2
Block Group 1; Census Tract 47.16; Bernalillo County; New Mexico,1234,,421,736,,35,001,004716,1
Block Group 2; Census Tract 47.16; Bernalillo County; New Mexico,1078,,559,469,,35,001,004716,2
Block Group 1; Census Tract 47.20; Bernalillo County; New Mexico,2045,,1081,769,,35,001,004720,1
Block Group 2; Census Tract 47.20; Bernalillo County; New Mexico,1603,,890,647,,35,001,004720,2
Block Group 1; Census Tract 47.22; Bernalillo County; New Mexico,1529,,806,575,,35,001,004722,1
Block Group 2; Census Tract 47.22; Bernalillo County; New Mexico,910,,343,254,,35,001,004722,2
Block Group 3; Census Tract 47.22; Bernalillo County; New Mexico,2781,,938,1259,,35,001,004722,3
Block Group 1; Census Tract 47.23; Bernalillo County; New Mexico,1869,,1007,697,,35,001,004723,1
Block Group 2; Census Tract 47.23; Bernalillo County; New Mexico,1146,,332,605,,35,001,004723,2
Block Group 3; Census Tract 47.23; Bernalillo County; New Mexico,1603,,396,965,,35,001,004723,3
Block Group 4; Census Tract 47.23; Bernalillo County; New Mexico,2262,,935,1154,,35,001,004723,4
Block Group 1; Census Tract 47.24; Bernalillo County; New Mexico,1568,,582,947,,35,001,004724,1
Block Group 2; Census Tract 47.24; Bernalillo County; New Mexico,1362,,545,724,,35,001,004724,2
Block Group 1; Census Tract 47.25; Bernalillo County; New Mexico,1227,,370,848,,35,001,004725,1
Block Group 2; Census Tract 47.25; Bernalillo County; New Mexico,2016,,619,1284,,35,001,004725,2
Block Group 1; Census Tract 47.26; Bernalillo County; New Mexico,2124,,723,1202,,35,001,004726,1
Block Group 1; Census Tract 47.27; Bernalillo County; New Mexico,1012,,306,339,,35,001,004727,1
Block Group 2; Census Tract 47.27; Bernalillo County; New Mexico,1025,,418,495,,35,001,004727,2
Block Group 1; Census Tract 47.28; Bernalillo County; New Mexico,1849,,522,1087,,35,001,004728,1
Block Group 2; Census Tract 47.28; Bernalillo County; New Mexico,797,,403,305,,35,001,004728,2
Block Group 3; Census Tract 47.28; Bernalillo County; New Mexico,1203,,778,415,,35,001,004728,3
Block Group 4; Census Tract 47.28; Bernalillo County; New Mexico,1200,,508,382,,35,001,004728,4
Block Group 1; Census Tract 47.29; Bernalillo County; New Mexico,2288,,926,1178,,35,001,004729,1
Block Group 2; Census Tract 47.29; Bernalillo County; New Mexico,1665,,726,862,,35,001,004729,2
Block Group 1; Census Tract 47.33; Bernalillo County; New Mexico,1356,,81,1214,,35,001,004733,1
Block Group 2; Census Tract 47.33; Bernalillo County; New Mexico,1683,,97,1464,,35,001,004733,2
Block Group 3; Census Tract 47.33; Bernalillo County; New Mexico,1139,,88,1051,,35,001,004733,3
Block Group 4; Census Tract 47.33; Bernalillo County; New Mexico,2091,,124,1578,,35,001,004733,4
Block Group 1; Census Tract 47.34; Bernalillo County; New Mexico,1980,,93,1851,,35,001,004734,1
Block Group 2; Census Tract 47.34; Bernalillo County; New Mexico,1930,,252,1614,,35,001,004734,2
Block Group 3; Census Tract 47.34; Bernalillo County; New Mexico,822,,0,822,,35,001,004734,3
Block Group 4; Census Tract 47.34; Bernalillo County; New Mexico,1128,,127,946,,35,001,004734,4
Block Group 1; Census Tract 47.35; Bernalillo County; New Mexico,1138,,150,849,,35,001,004735,1
Block Group 2; Census Tract 47.35; Bernalillo County; New Mexico,823,,85,711,,35,001,004735,2
Block Group 1; Census Tract 47.36; Bernalillo County; New Mexico,1636,,160,1409,,35,001,004736,1
Block Group 1; Census Tract 47.37; Bernalillo County; New Mexico,3493,,541,2382,,35,001,004737,1
Block Group 2; Census Tract 47.37; Bernalillo County; New Mexico,3884,,846,2681,,35,001,004737,2
Block Group 3; Census Tract 47.37; Bernalillo County; New Mexico,1654,,361,894,,35,001,004737,3
Block Group 1; Census Tract 47.38; Bernalillo County; New Mexico,1551,,173,1353,,35,001,004738,1
Block Group 2; Census Tract 47.38; Bernalillo County; New Mexico,3272,,279,2812,,35,001,004738,2
Block Group 3; Census Tract 47.38; Bernalillo County; New Mexico,2067,,214,1285,,35,001,004738,3
Block Group 1; Census Tract 47.39; Bernalillo County; New Mexico,3343,,329,2904,,35,001,004739,1
Block Group 2; Census Tract 47.39; Bernalillo County; New Mexico,1401,,132,1145,,35,001,004739,2
Block Group 3; Census Tract 47.39; Bernalillo County; New Mexico,1427,,84,1150,,35,001,004739,3
Block Group 4; Census Tract 47.39; Bernalillo County; New Mexico,891,,38,759,,35,001,004739,4
Block Group 1; Census Tract 47.42; Bernalillo County; New Mexico,2321,,694,1380,,35,001,004742,1
Block Group 2; Census Tract 47.42; Bernalillo County; New Mexico,2895,,769,1969,,35,001,004742,2
Block Group 3; Census Tract 47.42; Bernalillo County; New Mexico,1057,,91,768,,35,001,004742,3
Block Group 1; Census Tract 47.43; Bernalillo County; New Mexico,1996,,438,1391,,35,001,004743,1
Block Group 2; Census Tract 47.43; Bernalillo County; New Mexico,2096,,582,1310,,35,001,004743,2
Block Group 1; Census Tract 47.44; Bernalillo County; New Mexico,1753,,497,996,,35,001,004744,1
Block Group 2; Census Tract 47.44; Bernalillo County; New Mexico,2886,,582,1938,,35,001,004744,2
Block Group 3; Census Tract 47.44; Bernalillo County; New Mexico,2921,,1185,1575,,35,001,004744,3
Block Group 1; Census Tract 47.45; Bernalillo County; New Mexico,3028,,1614,1085,,35,001,004745,1
Block Group 2; Census Tract 47.45; Bernalillo County; New Mexico,1144,,681,270,,35,001,004745,2
Block Group 3; Census Tract 47.45; Bernalillo County; New Mexico,2436,,672,1486,,35,001,004745,3
Block Group 1; Census Tract 47.47; Bernalillo County; New Mexico,1822,,1056,608,,35,001,004747,1
Block Group 2; Census Tract 47.47; Bernalillo County; New Mexico,449,,208,193,,35,001,004747,2
Block Group 3; Census Tract 47.47; Bernalillo County; New Mexico,2352,,780,990,,35,001,004747,3
Block Group 1; Census Tract 47.49; Bernalillo County; New Mexico,2037,,446,1212,,35,001,004749,1
Block Group 2; Census Tract 47.49; Bernalillo County; New Mexico,1183,,202,787,,35,001,004749,2
Block Group 3; Census Tract 47.49; Bernalillo County; New Mexico,1347,,514,712,,35,001,004749,3
Block Group 1; Census Tract 47.50; Bernalillo County; New Mexico,2609,,551,1473,,35,001,004750,1
Block Group 2; Census Tract 47.50; Bernalillo County; New Mexico,1245,,301,892,,35,001,004750,2
Block Group 3; Census Tract 47.50; Bernalillo County; New Mexico,900,,289,485,,35,001,004750,3
Block Group 4; Census Tract 47.50; Bernalillo County; New Mexico,1467,,261,860,,35,001,004750,4
Block Group 1; Census Tract 47.52; Bernalillo County; New Mexico,2257,,822,972,,35,001,004752,1
Block Group 2; Census Tract 47.52; Bernalillo County; New Mexico,1045,,474,311,,35,001,004752,2
Block Group 3; Census Tract 47.52; Bernalillo County; New Mexico,747,,211,297,,35,001,004752,3
Block Group 1; Census Tract 47.53; Bernalillo County; New Mexico,2686,,1059,1495,,35,001,004753,1
Block Group 2; Census Tract 47.53; Bernalillo County; New Mexico,1478,,455,684,,35,001,004753,2
Block Group 1; Census Tract 47.54; Bernalillo County; New Mexico,1859,,568,705,,35,001,004754,1
Block Group 2; Census Tract 47.54; Bernalillo County; New Mexico,2829,,743,1810,,35,001,004754,2
Block Group 1; Census Tract 47.55; Bernalillo County; New Mexico,1666,,560,907,,35,001,004755,1
Block Group 2; Census Tract 47.55; Bernalillo County; New Mexico,2110,,844,976,,35,001,004755,2
Block Group 1; Census Tract 47.56; Bernalillo County; New Mexico,4629,,1621,2032,,35,001,004756,1
Block Group 1; Census Tract 47.57; Bernalillo County; New Mexico,2684,,1406,1091,,35,001,004757,1
Block Group 2; Census Tract 47.57; Bernalillo County; New Mexico,1485,,663,811,,35,001,004757,2
Block Group 3; Census Tract 47.57; Bernalillo County; New Mexico,1165,,433,622,,35,001,004757,3
Block Group 1; Census Tract 47.58; Bernalillo County; New Mexico,1951,,920,758,,35,001,004758,1
Block Group 2; Census Tract 47.58; Bernalillo County; New Mexico,1704,,641,630,,35,001,004758,2
Block Group 1; Census Tract 47.59; Bernalillo County; New Mexico,1447,,0,1447,,35,001,004759,1
Block Group 2; Census Tract 47.59; Bernalillo County; New Mexico,1867,,338,1316,,35,001,004759,2
Block Group 1; Census Tract 47.60; Bernalillo County; New Mexico,3089,,360,1987,,35,001,004760,1
Block Group 2; Census Tract 47.60; Bernalillo County; New Mexico,973,,37,903,,35,001,004760,2
Block Group 1; Census Tract 47.61; Bernalillo County; New Mexico,2547,,118,2329,,35,001,004761,1
Block Group 1; Census Tract 47.62; Bernalillo County; New Mexico,1087,,117,912,,35,001,004762,1
Block Group 2; Census Tract 47.62; Bernalillo County; New Mexico,446,,51,312,,35,001,004762,2
Block Group 3; Census Tract 47.62; Bernalillo County; New Mexico,1885,,96,1728,,35,001,004762,3
Block Group 4; Census Tract 47.62; Bernalillo County; New Mexico,1250,,26,1020,,35,001,004762,4
Block Group 1; Census Tract 47.63; Bernalillo County; New Mexico,2396,,1307,1027,,35,001,004763,1
Block Group 2; Census Tract 47.63; Bernalillo County; New Mexico,2380,,645,1244,,35,001,004763,2
Block Group 1; Census Tract 47.64; Bernalillo County; New Mexico,1401,,585,677,,35,001,004764,1
Block Group 2; Census Tract 47.64; Bernalillo County; New Mexico,1863,,617,943,,35,001,004764,2
Block Group 1; Census Tract 48; Bernalillo County; New Mexico,1409,,314,999,,35,001,004800,1
Block Group 2; Census Tract 48; Bernalillo County; New Mexico,1915,,359,1161,,35,001,004800,2
Block Group 3; Census Tract 48; Bernalillo County; New Mexico,623,,253,311,,35,001,004800,3
Block Group 1; Census Tract 49; Bernalillo County; New Mexico,1952,,858,693,,35,001,004900,1
Block Group 2; Census Tract 49; Bernalillo County; New Mexico,666,,263,248,,35,001,004900,2
Block Group 3; Census Tract 49; Bernalillo County; New Mexico,935,,650,161,,35,001,004900,3
Block Group 1; Census Tract 9405; Bernalillo County; New Mexico,788,,504,222,,35,001,940500,1
Block Group 2; Census Tract 9405; Bernalillo County; New Mexico,2156,,1547,300,,35,001,940500,2
Block Group 1; Census Tract 9406.01; Bernalillo County; New Mexico,3148,,1376,1288,,35,001,940601,1
Block Group 2; Census Tract 9406.01; Bernalillo County; New Mexico,3146,,845,1591,,35,001,940601,2
Block Group 3; Census Tract 9406.01; Bernalillo County; New Mexico,4974,,2336,1702,,35,001,940601,3
Block Group 1; Census Tract 9406.02; Bernalillo County; New Mexico,1456,,0,29,,35,001,940602,1
Block Group 2; Census Tract 9406.02; Bernalillo County; New Mexico,590,,218,262,,35,001,940602,2
Block Group 1; Census Tract 9407; Bernalillo County; New Mexico,2925,,54,539,,35,001,940700,1
Block Group 1; Census Tract 9408; Bernalillo County; New Mexico,0,,0,0,,35,001,940800,1
Block Group 2; Census Tract 9408; Bernalillo County; New Mexico,0,,0,0,,35,001,940800,2
Block Group 3; Census Tract 9408; Bernalillo County; New Mexico,0,,0,0,,35,001,940800,3
Block Group 4; Census Tract 9408; Bernalillo County; New Mexico,0,,0,0,,35,001,940800,4
Block Group 1; Census Tract 9800; Bernalillo County; New Mexico,705,,510,110,,35,001,980000,1
Block Group 2; Census Tract 9800; Bernalillo County; New Mexico,389,,218,125,,35,001,980000,2
Block Group 3; Census Tract 9800; Bernalillo County; New Mexico,2330,,1064,638,,35,001,980000,3
Block Group 4; Census Tract 9800; Bernalillo County; New Mexico,553,,260,155,,35,001,980000,4
Block Group 1; Census Tract 9803; Bernalillo County; New Mexico,0,,0,0,,35,001,980300,1
Block Group 1; Census Tract 9805; Bernalillo County; New Mexico,1231,,267,737,,35,001,980500,1
Block Group 1; Census Tract 9806; Bernalillo County; New Mexico,16,,8,0,,35,001,980600,1
Block Group 2; Census Tract 9806; Bernalillo County; New Mexico,0,,0,0,,35,001,980600,2
Block Group 1; Census Tract 9764.01; Catron County; New Mexico,1054,,788,198,,35,003,976401,1
Block Group 2; Census Tract 9764.01; Catron County; New Mexico,665,,374,280,,35,003,976401,2
Block Group 1; Census Tract 9764.02; Catron County; New Mexico,540,,503,37,,35,003,976402,1
Block Group 2; Census Tract 9764.02; Catron County; New Mexico,635,,576,44,,35,003,976402,2
Block Group 3; Census Tract 9764.02; Catron County; New Mexico,791,,668,0,,35,003,976402,3
Block Group 1; Census Tract 2.01; Chaves County; New Mexico,335,,233,102,,35,005,000201,1
Block Group 2; Census Tract 2.01; Chaves County; New Mexico,1006,,509,480,,35,005,000201,2
Block Group 3; Census Tract 2.01; Chaves County; New Mexico,1460,,386,1021,,35,005,000201,3
Block Group 4; Census Tract 2.01; Chaves County; New Mexico,330,,135,119,,35,005,000201,4
Block Group 1; Census Tract 2.02; Chaves County; New Mexico,2033,,670,1305,,35,005,000202,1
Block Group 2; Census Tract 2.02; Chaves County; New Mexico,706,,107,556,,35,005,000202,2
Block Group 3; Census Tract 2.02; Chaves County; New Mexico,987,,586,368,,35,005,000202,3
Block Group 1; Census Tract 3.01; Chaves County; New Mexico,1398,,362,975,,35,005,000301,1
Block Group 2; Census Tract 3.01; Chaves County; New Mexico,651,,284,349,,35,005,000301,2
Block Group 3; Census Tract 3.01; Chaves County; New Mexico,808,,133,675,,35,005,000301,3
Block Group 1; Census Tract 3.02; Chaves County; New Mexico,2254,,1003,985,,35,005,000302,1
Block Group 2; Census Tract 3.02; Chaves County; New Mexico,839,,241,417,,35,005,000302,2
Block Group 1; Census Tract 4; Chaves County; New Mexico,1527,,747,774,,35,005,000400,1
Block Group 2; Census Tract 4; Chaves County; New Mexico,2399,,316,2037,,35,005,000400,2
Block Group 3; Census Tract 4; Chaves County; New Mexico,565,,124,441,,35,005,000400,3
Block Group 4; Census Tract 4; Chaves County; New Mexico,801,,341,413,,35,005,000400,4
Block Group 1; Census Tract 5; Chaves County; New Mexico,713,,166,536,,35,005,000500,1
Block Group 2; Census Tract 5; Chaves County; New Mexico,1278,,236,1035,,35,005,000500,2
Block Group 1; Census Tract 6; Chaves County; New Mexico,1097,,321,692,,35,005,000600,1
Block Group 2; Census Tract 6; Chaves County; New Mexico,926,,41,880,,35,005,000600,2
Block Group 3; Census Tract 6; Chaves County; New Mexico,629,,51,548,,35,005,000600,3
Block Group 4; Census Tract 6; Chaves County; New Mexico,1561,,156,1391,,35,005,000600,4
Block Group 5; Census Tract 6; Chaves County; New Mexico,728,,20,664,,35,005,000600,5
Block Group 1; Census Tract 7; Chaves County; New Mexico,600,,223,377,,35,005,000700,1
Block Group 2; Census Tract 7; Chaves County; New Mexico,1956,,553,1375,,35,005,000700,2
Block Group 3; Census Tract 7; Chaves County; New Mexico,1421,,391,858,,35,005,000700,3
Block Group 4; Census Tract 7; Chaves County; New Mexico,831,,349,467,,35,005,000700,4
Block Group 1; Census Tract 8; Chaves County; New Mexico,1673,,1020,651,,35,005,000800,1
Block Group 2; Census Tract 8; Chaves County; New Mexico,1366,,345,907,,35,005,000800,2
Block Group 3; Census Tract 8; Chaves County; New Mexico,1467,,656,741,,35,005,000800,3
Block Group 4; Census Tract 8; Chaves County; New Mexico,892,,409,470,,35,005,000800,4
Block Group 5; Census Tract 8; Chaves County; New Mexico,498,,54,444,,35,005,000800,5
Block Group 1; Census Tract 9; Chaves County; New Mexico,2633,,1149,1154,,35,005,000900,1
Block Group 2; Census Tract 9; Chaves County; New Mexico,901,,271,562,,35,005,000900,2
Block Group 1; Census Tract 10.01; Chaves County; New Mexico,2594,,1309,1046,,35,005,001001,1
Block Group 2; Census Tract 10.01; Chaves County; New Mexico,1479,,901,501,,35,005,001001,2
Block Group 3; Census Tract 10.01; Chaves County; New Mexico,1478,,438,1012,,35,005,001001,3
Block Group 1; Census Tract 10.02; Chaves County; New Mexico,1192,,595,548,,35,005,001002,1
Block Group 2; Census Tract 10.02; Chaves County; New Mexico,1862,,1102,657,,35,005,001002,2
Block Group 3; Census Tract 10.02; Chaves County; New Mexico,797,,537,213,,35,005,001002,3
Block Group 1; Census Tract 11.01; Chaves County; New Mexico,820,,367,442,,35,005,001101,1
Block Group 2; Census Tract 11.01; Chaves County; New Mexico,1259,,524,674,,35,005,001101,2
Block Group 3; Census Tract 11.01; Chaves County; New Mexico,1075,,100,859,,35,005,001101,3
Block Group 4; Census Tract 11.01; Chaves County; New Mexico,1223,,327,833,,35,005,001101,4
Block Group 1; Census Tract 11.02; Chaves County; New Mexico,1463,,987,471,,35,005,001102,1
Block Group 2; Census Tract 11.02; Chaves County; New Mexico,2103,,1169,781,,35,005,001102,2
Block Group 3; Census Tract 11.02; Chaves County; New Mexico,371,,319,52,,35,005,001102,3
Block Group 1; Census Tract 12; Chaves County; New Mexico,850,,450,352,,35,005,001200,1
Block Group 2; Census Tract 12; Chaves County; New Mexico,562,,217,345,,35,005,001200,2
Block Group 1; Census Tract 13; Chaves County; New Mexico,1292,,153,1111,,35,005,001300,1
Block Group 2; Census Tract 13; Chaves County; New Mexico,2291,,885,1223,,35,005,001300,2
Block Group 1; Census Tract 14; Chaves County; New Mexico,1703,,666,982,,35,005,001400,1
Block Group 2; Census Tract 14; Chaves County; New Mexico,763,,248,458,,35,005,001400,2
Block Group 1; Census Tract 9415; Cibola County; New Mexico,3119,,69,242,,35,006,941500,1
Block Group 1; Census Tract 9458; Cibola County; New Mexico,1166,,170,95,,35,006,945800,1
Block Group 2; Census Tract 9458; Cibola County; New Mexico,1146,,120,154,,35,006,945800,2
Block Group 1; Census Tract 9461; Cibola County; New Mexico,1154,,8,0,,35,006,946100,1
Block Group 2; Census Tract 9461; Cibola County; New Mexico,1077,,26,29,,35,006,946100,2
Block Group 3; Census Tract 9461; Cibola County; New Mexico,2575,,77,0,,35,006,946100,3
Block Group 1; Census Tract 9742.01; Cibola County; New Mexico,1429,,365,579,,35,006,974201,1
Block Group 2; Census Tract 9742.01; Cibola County; New Mexico,2125,,293,1575,,35,006,974201,2
Block Group 3; Census Tract 9742.01; Cibola County; New Mexico,887,,48,677,,35,006,974201,3
Block Group 4; Census Tract 9742.01; Cibola County; New Mexico,1053,,370,551,,35,006,974201,4
Block Group 1; Census Tract 9742.02; Cibola County; New Mexico,128,,21,86,,35,006,974202,1
Block Group 2; Census Tract 9742.02; Cibola County; New Mexico,1522,,264,1004,,35,006,974202,2
Block Group 3; Census Tract 9742.02; Cibola County; New Mexico,907,,345,369,,35,006,974202,3
Block Group 1; Census Tract 9744.01; Cibola County; New Mexico,385,,155,122,,35,006,974401,1
Block Group 2; Census Tract 9744.01; Cibola County; New Mexico,525,,77,448,,35,006,974401,2
Block Group 1; Census Tract 9744.02; Cibola County; New Mexico,1161,,274,788,,35,006,974402,1
Block Group 2; Census Tract 9744.02; Cibola County; New Mexico,1650,,122,747,,35,006,974402,2
Block Group 1; Census Tract 9747.01; Cibola County; New Mexico,230,,62,97,,35,006,974701,1
Block Group 2; Census Tract 9747.01; Cibola County; New Mexico,1119,,677,365,,35,006,974701,2
Block Group 3; Census Tract 9747.01; Cibola County; New Mexico,255,,180,33,,35,006,974701,3
Block Group 4; Census Tract 9747.01; Cibola County; New Mexico,776,,547,144,,35,006,974701,4
Block Group 5; Census Tract 9747.01; Cibola County; New Mexico,746,,504,0,,35,006,974701,5
Block Group 1; Census Tract 9747.02; Cibola County; New Mexico,1924,,556,820,,35,006,974702,1
Block Group 1; Census Tract 9505; Colfax County; New Mexico,432,,135,297,,35,007,950500,1
Block Group 2; Census Tract 9505; Colfax County; New Mexico,678,,201,477,,35,007,950500,2
Block Group 3; Census Tract 9505; Colfax County; New Mexico,436,,107,329,,35,007,950500,3
Block Group 4; Census Tract 9505; Colfax County; New Mexico,910,,452,406,,35,007,950500,4
Block Group 5; Census Tract 9505; Colfax County; New Mexico,1380,,646,683,,35,007,950500,5
Block Group 6; Census Tract 9505; Colfax County; New Mexico,492,,225,252,,35,007,950500,6
Block Group 1; Census Tract 9506; Colfax County; New Mexico,552,,408,120,,35,007,950600,1
Block Group 2; Census Tract 9506; Colfax County; New Mexico,530,,211,253,,35,007,950600,2
Block Group 3; Census Tract 9506; Colfax County; New Mexico,544,,193,328,,35,007,950600,3
Block Group 4; Census Tract 9506; Colfax County; New Mexico,590,,283,274,,35,007,950600,4
Block Group 5; Census Tract 9506; Colfax County; New Mexico,565,,245,282,,35,007,950600,5
Block Group 1; Census Tract 9507; Colfax County; New Mexico,1456,,622,703,,35,007,950700,1
Block Group 2; Census Tract 9507; Colfax County; New Mexico,1167,,430,731,,35,007,950700,2
Block Group 3; Census Tract 9507; Colfax County; New Mexico,938,,745,164,,35,007,950700,3
Block Group 4; Census Tract 9507; Colfax County; New Mexico,534,,208,321,,35,007,950700,4
Block Group 5; Census Tract 9507; Colfax County; New Mexico,1132,,783,229,,35,007,950700,5
Block Group 1; Census Tract 1; Curry County; New Mexico,1031,,106,740,,35,009,000100,1
Block Group 2; Census Tract 1; Curry County; New Mexico,996,,118,705,,35,009,000100,2
Block Group 3; Census Tract 1; Curry County; New Mexico,1132,,0,1089,,35,009,000100,3
Block Group 4; Census Tract 1; Curry County; New Mexico,301,,64,222,,35,009,000100,4
Block Group 5; Census Tract 1; Curry County; New Mexico,1507,,101,1295,,35,009,000100,5
Block Group 1; Census Tract 2.01; Curry County; New Mexico,705,,186,454,,35,009,000201,1
Block Group 2; Census Tract 2.01; Curry County; New Mexico,721,,187,360,,35,009,000201,2
Block Group 3; Census Tract 2.01; Curry County; New Mexico,1168,,731,277,,35,009,000201,3
Block Group 4; Census Tract 2.01; Curry County; New Mexico,1254,,343,680,,35,009,000201,4
Block Group 1; Census Tract 2.02; Curry County; New Mexico,1452,,797,366,,35,009,000202,1
Block Group 2; Census Tract 2.02; Curry County; New Mexico,874,,443,265,,35,009,000202,2
Block Group 3; Census Tract 2.02; Curry County; New Mexico,391,,177,212,,35,009,000202,3
Block Group 4; Census Tract 2.02; Curry County; New Mexico,1479,,226,1244,,35,009,000202,4
Block Group 1; Census Tract 3.03; Curry County; New Mexico,1912,,1171,589,,35,009,000303,1
Block Group 2; Census Tract 3.03; Curry County; New Mexico,1302,,587,522,,35,009,000303,2
Block Group 3; Census Tract 3.03; Curry County; New Mexico,973,,499,351,,35,009,000303,3
Block Group 1; Census Tract 3.05; Curry County; New Mexico,963,,579,256,,35,009,000305,1
Block Group 2; Census Tract 3.05; Curry County; New Mexico,1070,,427,517,,35,009,000305,2
Block Group 1; Census Tract 3.06; Curry County; New Mexico,2101,,376,1593,,35,009,000306,1
Block Group 2; Census Tract 3.06; Curry County; New Mexico,504,,195,156,,35,009,000306,2
Block Group 3; Census Tract 3.06; Curry County; New Mexico,309,,184,105,,35,009,000306,3
Block Group 4; Census Tract 3.06; Curry County; New Mexico,924,,401,428,,35,009,000306,4
Block Group 1; Census Tract 3.07; Curry County; New Mexico,1675,,1248,328,,35,009,000307,1
Block Group 2; Census Tract 3.07; Curry County; New Mexico,1906,,1279,501,,35,009,000307,2
Block Group 1; Census Tract 3.08; Curry County; New Mexico,1862,,966,714,,35,009,000308,1
Block Group 2; Census Tract 3.08; Curry County; New Mexico,1392,,861,346,,35,009,000308,2
Block Group 1; Census Tract 4; Curry County; New Mexico,595,,20,575,,35,009,000400,1
Block Group 2; Census Tract 4; Curry County; New Mexico,1038,,442,531,,35,009,000400,2
Block Group 3; Census Tract 4; Curry County; New Mexico,1137,,383,635,,35,009,000400,3
Block Group 4; Census Tract 4; Curry County; New Mexico,933,,86,811,,35,009,000400,4
Block Group 1; Census Tract 5; Curry County; New Mexico,830,,102,714,,35,009,000500,1
Block Group 2; Census Tract 5; Curry County; New Mexico,1275,,192,860,,35,009,000500,2
Block Group 1; Census Tract 6.01; Curry County; New Mexico,433,,372,25,,35,009,000601,1
Block Group 2; Census Tract 6.01; Curry County; New Mexico,507,,384,107,,35,009,000601,2
Block Group 1; Census Tract 6.02; Curry County; New Mexico,972,,747,210,,35,009,000602,1
Block Group 2; Census Tract 6.02; Curry County; New Mexico,1240,,864,209,,35,009,000602,2
Block Group 3; Census Tract 6.02; Curry County; New Mexico,2951,,1965,560,,35,009,000602,3
Block Group 1; Census Tract 6.03; Curry County; New Mexico,1567,,553,922,,35,009,000603,1
Block Group 2; Census Tract 6.03; Curry County; New Mexico,390,,384,2,,35,009,000603,2
Block Group 3; Census Tract 6.03; Curry County; New Mexico,999,,469,439,,35,009,000603,3
Block Group 4; Census Tract 6.03; Curry County; New Mexico,285,,198,51,,35,009,000603,4
Block Group 1; Census Tract 9; Curry County; New Mexico,1503,,976,361,,35,009,000900,1
Block Group 2; Census Tract 9; Curry County; New Mexico,1373,,598,455,,35,009,000900,2
Block Group 1; Census Tract 9601; De Baca County; New Mexico,378,,75,299,,35,011,960100,1
Block Group 2; Census Tract 9601; De Baca County; New Mexico,1202,,464,705,,35,011,960100,2
Block Group 1; Census Tract 1.02; Doña Ana County; New Mexico,1913,,361,1479,,35,013,000102,1
Block Group 2; Census Tract 1.02; Doña Ana County; New Mexico,533,,43,490,,35,013,000102,2
Block Group 3; Census Tract 1.02; Doña Ana County; New Mexico,991,,62,730,,35,013,000102,3
Block Group 4; Census Tract 1.02; Doña Ana County; New Mexico,1595,,399,1188,,35,013,000102,4
Block Group 1; Census Tract 1.03; Doña Ana County; New Mexico,1487,,211,1162,,35,013,000103,1
Block Group 2; Census Tract 1.03; Doña Ana County; New Mexico,1551,,147,1179,,35,013,000103,2
Block Group 3; Census Tract 1.03; Doña Ana County; New Mexico,1426,,121,1269,,35,013,000103,3
Block Group 1; Census Tract 1.04; Doña Ana County; New Mexico,2750,,675,1743,,35,013,000104,1
Block Group 2; Census Tract 1.04; Doña Ana County; New Mexico,1090,,337,504,,35,013,000104,2
Block Group 3; Census Tract 1.04; Doña Ana County; New Mexico,910,,440,400,,35,013,000104,3
Block Group 1; Census Tract 2.03; Doña Ana County; New Mexico,856,,414,442,,35,013,000203,1
Block Group 2; Census Tract 2.03; Doña Ana County; New Mexico,2102,,408,1664,,35,013,000203,2
Block Group 1; Census Tract 2.04; Doña Ana County; New Mexico,1420,,239,1162,,35,013,000204,1
Block Group 2; Census Tract 2.04; Doña Ana County; New Mexico,3136,,908,2114,,35,013,000204,2
Block Group 3; Census Tract 2.04; Doña Ana County; New Mexico,563,,39,503,,35,013,000204,3
Block Group 1; Census Tract 2.05; Doña Ana County; New Mexico,1235,,1156,64,,35,013,000205,1
Block Group 2; Census Tract 2.05; Doña Ana County; New Mexico,1000,,149,773,,35,013,000205,2
Block Group 1; Census Tract 2.06; Doña Ana County; New Mexico,1303,,329,969,,35,013,000206,1
Block Group 2; Census Tract 2.06; Doña Ana County; New Mexico,1088,,177,843,,35,013,000206,2
Block Group 1; Census Tract 3; Doña Ana County; New Mexico,1121,,409,667,,35,013,000300,1
Block Group 2; Census Tract 3; Doña Ana County; New Mexico,907,,410,387,,35,013,000300,2
Block Group 3; Census Tract 3; Doña Ana County; New Mexico,1300,,529,711,,35,013,000300,3
Block Group 1; Census Tract 4.01; Doña Ana County; New Mexico,1286,,165,893,,35,013,000401,1
Block Group 2; Census Tract 4.01; Doña Ana County; New Mexico,694,,72,615,,35,013,000401,2
Block Group 3; Census Tract 4.01; Doña Ana County; New Mexico,345,,81,264,,35,013,000401,3
Block Group 1; Census Tract 4.02; Doña Ana County; New Mexico,1578,,202,1376,,35,013,000402,1
Block Group 2; Census Tract 4.02; Doña Ana County; New Mexico,610,,166,444,,35,013,000402,2
Block Group 3; Census Tract 4.02; Doña Ana County; New Mexico,695,,273,414,,35,013,000402,3
Block Group 4; Census Tract 4.02; Doña Ana County; New Mexico,208,,28,180,,35,013,000402,4
Block Group 5; Census Tract 4.02; Doña Ana County; New Mexico,2484,,441,2043,,35,013,000402,5
Block Group 1; Census Tract 5; Doña Ana County; New Mexico,1006,,188,812,,35,013,000500,1
Block Group 2; Census Tract 5; Doña Ana County; New Mexico,678,,104,570,,35,013,000500,2
Block Group 3; Census Tract 5; Doña Ana County; New Mexico,715,,236,452,,35,013,000500,3
Block Group 1; Census Tract 6; Doña Ana County; New Mexico,715,,62,617,,35,013,000600,1
Block Group 2; Census Tract 6; Doña Ana County; New Mexico,864,,196,663,,35,013,000600,2
Block Group 3; Census Tract 6; Doña Ana County; New Mexico,1085,,414,671,,35,013,000600,3
Block Group 1; Census Tract 7; Doña Ana County; New Mexico,1254,,196,1019,,35,013,000700,1
Block Group 2; Census Tract 7; Doña Ana County; New Mexico,1477,,261,1158,,35,013,000700,2
Block Group 3; Census Tract 7; Doña Ana County; New Mexico,1077,,123,954,,35,013,000700,3
Block Group 4; Census Tract 7; Doña Ana County; New Mexico,1017,,89,782,,35,013,000700,4
Block Group 5; Census Tract 7; Doña Ana County; New Mexico,1795,,243,1345,,35,013,000700,5
Block Group 1; Census Tract 8; Doña Ana County; New Mexico,260,,155,105,,35,013,000800,1
Block Group 2; Census Tract 8; Doña Ana County; New Mexico,2265,,404,1471,,35,013,000800,2
Block Group 3; Census Tract 8; Doña Ana County; New Mexico,1824,,312,1466,,35,013,000800,3
Block Group 1; Census Tract 9.01; Doña Ana County; New Mexico,788,,333,412,,35,013,000901,1
Block Group 2; Census Tract 9.01; Doña Ana County; New Mexico,1704,,302,1223,,35,013,000901,2
Block Group 1; Census Tract 9.02; Doña Ana County; New Mexico,1337,,375,926,,35,013,000902,1
Block Group 2; Census Tract 9.02; Doña Ana County; New Mexico,877,,269,520,,35,013,000902,2
Block Group 3; Census Tract 9.02; Doña Ana County; New Mexico,1839,,657,768,,35,013,000902,3
Block Group 4; Census Tract 9.02; Doña Ana County; New Mexico,1121,,117,822,,35,013,000902,4
Block Group 1; Census Tract 10; Doña Ana County; New Mexico,318,,108,137,,35,013,001000,1
Block Group 2; Census Tract 10; Doña Ana County; New Mexico,1747,,632,949,,35,013,001000,2
Block Group 3; Census Tract 10; Doña Ana County; New Mexico,634,,282,308,,35,013,001000,3
Block Group 1; Census Tract 11.02; Doña Ana County; New Mexico,811,,457,298,,35,013,001102,1
Block Group 2; Census Tract 11.02; Doña Ana County; New Mexico,1763,,738,933,,35,013,001102,2
Block Group 1; Census Tract 11.03; Doña Ana County; New Mexico,1756,,793,955,,35,013,001103,1
Block Group 2; Census Tract 11.03; Doña Ana County; New Mexico,1402,,313,993,,35,013,001103,2
Block Group 3; Census Tract 11.03; Doña Ana County; New Mexico,2391,,998,1046,,35,013,001103,3
Block Group 1; Census Tract 11.05; Doña Ana County; New Mexico,610,,21,589,,35,013,001105,1
Block Group 2; Census Tract 11.05; Doña Ana County; New Mexico,1505,,342,1008,,35,013,001105,2
Block Group 1; Census Tract 11.06; Doña Ana County; New Mexico,2006,,507,1446,,35,013,001106,1
Block Group 2; Census Tract 11.06; Doña Ana County; New Mexico,698,,297,394,,35,013,001106,2
Block Group 1; Census Tract 12.03; Doña Ana County; New Mexico,1281,,609,591,,35,013,001203,1
Block Group 2; Census Tract 12.03; Doña Ana County; New Mexico,735,,300,153,,35,013,001203,2
Block Group 3; Census Tract 12.03; Doña Ana County; New Mexico,2344,,623,1599,,35,013,001203,3
Block Group 4; Census Tract 12.03; Doña Ana County; New Mexico,229,,138,91,,35,013,001203,4
Block Group 1; Census Tract 12.04; Doña Ana County; New Mexico,1174,,613,542,,35,013,001204,1
Block Group 2; Census Tract 12.04; Doña Ana County; New Mexico,2094,,1401,660,,35,013,001204,2
Block Group 3; Census Tract 12.04; Doña Ana County; New Mexico,1028,,672,300,,35,013,001204,3
Block Group 1; Census Tract 12.05; Doña Ana County; New Mexico,1826,,1227,584,,35,013,001205,1
Block Group 2; Census Tract 12.05; Doña Ana County; New Mexico,1304,,816,475,,35,013,001205,2
Block Group 3; Census Tract 12.05; Doña Ana County; New Mexico,1634,,820,675,,35,013,001205,3
Block Group 1; Census Tract 12.06; Doña Ana County; New Mexico,751,,560,143,,35,013,001206,1
Block Group 2; Census Tract 12.06; Doña Ana County; New Mexico,351,,228,96,,35,013,001206,2
Block Group 3; Census Tract 12.06; Doña Ana County; New Mexico,1951,,730,975,,35,013,001206,3
Block Group 1; Census Tract 12.07; Doña Ana County; New Mexico,1008,,172,696,,35,013,001207,1
Block Group 2; Census Tract 12.07; Doña Ana County; New Mexico,1126,,502,624,,35,013,001207,2
Block Group 3; Census Tract 12.07; Doña Ana County; New Mexico,693,,100,531,,35,013,001207,3
Block Group 1; Census Tract 12.08; Doña Ana County; New Mexico,1746,,1132,490,,35,013,001208,1
Block Group 2; Census Tract 12.08; Doña Ana County; New Mexico,787,,359,405,,35,013,001208,2
Block Group 3; Census Tract 12.08; Doña Ana County; New Mexico,2308,,2007,262,,35,013,001208,3
Block Group 4; Census Tract 12.08; Doña Ana County; New Mexico,1875,,502,954,,35,013,001208,4
Block Group 1; Census Tract 12.09; Doña Ana County; New Mexico,1167,,836,331,,35,013,001209,1
Block Group 2; Census Tract 12.09; Doña Ana County; New Mexico,909,,167,591,,35,013,001209,2
Block Group 1; Census Tract 12.10; Doña Ana County; New Mexico,902,,386,449,,35,013,001210,1
Block Group 2; Census Tract 12.10; Doña Ana County; New Mexico,1920,,1229,354,,35,013,001210,2
Block Group 1; Census Tract 13.08; Doña Ana County; New Mexico,658,,81,559,,35,013,001308,1
Block Group 2; Census Tract 13.08; Doña Ana County; New Mexico,5535,,2308,2803,,35,013,001308,2
Block Group 1; Census Tract 13.09; Doña Ana County; New Mexico,1701,,835,841,,35,013,001309,1
Block Group 2; Census Tract 13.09; Doña Ana County; New Mexico,1018,,105,872,,35,013,001309,2
Block Group 1; Census Tract 13.10; Doña Ana County; New Mexico,1392,,442,782,,35,013,001310,1
Block Group 2; Census Tract 13.10; Doña Ana County; New Mexico,3247,,1303,1884,,35,013,001310,2
Block Group 3; Census Tract 13.10; Doña Ana County; New Mexico,2301,,1012,1186,,35,013,001310,3
Block Group 1; Census Tract 13.11; Doña Ana County; New Mexico,1688,,642,1031,,35,013,001311,1
Block Group 2; Census Tract 13.11; Doña Ana County; New Mexico,1904,,942,877,,35,013,001311,2
Block Group 3; Census Tract 13.11; Doña Ana County; New Mexico,2119,,778,1187,,35,013,001311,3
Block Group 1; Census Tract 13.12; Doña Ana County; New Mexico,1443,,336,937,,35,013,001312,1
Block Group 1; Census Tract 13.13; Doña Ana County; New Mexico,1087,,228,792,,35,013,001313,1
Block Group 2; Census Tract 13.13; Doña Ana County; New Mexico,1390,,282,1083,,35,013,001313,2
Block Group 1; Census Tract 13.14; Doña Ana County; New Mexico,604,,213,385,,35,013,001314,1
Block Group 2; Census Tract 13.14; Doña Ana County; New Mexico,1057,,314,743,,35,013,001314,2
Block Group 1; Census Tract 13.15; Doña Ana County; New Mexico,1441,,173,1191,,35,013,001315,1
Block Group 2; Census Tract 13.15; Doña Ana County; New Mexico,1336,,57,1279,,35,013,001315,2
Block Group 3; Census Tract 13.15; Doña Ana County; New Mexico,851,,418,419,,35,013,001315,3
Block Group 1; Census Tract 13.16; Doña Ana County; New Mexico,855,,145,592,,35,013,001316,1
Block Group 2; Census Tract 13.16; Doña Ana County; New Mexico,1593,,486,952,,35,013,001316,2
Block Group 3; Census Tract 13.16; Doña Ana County; New Mexico,2538,,545,1991,,35,013,001316,3
Block Group 1; Census Tract 13.17; Doña Ana County; New Mexico,2016,,293,1723,,35,013,001317,1
Block Group 2; Census Tract 13.17; Doña Ana County; New Mexico,2096,,894,1192,,35,013,001317,2
Block Group 1; Census Tract 13.18; Doña Ana County; New Mexico,1013,,313,673,,35,013,001318,1
Block Group 2; Census Tract 13.18; Doña Ana County; New Mexico,1024,,300,612,,35,013,001318,2
Block Group 3; Census Tract 13.18; Doña Ana County; New Mexico,1557,,978,501,,35,013,001318,3
Block Group 1; Census Tract 14.01; Doña Ana County; New Mexico,1038,,166,872,,35,013,001401,1
Block Group 2; Census Tract 14.01; Doña Ana County; New Mexico,1514,,213,1301,,35,013,001401,2
Block Group 1; Census Tract 14.02; Doña Ana County; New Mexico,1322,,75,1247,,35,013,001402,1
Block Group 2; Census Tract 14.02; Doña Ana County; New Mexico,1058,,195,863,,35,013,001402,2
Block Group 1; Census Tract 15.01; Doña Ana County; New Mexico,1632,,1115,309,,35,013,001501,1
Block Group 2; Census Tract 15.01; Doña Ana County; New Mexico,674,,626,37,,35,013,001501,2
Block Group 3; Census Tract 15.01; Doña Ana County; New Mexico,1909,,1056,788,,35,013,001501,3
Block Group 1; Census Tract 15.02; Doña Ana County; New Mexico,1209,,258,851,,35,013,001502,1
Block Group 2; Census Tract 15.02; Doña Ana County; New Mexico,1038,,473,241,,35,013,001502,2
Block Group 1; Census Tract 16; Doña Ana County; New Mexico,1231,,182,1049,,35,013,001600,1
Block Group 2; Census Tract 16; Doña Ana County; New Mexico,637,,42,582,,35,013,001600,2
Block Group 3; Census Tract 16; Doña Ana County; New Mexico,353,,26,327,,35,013,001600,3
Block Group 1; Census Tract 17.01; Doña Ana County; New Mexico,933,,38,865,,35,013,001701,1
Block Group 2; Census Tract 17.01; Doña Ana County; New Mexico,2262,,810,1310,,35,013,001701,2
Block Group 3; Census Tract 17.01; Doña Ana County; New Mexico,2787,,297,2391,,35,013,001701,3
Block Group 4; Census Tract 17.01; Doña Ana County; New Mexico,5795,,242,5536,,35,013,001701,4
Block Group 1; Census Tract 17.02; Doña Ana County; New Mexico,1461,,88,1348,,35,013,001702,1
Block Group 1; Census Tract 17.03; Doña Ana County; New Mexico,832,,258,536,,35,013,001703,1
Block Group 2; Census Tract 17.03; Doña Ana County; New Mexico,1889,,116,1768,,35,013,001703,2
Block Group 1; Census Tract 17.05; Doña Ana County; New Mexico,1237,,30,1207,,35,013,001705,1
Block Group 2; Census Tract 17.05; Doña Ana County; New Mexico,1307,,16,1291,,35,013,001705,2
Block Group 1; Census Tract 17.06; Doña Ana County; New Mexico,1505,,0,1505,,35,013,001706,1
Block Group 2; Census Tract 17.06; Doña Ana County; New Mexico,2285,,52,2218,,35,013,001706,2
Block Group 1; Census Tract 17.07; Doña Ana County; New Mexico,969,,351,618,,35,013,001707,1
Block Group 2; Census Tract 17.07; Doña Ana County; New Mexico,1508,,12,1496,,35,013,001707,2
Block Group 3; Census Tract 17.07; Doña Ana County; New Mexico,969,,13,956,,35,013,001707,3
Block Group 4; Census Tract 17.07; Doña Ana County; New Mexico,1501,,11,1490,,35,013,001707,4
Block Group 1; Census Tract 18.05; Doña Ana County; New Mexico,1697,,0,1666,,35,013,001805,1
Block Group 2; Census Tract 18.05; Doña Ana County; New Mexico,2171,,0,2171,,35,013,001805,2
Block Group 1; Census Tract 18.07; Doña Ana County; New Mexico,1793,,0,1789,,35,013,001807,1
Block Group 1; Census Tract 18.08; Doña Ana County; New Mexico,1017,,41,976,,35,013,001808,1
Block Group 2; Census Tract 18.08; Doña Ana County; New Mexico,2187,,0,2187,,35,013,001808,2
Block Group 1; Census Tract 18.09; Doña Ana County; New Mexico,1511,,166,1345,,35,013,001809,1
Block Group 2; Census Tract 18.09; Doña Ana County; New Mexico,178,,48,109,,35,013,001809,2
Block Group 1; Census Tract 18.10; Doña Ana County; New Mexico,2243,,214,1580,,35,013,001810,1
Block Group 2; Census Tract 18.10; Doña Ana County; New Mexico,402,,17,349,,35,013,001810,2
Block Group 3; Census Tract 18.10; Doña Ana County; New Mexico,686,,97,589,,35,013,001810,3
Block Group 4; Census Tract 18.10; Doña Ana County; New Mexico,1683,,181,1491,,35,013,001810,4
Block Group 1; Census Tract 18.11; Doña Ana County; New Mexico,957,,117,791,,35,013,001811,1
Block Group 2; Census Tract 18.11; Doña Ana County; New Mexico,997,,80,912,,35,013,001811,2
Block Group 1; Census Tract 18.12; Doña Ana County; New Mexico,1213,,114,1099,,35,013,001812,1
Block Group 2; Census Tract 18.12; Doña Ana County; New Mexico,1301,,0,1301,,35,013,001812,2
Block Group 3; Census Tract 18.12; Doña Ana County; New Mexico,1651,,83,1568,,35,013,001812,3
Block Group 1; Census Tract 18.13; Doña Ana County; New Mexico,1516,,0,1504,,35,013,001813,1
Block Group 2; Census Tract 18.13; Doña Ana County; New Mexico,1522,,305,1200,,35,013,001813,2
Block Group 1; Census Tract 18.14; Doña Ana County; New Mexico,513,,266,247,,35,013,001814,1
Block Group 2; Census Tract 18.14; Doña Ana County; New Mexico,629,,34,533,,35,013,001814,2
Block Group 3; Census Tract 18.14; Doña Ana County; New Mexico,1228,,72,1156,,35,013,001814,3
Block Group 1; Census Tract 19; Doña Ana County; New Mexico,1592,,1054,186,,35,013,001900,1
Block Group 1; Census Tract 1; Eddy County; New Mexico,1893,,607,1133,,35,015,000100,1
Block Group 1; Census Tract 2; Eddy County; New Mexico,1667,,1516,118,,35,015,000200,1
Block Group 2; Census Tract 2; Eddy County; New Mexico,1142,,402,383,,35,015,000200,2
Block Group 3; Census Tract 2; Eddy County; New Mexico,2545,,1723,735,,35,015,000200,3
Block Group 4; Census Tract 2; Eddy County; New Mexico,730,,515,108,,35,015,000200,4
Block Group 1; Census Tract 3; Eddy County; New Mexico,1117,,150,710,,35,015,000300,1
Block Group 2; Census Tract 3; Eddy County; New Mexico,1863,,948,887,,35,015,000300,2
Block Group 3; Census Tract 3; Eddy County; New Mexico,722,,254,468,,35,015,000300,3
Block Group 4; Census Tract 3; Eddy County; New Mexico,756,,603,86,,35,015,000300,4
Block Group 5; Census Tract 3; Eddy County; New Mexico,966,,373,593,,35,015,000300,5
Block Group 1; Census Tract 4.01; Eddy County; New Mexico,1385,,831,507,,35,015,000401,1
Block Group 2; Census Tract 4.01; Eddy County; New Mexico,1601,,683,881,,35,015,000401,2
Block Group 3; Census Tract 4.01; Eddy County; New Mexico,432,,262,155,,35,015,000401,3
Block Group 1; Census Tract 4.02; Eddy County; New Mexico,854,,71,690,,35,015,000402,1
Block Group 2; Census Tract 4.02; Eddy County; New Mexico,1362,,479,875,,35,015,000402,2
Block Group 3; Census Tract 4.02; Eddy County; New Mexico,1806,,858,828,,35,015,000402,3
Block Group 4; Census Tract 4.02; Eddy County; New Mexico,1674,,1021,609,,35,015,000402,4
Block Group 1; Census Tract 5; Eddy County; New Mexico,1427,,396,918,,35,015,000500,1
Block Group 2; Census Tract 5; Eddy County; New Mexico,1356,,430,897,,35,015,000500,2
Block Group 3; Census Tract 5; Eddy County; New Mexico,753,,299,434,,35,015,000500,3
Block Group 1; Census Tract 6; Eddy County; New Mexico,1755,,202,1389,,35,015,000600,1
Block Group 2; Census Tract 6; Eddy County; New Mexico,1221,,670,504,,35,015,000600,2
Block Group 3; Census Tract 6; Eddy County; New Mexico,1369,,437,833,,35,015,000600,3
Block Group 4; Census Tract 6; Eddy County; New Mexico,3546,,1104,2212,,35,015,000600,4
Block Group 1; Census Tract 7; Eddy County; New Mexico,1744,,576,1113,,35,015,000700,1
Block Group 2; Census Tract 7; Eddy County; New Mexico,1845,,1339,408,,35,015,000700,2
Block Group 3; Census Tract 7; Eddy County; New Mexico,905,,376,495,,35,015,000700,3
Block Group 4; Census Tract 7; Eddy County; New Mexico,1651,,1237,355,,35,015,000700,4
Block Group 1; Census Tract 8; Eddy County; New Mexico,623,,278,345,,35,015,000800,1
Block Group 2; Census Tract 8; Eddy County; New Mexico,1317,,205,1112,,35,015,000800,2
Block Group 1; Census Tract 9; Eddy County; New Mexico,2299,,1507,786,,35,015,000900,1
Block Group 2; Census Tract 9; Eddy County; New Mexico,1747,,685,969,,35,015,000900,2
Block Group 3; Census Tract 9; Eddy County; New Mexico,1582,,670,879,,35,015,000900,3
Block Group 1; Census Tract 10.01; Eddy County; New Mexico,1876,,621,861,,35,015,001001,1
Block Group 2; Census Tract 10.01; Eddy County; New Mexico,814,,376,430,,35,015,001001,2
Block Group 1; Census Tract 10.02; Eddy County; New Mexico,800,,230,553,,35,015,001002,1
Block Group 2; Census Tract 10.02; Eddy County; New Mexico,1182,,55,1107,,35,015,001002,2
Block Group 3; Census Tract 10.02; Eddy County; New Mexico,250,,38,177,,35,015,001002,3
Block Group 4; Census Tract 10.02; Eddy County; New Mexico,935,,0,935,,35,015,001002,4
Block Group 1; Census Tract 11; Eddy County; New Mexico,1861,,491,1307,,35,015,001100,1
Block Group 2; Census Tract 11; Eddy County; New Mexico,1720,,734,817,,35,015,001100,2
Block Group 3; Census Tract 11; Eddy County; New Mexico,327,,211,116,,35,015,001100,3
Block Group 4; Census Tract 11; Eddy County; New Mexico,1492,,778,646,,35,015,001100,4
Block Group 5; Census Tract 11; Eddy County; New Mexico,2202,,1451,740,,35,015,001100,5
Block Group 1; Census Tract 9641; Grant County; New Mexico,1364,,841,422,,35,017,964100,1
Block Group 2; Census Tract 9641; Grant County; New Mexico,1328,,752,576,,35,017,964100,2
Block Group 1; Census Tract 9642; Grant County; New Mexico,1021,,937,56,,35,017,964200,1
Block Group 2; Census Tract 9642; Grant County; New Mexico,1096,,632,419,,35,017,964200,2
Block Group 1; Census Tract 9643; Grant County; New Mexico,912,,582,276,,35,017,964300,1
Block Group 2; Census Tract 9643; Grant County; New Mexico,1820,,1042,716,,35,017,964300,2
Block Group 3; Census Tract 9643; Grant County; New Mexico,1829,,568,1171,,35,017,964300,3
Block Group 4; Census Tract 9643; Grant County; New Mexico,1334,,281,908,,35,017,964300,4
Block Group 1; Census Tract 9644.01; Grant County; New Mexico,304,,129,139,,35,017,964401,1
Block Group 2; Census Tract 9644.01; Grant County; New Mexico,969,,379,540,,35,017,964401,2
Block Group 1; Census Tract 9644.02; Grant County; New Mexico,1914,,557,1322,,35,017,964402,1
Block Group 2; Census Tract 9644.02; Grant County; New Mexico,1637,,966,460,,35,017,964402,2
Block Group 1; Census Tract 9645; Grant County; New Mexico,853,,324,467,,35,017,964500,1
Block Group 2; Census Tract 9645; Grant County; New Mexico,768,,214,554,,35,017,964500,2
Block Group 3; Census Tract 9645; Grant County; New Mexico,868,,171,687,,35,017,964500,3
Block Group 1; Census Tract 9646; Grant County; New Mexico,759,,436,315,,35,017,964600,1
Block Group 2; Census Tract 9646; Grant County; New Mexico,791,,44,747,,35,017,964600,2
Block Group 3; Census Tract 9646; Grant County; New Mexico,982,,222,760,,35,017,964600,3
Block Group 4; Census Tract 9646; Grant County; New Mexico,343,,114,229,,35,017,964600,4
Block Group 1; Census Tract 9647.01; Grant County; New Mexico,1923,,1369,501,,35,017,964701,1
Block Group 2; Census Tract 9647.01; Grant County; New Mexico,849,,507,342,,35,017,964701,2
Block Group 1; Census Tract 9647.02; Grant County; New Mexico,1002,,474,525,,35,017,964702,1
Block Group 2; Census Tract 9647.02; Grant County; New Mexico,1673,,1081,377,,35,017,964702,2
Block Group 1; Census Tract 9648; Grant County; New Mexico,819,,497,268,,35,017,964800,1
Block Group 2; Census Tract 9648; Grant County; New Mexico,698,,102,596,,35,017,964800,2
Block Group 1; Census Tract 9616; Guadalupe County; New Mexico,1445,,312,947,,35,019,961600,1
Block Group 2; Census Tract 9616; Guadalupe County; New Mexico,885,,129,701,,35,019,961600,2
Block Group 3; Census Tract 9616; Guadalupe County; New Mexico,1095,,121,838,,35,019,961600,3
Block Group 4; Census Tract 9616; Guadalupe County; New Mexico,954,,177,777,,35,019,961600,4
Block Group 1; Census Tract 1; Harding County; New Mexico,748,,346,304,,35,021,000100,1
Block Group 1; Census Tract 9700; Hidalgo County; New Mexico,1983,,1038,797,,35,023,970000,1
Block Group 1; Census Tract 9702; Hidalgo County; New Mexico,559,,83,476,,35,023,970200,1
Block Group 2; Census Tract 9702; Hidalgo County; New Mexico,1555,,447,1070,,35,023,970200,2
Block Group 1; Census Tract 1; Lea County; New Mexico,750,,134,611,,35,025,000100,1
Block Group 2; Census Tract 1; Lea County; New Mexico,354,,19,335,,35,025,000100,2
Block Group 3; Census Tract 1; Lea County; New Mexico,1730,,210,1430,,35,025,000100,3
Block Group 1; Census Tract 2; Lea County; New Mexico,1005,,193,802,,35,025,000200,1
Block Group 2; Census Tract 2; Lea County; New Mexico,1974,,263,1573,,35,025,000200,2
Block Group 3; Census Tract 2; Lea County; New Mexico,1004,,128,855,,35,025,000200,3
Block Group 1; Census Tract 3; Lea County; New Mexico,1100,,0,785,,35,025,000300,1
Block Group 2; Census Tract 3; Lea County; New Mexico,464,,121,318,,35,025,000300,2
Block Group 3; Census Tract 3; Lea County; New Mexico,996,,100,565,,35,025,000300,3
Block Group 4; Census Tract 3; Lea County; New Mexico,1770,,72,1659,,35,025,000300,4
Block Group 1; Census Tract 4; Lea County; New Mexico,1650,,277,1111,,35,025,000400,1
Block Group 2; Census Tract 4; Lea County; New Mexico,1632,,64,1561,,35,025,000400,2
Block Group 3; Census Tract 4; Lea County; New Mexico,1145,,26,1036,,35,025,000400,3
Block Group 1; Census Tract 5.02; Lea County; New Mexico,1099,,749,339,,35,025,000502,1
Block Group 2; Census Tract 5.02; Lea County; New Mexico,863,,46,796,,35,025,000502,2
Block Group 3; Census Tract 5.02; Lea County; New Mexico,2706,,501,1939,,35,025,000502,3
Block Group 4; Census Tract 5.02; Lea County; New Mexico,1575,,668,575,,35,025,000502,4
Block Group 5; Census Tract 5.02; Lea County; New Mexico,535,,216,167,,35,025,000502,5
Block Group 6; Census Tract 5.02; Lea County; New Mexico,1536,,417,980,,35,025,000502,6
Block Group 1; Census Tract 5.03; Lea County; New Mexico,1171,,626,469,,35,025,000503,1
Block Group 2; Census Tract 5.03; Lea County; New Mexico,1395,,411,915,,35,025,000503,2
Block Group 3; Census Tract 5.03; Lea County; New Mexico,1561,,744,707,,35,025,000503,3
Block Group 1; Census Tract 5.04; Lea County; New Mexico,1553,,1230,237,,35,025,000504,1
Block Group 2; Census Tract 5.04; Lea County; New Mexico,1443,,908,395,,35,025,000504,2
Block Group 3; Census Tract 5.04; Lea County; New Mexico,1308,,316,879,,35,025,000504,3
Block Group 1; Census Tract 6; Lea County; New Mexico,639,,418,221,,35,025,000600,1
Block Group 2; Census Tract 6; Lea County; New Mexico,1144,,848,70,,35,025,000600,2
Block Group 3; Census Tract 6; Lea County; New Mexico,727,,338,380,,35,025,000600,3
Block Group 4; Census Tract 6; Lea County; New Mexico,916,,291,598,,35,025,000600,4
Block Group 5; Census Tract 6; Lea County; New Mexico,396,,74,284,,35,025,000600,5
Block Group 6; Census Tract 6; Lea County; New Mexico,1044,,239,711,,35,025,000600,6
Block Group 7; Census Tract 6; Lea County; New Mexico,788,,111,677,,35,025,000600,7
Block Group 1; Census Tract 7.01; Lea County; New Mexico,1894,,962,932,,35,025,000701,1
Block Group 1; Census Tract 7.02; Lea County; New Mexico,709,,162,479,,35,025,000702,1
Block Group 2; Census Tract 7.02; Lea County; New Mexico,4095,,1086,2667,,35,025,000702,2
Block Group 1; Census Tract 7.03; Lea County; New Mexico,2022,,860,1029,,35,025,000703,1
Block Group 2; Census Tract 7.03; Lea County; New Mexico,1413,,636,735,,35,025,000703,2
Block Group 1; Census Tract 7.04; Lea County; New Mexico,1871,,835,1036,,35,025,000704,1
Block Group 2; Census Tract 7.04; Lea County; New Mexico,751,,342,403,,35,025,000704,2
Block Group 1; Census Tract 8; Lea County; New Mexico,1206,,487,696,,35,025,000800,1
Block Group 2; Census Tract 8; Lea County; New Mexico,779,,294,466,,35,025,000800,2
Block Group 3; Census Tract 8; Lea County; New Mexico,765,,255,510,,35,025,000800,3
Block Group 4; Census Tract 8; Lea County; New Mexico,567,,402,165,,35,025,000800,4
Block Group 1; Census Tract 9; Lea County; New Mexico,1016,,476,540,,35,025,000900,1
Block Group 2; Census Tract 9; Lea County; New Mexico,429,,154,257,,35,025,000900,2
Block Group 3; Census Tract 9; Lea County; New Mexico,667,,229,414,,35,025,000900,3
Block Group 1; Census Tract 10.03; Lea County; New Mexico,1211,,118,754,,35,025,001003,1
Block Group 2; Census Tract 10.03; Lea County; New Mexico,1394,,339,1055,,35,025,001003,2
Block Group 3; Census Tract 10.03; Lea County; New Mexico,843,,519,266,,35,025,001003,3
Block Group 4; Census Tract 10.03; Lea County; New Mexico,1041,,686,328,,35,025,001003,4
Block Group 1; Census Tract 10.04; Lea County; New Mexico,1230,,223,946,,35,025,001004,1
Block Group 2; Census Tract 10.04; Lea County; New Mexico,1330,,391,901,,35,025,001004,2
Block Group 3; Census Tract 10.04; Lea County; New Mexico,1482,,349,1133,,35,025,001004,3
Block Group 1; Census Tract 10.05; Lea County; New Mexico,1376,,248,1113,,35,025,001005,1
Block Group 2; Census Tract 10.05; Lea County; New Mexico,272,,84,166,,35,025,001005,2
Block Group 3; Census Tract 10.05; Lea County; New Mexico,1913,,208,1705,,35,025,001005,3
Block Group 1; Census Tract 11; Lea County; New Mexico,796,,487,284,,35,025,001100,1
Block Group 2; Census Tract 11; Lea County; New Mexico,736,,332,350,,35,025,001100,2
Block Group 3; Census Tract 11; Lea County; New Mexico,1584,,725,837,,35,025,001100,3
Block Group 4; Census Tract 11; Lea County; New Mexico,880,,474,395,,35,025,001100,4
Block Group 5; Census Tract 11; Lea County; New Mexico,909,,353,549,,35,025,001100,5
Block Group 1; Census Tract 9602; Lincoln County; New Mexico,542,,449,73,,35,027,960200,1
Block Group 2; Census Tract 9602; Lincoln County; New Mexico,1175,,357,672,,35,027,960200,2
Block Group 1; Census Tract 9603; Lincoln County; New Mexico,548,,435,113,,35,027,960300,1
Block Group 2; Census Tract 9603; Lincoln County; New Mexico,1346,,1066,258,,35,027,960300,2
Block Group 3; Census Tract 9603; Lincoln County; New Mexico,1351,,1055,270,,35,027,960300,3
Block Group 1; Census Tract 9604.01; Lincoln County; New Mexico,1190,,513,671,,35,027,960401,1
Block Group 2; Census Tract 9604.01; Lincoln County; New Mexico,1114,,399,456,,35,027,960401,2
Block Group 1; Census Tract 9604.02; Lincoln County; New Mexico,925,,667,258,,35,027,960402,1
Block Group 2; Census Tract 9604.02; Lincoln County; New Mexico,361,,290,71,,35,027,960402,2
Block Group 1; Census Tract 9604.03; Lincoln County; New Mexico,1714,,526,1085,,35,027,960403,1
Block Group 2; Census Tract 9604.03; Lincoln County; New Mexico,231,,217,14,,35,027,960403,2
Block Group 3; Census Tract 9604.03; Lincoln County; New Mexico,452,,432,17,,35,027,960403,3
Block Group 4; Census Tract 9604.03; Lincoln County; New Mexico,1339,,784,369,,35,027,960403,4
Block Group 1; Census Tract 9606.01; Lincoln County; New Mexico,580,,345,213,,35,027,960601,1
Block Group 2; Census Tract 9606.01; Lincoln County; New Mexico,477,,314,163,,35,027,960601,2
Block Group 3; Census Tract 9606.01; Lincoln County; New Mexico,561,,332,218,,35,027,960601,3
Block Group 1; Census Tract 9606.02; Lincoln County; New Mexico,1262,,891,313,,35,027,960602,1
Block Group 2; Census Tract 9606.02; Lincoln County; New Mexico,898,,515,318,,35,027,960602,2
Block Group 1; Census Tract 9606.03; Lincoln County; New Mexico,718,,697,0,,35,027,960603,1
Block Group 2; Census Tract 9606.03; Lincoln County; New Mexico,376,,148,54,,35,027,960603,2
Block Group 3; Census Tract 9606.03; Lincoln County; New Mexico,989,,740,165,,35,027,960603,3
Block Group 1; Census Tract 9608; Lincoln County; New Mexico,1395,,679,641,,35,027,960800,1
Block Group 2; Census Tract 9608; Lincoln County; New Mexico,683,,411,179,,35,027,960800,2
Block Group 1; Census Tract 1; Los Alamos County; New Mexico,1246,,997,127,,35,028,000100,1
Block Group 2; Census Tract 1; Los Alamos County; New Mexico,866,,723,59,,35,028,000100,2
Block Group 3; Census Tract 1; Los Alamos County; New Mexico,1746,,1171,381,,35,028,000100,3
Block Group 1; Census Tract 2; Los Alamos County; New Mexico,1033,,682,275,,35,028,000200,1
Block Group 2; Census Tract 2; Los Alamos County; New Mexico,745,,664,59,,35,028,000200,2
Block Group 3; Census Tract 2; Los Alamos County; New Mexico,1486,,1128,170,,35,028,000200,3
Block Group 4; Census Tract 2; Los Alamos County; New Mexico,1995,,1534,248,,35,028,000200,4
Block Group 1; Census Tract 4; Los Alamos County; New Mexico,845,,535,111,,35,028,000400,1
Block Group 2; Census Tract 4; Los Alamos County; New Mexico,1226,,430,674,,35,028,000400,2
Block Group 3; Census Tract 4; Los Alamos County; New Mexico,1314,,839,223,,35,028,000400,3
Block Group 4; Census Tract 4; Los Alamos County; New Mexico,1304,,722,252,,35,028,000400,4
Block Group 1; Census Tract 5; Los Alamos County; New Mexico,469,,332,39,,35,028,000500,1
Block Group 2; Census Tract 5; Los Alamos County; New Mexico,1016,,772,150,,35,028,000500,2
Block Group 3; Census Tract 5; Los Alamos County; New Mexico,1215,,1042,173,,35,028,000500,3
Block Group 4; Census Tract 5; Los Alamos County; New Mexico,838,,707,17,,35,028,000500,4
Block Group 5; Census Tract 5; Los Alamos County; New Mexico,986,,712,215,,35,028,000500,5
Block Group 6; Census Tract 5; Los Alamos County; New Mexico,1044,,624,292,,35,028,000500,6
Block Group 1; Census Tract 1; Luna County; New Mexico,1934,,441,1493,,35,029,000100,1
Block Group 2; Census Tract 1; Luna County; New Mexico,1625,,775,804,,35,029,000100,2
Block Group 3; Census Tract 1; Luna County; New Mexico,852,,267,559,,35,029,000100,3
Block Group 4; Census Tract 1; Luna County; New Mexico,1385,,417,765,,35,029,000100,4
Block Group 1; Census Tract 2; Luna County; New Mexico,1293,,356,885,,35,029,000200,1
Block Group 2; Census Tract 2; Luna County; New Mexico,1067,,204,838,,35,029,000200,2
Block Group 3; Census Tract 2; Luna County; New Mexico,1546,,373,1142,,35,029,000200,3
Block Group 1; Census Tract 3; Luna County; New Mexico,562,,67,482,,35,029,000300,1
Block Group 2; Census Tract 3; Luna County; New Mexico,983,,321,563,,35,029,000300,2
Block Group 3; Census Tract 3; Luna County; New Mexico,1460,,359,1094,,35,029,000300,3
Block Group 1; Census Tract 4.01; Luna County; New Mexico,1585,,642,833,,35,029,000401,1
Block Group 2; Census Tract 4.01; Luna County; New Mexico,1507,,465,1000,,35,029,000401,2
Block Group 1; Census Tract 4.02; Luna County; New Mexico,488,,175,313,,35,029,000402,1
Block Group 2; Census Tract 4.02; Luna County; New Mexico,1936,,619,1201,,35,029,000402,2
Block Group 1; Census Tract 5; Luna County; New Mexico,1267,,320,945,,35,029,000500,1
Block Group 2; Census Tract 5; Luna County; New Mexico,2275,,735,1487,,35,029,000500,2
Block Group 3; Census Tract 5; Luna County; New Mexico,925,,454,471,,35,029,000500,3
Block Group 1; Census Tract 6; Luna County; New Mexico,1222,,298,826,,35,029,000600,1
Block Group 2; Census Tract 6; Luna County; New Mexico,1508,,104,1216,,35,029,000600,2
Block Group 1; Census Tract 9403.01; McKinley County; New Mexico,841,,0,37,,35,031,940301,1
Block Group 2; Census Tract 9403.01; McKinley County; New Mexico,1284,,0,0,,35,031,940301,2
Block Group 1; Census Tract 9403.02; McKinley County; New Mexico,880,,0,10,,35,031,940302,1
Block Group 2; Census Tract 9403.02; McKinley County; New Mexico,1951,,17,23,,35,031,940302,2
Block Group 3; Census Tract 9403.02; McKinley County; New Mexico,1155,,13,8,,35,031,940302,3
Block Group 1; Census Tract 9405; McKinley County; New Mexico,1233,,37,117,,35,031,940500,1
Block Group 1; Census Tract 9435; McKinley County; New Mexico,988,,32,6,,35,031,943500,1
Block Group 2; Census Tract 9435; McKinley County; New Mexico,1312,,18,16,,35,031,943500,2
Block Group 3; Census Tract 9435; McKinley County; New Mexico,1488,,39,35,,35,031,943500,3
Block Group 1; Census Tract 9436.01; McKinley County; New Mexico,935,,0,4,,35,031,943601,1
Block Group 2; Census Tract 9436.01; McKinley County; New Mexico,1263,,0,32,,35,031,943601,2
Block Group 3; Census Tract 9436.01; McKinley County; New Mexico,1166,,8,89,,35,031,943601,3
Block Group 1; Census Tract 9436.02; McKinley County; New Mexico,776,,6,0,,35,031,943602,1
Block Group 2; Census Tract 9436.02; McKinley County; New Mexico,1654,,186,152,,35,031,943602,2
Block Group 3; Census Tract 9436.02; McKinley County; New Mexico,226,,0,3,,35,031,943602,3
Block Group 1; Census Tract 9437.01; McKinley County; New Mexico,702,,0,51,,35,031,943701,1
Block Group 2; Census Tract 9437.01; McKinley County; New Mexico,1452,,32,6,,35,031,943701,2
Block Group 1; Census Tract 9437.02; McKinley County; New Mexico,954,,0,0,,35,031,943702,1
Block Group 2; Census Tract 9437.02; McKinley County; New Mexico,867,,47,4,,35,031,943702,2
Block Group 1; Census Tract 9438.01; McKinley County; New Mexico,2214,,5,28,,35,031,943801,1
Block Group 1; Census Tract 9438.02; McKinley County; New Mexico,786,,11,12,,35,031,943802,1
Block Group 2; Census Tract 9438.02; McKinley County; New Mexico,1210,,4,24,,35,031,943802,2
Block Group 1; Census Tract 9438.03; McKinley County; New Mexico,749,,0,6,,35,031,943803,1
Block Group 2; Census Tract 9438.03; McKinley County; New Mexico,906,,11,7,,35,031,943803,2
Block Group 1; Census Tract 9439.03; McKinley County; New Mexico,681,,0,2,,35,031,943903,1
Block Group 2; Census Tract 9439.03; McKinley County; New Mexico,1170,,16,143,,35,031,943903,2
Block Group 1; Census Tract 9439.04; McKinley County; New Mexico,424,,40,18,,35,031,943904,1
Block Group 2; Census Tract 9439.04; McKinley County; New Mexico,684,,7,9,,35,031,943904,2
Block Group 1; Census Tract 9439.05; McKinley County; New Mexico,1318,,0,23,,35,031,943905,1
Block Group 1; Census Tract 9439.06; McKinley County; New Mexico,2739,,7,416,,35,031,943906,1
Block Group 1; Census Tract 9439.07; McKinley County; New Mexico,1382,,12,32,,35,031,943907,1
Block Group 1; Census Tract 9440; McKinley County; New Mexico,553,,0,5,,35,031,944000,1
Block Group 2; Census Tract 9440; McKinley County; New Mexico,1247,,13,23,,35,031,944000,2
Block Group 1; Census Tract 9452.01; McKinley County; New Mexico,1919,,152,661,,35,031,945201,1
Block Group 2; Census Tract 9452.01; McKinley County; New Mexico,1615,,263,223,,35,031,945201,2
Block Group 1; Census Tract 9452.02; McKinley County; New Mexico,2132,,13,1575,,35,031,945202,1
Block Group 2; Census Tract 9452.02; McKinley County; New Mexico,1139,,127,231,,35,031,945202,2
Block Group 1; Census Tract 9453; McKinley County; New Mexico,1792,,101,881,,35,031,945300,1
Block Group 2; Census Tract 9453; McKinley County; New Mexico,1740,,162,182,,35,031,945300,2
Block Group 1; Census Tract 9454; McKinley County; New Mexico,686,,174,189,,35,031,945400,1
Block Group 2; Census Tract 9454; McKinley County; New Mexico,775,,129,124,,35,031,945400,2
Block Group 3; Census Tract 9454; McKinley County; New Mexico,1007,,233,234,,35,031,945400,3
Block Group 4; Census Tract 9454; McKinley County; New Mexico,1326,,0,96,,35,031,945400,4
Block Group 1; Census Tract 9455.01; McKinley County; New Mexico,1448,,533,298,,35,031,945501,1
Block Group 1; Census Tract 9455.02; McKinley County; New Mexico,1606,,923,328,,35,031,945502,1
Block Group 1; Census Tract 9455.03; McKinley County; New Mexico,717,,326,68,,35,031,945503,1
Block Group 2; Census Tract 9455.03; McKinley County; New Mexico,1025,,179,215,,35,031,945503,2
Block Group 3; Census Tract 9455.03; McKinley County; New Mexico,352,,56,120,,35,031,945503,3
Block Group 1; Census Tract 9456.01; McKinley County; New Mexico,2085,,551,406,,35,031,945601,1
Block Group 1; Census Tract 9456.02; McKinley County; New Mexico,1400,,24,660,,35,031,945602,1
Block Group 2; Census Tract 9456.02; McKinley County; New Mexico,1576,,97,325,,35,031,945602,2
Block Group 3; Census Tract 9456.02; McKinley County; New Mexico,651,,24,15,,35,031,945602,3
Block Group 1; Census Tract 9457.01; McKinley County; New Mexico,865,,144,21,,35,031,945701,1
Block Group 1; Census Tract 9457.02; McKinley County; New Mexico,1177,,0,0,,35,031,945702,1
Block Group 1; Census Tract 9460.01; McKinley County; New Mexico,1537,,47,79,,35,031,946001,1
Block Group 2; Census Tract 9460.01; McKinley County; New Mexico,455,,15,96,,35,031,946001,2
Block Group 1; Census Tract 9460.02; McKinley County; New Mexico,1665,,152,97,,35,031,946002,1
Block Group 1; Census Tract 9460.03; McKinley County; New Mexico,917,,0,39,,35,031,946003,1
Block Group 2; Census Tract 9460.03; McKinley County; New Mexico,950,,0,0,,35,031,946003,2
Block Group 1; Census Tract 9731; McKinley County; New Mexico,981,,515,75,,35,031,973100,1
Block Group 2; Census Tract 9731; McKinley County; New Mexico,444,,198,70,,35,031,973100,2
Block Group 1; Census Tract 9800; McKinley County; New Mexico,0,,0,0,,35,031,980000,1
Block Group 1; Census Tract 9552.01; Mora County; New Mexico,962,,176,750,,35,033,955201,1
Block Group 2; Census Tract 9552.01; Mora County; New Mexico,1005,,60,941,,35,033,955201,2
Block Group 1; Census Tract 9552.02; Mora County; New Mexico,889,,334,555,,35,033,955202,1
Block Group 2; Census Tract 9552.02; Mora County; New Mexico,348,,0,311,,35,033,955202,2
Block Group 3; Census Tract 9552.02; Mora County; New Mexico,972,,347,621,,35,033,955202,3
Block Group 1; Census Tract 1; Otero County; New Mexico,592,,175,387,,35,035,000100,1
Block Group 2; Census Tract 1; Otero County; New Mexico,1301,,420,691,,35,035,000100,2
Block Group 1; Census Tract 2; Otero County; New Mexico,843,,451,315,,35,035,000200,1
Block Group 2; Census Tract 2; Otero County; New Mexico,1161,,770,131,,35,035,000200,2
Block Group 1; Census Tract 3.03; Otero County; New Mexico,924,,470,315,,35,035,000303,1
Block Group 2; Census Tract 3.03; Otero County; New Mexico,1673,,1278,335,,35,035,000303,2
Block Group 1; Census Tract 3.04; Otero County; New Mexico,596,,343,204,,35,035,000304,1
Block Group 2; Census Tract 3.04; Otero County; New Mexico,1550,,961,481,,35,035,000304,2
Block Group 3; Census Tract 3.04; Otero County; New Mexico,1550,,1501,10,,35,035,000304,3
Block Group 1; Census Tract 3.05; Otero County; New Mexico,672,,237,231,,35,035,000305,1
Block Group 2; Census Tract 3.05; Otero County; New Mexico,1410,,805,73,,35,035,000305,2
Block Group 3; Census Tract 3.05; Otero County; New Mexico,706,,466,173,,35,035,000305,3
Block Group 4; Census Tract 3.05; Otero County; New Mexico,776,,345,363,,35,035,000305,4
Block Group 1; Census Tract 3.06; Otero County; New Mexico,870,,625,157,,35,035,000306,1
Block Group 2; Census Tract 3.06; Otero County; New Mexico,657,,289,271,,35,035,000306,2
Block Group 3; Census Tract 3.06; Otero County; New Mexico,785,,258,380,,35,035,000306,3
Block Group 4; Census Tract 3.06; Otero County; New Mexico,521,,217,231,,35,035,000306,4
Block Group 1; Census Tract 4.01; Otero County; New Mexico,505,,217,202,,35,035,000401,1
Block Group 2; Census Tract 4.01; Otero County; New Mexico,1805,,948,744,,35,035,000401,2
Block Group 3; Census Tract 4.01; Otero County; New Mexico,634,,305,168,,35,035,000401,3
Block Group 4; Census Tract 4.01; Otero County; New Mexico,1438,,748,474,,35,035,000401,4
Block Group 5; Census Tract 4.01; Otero County; New Mexico,539,,169,335,,35,035,000401,5
Block Group 1; Census Tract 4.03; Otero County; New Mexico,562,,436,50,,35,035,000403,1
Block Group 2; Census Tract 4.03; Otero County; New Mexico,2470,,1871,280,,35,035,000403,2
Block Group 1; Census Tract 4.04; Otero County; New Mexico,658,,84,291,,35,035,000404,1
Block Group 2; Census Tract 4.04; Otero County; New Mexico,1362,,670,585,,35,035,000404,2
Block Group 3; Census Tract 4.04; Otero County; New Mexico,1666,,995,535,,35,035,000404,3
Block Group 4; Census Tract 4.04; Otero County; New Mexico,809,,276,362,,35,035,000404,4
Block Group 1; Census Tract 5.01; Otero County; New Mexico,1455,,502,638,,35,035,000501,1
Block Group 2; Census Tract 5.01; Otero County; New Mexico,396,,211,162,,35,035,000501,2
Block Group 3; Census Tract 5.01; Otero County; New Mexico,909,,476,396,,35,035,000501,3
Block Group 1; Census Tract 5.02; Otero County; New Mexico,609,,392,203,,35,035,000502,1
Block Group 2; Census Tract 5.02; Otero County; New Mexico,1129,,430,599,,35,035,000502,2
Block Group 1; Census Tract 6.01; Otero County; New Mexico,735,,428,218,,35,035,000601,1
Block Group 1; Census Tract 6.02; Otero County; New Mexico,1263,,951,158,,35,035,000602,1
Block Group 2; Census Tract 6.02; Otero County; New Mexico,1186,,789,297,,35,035,000602,2
Block Group 1; Census Tract 6.03; Otero County; New Mexico,875,,669,176,,35,035,000603,1
Block Group 2; Census Tract 6.03; Otero County; New Mexico,1416,,531,752,,35,035,000603,2
Block Group 1; Census Tract 6.04; Otero County; New Mexico,1378,,732,296,,35,035,000604,1
Block Group 2; Census Tract 6.04; Otero County; New Mexico,536,,377,90,,35,035,000604,2
Block Group 3; Census Tract 6.04; Otero County; New Mexico,1448,,1003,49,,35,035,000604,3
Block Group 1; Census Tract 7.01; Otero County; New Mexico,609,,164,352,,35,035,000701,1
Block Group 2; Census Tract 7.01; Otero County; New Mexico,286,,149,131,,35,035,000701,2
Block Group 3; Census Tract 7.01; Otero County; New Mexico,900,,377,447,,35,035,000701,3
Block Group 4; Census Tract 7.01; Otero County; New Mexico,152,,94,40,,35,035,000701,4
Block Group 5; Census Tract 7.01; Otero County; New Mexico,1693,,1035,394,,35,035,000701,5
Block Group 1; Census Tract 7.02; Otero County; New Mexico,1434,,538,820,,35,035,000702,1
Block Group 1; Census Tract 9.01; Otero County; New Mexico,1352,,1110,126,,35,035,000901,1
Block Group 2; Census Tract 9.01; Otero County; New Mexico,726,,557,137,,35,035,000901,2
Block Group 3; Census Tract 9.01; Otero County; New Mexico,2498,,2161,311,,35,035,000901,3
Block Group 1; Census Tract 9.03; Otero County; New Mexico,1900,,17,1811,,35,035,000903,1
Block Group 2; Census Tract 9.03; Otero County; New Mexico,1900,,0,1900,,35,035,000903,2
Block Group 3; Census Tract 9.03; Otero County; New Mexico,3719,,407,3145,,35,035,000903,3
Block Group 1; Census Tract 9.04; Otero County; New Mexico,485,,418,67,,35,035,000904,1
Block Group 2; Census Tract 9.04; Otero County; New Mexico,1907,,80,1827,,35,035,000904,2
Block Group 3; Census Tract 9.04; Otero County; New Mexico,1968,,84,1884,,35,035,000904,3
Block Group 4; Census Tract 9.04; Otero County; New Mexico,759,,553,206,,35,035,000904,4
Block Group 1; Census Tract 9400; Otero County; New Mexico,845,,21,62,,35,035,940000,1
Block Group 2; Census Tract 9400; Otero County; New Mexico,769,,21,84,,35,035,940000,2
Block Group 3; Census Tract 9400; Otero County; New Mexico,1963,,174,131,,35,035,940000,3
Block Group 1; Census Tract 9586.01; Quay County; New Mexico,645,,355,178,,35,037,958601,1
Block Group 2; Census Tract 9586.01; Quay County; New Mexico,1127,,308,674,,35,037,958601,2
Block Group 3; Census Tract 9586.01; Quay County; New Mexico,235,,106,106,,35,037,958601,3
Block Group 4; Census Tract 9586.01; Quay County; New Mexico,1148,,293,773,,35,037,958601,4
Block Group 1; Census Tract 9586.02; Quay County; New Mexico,600,,230,370,,35,037,958602,1
Block Group 2; Census Tract 9586.02; Quay County; New Mexico,859,,191,649,,35,037,958602,2
Block Group 3; Census Tract 9586.02; Quay County; New Mexico,712,,319,384,,35,037,958602,3
Block Group 4; Census Tract 9586.02; Quay County; New Mexico,443,,175,268,,35,037,958602,4
Block Group 1; Census Tract 9589; Quay County; New Mexico,698,,517,69,,35,037,958900,1
Block Group 2; Census Tract 9589; Quay County; New Mexico,621,,479,92,,35,037,958900,2
Block Group 3; Census Tract 9589; Quay County; New Mexico,649,,528,73,,35,037,958900,3
Block Group 4; Census Tract 9589; Quay County; New Mexico,879,,664,206,,35,037,958900,4
Block Group 1; Census Tract 1; Rio Arriba County; New Mexico,624,,129,495,,35,039,000100,1
Block Group 2; Census Tract 1; Rio Arriba County; New Mexico,1584,,73,1506,,35,039,000100,2
Block Group 3; Census Tract 1; Rio Arriba County; New Mexico,819,,0,819,,35,039,000100,3
Block Group 1; Census Tract 2; Rio Arriba County; New Mexico,2275,,439,1795,,35,039,000200,1
Block Group 2; Census Tract 2; Rio Arriba County; New Mexico,1339,,170,871,,35,039,000200,2
Block Group 1; Census Tract 3.01; Rio Arriba County; New Mexico,2354,,654,1695,,35,039,000301,1
Block Group 2; Census Tract 3.01; Rio Arriba County; New Mexico,1327,,3,1323,,35,039,000301,2
Block Group 1; Census Tract 3.02; Rio Arriba County; New Mexico,1966,,151,1815,,35,039,000302,1
Block Group 2; Census Tract 3.02; Rio Arriba County; New Mexico,719,,35,682,,35,039,000302,2
Block Group 1; Census Tract 4.01; Rio Arriba County; New Mexico,1211,,154,1041,,35,039,000401,1
Block Group 2; Census Tract 4.01; Rio Arriba County; New Mexico,651,,98,553,,35,039,000401,2
Block Group 1; Census Tract 4.02; Rio Arriba County; New Mexico,719,,38,678,,35,039,000402,1
Block Group 2; Census Tract 4.02; Rio Arriba County; New Mexico,1597,,144,1453,,35,039,000402,2
Block Group 1; Census Tract 5; Rio Arriba County; New Mexico,834,,199,564,,35,039,000500,1
Block Group 2; Census Tract 5; Rio Arriba County; New Mexico,1039,,460,380,,35,039,000500,2
Block Group 3; Census Tract 5; Rio Arriba County; New Mexico,1788,,614,1103,,35,039,000500,3
Block Group 1; Census Tract 9407; Rio Arriba County; New Mexico,782,,170,586,,35,039,940700,1
Block Group 2; Census Tract 9407; Rio Arriba County; New Mexico,965,,84,824,,35,039,940700,2
Block Group 3; Census Tract 9407; Rio Arriba County; New Mexico,1288,,335,914,,35,039,940700,3
Block Group 1; Census Tract 9408; Rio Arriba County; New Mexico,1222,,196,998,,35,039,940800,1
Block Group 2; Census Tract 9408; Rio Arriba County; New Mexico,2531,,682,1610,,35,039,940800,2
Block Group 3; Census Tract 9408; Rio Arriba County; New Mexico,1861,,39,239,,35,039,940800,3
Block Group 1; Census Tract 9410; Rio Arriba County; New Mexico,1194,,52,69,,35,039,941000,1
Block Group 2; Census Tract 9410; Rio Arriba County; New Mexico,1832,,229,549,,35,039,941000,2
Block Group 3; Census Tract 9410; Rio Arriba County; New Mexico,1460,,0,209,,35,039,941000,3
Block Group 1; Census Tract 9441; Rio Arriba County; New Mexico,1128,,21,208,,35,039,944100,1
Block Group 2; Census Tract 9441; Rio Arriba County; New Mexico,690,,71,457,,35,039,944100,2
Block Group 3; Census Tract 9441; Rio Arriba County; New Mexico,960,,52,856,,35,039,944100,3
Block Group 4; Census Tract 9441; Rio Arriba County; New Mexico,1659,,200,1332,,35,039,944100,4
Block Group 5; Census Tract 9441; Rio Arriba County; New Mexico,1747,,173,1414,,35,039,944100,5
Block Group 1; Census Tract 1; Roosevelt County; New Mexico,1012,,486,384,,35,041,000100,1
Block Group 2; Census Tract 1; Roosevelt County; New Mexico,601,,130,466,,35,041,000100,2
Block Group 3; Census Tract 1; Roosevelt County; New Mexico,1170,,777,385,,35,041,000100,3
Block Group 4; Census Tract 1; Roosevelt County; New Mexico,1348,,761,497,,35,041,000100,4
Block Group 1; Census Tract 2; Roosevelt County; New Mexico,1193,,288,611,,35,041,000200,1
Block Group 2; Census Tract 2; Roosevelt County; New Mexico,1615,,709,906,,35,041,000200,2
Block Group 3; Census Tract 2; Roosevelt County; New Mexico,892,,226,666,,35,041,000200,3
Block Group 1; Census Tract 3; Roosevelt County; New Mexico,1814,,890,804,,35,041,000300,1
Block Group 2; Census Tract 3; Roosevelt County; New Mexico,1094,,611,228,,35,041,000300,2
Block Group 3; Census Tract 3; Roosevelt County; New Mexico,1723,,888,734,,35,041,000300,3
Block Group 1; Census Tract 4.01; Roosevelt County; New Mexico,1210,,708,441,,35,041,000401,1
Block Group 2; Census Tract 4.01; Roosevelt County; New Mexico,1188,,213,888,,35,041,000401,2
Block Group 3; Census Tract 4.01; Roosevelt County; New Mexico,764,,520,224,,35,041,000401,3
Block Group 1; Census Tract 4.02; Roosevelt County; New Mexico,739,,477,243,,35,041,000402,1
Block Group 2; Census Tract 4.02; Roosevelt County; New Mexico,1931,,993,878,,35,041,000402,2
Block Group 3; Census Tract 4.02; Roosevelt County; New Mexico,708,,606,85,,35,041,000402,3
Block Group 1; Census Tract 105.03; Sandoval County; New Mexico,696,,165,526,,35,043,010503,1
Block Group 2; Census Tract 105.03; Sandoval County; New Mexico,1418,,392,1019,,35,043,010503,2
Block Group 3; Census Tract 105.03; Sandoval County; New Mexico,953,,173,699,,35,043,010503,3
Block Group 1; Census Tract 106.01; Sandoval County; New Mexico,2927,,1942,773,,35,043,010601,1
Block Group 2; Census Tract 106.01; Sandoval County; New Mexico,1638,,1049,428,,35,043,010601,2
Block Group 1; Census Tract 106.02; Sandoval County; New Mexico,2470,,1498,743,,35,043,010602,1
Block Group 2; Census Tract 106.02; Sandoval County; New Mexico,1522,,1116,406,,35,043,010602,2
Block Group 1; Census Tract 107.02; Sandoval County; New Mexico,1998,,885,1047,,35,043,010702,1
Block Group 2; Census Tract 107.02; Sandoval County; New Mexico,2286,,994,1197,,35,043,010702,2
Block Group 3; Census Tract 107.02; Sandoval County; New Mexico,2395,,1459,746,,35,043,010702,3
Block Group 4; Census Tract 107.02; Sandoval County; New Mexico,1710,,1149,479,,35,043,010702,4
Block Group 1; Census Tract 107.05; Sandoval County; New Mexico,2301,,1260,980,,35,043,010705,1
Block Group 2; Census Tract 107.05; Sandoval County; New Mexico,1502,,550,892,,35,043,010705,2
Block Group 3; Census Tract 107.05; Sandoval County; New Mexico,1118,,620,407,,35,043,010705,3
Block Group 4; Census Tract 107.05; Sandoval County; New Mexico,985,,390,595,,35,043,010705,4
Block Group 1; Census Tract 107.12; Sandoval County; New Mexico,1746,,800,658,,35,043,010712,1
Block Group 2; Census Tract 107.12; Sandoval County; New Mexico,1700,,727,833,,35,043,010712,2
Block Group 3; Census Tract 107.12; Sandoval County; New Mexico,940,,322,618,,35,043,010712,3
Block Group 4; Census Tract 107.12; Sandoval County; New Mexico,1677,,513,654,,35,043,010712,4
Block Group 1; Census Tract 107.13; Sandoval County; New Mexico,1288,,466,542,,35,043,010713,1
Block Group 2; Census Tract 107.13; Sandoval County; New Mexico,1627,,673,945,,35,043,010713,2
Block Group 3; Census Tract 107.13; Sandoval County; New Mexico,1090,,592,356,,35,043,010713,3
Block Group 4; Census Tract 107.13; Sandoval County; New Mexico,1079,,407,496,,35,043,010713,4
Block Group 1; Census Tract 107.14; Sandoval County; New Mexico,2124,,908,699,,35,043,010714,1
Block Group 2; Census Tract 107.14; Sandoval County; New Mexico,2499,,1451,908,,35,043,010714,2
Block Group 1; Census Tract 107.15; Sandoval County; New Mexico,1047,,738,183,,35,043,010715,1
Block Group 2; Census Tract 107.15; Sandoval County; New Mexico,1525,,732,642,,35,043,010715,2
Block Group 3; Census Tract 107.15; Sandoval County; New Mexico,1083,,395,538,,35,043,010715,3
Block Group 1; Census Tract 107.19; Sandoval County; New Mexico,831,,386,364,,35,043,010719,1
Block Group 2; Census Tract 107.19; Sandoval County; New Mexico,1109,,500,428,,35,043,010719,2
Block Group 3; Census Tract 107.19; Sandoval County; New Mexico,1828,,1053,635,,35,043,010719,3
Block Group 1; Census Tract 107.21; Sandoval County; New Mexico,2227,,906,1142,,35,043,010721,1
Block Group 2; Census Tract 107.21; Sandoval County; New Mexico,2515,,901,1478,,35,043,010721,2
Block Group 1; Census Tract 107.22; Sandoval County; New Mexico,2538,,1419,1093,,35,043,010722,1
Block Group 2; Census Tract 107.22; Sandoval County; New Mexico,2206,,980,994,,35,043,010722,2
Block Group 3; Census Tract 107.22; Sandoval County; New Mexico,1205,,341,813,,35,043,010722,3
Block Group 1; Census Tract 107.24; Sandoval County; New Mexico,1952,,591,1082,,35,043,010724,1
Block Group 2; Census Tract 107.24; Sandoval County; New Mexico,1169,,354,604,,35,043,010724,2
Block Group 1; Census Tract 107.25; Sandoval County; New Mexico,1786,,829,719,,35,043,010725,1
Block Group 2; Census Tract 107.25; Sandoval County; New Mexico,1009,,479,418,,35,043,010725,2
Block Group 3; Census Tract 107.25; Sandoval County; New Mexico,775,,248,515,,35,043,010725,3
Block Group 4; Census Tract 107.25; Sandoval County; New Mexico,2675,,873,1407,,35,043,010725,4
Block Group 5; Census Tract 107.25; Sandoval County; New Mexico,2545,,1567,858,,35,043,010725,5
Block Group 1; Census Tract 107.26; Sandoval County; New Mexico,2538,,1591,619,,35,043,010726,1
Block Group 2; Census Tract 107.26; Sandoval County; New Mexico,4207,,1601,1975,,35,043,010726,2
Block Group 1; Census Tract 107.27; Sandoval County; New Mexico,3549,,1777,884,,35,043,010727,1
Block Group 1; Census Tract 107.28; Sandoval County; New Mexico,2828,,1603,779,,35,043,010728,1
Block Group 1; Census Tract 107.29; Sandoval County; New Mexico,3756,,1675,1359,,35,043,010729,1
Block Group 2; Census Tract 107.29; Sandoval County; New Mexico,0,,0,0,,35,043,010729,2
Block Group 3; Census Tract 107.29; Sandoval County; New Mexico,2535,,1347,962,,35,043,010729,3
Block Group 4; Census Tract 107.29; Sandoval County; New Mexico,2222,,560,1365,,35,043,010729,4
Block Group 1; Census Tract 107.30; Sandoval County; New Mexico,1746,,752,736,,35,043,010730,1
Block Group 1; Census Tract 107.31; Sandoval County; New Mexico,2325,,1633,579,,35,043,010731,1
Block Group 2; Census Tract 107.31; Sandoval County; New Mexico,2020,,1022,577,,35,043,010731,2
Block Group 3; Census Tract 107.31; Sandoval County; New Mexico,2347,,678,734,,35,043,010731,3
Block Group 4; Census Tract 107.31; Sandoval County; New Mexico,1894,,893,978,,35,043,010731,4
Block Group 1; Census Tract 107.32; Sandoval County; New Mexico,2269,,1173,955,,35,043,010732,1
Block Group 2; Census Tract 107.32; Sandoval County; New Mexico,1036,,404,632,,35,043,010732,2
Block Group 3; Census Tract 107.32; Sandoval County; New Mexico,852,,657,163,,35,043,010732,3
Block Group 4; Census Tract 107.32; Sandoval County; New Mexico,2527,,1147,994,,35,043,010732,4
Block Group 1; Census Tract 107.33; Sandoval County; New Mexico,1693,,615,943,,35,043,010733,1
Block Group 2; Census Tract 107.33; Sandoval County; New Mexico,991,,277,592,,35,043,010733,2
Block Group 3; Census Tract 107.33; Sandoval County; New Mexico,2968,,1411,1068,,35,043,010733,3
Block Group 1; Census Tract 107.34; Sandoval County; New Mexico,860,,373,225,,35,043,010734,1
Block Group 2; Census Tract 107.34; Sandoval County; New Mexico,3138,,1286,1759,,35,043,010734,2
Block Group 3; Census Tract 107.34; Sandoval County; New Mexico,2074,,751,839,,35,043,010734,3
Block Group 1; Census Tract 109; Sandoval County; New Mexico,991,,115,766,,35,043,010900,1
Block Group 2; Census Tract 109; Sandoval County; New Mexico,712,,205,452,,35,043,010900,2
Block Group 1; Census Tract 111.01; Sandoval County; New Mexico,1374,,1025,179,,35,043,011101,1
Block Group 2; Census Tract 111.01; Sandoval County; New Mexico,2154,,845,57,,35,043,011101,2
Block Group 1; Census Tract 111.02; Sandoval County; New Mexico,507,,380,94,,35,043,011102,1
Block Group 2; Census Tract 111.02; Sandoval County; New Mexico,1815,,921,395,,35,043,011102,2
Block Group 3; Census Tract 111.02; Sandoval County; New Mexico,671,,530,112,,35,043,011102,3
Block Group 1; Census Tract 112; Sandoval County; New Mexico,1855,,848,531,,35,043,011200,1
Block Group 2; Census Tract 112; Sandoval County; New Mexico,983,,38,138,,35,043,011200,2
Block Group 1; Census Tract 9402; Sandoval County; New Mexico,2162,,0,638,,35,043,940200,1
Block Group 2; Census Tract 9402; Sandoval County; New Mexico,1344,,82,600,,35,043,940200,2
Block Group 1; Census Tract 9403; Sandoval County; New Mexico,0,,0,0,,35,043,940300,1
Block Group 1; Census Tract 9405; Sandoval County; New Mexico,567,,140,389,,35,043,940500,1
Block Group 2; Census Tract 9405; Sandoval County; New Mexico,1989,,297,1523,,35,043,940500,2
Block Group 3; Census Tract 9405; Sandoval County; New Mexico,1502,,158,1253,,35,043,940500,3
Block Group 1; Census Tract 9406; Sandoval County; New Mexico,2339,,4,14,,35,043,940600,1
Block Group 1; Census Tract 9407; Sandoval County; New Mexico,1882,,236,877,,35,043,940700,1
Block Group 2; Census Tract 9407; Sandoval County; New Mexico,1636,,0,19,,35,043,940700,2
Block Group 1; Census Tract 9409; Sandoval County; New Mexico,850,,3,27,,35,043,940900,1
Block Group 2; Census Tract 9409; Sandoval County; New Mexico,2426,,197,46,,35,043,940900,2
Block Group 1; Census Tract 9410; Sandoval County; New Mexico,1690,,411,536,,35,043,941000,1
Block Group 1; Census Tract 9800; Sandoval County; New Mexico,0,,0,0,,35,043,980000,1
Block Group 1; Census Tract 1; San Juan County; New Mexico,712,,173,372,,35,045,000100,1
Block Group 2; Census Tract 1; San Juan County; New Mexico,1271,,415,345,,35,045,000100,2
Block Group 3; Census Tract 1; San Juan County; New Mexico,983,,539,246,,35,045,000100,3
Block Group 4; Census Tract 1; San Juan County; New Mexico,1298,,625,247,,35,045,000100,4
Block Group 1; Census Tract 2.01; San Juan County; New Mexico,1740,,1364,312,,35,045,000201,1
Block Group 2; Census Tract 2.01; San Juan County; New Mexico,1513,,1166,145,,35,045,000201,2
Block Group 3; Census Tract 2.01; San Juan County; New Mexico,1179,,799,127,,35,045,000201,3
Block Group 1; Census Tract 2.02; San Juan County; New Mexico,2623,,1619,484,,35,045,000202,1
Block Group 2; Census Tract 2.02; San Juan County; New Mexico,1412,,1159,50,,35,045,000202,2
Block Group 3; Census Tract 2.02; San Juan County; New Mexico,1909,,631,509,,35,045,000202,3
Block Group 1; Census Tract 2.04; San Juan County; New Mexico,1583,,486,411,,35,045,000204,1
Block Group 2; Census Tract 2.04; San Juan County; New Mexico,997,,385,544,,35,045,000204,2
Block Group 1; Census Tract 2.06; San Juan County; New Mexico,1429,,439,234,,35,045,000206,1
Block Group 2; Census Tract 2.06; San Juan County; New Mexico,580,,366,163,,35,045,000206,2
Block Group 3; Census Tract 2.06; San Juan County; New Mexico,1475,,416,238,,35,045,000206,3
Block Group 1; Census Tract 2.07; San Juan County; New Mexico,1229,,602,556,,35,045,000207,1
Block Group 2; Census Tract 2.07; San Juan County; New Mexico,906,,386,81,,35,045,000207,2
Block Group 1; Census Tract 3.01; San Juan County; New Mexico,1425,,514,348,,35,045,000301,1
Block Group 2; Census Tract 3.01; San Juan County; New Mexico,595,,228,362,,35,045,000301,2
Block Group 3; Census Tract 3.01; San Juan County; New Mexico,761,,190,0,,35,045,000301,3
Block Group 4; Census Tract 3.01; San Juan County; New Mexico,1760,,663,720,,35,045,000301,4
Block Group 1; Census Tract 3.02; San Juan County; New Mexico,741,,477,234,,35,045,000302,1
Block Group 2; Census Tract 3.02; San Juan County; New Mexico,725,,448,141,,35,045,000302,2
Block Group 3; Census Tract 3.02; San Juan County; New Mexico,547,,201,95,,35,045,000302,3
Block Group 4; Census Tract 3.02; San Juan County; New Mexico,1187,,605,101,,35,045,000302,4
Block Group 1; Census Tract 4.01; San Juan County; New Mexico,1211,,981,149,,35,045,000401,1
Block Group 2; Census Tract 4.01; San Juan County; New Mexico,1531,,737,363,,35,045,000401,2
Block Group 3; Census Tract 4.01; San Juan County; New Mexico,2558,,713,499,,35,045,000401,3
Block Group 4; Census Tract 4.01; San Juan County; New Mexico,258,,181,77,,35,045,000401,4
Block Group 1; Census Tract 4.02; San Juan County; New Mexico,803,,366,145,,35,045,000402,1
Block Group 2; Census Tract 4.02; San Juan County; New Mexico,1878,,406,831,,35,045,000402,2
Block Group 3; Census Tract 4.02; San Juan County; New Mexico,1436,,507,27,,35,045,000402,3
Block Group 1; Census Tract 5.03; San Juan County; New Mexico,1412,,32,832,,35,045,000503,1
Block Group 2; Census Tract 5.03; San Juan County; New Mexico,2155,,394,480,,35,045,000503,2
Block Group 1; Census Tract 5.04; San Juan County; New Mexico,863,,373,204,,35,045,000504,1
Block Group 2; Census Tract 5.04; San Juan County; New Mexico,696,,151,45,,35,045,000504,2
Block Group 1; Census Tract 5.06; San Juan County; New Mexico,1764,,483,147,,35,045,000506,1
Block Group 2; Census Tract 5.06; San Juan County; New Mexico,1576,,131,126,,35,045,000506,2
Block Group 3; Census Tract 5.06; San Juan County; New Mexico,829,,219,18,,35,045,000506,3
Block Group 1; Census Tract 5.07; San Juan County; New Mexico,1665,,1215,151,,35,045,000507,1
Block Group 2; Census Tract 5.07; San Juan County; New Mexico,528,,247,60,,35,045,000507,2
Block Group 3; Census Tract 5.07; San Juan County; New Mexico,621,,173,14,,35,045,000507,3
Block Group 1; Census Tract 6.07; San Juan County; New Mexico,1467,,445,545,,35,045,000607,1
Block Group 2; Census Tract 6.07; San Juan County; New Mexico,2563,,550,477,,35,045,000607,2
Block Group 3; Census Tract 6.07; San Juan County; New Mexico,353,,166,146,,35,045,000607,3
Block Group 1; Census Tract 6.09; San Juan County; New Mexico,1175,,852,232,,35,045,000609,1
Block Group 1; Census Tract 6.10; San Juan County; New Mexico,402,,298,45,,35,045,000610,1
Block Group 2; Census Tract 6.10; San Juan County; New Mexico,1341,,522,236,,35,045,000610,2
Block Group 3; Census Tract 6.10; San Juan County; New Mexico,805,,691,107,,35,045,000610,3
Block Group 4; Census Tract 6.10; San Juan County; New Mexico,1515,,1274,149,,35,045,000610,4
Block Group 1; Census Tract 6.11; San Juan County; New Mexico,912,,791,92,,35,045,000611,1
Block Group 2; Census Tract 6.11; San Juan County; New Mexico,690,,406,162,,35,045,000611,2
Block Group 3; Census Tract 6.11; San Juan County; New Mexico,1243,,1010,60,,35,045,000611,3
Block Group 1; Census Tract 6.12; San Juan County; New Mexico,828,,221,392,,35,045,000612,1
Block Group 2; Census Tract 6.12; San Juan County; New Mexico,1423,,827,244,,35,045,000612,2
Block Group 1; Census Tract 6.13; San Juan County; New Mexico,321,,290,31,,35,045,000613,1
Block Group 2; Census Tract 6.13; San Juan County; New Mexico,2114,,1303,535,,35,045,000613,2
Block Group 3; Census Tract 6.13; San Juan County; New Mexico,1225,,687,481,,35,045,000613,3
Block Group 4; Census Tract 6.13; San Juan County; New Mexico,305,,192,106,,35,045,000613,4
Block Group 1; Census Tract 6.14; San Juan County; New Mexico,1207,,547,108,,35,045,000614,1
Block Group 2; Census Tract 6.14; San Juan County; New Mexico,1121,,536,512,,35,045,000614,2
Block Group 1; Census Tract 6.15; San Juan County; New Mexico,1404,,401,333,,35,045,000615,1
Block Group 2; Census Tract 6.15; San Juan County; New Mexico,1192,,486,254,,35,045,000615,2
Block Group 1; Census Tract 7.02; San Juan County; New Mexico,792,,340,282,,35,045,000702,1
Block Group 1; Census Tract 7.05; San Juan County; New Mexico,1834,,501,689,,35,045,000705,1
Block Group 2; Census Tract 7.05; San Juan County; New Mexico,1382,,690,471,,35,045,000705,2
Block Group 1; Census Tract 7.06; San Juan County; New Mexico,2055,,930,1105,,35,045,000706,1
Block Group 2; Census Tract 7.06; San Juan County; New Mexico,950,,561,253,,35,045,000706,2
Block Group 1; Census Tract 7.07; San Juan County; New Mexico,1634,,691,448,,35,045,000707,1
Block Group 2; Census Tract 7.07; San Juan County; New Mexico,318,,191,127,,35,045,000707,2
Block Group 3; Census Tract 7.07; San Juan County; New Mexico,2161,,866,925,,35,045,000707,3
Block Group 1; Census Tract 7.08; San Juan County; New Mexico,1567,,577,349,,35,045,000708,1
Block Group 2; Census Tract 7.08; San Juan County; New Mexico,1807,,1242,333,,35,045,000708,2
Block Group 1; Census Tract 9; San Juan County; New Mexico,1817,,844,837,,35,045,000900,1
Block Group 1; Census Tract 9428.01; San Juan County; New Mexico,725,,10,1,,35,045,942801,1
Block Group 2; Census Tract 9428.01; San Juan County; New Mexico,550,,2,6,,35,045,942801,2
Block Group 3; Census Tract 9428.01; San Juan County; New Mexico,1049,,7,24,,35,045,942801,3
Block Group 1; Census Tract 9428.02; San Juan County; New Mexico,2136,,4,31,,35,045,942802,1
Block Group 2; Census Tract 9428.02; San Juan County; New Mexico,1198,,0,74,,35,045,942802,2
Block Group 3; Census Tract 9428.02; San Juan County; New Mexico,744,,0,0,,35,045,942802,3
Block Group 4; Census Tract 9428.02; San Juan County; New Mexico,2079,,73,156,,35,045,942802,4
Block Group 1; Census Tract 9428.03; San Juan County; New Mexico,737,,7,4,,35,045,942803,1
Block Group 2; Census Tract 9428.03; San Juan County; New Mexico,1227,,8,0,,35,045,942803,2
Block Group 3; Census Tract 9428.03; San Juan County; New Mexico,798,,7,2,,35,045,942803,3
Block Group 1; Census Tract 9429; San Juan County; New Mexico,703,,0,14,,35,045,942900,1
Block Group 2; Census Tract 9429; San Juan County; New Mexico,738,,4,38,,35,045,942900,2
Block Group 3; Census Tract 9429; San Juan County; New Mexico,594,,0,5,,35,045,942900,3
Block Group 4; Census Tract 9429; San Juan County; New Mexico,673,,12,0,,35,045,942900,4
Block Group 5; Census Tract 9429; San Juan County; New Mexico,819,,27,30,,35,045,942900,5
Block Group 6; Census Tract 9429; San Juan County; New Mexico,778,,0,12,,35,045,942900,6
Block Group 1; Census Tract 9430; San Juan County; New Mexico,1577,,9,90,,35,045,943000,1
Block Group 2; Census Tract 9430; San Juan County; New Mexico,1242,,18,11,,35,045,943000,2
Block Group 3; Census Tract 9430; San Juan County; New Mexico,917,,3,45,,35,045,943000,3
Block Group 1; Census Tract 9431; San Juan County; New Mexico,729,,0,18,,35,045,943100,1
Block Group 2; Census Tract 9431; San Juan County; New Mexico,1263,,8,23,,35,045,943100,2
Block Group 1; Census Tract 9432.01; San Juan County; New Mexico,999,,468,473,,35,045,943201,1
Block Group 2; Census Tract 9432.01; San Juan County; New Mexico,1523,,93,1,,35,045,943201,2
Block Group 3; Census Tract 9432.01; San Juan County; New Mexico,1432,,166,50,,35,045,943201,3
Block Group 4; Census Tract 9432.01; San Juan County; New Mexico,748,,6,25,,35,045,943201,4
Block Group 5; Census Tract 9432.01; San Juan County; New Mexico,763,,4,35,,35,045,943201,5
Block Group 1; Census Tract 9433; San Juan County; New Mexico,1195,,805,106,,35,045,943300,1
Block Group 2; Census Tract 9433; San Juan County; New Mexico,955,,592,317,,35,045,943300,2
Block Group 1; Census Tract 9572; San Miguel County; New Mexico,548,,54,477,,35,047,957200,1
Block Group 2; Census Tract 9572; San Miguel County; New Mexico,609,,193,394,,35,047,957200,2
Block Group 3; Census Tract 9572; San Miguel County; New Mexico,1227,,76,910,,35,047,957200,3
Block Group 4; Census Tract 9572; San Miguel County; New Mexico,997,,164,833,,35,047,957200,4
Block Group 1; Census Tract 9573; San Miguel County; New Mexico,851,,255,530,,35,047,957300,1
Block Group 2; Census Tract 9573; San Miguel County; New Mexico,831,,53,778,,35,047,957300,2
Block Group 3; Census Tract 9573; San Miguel County; New Mexico,869,,242,436,,35,047,957300,3
Block Group 1; Census Tract 9574; San Miguel County; New Mexico,870,,163,667,,35,047,957400,1
Block Group 2; Census Tract 9574; San Miguel County; New Mexico,829,,143,686,,35,047,957400,2
Block Group 3; Census Tract 9574; San Miguel County; New Mexico,1078,,132,774,,35,047,957400,3
Block Group 4; Census Tract 9574; San Miguel County; New Mexico,1471,,190,1256,,35,047,957400,4
Block Group 1; Census Tract 9575.01; San Miguel County; New Mexico,1582,,139,1412,,35,047,957501,1
Block Group 2; Census Tract 9575.01; San Miguel County; New Mexico,586,,346,130,,35,047,957501,2
Block Group 3; Census Tract 9575.01; San Miguel County; New Mexico,412,,166,223,,35,047,957501,3
Block Group 1; Census Tract 9575.02; San Miguel County; New Mexico,394,,95,299,,35,047,957502,1
Block Group 2; Census Tract 9575.02; San Miguel County; New Mexico,737,,289,433,,35,047,957502,2
Block Group 3; Census Tract 9575.02; San Miguel County; New Mexico,740,,363,289,,35,047,957502,3
Block Group 4; Census Tract 9575.02; San Miguel County; New Mexico,401,,103,298,,35,047,957502,4
Block Group 1; Census Tract 9576.01; San Miguel County; New Mexico,1747,,127,1620,,35,047,957601,1
Block Group 2; Census Tract 9576.01; San Miguel County; New Mexico,993,,217,567,,35,047,957601,2
Block Group 1; Census Tract 9576.02; San Miguel County; New Mexico,1004,,104,880,,35,047,957602,1
Block Group 2; Census Tract 9576.02; San Miguel County; New Mexico,539,,59,480,,35,047,957602,2
Block Group 1; Census Tract 9576.03; San Miguel County; New Mexico,846,,249,592,,35,047,957603,1
Block Group 2; Census Tract 9576.03; San Miguel County; New Mexico,182,,72,110,,35,047,957603,2
Block Group 3; Census Tract 9576.03; San Miguel County; New Mexico,630,,36,455,,35,047,957603,3
Block Group 1; Census Tract 9577; San Miguel County; New Mexico,902,,84,594,,35,047,957700,1
Block Group 2; Census Tract 9577; San Miguel County; New Mexico,891,,40,786,,35,047,957700,2
Block Group 1; Census Tract 9578; San Miguel County; New Mexico,1592,,190,1342,,35,047,957800,1
Block Group 2; Census Tract 9578; San Miguel County; New Mexico,1174,,174,840,,35,047,957800,2
Block Group 3; Census Tract 9578; San Miguel County; New Mexico,889,,166,676,,35,047,957800,3
Block Group 4; Census Tract 9578; San Miguel County; New Mexico,615,,15,600,,35,047,957800,4
Block Group 1; Census Tract 1.02; Santa Fe County; New Mexico,1359,,1164,162,,35,049,000102,1
Block Group 2; Census Tract 1.02; Santa Fe County; New Mexico,1017,,599,154,,35,049,000102,2
Block Group 1; Census Tract 1.03; Santa Fe County; New Mexico,647,,533,54,,35,049,000103,1
Block Group 2; Census Tract 1.03; Santa Fe County; New Mexico,435,,301,121,,35,049,000103,2
Block Group 3; Census Tract 1.03; Santa Fe County; New Mexico,891,,574,301,,35,049,000103,3
Block Group 1; Census Tract 2.01; Santa Fe County; New Mexico,1604,,1252,254,,35,049,000201,1
Block Group 1; Census Tract 2.02; Santa Fe County; New Mexico,1191,,790,374,,35,049,000202,1
Block Group 2; Census Tract 2.02; Santa Fe County; New Mexico,1608,,1037,266,,35,049,000202,2
Block Group 1; Census Tract 3; Santa Fe County; New Mexico,637,,407,224,,35,049,000300,1
Block Group 2; Census Tract 3; Santa Fe County; New Mexico,1061,,493,487,,35,049,000300,2
Block Group 1; Census Tract 4; Santa Fe County; New Mexico,348,,283,13,,35,049,000400,1
Block Group 1; Census Tract 5; Santa Fe County; New Mexico,484,,343,124,,35,049,000500,1
Block Group 2; Census Tract 5; Santa Fe County; New Mexico,1051,,762,215,,35,049,000500,2
Block Group 3; Census Tract 5; Santa Fe County; New Mexico,599,,515,76,,35,049,000500,3
Block Group 1; Census Tract 6; Santa Fe County; New Mexico,869,,694,150,,35,049,000600,1
Block Group 2; Census Tract 6; Santa Fe County; New Mexico,1037,,619,336,,35,049,000600,2
Block Group 1; Census Tract 7; Santa Fe County; New Mexico,1046,,667,315,,35,049,000700,1
Block Group 2; Census Tract 7; Santa Fe County; New Mexico,874,,487,365,,35,049,000700,2
Block Group 1; Census Tract 8; Santa Fe County; New Mexico,1832,,775,923,,35,049,000800,1
Block Group 2; Census Tract 8; Santa Fe County; New Mexico,1164,,393,653,,35,049,000800,2
Block Group 1; Census Tract 9; Santa Fe County; New Mexico,1731,,772,892,,35,049,000900,1
Block Group 2; Census Tract 9; Santa Fe County; New Mexico,1465,,578,825,,35,049,000900,2
Block Group 1; Census Tract 10.01; Santa Fe County; New Mexico,597,,456,111,,35,049,001001,1
Block Group 2; Census Tract 10.01; Santa Fe County; New Mexico,1489,,1057,273,,35,049,001001,2
Block Group 1; Census Tract 10.02; Santa Fe County; New Mexico,1182,,730,257,,35,049,001002,1
Block Group 2; Census Tract 10.02; Santa Fe County; New Mexico,357,,229,60,,35,049,001002,2
Block Group 3; Census Tract 10.02; Santa Fe County; New Mexico,1957,,526,1148,,35,049,001002,3
Block Group 1; Census Tract 11.02; Santa Fe County; New Mexico,2259,,1411,378,,35,049,001102,1
Block Group 2; Census Tract 11.02; Santa Fe County; New Mexico,1432,,555,821,,35,049,001102,2
Block Group 1; Census Tract 11.03; Santa Fe County; New Mexico,1186,,522,578,,35,049,001103,1
Block Group 2; Census Tract 11.03; Santa Fe County; New Mexico,499,,211,209,,35,049,001103,2
Block Group 1; Census Tract 11.05; Santa Fe County; New Mexico,641,,404,209,,35,049,001105,1
Block Group 2; Census Tract 11.05; Santa Fe County; New Mexico,1910,,900,824,,35,049,001105,2
Block Group 1; Census Tract 11.06; Santa Fe County; New Mexico,1451,,340,1084,,35,049,001106,1
Block Group 2; Census Tract 11.06; Santa Fe County; New Mexico,1395,,841,399,,35,049,001106,2
Block Group 1; Census Tract 11.07; Santa Fe County; New Mexico,1742,,570,1059,,35,049,001107,1
Block Group 2; Census Tract 11.07; Santa Fe County; New Mexico,1157,,331,631,,35,049,001107,2
Block Group 3; Census Tract 11.07; Santa Fe County; New Mexico,687,,226,305,,35,049,001107,3
Block Group 4; Census Tract 11.07; Santa Fe County; New Mexico,1492,,1151,310,,35,049,001107,4
Block Group 1; Census Tract 12.02; Santa Fe County; New Mexico,1573,,359,1174,,35,049,001202,1
Block Group 2; Census Tract 12.02; Santa Fe County; New Mexico,3158,,540,2326,,35,049,001202,2
Block Group 3; Census Tract 12.02; Santa Fe County; New Mexico,1640,,361,1274,,35,049,001202,3
Block Group 1; Census Tract 12.03; Santa Fe County; New Mexico,1582,,57,1525,,35,049,001203,1
Block Group 2; Census Tract 12.03; Santa Fe County; New Mexico,1371,,625,702,,35,049,001203,2
Block Group 1; Census Tract 12.05; Santa Fe County; New Mexico,3674,,269,3139,,35,049,001205,1
Block Group 2; Census Tract 12.05; Santa Fe County; New Mexico,2486,,215,2196,,35,049,001205,2
Block Group 1; Census Tract 12.06; Santa Fe County; New Mexico,2864,,250,2543,,35,049,001206,1
Block Group 2; Census Tract 12.06; Santa Fe County; New Mexico,1283,,186,1097,,35,049,001206,2
Block Group 1; Census Tract 12.07; Santa Fe County; New Mexico,3352,,509,2671,,35,049,001207,1
Block Group 1; Census Tract 13.01; Santa Fe County; New Mexico,1387,,613,626,,35,049,001301,1
Block Group 1; Census Tract 13.02; Santa Fe County; New Mexico,1180,,81,1065,,35,049,001302,1
Block Group 2; Census Tract 13.02; Santa Fe County; New Mexico,1643,,358,1214,,35,049,001302,2
Block Group 1; Census Tract 13.04; Santa Fe County; New Mexico,1089,,196,843,,35,049,001304,1
Block Group 1; Census Tract 13.05; Santa Fe County; New Mexico,1224,,492,526,,35,049,001305,1
Block Group 2; Census Tract 13.05; Santa Fe County; New Mexico,1148,,478,481,,35,049,001305,2
Block Group 3; Census Tract 13.05; Santa Fe County; New Mexico,2247,,545,1461,,35,049,001305,3
Block Group 1; Census Tract 13.06; Santa Fe County; New Mexico,2592,,487,1944,,35,049,001306,1
Block Group 1; Census Tract 101.02; Santa Fe County; New Mexico,1732,,337,1395,,35,049,010102,1
Block Group 2; Census Tract 101.02; Santa Fe County; New Mexico,1122,,338,784,,35,049,010102,2
Block Group 3; Census Tract 101.02; Santa Fe County; New Mexico,1133,,85,1048,,35,049,010102,3
Block Group 1; Census Tract 102.04; Santa Fe County; New Mexico,1177,,990,116,,35,049,010204,1
Block Group 2; Census Tract 102.04; Santa Fe County; New Mexico,989,,759,199,,35,049,010204,2
Block Group 1; Census Tract 102.05; Santa Fe County; New Mexico,1030,,708,282,,35,049,010205,1
Block Group 1; Census Tract 103.04; Santa Fe County; New Mexico,2326,,1548,548,,35,049,010304,1
Block Group 2; Census Tract 103.04; Santa Fe County; New Mexico,1750,,213,1405,,35,049,010304,2
Block Group 1; Census Tract 103.08; Santa Fe County; New Mexico,1295,,74,1167,,35,049,010308,1
Block Group 2; Census Tract 103.08; Santa Fe County; New Mexico,1157,,564,507,,35,049,010308,2
Block Group 1; Census Tract 103.09; Santa Fe County; New Mexico,658,,520,88,,35,049,010309,1
Block Group 2; Census Tract 103.09; Santa Fe County; New Mexico,975,,841,9,,35,049,010309,2
Block Group 1; Census Tract 103.10; Santa Fe County; New Mexico,1213,,907,203,,35,049,010310,1
Block Group 1; Census Tract 103.11; Santa Fe County; New Mexico,1485,,1161,315,,35,049,010311,1
Block Group 2; Census Tract 103.11; Santa Fe County; New Mexico,2611,,1655,550,,35,049,010311,2
Block Group 3; Census Tract 103.11; Santa Fe County; New Mexico,963,,667,246,,35,049,010311,3
Block Group 1; Census Tract 103.12; Santa Fe County; New Mexico,2303,,1226,992,,35,049,010312,1
Block Group 2; Census Tract 103.12; Santa Fe County; New Mexico,2458,,1383,943,,35,049,010312,2
Block Group 1; Census Tract 103.15; Santa Fe County; New Mexico,2094,,1290,542,,35,049,010315,1
Block Group 2; Census Tract 103.15; Santa Fe County; New Mexico,488,,230,224,,35,049,010315,2
Block Group 1; Census Tract 103.16; Santa Fe County; New Mexico,825,,574,175,,35,049,010316,1
Block Group 2; Census Tract 103.16; Santa Fe County; New Mexico,981,,591,356,,35,049,010316,2
Block Group 1; Census Tract 103.17; Santa Fe County; New Mexico,942,,424,366,,35,049,010317,1
Block Group 1; Census Tract 103.18; Santa Fe County; New Mexico,1521,,646,810,,35,049,010318,1
Block Group 1; Census Tract 104; Santa Fe County; New Mexico,1516,,803,455,,35,049,010400,1
Block Group 2; Census Tract 104; Santa Fe County; New Mexico,2276,,1752,429,,35,049,010400,2
Block Group 1; Census Tract 105; Santa Fe County; New Mexico,1151,,799,286,,35,049,010500,1
Block Group 2; Census Tract 105; Santa Fe County; New Mexico,851,,558,259,,35,049,010500,2
Block Group 1; Census Tract 106.01; Santa Fe County; New Mexico,2212,,1033,979,,35,049,010601,1
Block Group 2; Census Tract 106.01; Santa Fe County; New Mexico,1226,,461,765,,35,049,010601,2
Block Group 3; Census Tract 106.01; Santa Fe County; New Mexico,2377,,1324,937,,35,049,010601,3
Block Group 1; Census Tract 106.02; Santa Fe County; New Mexico,1596,,1385,152,,35,049,010602,1
Block Group 2; Census Tract 106.02; Santa Fe County; New Mexico,1141,,838,247,,35,049,010602,2
Block Group 1; Census Tract 106.03; Santa Fe County; New Mexico,2500,,1197,1230,,35,049,010603,1
Block Group 1; Census Tract 107.01; Santa Fe County; New Mexico,749,,703,46,,35,049,010701,1
Block Group 2; Census Tract 107.01; Santa Fe County; New Mexico,645,,593,9,,35,049,010701,2
Block Group 3; Census Tract 107.01; Santa Fe County; New Mexico,2013,,1472,386,,35,049,010701,3
Block Group 1; Census Tract 107.02; Santa Fe County; New Mexico,1638,,1141,411,,35,049,010702,1
Block Group 1; Census Tract 108; Santa Fe County; New Mexico,1161,,672,313,,35,049,010800,1
Block Group 2; Census Tract 108; Santa Fe County; New Mexico,1845,,850,951,,35,049,010800,2
Block Group 1; Census Tract 109; Santa Fe County; New Mexico,2045,,404,1576,,35,049,010900,1
Block Group 2; Census Tract 109; Santa Fe County; New Mexico,1336,,1112,197,,35,049,010900,2
Block Group 1; Census Tract 9403; Santa Fe County; New Mexico,655,,41,157,,35,049,940300,1
Block Group 2; Census Tract 9403; Santa Fe County; New Mexico,1437,,278,970,,35,049,940300,2
Block Group 1; Census Tract 9404; Santa Fe County; New Mexico,1978,,622,824,,35,049,940400,1
Block Group 1; Census Tract 9405; Santa Fe County; New Mexico,1211,,186,763,,35,049,940500,1
Block Group 2; Census Tract 9405; Santa Fe County; New Mexico,724,,115,488,,35,049,940500,2
Block Group 1; Census Tract 9406; Santa Fe County; New Mexico,828,,185,550,,35,049,940600,1
Block Group 2; Census Tract 9406; Santa Fe County; New Mexico,828,,229,565,,35,049,940600,2
Block Group 3; Census Tract 9406; Santa Fe County; New Mexico,1074,,112,679,,35,049,940600,3
Block Group 4; Census Tract 9406; Santa Fe County; New Mexico,954,,186,563,,35,049,940600,4
Block Group 1; Census Tract 9409; Santa Fe County; New Mexico,1104,,100,928,,35,049,940900,1
Block Group 2; Census Tract 9409; Santa Fe County; New Mexico,1821,,154,1533,,35,049,940900,2
Block Group 3; Census Tract 9409; Santa Fe County; New Mexico,367,,48,284,,35,049,940900,3
Block Group 1; Census Tract 9800; Santa Fe County; New Mexico,758,,117,536,,35,049,980000,1
Block Group 1; Census Tract 9802; Santa Fe County; New Mexico,54,,54,0,,35,049,980200,1
Block Group 1; Census Tract 9622; Sierra County; New Mexico,1195,,342,544,,35,051,962200,1
Block Group 2; Census Tract 9622; Sierra County; New Mexico,763,,621,129,,35,051,962200,2
Block Group 3; Census Tract 9622; Sierra County; New Mexico,633,,457,176,,35,051,962200,3
Block Group 4; Census Tract 9622; Sierra County; New Mexico,1021,,775,232,,35,051,962200,4
Block Group 1; Census Tract 9623; Sierra County; New Mexico,1155,,545,595,,35,051,962300,1
Block Group 2; Census Tract 9623; Sierra County; New Mexico,611,,359,238,,35,051,962300,2
Block Group 3; Census Tract 9623; Sierra County; New Mexico,1261,,628,588,,35,051,962300,3
Block Group 1; Census Tract 9624.01; Sierra County; New Mexico,690,,630,0,,35,051,962401,1
Block Group 2; Census Tract 9624.01; Sierra County; New Mexico,822,,572,250,,35,051,962401,2
Block Group 3; Census Tract 9624.01; Sierra County; New Mexico,729,,670,25,,35,051,962401,3
Block Group 1; Census Tract 9624.02; Sierra County; New Mexico,1170,,938,180,,35,051,962402,1
Block Group 2; Census Tract 9624.02; Sierra County; New Mexico,1461,,812,429,,35,051,962402,2
Block Group 1; Census Tract 9400; Socorro County; New Mexico,1486,,38,0,,35,053,940000,1
Block Group 1; Census Tract 9781; Socorro County; New Mexico,2221,,622,1541,,35,053,978100,1
Block Group 2; Census Tract 9781; Socorro County; New Mexico,1017,,54,934,,35,053,978100,2
Block Group 3; Census Tract 9781; Socorro County; New Mexico,1110,,664,446,,35,053,978100,3
Block Group 1; Census Tract 9782; Socorro County; New Mexico,619,,384,235,,35,053,978200,1
Block Group 2; Census Tract 9782; Socorro County; New Mexico,764,,334,430,,35,053,978200,2
Block Group 1; Census Tract 9783.01; Socorro County; New Mexico,1975,,751,951,,35,053,978301,1
Block Group 2; Census Tract 9783.01; Socorro County; New Mexico,564,,84,472,,35,053,978301,2
Block Group 1; Census Tract 9783.02; Socorro County; New Mexico,1719,,842,528,,35,053,978302,1
Block Group 2; Census Tract 9783.02; Socorro County; New Mexico,1059,,541,349,,35,053,978302,2
Block Group 3; Census Tract 9783.02; Socorro County; New Mexico,1036,,383,549,,35,053,978302,3
Block Group 1; Census Tract 9783.03; Socorro County; New Mexico,1364,,236,935,,35,053,978303,1
Block Group 2; Census Tract 9783.03; Socorro County; New Mexico,126,,90,25,,35,053,978303,2
Block Group 3; Census Tract 9783.03; Socorro County; New Mexico,1248,,349,801,,35,053,978303,3
Block Group 1; Census Tract 9400; Taos County; New Mexico,1316,,59,1155,,35,055,940000,1
Block Group 2; Census Tract 9400; Taos County; New Mexico,1007,,119,831,,35,055,940000,2
Block Group 1; Census Tract 9401.01; Taos County; New Mexico,1882,,490,321,,35,055,940101,1
Block Group 2; Census Tract 9401.01; Taos County; New Mexico,668,,482,165,,35,055,940101,2
Block Group 3; Census Tract 9401.01; Taos County; New Mexico,32,,29,3,,35,055,940101,3
Block Group 4; Census Tract 9401.01; Taos County; New Mexico,1452,,760,535,,35,055,940101,4
Block Group 1; Census Tract 9401.02; Taos County; New Mexico,1932,,1156,694,,35,055,940102,1
Block Group 2; Census Tract 9401.02; Taos County; New Mexico,1167,,374,667,,35,055,940102,2
Block Group 3; Census Tract 9401.02; Taos County; New Mexico,1365,,866,171,,35,055,940102,3
Block Group 1; Census Tract 9521.01; Taos County; New Mexico,907,,580,254,,35,055,952101,1
Block Group 2; Census Tract 9521.01; Taos County; New Mexico,438,,321,57,,35,055,952101,2
Block Group 3; Census Tract 9521.01; Taos County; New Mexico,1045,,474,571,,35,055,952101,3
Block Group 4; Census Tract 9521.01; Taos County; New Mexico,926,,300,626,,35,055,952101,4
Block Group 1; Census Tract 9521.02; Taos County; New Mexico,970,,375,595,,35,055,952102,1
Block Group 2; Census Tract 9521.02; Taos County; New Mexico,1174,,921,195,,35,055,952102,2
Block Group 3; Census Tract 9521.02; Taos County; New Mexico,1347,,225,1110,,35,055,952102,3
Block Group 1; Census Tract 9523; Taos County; New Mexico,1764,,1001,759,,35,055,952300,1
Block Group 2; Census Tract 9523; Taos County; New Mexico,274,,185,89,,35,055,952300,2
Block Group 3; Census Tract 9523; Taos County; New Mexico,1335,,293,1012,,35,055,952300,3
Block Group 1; Census Tract 9526.01; Taos County; New Mexico,636,,485,46,,35,055,952601,1
Block Group 2; Census Tract 9526.01; Taos County; New Mexico,471,,348,45,,35,055,952601,2
Block Group 3; Census Tract 9526.01; Taos County; New Mexico,2046,,400,1624,,35,055,952601,3
Block Group 1; Census Tract 9526.02; Taos County; New Mexico,924,,462,404,,35,055,952602,1
Block Group 2; Census Tract 9526.02; Taos County; New Mexico,1643,,884,737,,35,055,952602,2
Block Group 3; Census Tract 9526.02; Taos County; New Mexico,1208,,186,1011,,35,055,952602,3
Block Group 4; Census Tract 9526.02; Taos County; New Mexico,1457,,237,1091,,35,055,952602,4
Block Group 1; Census Tract 9527.01; Taos County; New Mexico,836,,398,429,,35,055,952701,1
Block Group 2; Census Tract 9527.01; Taos County; New Mexico,1762,,1136,590,,35,055,952701,2
Block Group 1; Census Tract 9527.02; Taos County; New Mexico,1614,,185,1337,,35,055,952702,1
Block Group 2; Census Tract 9527.02; Taos County; New Mexico,918,,231,406,,35,055,952702,2
Block Group 1; Census Tract 9632.01; Torrance County; New Mexico,2396,,1432,790,,35,057,963201,1
Block Group 2; Census Tract 9632.01; Torrance County; New Mexico,1737,,777,939,,35,057,963201,2
Block Group 1; Census Tract 9632.02; Torrance County; New Mexico,1702,,693,783,,35,057,963202,1
Block Group 2; Census Tract 9632.02; Torrance County; New Mexico,1615,,507,859,,35,057,963202,2
Block Group 1; Census Tract 9636.01; Torrance County; New Mexico,567,,86,351,,35,057,963601,1
Block Group 2; Census Tract 9636.01; Torrance County; New Mexico,955,,789,112,,35,057,963601,2
Block Group 3; Census Tract 9636.01; Torrance County; New Mexico,1350,,432,841,,35,057,963601,3
Block Group 4; Census Tract 9636.01; Torrance County; New Mexico,1208,,813,284,,35,057,963601,4
Block Group 5; Census Tract 9636.01; Torrance County; New Mexico,1370,,930,440,,35,057,963601,5
Block Group 1; Census Tract 9637; Torrance County; New Mexico,370,,75,274,,35,057,963700,1
Block Group 2; Census Tract 9637; Torrance County; New Mexico,1989,,934,810,,35,057,963700,2
Block Group 1; Census Tract 9800; Torrance County; New Mexico,31,,8,16,,35,057,980000,1
Block Group 1; Census Tract 9502; Union County; New Mexico,1214,,454,749,,35,059,950200,1
Block Group 2; Census Tract 9502; Union County; New Mexico,1259,,665,434,,35,059,950200,2
Block Group 3; Census Tract 9502; Union County; New Mexico,807,,525,224,,35,059,950200,3
Block Group 4; Census Tract 9502; Union County; New Mexico,759,,536,196,,35,059,950200,4
Block Group 1; Census Tract 9403; Valencia County; New Mexico,1492,,31,28,,35,061,940300,1
Block Group 1; Census Tract 9414; Valencia County; New Mexico,3841,,1100,1753,,35,061,941400,1
Block Group 1; Census Tract 9701.01; Valencia County; New Mexico,1648,,307,1310,,35,061,970101,1
Block Group 2; Census Tract 9701.01; Valencia County; New Mexico,2311,,230,1999,,35,061,970101,2
Block Group 1; Census Tract 9701.03; Valencia County; New Mexico,1144,,550,594,,35,061,970103,1
Block Group 2; Census Tract 9701.03; Valencia County; New Mexico,1824,,485,1339,,35,061,970103,2
Block Group 1; Census Tract 9701.04; Valencia County; New Mexico,845,,372,434,,35,061,970104,1
Block Group 2; Census Tract 9701.04; Valencia County; New Mexico,2550,,1092,1154,,35,061,970104,2
Block Group 1; Census Tract 9702; Valencia County; New Mexico,1258,,522,655,,35,061,970200,1
Block Group 2; Census Tract 9702; Valencia County; New Mexico,1678,,817,717,,35,061,970200,2
Block Group 3; Census Tract 9702; Valencia County; New Mexico,1096,,317,756,,35,061,970200,3
Block Group 1; Census Tract 9703.02; Valencia County; New Mexico,1191,,354,783,,35,061,970302,1
Block Group 2; Census Tract 9703.02; Valencia County; New Mexico,1810,,707,788,,35,061,970302,2
Block Group 1; Census Tract 9703.04; Valencia County; New Mexico,1913,,599,1264,,35,061,970304,1
Block Group 2; Census Tract 9703.04; Valencia County; New Mexico,1843,,649,1194,,35,061,970304,2
Block Group 1; Census Tract 9703.05; Valencia County; New Mexico,1903,,727,1112,,35,061,970305,1
Block Group 2; Census Tract 9703.05; Valencia County; New Mexico,1310,,316,793,,35,061,970305,2
Block Group 1; Census Tract 9703.06; Valencia County; New Mexico,814,,0,756,,35,061,970306,1
Block Group 2; Census Tract 9703.06; Valencia County; New Mexico,2539,,833,1666,,35,061,970306,2
Block Group 1; Census Tract 9703.07; Valencia County; New Mexico,1225,,522,703,,35,061,970307,1
Block Group 2; Census Tract 9703.07; Valencia County; New Mexico,1926,,64,1818,,35,061,970307,2
Block Group 3; Census Tract 9703.07; Valencia County; New Mexico,858,,135,723,,35,061,970307,3
Block Group 1; Census Tract 9704.01; Valencia County; New Mexico,646,,114,486,,35,061,970401,1
Block Group 2; Census Tract 9704.01; Valencia County; New Mexico,2274,,235,1860,,35,061,970401,2
Block Group 3; Census Tract 9704.01; Valencia County; New Mexico,1322,,577,727,,35,061,970401,3
Block Group 4; Census Tract 9704.01; Valencia County; New Mexico,1145,,471,643,,35,061,970401,4
Block Group 1; Census Tract 9704.04; Valencia County; New Mexico,1158,,230,928,,35,061,970404,1
Block Group 2; Census Tract 9704.04; Valencia County; New Mexico,1661,,559,1024,,35,061,970404,2
Block Group 3; Census Tract 9704.04; Valencia County; New Mexico,2924,,1197,1593,,35,061,970404,3
Block Group 1; Census Tract 9704.05; Valencia County; New Mexico,2115,,1160,816,,35,061,970405,1
Block Group 2; Census Tract 9704.05; Valencia County; New Mexico,2338,,747,1276,,35,061,970405,2
Block Group 1; Census Tract 9707.01; Valencia County; New Mexico,631,,384,179,,35,061,970701,1
Block Group 2; Census Tract 9707.01; Valencia County; New Mexico,1543,,664,709,,35,061,970701,2
Block Group 3; Census Tract 9707.01; Valencia County; New Mexico,1929,,422,1461,,35,061,970701,3
Block Group 4; Census Tract 9707.01; Valencia County; New Mexico,678,,180,415,,35,061,970701,4
Block Group 1; Census Tract 9708; Valencia County; New Mexico,1019,,136,883,,35,061,970800,1
Block Group 2; Census Tract 9708; Valencia County; New Mexico,1163,,377,786,,35,061,970800,2
Block Group 3; Census Tract 9708; Valencia County; New Mexico,680,,238,381,,35,061,970800,3
Block Group 4; Census Tract 9708; Valencia County; New Mexico,727,,253,474,,35,061,970800,4
Block Group 5; Census Tract 9708; Valencia County; New Mexico,618,,378,240,,35,061,970800,5
Block Group 1; Census Tract 9709.01; Valencia County; New Mexico,1578,,448,1096,,35,061,970901,1
Block Group 2; Census Tract 9709.01; Valencia County; New Mexico,339,,86,219,,35,061,970901,2
Block Group 3; Census Tract 9709.01; Valencia County; New Mexico,1519,,217,1279,,35,061,970901,3
Block Group 4; Census Tract 9709.01; Valencia County; New Mexico,1422,,332,1032,,35,061,970901,4
Block Group 1; Census Tract 9709.02; Valencia County; New Mexico,1722,,374,1273,,35,061,970902,1
Block Group 1; Census Tract 9710; Valencia County; New Mexico,691,,212,396,,35,061,971000,1
Block Group 2; Census Tract 9710; Valencia County; New Mexico,1713,,833,723,,35,061,971000,2
Block Group 3; Census Tract 9710; Valencia County; New Mexico,774,,115,528,,35,061,971000,3
Block Group 4; Census Tract 9710; Valencia County; New Mexico,1711,,682,734,,35,061,971000,4
Block Group 1; Census Tract 9711; Valencia County; New Mexico,1487,,663,748,,35,061,971100,1
Block Group 1; Census Tract 9713.01; Valencia County; New Mexico,1733,,712,1001,,35,061,971301,1
Block Group 1; Census Tract 9801; Valencia County; New Mexico,21,,5,16,,35,061,980100,1
Block Group 1; Census Tract 9802; Valencia County; New Mexico,1082,,361,607,,35,061,980200,1
Block Group 1; Census Tract 9803; Valencia County; New Mexico,0,,0,0,,35,061,980300,1
Block Group 1; Census Tract 9804; Valencia County; New Mexico,0,,0,0,,35,061,980400,1
