NAME,B01003_001E,C17002_002E,C17002_003E,B03002_003E,B03002_012E,B25044_003E,B25044_010E,state,county,tract,block group,total_pop,pct_poverty_proxy,pct_minority,pct_hispanic,pct_no_vehicle,GEOID
Block Group 1; Census Tract 1.07; Bernalillo County; New Mexico,1504,40,214,1057,317,31,43,35,001,000107,1,1504,16.888297872340424,29.720744680851062,21.07712765957447,4.920212765957447,350010001071
Block Group 2; Census Tract 1.07; Bernalillo County; New Mexico,1169,98,162,755,271,25,0,35,001,000107,2,1169,22.241231822070144,35.41488451668092,23.182207014542342,2.1385799828913603,350010001072
Block Group 1; Census Tract 1.08; Bernalillo County; New Mexico,996,0,81,671,206,0,0,35,001,000108,1,996,8.132530120481928,32.63052208835341,20.682730923694777,0.0,350010001081
Block Group 2; Census Tract 1.08; Bernalillo County; New Mexico,1617,256,79,1059,398,0,77,35,001,000108,2,1617,20.717377860235004,34.50834879406308,24.6134817563389,4.761904761904762,350010001082
Block Group 1; Census Tract 1.09; Bernalillo County; New Mexico,1130,19,15,699,369,161,2,35,001,000109,1,1130,3.0088495575221237,38.141592920353986,32.65486725663717,14.424778761061946,350010001091
Block Group 2; Census Tract 1.09; Bernalillo County; New Mexico,1352,160,8,561,546,12,34,35,001,000109,2,1352,12.42603550295858,58.50591715976332,40.38461538461539,3.4023668639053253,350010001092
Block Group 1; Census Tract 1.10; Bernalillo County; New Mexico,1764,230,37,811,773,12,87,35,001,000110,1,1764,15.136054421768709,54.02494331065759,43.82086167800453,5.612244897959184,350010001101
Block Group 2; Census Tract 1.10; Bernalillo County; New Mexico,1266,55,138,922,199,0,0,35,001,000110,2,1266,15.24486571879937,27.172195892575036,15.718799368088469,0.0,350010001102
Block Group 3; Census Tract 1.10; Bernalillo County; New Mexico,438,1,24,200,201,22,0,35,001,000110,3,438,5.707762557077626,54.337899543378995,45.89041095890411,5.0228310502283104,350010001103
Block Group 1; Census Tract 1.11; Bernalillo County; New Mexico,1859,76,80,1376,335,10,0,35,001,000111,1,1859,8.391608391608392,25.98171059709521,18.020441097364174,0.5379236148466917,350010001111
Block Group 2; Census Tract 1.11; Bernalillo County; New Mexico,1316,61,20,476,704,5,0,35,001,000111,2,1316,6.155015197568389,63.829787234042556,53.49544072948328,0.3799392097264438,350010001112
Block Group 1; Census Tract 1.12; Bernalillo County; New Mexico,1297,31,28,892,212,4,14,35,001,000112,1,1297,4.548959136468774,31.225905936777178,16.345412490362374,1.3878180416345411,350010001121
Block Group 2; Census Tract 1.12; Bernalillo County; New Mexico,599,0,0,435,115,0,0,35,001,000112,2,599,0.0,27.378964941569283,19.198664440734557,0.0,350010001122
Block Group 1; Census Tract 1.13; Bernalillo County; New Mexico,1762,35,131,883,546,0,12,35,001,000113,1,1762,9.421112372304199,49.88649262202043,30.98751418842225,0.681044267877412,350010001131
Block Group 2; Census Tract 1.13; Bernalillo County; New Mexico,1486,138,77,582,397,9,0,35,001,000113,2,1486,14.468371467025573,60.83445491251682,26.71601615074024,0.6056527590847914,350010001132
Block Group 1; Census Tract 1.14; Bernalillo County; New Mexico,1608,21,141,508,789,57,12,35,001,000114,1,1608,10.074626865671641,68.40796019900498,49.06716417910448,4.291044776119403,350010001141
Block Group 2; Census Tract 1.14; Bernalillo County; New Mexico,1191,163,107,642,470,0,12,35,001,000114,2,1191,22.670025188916874,46.095717884130984,39.46263643996642,1.0075566750629723,350010001142
Block Group 1; Census Tract 1.15; Bernalillo County; New Mexico,1478,66,10,837,382,10,118,35,001,000115,1,1478,5.142083897158322,43.369418132611635,25.84573748308525,8.660351826792963,350010001151
Block Group 2; Census Tract 1.15; Bernalillo County; New Mexico,956,105,17,550,339,0,11,35,001,000115,2,956,12.761506276150628,42.46861924686193,35.46025104602511,1.1506276150627615,350010001152
Block Group 3; Census Tract 1.15; Bernalillo County; New Mexico,1029,153,189,651,347,9,0,35,001,000115,3,1029,33.23615160349854,36.73469387755102,33.7220602526725,0.8746355685131195,350010001153
Block Group 1; Census Tract 1.16; Bernalillo County; New Mexico,1470,36,53,917,412,0,0,35,001,000116,1,1470,6.054421768707483,37.61904761904762,28.027210884353742,0.0,350010001161
Block Group 2; Census Tract 1.16; Bernalillo County; New Mexico,1495,0,8,764,543,0,0,35,001,000116,2,1495,0.5351170568561873,48.896321070234116,36.32107023411371,0.0,350010001162
Block Group 1; Census Tract 1.17; Bernalillo County; New Mexico,864,93,37,534,248,11,5,35,001,000117,1,864,15.046296296296296,38.19444444444444,28.703703703703702,1.8518518518518516,350010001171
Block Group 2; Census Tract 1.17; Bernalillo County; New Mexico,1189,157,36,796,298,0,0,35,001,000117,2,1189,16.232127838519762,33.05298570227082,25.063078216989066,0.0,350010001172
Block Group 1; Census Tract 1.18; Bernalillo County; New Mexico,1585,22,15,785,585,0,32,35,001,000118,1,1585,2.3343848580441637,50.473186119873816,36.90851735015773,2.018927444794953,350010001181
Block Group 2; Census Tract 1.18; Bernalillo County; New Mexico,1241,153,42,670,350,0,0,35,001,000118,2,1241,15.71313456889605,46.01128122481869,28.203062046736505,0.0,350010001182
Block Group 1; Census Tract 1.19; Bernalillo County; New Mexico,1238,62,5,632,351,0,0,35,001,000119,1,1238,5.4119547657512115,48.949919224555735,28.352180936995154,0.0,350010001191
Block Group 2; Census Tract 1.19; Bernalillo County; New Mexico,545,2,4,260,230,0,0,35,001,000119,2,545,1.1009174311926606,52.293577981651374,42.201834862385326,0.0,350010001192
Block Group 1; Census Tract 1.20; Bernalillo County; New Mexico,1131,57,88,605,414,23,0,35,001,000120,1,1131,12.82051282051282,46.50751547303271,36.60477453580902,2.033598585322723,350010001201
Block Group 2; Census Tract 1.20; Bernalillo County; New Mexico,1190,319,76,392,223,0,113,35,001,000120,2,1190,33.193277310924366,67.05882352941177,18.73949579831933,9.495798319327731,350010001202
Block Group 1; Census Tract 1.21; Bernalillo County; New Mexico,884,50,36,518,294,0,0,35,001,000121,1,884,9.728506787330318,41.40271493212669,33.257918552036195,0.0,350010001211
Block Group 2; Census Tract 1.21; Bernalillo County; New Mexico,1392,9,75,394,860,0,32,35,001,000121,2,1392,6.0344827586206895,71.69540229885058,61.7816091954023,2.2988505747126435,350010001212
Block Group 3; Census Tract 1.21; Bernalillo County; New Mexico,1160,325,59,938,151,0,233,35,001,000121,3,1160,33.10344827586207,19.137931034482758,13.017241379310345,20.086206896551726,350010001213
Block Group 4; Census Tract 1.21; Bernalillo County; New Mexico,1607,16,85,628,965,0,0,35,001,000121,4,1607,6.285003111387678,60.92097075295582,60.04978220286248,0.0,350010001214
Block Group 5; Census Tract 1.21; Bernalillo County; New Mexico,381,2,0,225,114,0,6,35,001,000121,5,381,0.5249343832020997,40.944881889763785,29.92125984251969,1.574803149606299,350010001215
Block Group 1; Census Tract 1.22; Bernalillo County; New Mexico,1624,450,11,588,936,0,0,35,001,000122,1,1624,28.386699507389164,63.793103448275865,57.635467980295566,0.0,350010001221
Block Group 2; Census Tract 1.22; Bernalillo County; New Mexico,866,3,9,360,494,0,0,35,001,000122,2,866,1.3856812933025404,58.429561200923786,57.04387990762124,0.0,350010001222
Block Group 3; Census Tract 1.22; Bernalillo County; New Mexico,367,8,49,217,150,0,0,35,001,000122,3,367,15.531335149863759,40.87193460490464,40.87193460490463,0.0,350010001223
Block Group 4; Census Tract 1.22; Bernalillo County; New Mexico,1828,75,19,576,1158,13,28,35,001,000122,4,1828,5.142231947483589,68.49015317286651,63.34792122538293,2.242888402625821,350010001224
Block Group 1; Census Tract 1.23; Bernalillo County; New Mexico,611,3,12,259,261,0,0,35,001,000123,1,611,2.454991816693944,57.61047463175123,42.716857610474634,0.0,350010001231
Block Group 2; Census Tract 1.23; Bernalillo County; New Mexico,1013,4,66,327,611,35,0,35,001,000123,2,1013,6.910167818361303,67.71964461994078,60.315893385982235,3.4550839091806513,350010001232
Block Group 3; Census Tract 1.23; Bernalillo County; New Mexico,823,20,40,278,386,0,20,35,001,000123,3,823,7.290400972053463,66.22114216281896,46.901579586877276,2.4301336573511545,350010001233
Block Group 4; Census Tract 1.23; Bernalillo County; New Mexico,693,25,8,504,157,26,7,35,001,000123,4,693,4.761904761904762,27.27272727272727,22.655122655122657,4.761904761904762,350010001234
Block Group 5; Census Tract 1.23; Bernalillo County; New Mexico,1553,5,0,1241,296,0,0,35,001,000123,5,1553,0.3219575016097875,20.090148100450744,19.05988409529942,0.0,350010001235
Block Group 1; Census Tract 1.24; Bernalillo County; New Mexico,926,60,387,228,573,0,435,35,001,000124,1,926,48.272138228941685,75.377969762419,61.87904967602592,46.97624190064795,350010001241
Block Group 2; Census Tract 1.24; Bernalillo County; New Mexico,676,174,41,352,288,0,205,35,001,000124,2,676,31.804733727810653,47.928994082840234,42.60355029585799,30.325443786982248,350010001242
Block Group 3; Census Tract 1.24; Bernalillo County; New Mexico,788,8,9,407,308,0,9,35,001,000124,3,788,2.1573604060913705,48.350253807106604,39.08629441624365,1.1421319796954315,350010001243
Block Group 4; Census Tract 1.24; Bernalillo County; New Mexico,1425,137,130,484,545,41,5,35,001,000124,4,1425,18.736842105263158,66.03508771929825,38.24561403508772,3.2280701754385968,350010001244
Block Group 1; Census Tract 1.25; Bernalillo County; New Mexico,1587,65,17,981,316,0,0,35,001,000125,1,1587,5.16698172652804,38.18525519848771,19.911783238815374,0.0,350010001251
Block Group 2; Census Tract 1.25; Bernalillo County; New Mexico,1504,40,28,853,457,18,0,35,001,000125,2,1504,4.521276595744681,43.284574468085104,30.38563829787234,1.196808510638298,350010001252
Block Group 3; Census Tract 1.25; Bernalillo County; New Mexico,1036,17,0,837,147,0,0,35,001,000125,3,1036,1.6409266409266408,19.20849420849421,14.18918918918919,0.0,350010001253
Block Group 1; Census Tract 1.26; Bernalillo County; New Mexico,1490,140,153,762,453,0,9,35,001,000126,1,1490,19.664429530201343,48.85906040268456,30.402684563758392,0.6040268456375839,350010001261
Block Group 2; Census Tract 1.26; Bernalillo County; New Mexico,898,22,26,504,314,0,2,35,001,000126,2,898,5.3452115812917596,43.87527839643652,34.96659242761693,0.22271714922048996,350010001262
Block Group 1; Census Tract 1.27; Bernalillo County; New Mexico,996,77,17,235,720,0,0,35,001,000127,1,996,9.437751004016064,76.40562248995984,72.28915662650603,0.0,350010001271
Block Group 2; Census Tract 1.27; Bernalillo County; New Mexico,914,10,27,464,303,0,0,35,001,000127,2,914,4.048140043763676,49.23413566739606,33.15098468271335,0.0,350010001272
Block Group 3; Census Tract 1.27; Bernalillo County; New Mexico,754,0,76,478,188,32,0,35,001,000127,3,754,10.079575596816976,36.604774535809014,24.93368700265252,4.244031830238726,350010001273
Block Group 1; Census Tract 1.28; Bernalillo County; New Mexico,1014,117,131,229,508,21,0,35,001,000128,1,1014,24.45759368836292,77.41617357001974,50.09861932938856,2.0710059171597637,350010001281
Block Group 2; Census Tract 1.28; Bernalillo County; New Mexico,1216,11,135,643,456,0,0,35,001,000128,2,1216,12.006578947368421,47.12171052631579,37.5,0.0,350010001282
Block Group 3; Census Tract 1.28; Bernalillo County; New Mexico,399,24,0,107,278,26,0,35,001,000128,3,399,6.015037593984962,73.1829573934837,69.67418546365914,6.516290726817042,350010001283
Block Group 4; Census Tract 1.28; Bernalillo County; New Mexico,900,28,12,345,539,24,12,35,001,000128,4,900,4.444444444444445,61.66666666666667,59.88888888888889,4.0,350010001284
Block Group 1; Census Tract 1.29; Bernalillo County; New Mexico,2037,83,161,595,787,0,0,35,001,000129,1,2037,11.978399607265587,70.79037800687284,38.635247913598434,0.0,350010001291
Block Group 2; Census Tract 1.29; Bernalillo County; New Mexico,2113,331,196,913,867,0,148,35,001,000129,2,2113,24.940842404164695,56.79129200189305,41.03170847136772,7.004259346900142,350010001292
Block Group 3; Census Tract 1.29; Bernalillo County; New Mexico,850,0,46,499,331,0,20,35,001,000129,3,850,5.411764705882352,41.294117647058826,38.94117647058823,2.3529411764705883,350010001293
Block Group 1; Census Tract 2.03; Bernalillo County; New Mexico,1255,25,115,679,266,0,58,35,001,000203,1,1255,11.155378486055776,45.89641434262948,21.195219123505975,4.621513944223107,350010002031
Block Group 2; Census Tract 2.03; Bernalillo County; New Mexico,1006,27,284,381,259,8,84,35,001,000203,2,1006,30.91451292246521,62.1272365805169,25.745526838966203,9.145129224652088,350010002032
Block Group 1; Census Tract 2.04; Bernalillo County; New Mexico,1751,62,18,885,700,0,21,35,001,000204,1,1751,4.568817818389491,49.45745288406624,39.97715591090805,1.1993146773272416,350010002041
Block Group 2; Census Tract 2.04; Bernalillo County; New Mexico,1369,224,87,515,600,32,40,35,001,000204,2,1369,22.717311906501095,62.381300219138055,43.82761139517896,5.259313367421475,350010002042
Block Group 1; Census Tract 2.05; Bernalillo County; New Mexico,815,61,169,190,314,18,0,35,001,000205,1,815,28.22085889570552,76.68711656441718,38.52760736196319,2.208588957055215,350010002051
Block Group 2; Census Tract 2.05; Bernalillo County; New Mexico,692,43,23,369,320,6,0,35,001,000205,2,692,9.53757225433526,46.67630057803468,46.24277456647399,0.8670520231213872,350010002052
Block Group 3; Census Tract 2.05; Bernalillo County; New Mexico,489,16,20,199,268,33,0,35,001,000205,3,489,7.361963190184049,59.30470347648262,54.805725971370144,6.748466257668712,350010002053
Block Group 4; Census Tract 2.05; Bernalillo County; New Mexico,945,85,191,656,210,0,33,35,001,000205,4,945,29.20634920634921,30.582010582010575,22.22222222222222,3.492063492063492,350010002054
Block Group 1; Census Tract 2.06; Bernalillo County; New Mexico,2261,87,131,1102,605,10,0,35,001,000206,1,2261,9.641751437417073,51.26050420168067,26.758071649712516,0.4422821760283061,350010002061
Block Group 2; Census Tract 2.06; Bernalillo County; New Mexico,961,36,23,614,198,10,0,35,001,000206,2,961,6.139438085327783,36.10822060353798,20.60353798126951,1.040582726326743,350010002062
Block Group 1; Census Tract 2.07; Bernalillo County; New Mexico,1395,65,0,478,660,0,0,35,001,000207,1,1395,4.659498207885305,65.7347670250896,47.31182795698925,0.0,350010002071
Block Group 2; Census Tract 2.07; Bernalillo County; New Mexico,705,57,66,241,278,0,0,35,001,000207,2,705,17.4468085106383,65.81560283687944,39.43262411347518,0.0,350010002072
Block Group 3; Census Tract 2.07; Bernalillo County; New Mexico,793,2,162,243,377,0,0,35,001,000207,3,793,20.68095838587642,69.35687263556116,47.540983606557376,0.0,350010002073
Block Group 1; Census Tract 2.08; Bernalillo County; New Mexico,670,26,149,139,378,9,0,35,001,000208,1,670,26.119402985074625,79.25373134328359,56.4179104477612,1.3432835820895521,350010002081
Block Group 2; Census Tract 2.08; Bernalillo County; New Mexico,595,79,8,276,285,55,0,35,001,000208,2,595,14.6218487394958,53.61344537815126,47.89915966386555,9.243697478991598,350010002082
Block Group 3; Census Tract 2.08; Bernalillo County; New Mexico,1419,262,67,376,748,12,0,35,001,000208,3,1419,23.185341789992954,73.50246652572234,52.71317829457365,0.8456659619450317,350010002083
Block Group 1; Census Tract 3; Bernalillo County; New Mexico,1351,0,84,781,491,0,33,35,001,000300,1,1351,6.217616580310881,42.190969652109544,36.34344929681717,2.4426350851221317,350010003001
Block Group 2; Census Tract 3; Bernalillo County; New Mexico,689,45,0,340,159,0,21,35,001,000300,2,689,6.531204644412192,50.653120464441216,23.076923076923077,3.0478955007256894,350010003002
Block Group 3; Census Tract 3; Bernalillo County; New Mexico,579,23,0,291,247,0,0,35,001,000300,3,579,3.9723661485319512,49.740932642487046,42.659758203799655,0.0,350010003003
Block Group 4; Census Tract 3; Bernalillo County; New Mexico,1185,75,85,606,518,0,0,35,001,000300,4,1185,13.502109704641349,48.86075949367089,43.71308016877637,0.0,350010003004
Block Group 5; Census Tract 3; Bernalillo County; New Mexico,1623,745,28,720,444,14,66,35,001,000300,5,1623,47.62784966112138,55.637707948243985,27.35674676524954,4.929143561306223,350010003005
Block Group 6; Census Tract 3; Bernalillo County; New Mexico,998,5,107,595,195,50,42,35,001,000300,6,998,11.22244488977956,40.3807615230461,19.539078156312627,9.218436873747494,350010003006
Block Group 1; Census Tract 4.01; Bernalillo County; New Mexico,1536,171,69,458,835,0,26,35,001,000401,1,1536,15.625,70.18229166666667,54.361979166666664,1.6927083333333333,350010004011
Block Group 2; Census Tract 4.01; Bernalillo County; New Mexico,1180,107,43,849,201,10,0,35,001,000401,2,1180,12.711864406779661,28.050847457627114,17.033898305084747,0.847457627118644,350010004012
Block Group 3; Census Tract 4.01; Bernalillo County; New Mexico,1703,108,91,641,846,0,99,35,001,000401,3,1703,11.685261303581914,62.360540223135644,49.67704051673517,5.813270698766882,350010004013
Block Group 1; Census Tract 4.02; Bernalillo County; New Mexico,923,15,12,238,272,8,22,35,001,000402,1,923,2.925243770314193,74.21451787648971,29.469122426868903,3.2502708559046587,350010004021
Block Group 2; Census Tract 4.02; Bernalillo County; New Mexico,473,64,0,283,171,0,0,35,001,000402,2,473,13.530655391120508,40.169133192389005,36.1522198731501,0.0,350010004022
Block Group 3; Census Tract 4.02; Bernalillo County; New Mexico,1061,56,0,772,220,0,0,35,001,000402,3,1061,5.27803958529689,27.238454288407166,20.735155513666353,0.0,350010004023
Block Group 4; Census Tract 4.02; Bernalillo County; New Mexico,1091,12,20,589,278,0,21,35,001,000402,4,1091,2.933088909257562,46.012832263978,25.481209899175067,1.924839596700275,350010004024
Block Group 1; Census Tract 5.01; Bernalillo County; New Mexico,2069,135,167,844,841,0,85,35,001,000501,1,2069,14.59642339294345,59.20734654422426,40.647655872402126,4.1082648622522955,350010005011
Block Group 2; Census Tract 5.01; Bernalillo County; New Mexico,617,197,177,307,85,0,244,35,001,000501,2,617,60.6158833063209,50.24311183144247,13.776337115072934,39.546191247974065,350010005012
Block Group 1; Census Tract 5.03; Bernalillo County; New Mexico,1208,78,44,865,219,0,29,35,001,000503,1,1208,10.099337748344372,28.39403973509934,18.129139072847682,2.4006622516556293,350010005031
Block Group 2; Census Tract 5.03; Bernalillo County; New Mexico,2077,260,55,1068,453,0,137,35,001,000503,2,2077,15.166104959075591,48.57968223399133,21.81030332209918,6.596051998074145,350010005032
Block Group 1; Census Tract 5.04; Bernalillo County; New Mexico,1355,77,49,736,340,0,49,35,001,000504,1,1355,9.29889298892989,45.68265682656827,25.092250922509223,3.616236162361624,350010005041
Block Group 1; Census Tract 6.01; Bernalillo County; New Mexico,1138,10,132,569,312,0,184,35,001,000601,1,1138,12.478031634446397,50.0,27.416520210896312,16.16871704745167,350010006011
Block Group 2; Census Tract 6.01; Bernalillo County; New Mexico,1006,110,374,417,457,9,209,35,001,000601,2,1006,48.111332007952285,58.54870775347912,45.42743538767396,21.669980119284293,350010006012
Block Group 3; Census Tract 6.01; Bernalillo County; New Mexico,1056,31,17,483,257,0,0,35,001,000601,3,1056,4.545454545454546,54.26136363636363,24.33712121212121,0.0,350010006013
Block Group 4; Census Tract 6.01; Bernalillo County; New Mexico,843,36,0,473,236,0,8,35,001,000601,4,843,4.270462633451958,43.890865954922894,27.995255041518384,0.9489916963226572,350010006014
Block Group 1; Census Tract 6.03; Bernalillo County; New Mexico,2377,131,625,703,1363,0,215,35,001,000603,1,2377,31.804795961295753,70.42490534286915,57.34118636937316,9.045014724442575,350010006031
Block Group 2; Census Tract 6.03; Bernalillo County; New Mexico,2132,342,517,293,1471,27,320,35,001,000603,2,2132,40.290806754221386,86.25703564727955,68.99624765478424,16.27579737335835,350010006032
Block Group 1; Census Tract 6.05; Bernalillo County; New Mexico,1127,0,174,471,532,0,0,35,001,000605,1,1127,15.43921916592724,58.20763087843833,47.20496894409938,0.0,350010006051
Block Group 2; Census Tract 6.05; Bernalillo County; New Mexico,797,124,145,19,556,0,79,35,001,000605,2,797,33.75156838143036,97.61606022584692,69.76160602258469,9.912170639899625,350010006052
Block Group 3; Census Tract 6.05; Bernalillo County; New Mexico,608,96,123,210,311,0,114,35,001,000605,3,608,36.01973684210527,65.46052631578947,51.151315789473685,18.75,350010006053
Block Group 4; Census Tract 6.05; Bernalillo County; New Mexico,713,49,55,205,438,19,0,35,001,000605,4,713,14.586255259467041,71.24824684431978,61.430575035063114,2.664796633941094,350010006054
Block Group 5; Census Tract 6.05; Bernalillo County; New Mexico,831,6,211,272,499,0,77,35,001,000605,5,831,26.113116726835138,67.26835138387484,60.048134777376646,9.265944645006016,350010006055
Block Group 1; Census Tract 7.04; Bernalillo County; New Mexico,856,0,165,213,573,0,0,35,001,000704,1,856,19.27570093457944,75.11682242990653,66.93925233644859,0.0,350010007041
Block Group 2; Census Tract 7.04; Bernalillo County; New Mexico,854,134,34,386,374,5,41,35,001,000704,2,854,19.672131147540984,54.800936768149874,43.79391100702576,5.386416861826698,350010007042
Block Group 3; Census Tract 7.04; Bernalillo County; New Mexico,1984,112,116,795,970,21,0,35,001,000704,3,1984,11.491935483870968,59.929435483870975,48.891129032258064,1.0584677419354838,350010007043
Block Group 1; Census Tract 7.11; Bernalillo County; New Mexico,2476,121,137,1722,379,102,0,35,001,000711,1,2476,10.420032310177705,30.452342487883687,15.306946688206786,4.119547657512116,350010007111
Block Group 2; Census Tract 7.11; Bernalillo County; New Mexico,737,4,53,388,272,0,0,35,001,000711,2,737,7.734056987788331,47.354138398914515,36.90637720488466,0.0,350010007112
Block Group 3; Census Tract 7.11; Bernalillo County; New Mexico,1013,31,104,477,336,18,0,35,001,000711,3,1013,13.326752221125371,52.91214215202369,33.16880552813426,1.7769002961500493,350010007113
Block Group 1; Census Tract 7.12; Bernalillo County; New Mexico,2490,209,583,710,965,0,92,35,001,000712,1,2490,31.807228915662648,71.4859437751004,38.75502008032129,3.6947791164658637,350010007121
Block Group 2; Census Tract 7.12; Bernalillo County; New Mexico,1806,18,439,938,584,13,95,35,001,000712,2,1806,25.30454042081949,48.06201550387597,32.33665559246955,5.980066445182724,350010007122
Block Group 1; Census Tract 7.13; Bernalillo County; New Mexico,1004,0,579,256,561,0,132,35,001,000713,1,1004,57.66932270916335,74.5019920318725,55.87649402390438,13.147410358565736,350010007131
Block Group 2; Census Tract 7.13; Bernalillo County; New Mexico,1546,290,251,592,562,0,63,35,001,000713,2,1546,34.99353169469599,61.707632600258734,36.35187580853817,4.07503234152652,350010007132
Block Group 3; Census Tract 7.13; Bernalillo County; New Mexico,1275,0,31,599,636,22,0,35,001,000713,3,1275,2.431372549019608,53.019607843137265,49.88235294117647,1.7254901960784312,350010007133
Block Group 4; Census Tract 7.13; Bernalillo County; New Mexico,1631,460,147,1019,548,0,253,35,001,000713,4,1631,37.21643163703249,37.5229920294298,33.59901900674433,15.511955855303494,350010007134
Block Group 1; Census Tract 7.14; Bernalillo County; New Mexico,552,0,0,251,157,0,0,35,001,000714,1,552,0.0,54.528985507246375,28.442028985507246,0.0,350010007141
Block Group 2; Census Tract 7.14; Bernalillo County; New Mexico,1848,280,0,615,632,0,0,35,001,000714,2,1848,15.151515151515152,66.7207792207792,34.1991341991342,0.0,350010007142
Block Group 3; Census Tract 7.14; Bernalillo County; New Mexico,1362,51,205,334,912,21,0,35,001,000714,3,1362,18.79588839941263,75.47723935389133,66.96035242290749,1.5418502202643172,350010007143
Block Group 4; Census Tract 7.14; Bernalillo County; New Mexico,1264,4,2,685,77,9,0,35,001,000714,4,1264,0.4746835443037975,45.80696202531646,6.091772151898734,0.7120253164556962,350010007144
Block Group 1; Census Tract 7.15; Bernalillo County; New Mexico,2630,252,1275,338,2196,47,75,35,001,000715,1,2630,58.060836501901136,87.14828897338403,83.49809885931559,4.638783269961976,350010007151
Block Group 1; Census Tract 7.16; Bernalillo County; New Mexico,1491,173,441,335,967,8,77,35,001,000716,1,1491,41.180415828303154,77.53185781354796,64.85580147551978,5.700871898054997,350010007161
Block Group 2; Census Tract 7.16; Bernalillo County; New Mexico,1324,195,0,97,900,0,0,35,001,000716,2,1324,14.72809667673716,92.6737160120846,67.97583081570997,0.0,350010007162
Block Group 3; Census Tract 7.16; Bernalillo County; New Mexico,605,286,113,131,474,12,37,35,001,000716,3,605,65.95041322314049,78.34710743801652,78.34710743801652,8.099173553719009,350010007163
Block Group 4; Census Tract 7.16; Bernalillo County; New Mexico,1169,0,44,118,1019,7,0,35,001,000716,4,1169,3.7639007698887936,89.90590248075279,87.16852010265184,0.5988023952095809,350010007164
Block Group 1; Census Tract 7.17; Bernalillo County; New Mexico,2035,214,338,554,1067,10,190,35,001,000717,1,2035,27.125307125307124,72.77641277641278,52.43243243243243,9.828009828009828,350010007171
Block Group 1; Census Tract 7.18; Bernalillo County; New Mexico,1593,0,229,494,940,0,0,35,001,000718,1,1593,14.375392341494036,68.98932831136221,59.008160703075966,0.0,350010007181
Block Group 2; Census Tract 7.18; Bernalillo County; New Mexico,909,18,18,371,338,12,0,35,001,000718,2,909,3.9603960396039604,59.185918591859185,37.18371837183718,1.3201320132013201,350010007182
Block Group 3; Census Tract 7.18; Bernalillo County; New Mexico,1402,86,380,445,828,0,0,35,001,000718,3,1402,33.238231098430816,68.25962910128388,59.05848787446505,0.0,350010007183
Block Group 1; Census Tract 7.19; Bernalillo County; New Mexico,3117,0,0,1584,724,0,0,35,001,000719,1,3117,0.0,49.18190567853705,23.227462303496953,0.0,350010007191
Block Group 1; Census Tract 7.20; Bernalillo County; New Mexico,658,139,20,309,203,11,0,35,001,000720,1,658,24.164133738601823,53.03951367781154,30.851063829787233,1.6717325227963524,350010007201
Block Group 2; Census Tract 7.20; Bernalillo County; New Mexico,1940,115,15,1326,486,18,0,35,001,000720,2,1940,6.701030927835052,31.649484536082472,25.051546391752577,0.9278350515463918,350010007202
Block Group 3; Census Tract 7.20; Bernalillo County; New Mexico,1278,0,0,1037,140,17,0,35,001,000720,3,1278,0.0,18.857589984350543,10.954616588419405,1.330203442879499,350010007203
Block Group 1; Census Tract 9.04; Bernalillo County; New Mexico,1914,440,578,396,856,28,114,35,001,000904,1,1914,53.18704284221526,79.3103448275862,44.72309299895507,7.41901776384535,350010009041
Block Group 2; Census Tract 9.04; Bernalillo County; New Mexico,2127,130,160,831,1160,57,166,35,001,000904,2,2127,13.63422661024918,60.93088857545838,54.53690644099672,10.484250117536437,350010009042
Block Group 1; Census Tract 9.05; Bernalillo County; New Mexico,1771,312,83,515,815,0,98,35,001,000905,1,1771,22.30378317334839,70.92038396386222,46.01919819311124,5.533596837944664,350010009051
Block Group 1; Census Tract 9.06; Bernalillo County; New Mexico,1528,132,322,705,661,0,284,35,001,000906,1,1528,29.712041884816752,53.86125654450262,43.25916230366492,18.586387434554975,350010009061
Block Group 2; Census Tract 9.06; Bernalillo County; New Mexico,1336,186,306,651,306,0,157,35,001,000906,2,1336,36.82634730538922,51.272455089820355,22.904191616766468,11.751497005988023,350010009062
Block Group 3; Census Tract 9.06; Bernalillo County; New Mexico,638,0,0,369,127,0,16,35,001,000906,3,638,0.0,42.16300940438872,19.905956112852667,2.507836990595611,350010009063
Block Group 1; Census Tract 9.07; Bernalillo County; New Mexico,794,189,246,129,626,0,39,35,001,000907,1,794,54.78589420654912,83.75314861460957,78.84130982367759,4.91183879093199,350010009071
Block Group 2; Census Tract 9.07; Bernalillo County; New Mexico,811,464,16,135,373,44,21,35,001,000907,2,811,59.1861898890259,83.35388409371147,45.99260172626387,8.014796547472256,350010009072
Block Group 3; Census Tract 9.07; Bernalillo County; New Mexico,591,174,127,83,477,0,29,35,001,000907,3,591,50.930626057529615,85.95600676818951,80.71065989847716,4.906937394247039,350010009073
Block Group 1; Census Tract 9.08; Bernalillo County; New Mexico,1239,162,204,29,1097,0,0,35,001,000908,1,1239,29.539951573849876,97.65940274414851,88.53914447134787,0.0,350010009081
Block Group 2; Census Tract 9.08; Bernalillo County; New Mexico,730,250,97,79,521,0,62,35,001,000908,2,730,47.534246575342465,89.17808219178083,71.36986301369863,8.493150684931507,350010009082
Block Group 3; Census Tract 9.08; Bernalillo County; New Mexico,1451,1051,79,53,1260,0,41,35,001,000908,3,1451,77.87732598208133,96.3473466574776,86.83666436940042,2.8256374913852516,350010009083
Block Group 4; Census Tract 9.08; Bernalillo County; New Mexico,1487,102,303,62,1198,0,183,35,001,000908,4,1487,27.236045729657025,95.83053127101546,80.56489576328177,12.30665770006725,350010009084
Block Group 1; Census Tract 11.01; Bernalillo County; New Mexico,1249,54,41,765,309,56,17,35,001,001101,1,1249,7.606084867894316,38.75100080064051,24.739791833466775,5.844675740592474,350010011011
Block Group 2; Census Tract 11.01; Bernalillo County; New Mexico,593,0,0,334,177,0,0,35,001,001101,2,593,0.0,43.676222596964585,29.848229342327148,0.0,350010011012
Block Group 3; Census Tract 11.01; Bernalillo County; New Mexico,2180,51,446,1166,776,45,0,35,001,001101,3,2180,22.798165137614678,46.513761467889914,35.59633027522936,2.064220183486239,350010011013
Block Group 1; Census Tract 11.02; Bernalillo County; New Mexico,613,0,30,469,120,0,0,35,001,001102,1,613,4.893964110929853,23.491027732463298,19.575856443719413,0.0,350010011021
Block Group 2; Census Tract 11.02; Bernalillo County; New Mexico,853,40,19,540,216,0,20,35,001,001102,2,853,6.916764361078546,36.694021101992966,25.32239155920281,2.3446658851113718,350010011022
Block Group 3; Census Tract 11.02; Bernalillo County; New Mexico,1367,257,360,202,917,0,108,35,001,001102,3,1367,45.135332845647405,85.22311631309437,67.08119970738844,7.900512070226775,350010011023
Block Group 1; Census Tract 12.01; Bernalillo County; New Mexico,747,40,27,585,135,8,0,35,001,001201,1,747,8.969210174029453,21.68674698795181,18.072289156626507,1.07095046854083,350010012011
Block Group 2; Census Tract 12.01; Bernalillo County; New Mexico,1866,1031,273,373,1001,0,149,35,001,001201,2,1866,69.88210075026795,80.010718113612,53.64415862808146,7.984994640943194,350010012012
Block Group 3; Census Tract 12.01; Bernalillo County; New Mexico,807,94,40,387,328,0,47,35,001,001201,3,807,16.60470879801735,52.04460966542751,40.644361833952914,5.8240396530359355,350010012013
Block Group 4; Census Tract 12.01; Bernalillo County; New Mexico,520,13,160,226,262,0,59,35,001,001201,4,520,33.26923076923077,56.53846153846154,50.38461538461539,11.346153846153847,350010012014
Block Group 1; Census Tract 12.02; Bernalillo County; New Mexico,1188,63,348,242,812,0,0,35,001,001202,1,1188,34.5959595959596,79.62962962962963,68.35016835016835,0.0,350010012021
Block Group 2; Census Tract 12.02; Bernalillo County; New Mexico,1845,123,299,396,1231,15,12,35,001,001202,2,1845,22.872628726287264,78.53658536585367,66.72086720867209,1.4634146341463417,350010012022
Block Group 1; Census Tract 13; Bernalillo County; New Mexico,811,310,122,50,736,44,3,35,001,001300,1,811,53.2675709001233,93.83477188655979,90.7521578298397,5.7953144266337855,350010013001
Block Group 2; Census Tract 13; Bernalillo County; New Mexico,1475,230,460,191,1074,13,0,35,001,001300,2,1475,46.779661016949156,87.05084745762713,72.8135593220339,0.8813559322033898,350010013002
Block Group 3; Census Tract 13; Bernalillo County; New Mexico,673,58,68,126,349,19,0,35,001,001300,3,673,18.7221396731055,81.2778603268945,51.857355126300156,2.823179791976226,350010013003
Block Group 4; Census Tract 13; Bernalillo County; New Mexico,1417,46,17,82,1245,57,17,35,001,001300,4,1417,4.446012702893437,94.21312632321806,87.86167960479887,5.222300635144672,350010013004
Block Group 1; Census Tract 14; Bernalillo County; New Mexico,821,239,102,114,664,20,74,35,001,001400,1,821,41.534713763702804,86.11449451887941,80.87697929354447,11.449451887941535,350010014001
Block Group 2; Census Tract 14; Bernalillo County; New Mexico,1098,46,250,273,701,23,89,35,001,001400,2,1098,26.958105646630237,75.13661202185793,63.84335154826958,10.200364298724955,350010014002
Block Group 1; Census Tract 15; Bernalillo County; New Mexico,772,80,56,409,263,35,57,35,001,001500,1,772,17.616580310880828,47.020725388601036,34.067357512953365,11.917098445595855,350010015001
Block Group 2; Census Tract 15; Bernalillo County; New Mexico,2077,251,382,336,1567,0,147,35,001,001500,2,2077,30.47664901299952,83.82282137698603,75.44535387578239,7.077515647568608,350010015002
Block Group 1; Census Tract 17.01; Bernalillo County; New Mexico,1248,100,7,1039,123,0,10,35,001,001701,1,1248,8.573717948717949,16.74679487179487,9.85576923076923,0.8012820512820512,350010017011
Block Group 2; Census Tract 17.01; Bernalillo County; New Mexico,870,164,71,810,30,0,0,35,001,001701,2,870,27.011494252873565,6.896551724137934,3.4482758620689653,0.0,350010017012
Block Group 1; Census Tract 17.02; Bernalillo County; New Mexico,970,81,236,521,212,0,109,35,001,001702,1,970,32.68041237113402,46.28865979381443,21.855670103092784,11.237113402061857,350010017021
Block Group 2; Census Tract 17.02; Bernalillo County; New Mexico,768,97,206,174,211,0,144,35,001,001702,2,768,39.453125,77.34375,27.473958333333332,18.75,350010017022
Block Group 3; Census Tract 17.02; Bernalillo County; New Mexico,609,65,65,191,390,0,21,35,001,001702,3,609,21.34646962233169,68.63711001642037,64.03940886699507,3.4482758620689653,350010017023
Block Group 1; Census Tract 18; Bernalillo County; New Mexico,626,156,42,255,184,0,137,35,001,001800,1,626,31.629392971246006,59.26517571884984,29.39297124600639,21.884984025559106,350010018001
Block Group 2; Census Tract 18; Bernalillo County; New Mexico,1851,0,20,764,655,0,0,35,001,001800,2,1851,1.0804970286331712,58.72501350621286,35.38627768773635,0.0,350010018002
Block Group 1; Census Tract 20; Bernalillo County; New Mexico,1217,79,262,249,637,0,28,35,001,002000,1,1217,28.019720624486443,79.53985209531635,52.341824157765,2.3007395234182417,350010020001
Block Group 2; Census Tract 20; Bernalillo County; New Mexico,1218,465,98,306,906,33,19,35,001,002000,2,1218,46.22331691297209,74.8768472906404,74.38423645320196,4.269293924466338,350010020002
Block Group 1; Census Tract 21; Bernalillo County; New Mexico,1705,184,285,568,754,0,522,35,001,002100,1,1705,27.50733137829912,66.68621700879766,44.22287390029325,30.6158357771261,350010021001
Block Group 1; Census Tract 22; Bernalillo County; New Mexico,1627,107,261,687,624,0,351,35,001,002200,1,1627,22.618315918869083,57.77504609711125,38.35279655808236,21.573448063921326,350010022001
Block Group 2; Census Tract 22; Bernalillo County; New Mexico,742,40,113,236,369,19,48,35,001,002200,2,742,20.619946091644206,68.19407008086253,49.73045822102426,9.029649595687331,350010022002
Block Group 3; Census Tract 22; Bernalillo County; New Mexico,1004,25,10,776,104,0,0,35,001,002200,3,1004,3.48605577689243,22.709163346613547,10.358565737051793,0.0,350010022003
Block Group 1; Census Tract 23.01; Bernalillo County; New Mexico,411,5,0,0,411,39,0,35,001,002301,1,411,1.2165450121654502,100.0,100.0,9.48905109489051,350010023011
Block Group 2; Census Tract 23.01; Bernalillo County; New Mexico,1440,150,75,6,1434,0,33,35,001,002301,2,1440,15.625,99.58333333333333,99.58333333333333,2.2916666666666665,350010023012
Block Group 1; Census Tract 23.02; Bernalillo County; New Mexico,1372,172,20,34,1331,38,0,35,001,002302,1,1372,13.994169096209912,97.52186588921283,97.01166180758017,2.7696793002915454,350010023021
Block Group 2; Census Tract 23.02; Bernalillo County; New Mexico,1806,40,103,83,1490,10,0,35,001,002302,2,1806,7.918050941306755,95.40420819490588,82.50276854928018,0.5537098560354374,350010023022
Block Group 1; Census Tract 23.03; Bernalillo County; New Mexico,1325,137,12,156,1128,66,0,35,001,002303,1,1325,11.245283018867925,88.22641509433963,85.13207547169812,4.981132075471698,350010023031
Block Group 2; Census Tract 23.03; Bernalillo County; New Mexico,1295,5,238,187,1108,23,0,35,001,002303,2,1295,18.764478764478763,85.55984555984556,85.55984555984556,1.7760617760617758,350010023032
Block Group 1; Census Tract 24.01; Bernalillo County; New Mexico,1764,65,78,226,1478,46,19,35,001,002401,1,1764,8.106575963718821,87.18820861678005,83.78684807256236,3.6848072562358274,350010024011
Block Group 2; Census Tract 24.01; Bernalillo County; New Mexico,806,126,174,43,740,18,39,35,001,002401,2,806,37.220843672456574,94.6650124069479,91.81141439205956,7.07196029776675,350010024012
Block Group 3; Census Tract 24.01; Bernalillo County; New Mexico,2038,46,238,237,1761,0,0,35,001,002401,3,2038,13.935230618253188,88.37095191364082,86.40824337585869,0.0,350010024013
Block Group 1; Census Tract 24.03; Bernalillo County; New Mexico,900,0,112,238,642,0,31,35,001,002403,1,900,12.444444444444445,73.55555555555556,71.33333333333334,3.4444444444444446,350010024031
Block Group 2; Census Tract 24.03; Bernalillo County; New Mexico,2777,737,3,323,2380,0,0,35,001,002403,2,2777,26.64746128916097,88.36874324810947,85.70399711919337,0.0,350010024032
Block Group 3; Census Tract 24.03; Bernalillo County; New Mexico,1481,503,46,416,1065,46,0,35,001,002403,3,1481,37.069547602970964,71.91087103308575,71.91087103308575,3.1060094530722484,350010024033
Block Group 1; Census Tract 24.04; Bernalillo County; New Mexico,1329,19,555,52,1256,39,0,35,001,002404,1,1329,43.190368698269374,96.08728367193379,94.5071482317532,2.9345372460496613,350010024041
Block Group 2; Census Tract 24.04; Bernalillo County; New Mexico,893,120,162,47,776,13,0,35,001,002404,2,893,31.57894736842105,94.73684210526316,86.89809630459126,1.4557670772676372,350010024042
Block Group 3; Census Tract 24.04; Bernalillo County; New Mexico,1233,133,83,112,745,24,6,35,001,002404,3,1233,17.51824817518248,90.91646390916463,60.42173560421735,2.4330900243309004,350010024043
Block Group 1; Census Tract 27; Bernalillo County; New Mexico,2010,14,90,439,1391,6,91,35,001,002700,1,2010,5.17412935323383,78.1592039800995,69.20398009950249,4.82587064676617,350010027001
Block Group 2; Census Tract 27; Bernalillo County; New Mexico,2488,249,108,1370,736,40,116,35,001,002700,2,2488,14.34887459807074,44.935691318327976,29.581993569131832,6.270096463022508,350010027002
Block Group 1; Census Tract 29; Bernalillo County; New Mexico,1460,227,244,447,851,13,0,35,001,002900,1,1460,32.26027397260274,69.3835616438356,58.28767123287671,0.8904109589041096,350010029001
Block Group 2; Census Tract 29; Bernalillo County; New Mexico,889,204,310,183,614,0,39,35,001,002900,2,889,57.8177727784027,79.41507311586051,69.06636670416198,4.386951631046119,350010029002
Block Group 3; Census Tract 29; Bernalillo County; New Mexico,1151,34,20,216,851,0,14,35,001,002900,3,1151,4.691572545612511,81.23370981754996,73.93570807993049,1.2163336229365769,350010029003
Block Group 1; Census Tract 30.01; Bernalillo County; New Mexico,1041,18,34,760,250,38,0,35,001,003001,1,1041,4.99519692603266,26.99327569644573,24.015369836695484,3.6503362151777137,350010030011
Block Group 2; Census Tract 30.01; Bernalillo County; New Mexico,882,131,186,404,380,17,132,35,001,003001,2,882,35.941043083900226,54.19501133786848,43.08390022675737,16.89342403628118,350010030012
Block Group 3; Census Tract 30.01; Bernalillo County; New Mexico,973,256,178,354,502,0,198,35,001,003001,3,973,44.60431654676259,63.61767728674204,51.59301130524152,20.349434737923946,350010030013
Block Group 4; Census Tract 30.01; Bernalillo County; New Mexico,1626,72,47,626,909,34,0,35,001,003001,4,1626,7.318573185731856,61.50061500615006,55.904059040590404,2.091020910209102,350010030014
Block Group 1; Census Tract 30.02; Bernalillo County; New Mexico,1762,52,70,946,586,11,10,35,001,003002,1,1762,6.9239500567536885,46.31101021566402,33.257661748013625,1.191827468785471,350010030021
Block Group 2; Census Tract 30.02; Bernalillo County; New Mexico,2098,46,178,791,1162,8,0,35,001,003002,2,2098,10.676835081029552,62.297426120114395,55.38608198284079,0.3813155386081983,350010030022
Block Group 1; Census Tract 31; Bernalillo County; New Mexico,1178,79,0,776,358,98,35,35,001,003100,1,1178,6.706281833616298,34.125636672325975,30.390492359932086,11.29032258064516,350010031001
Block Group 2; Census Tract 31; Bernalillo County; New Mexico,1464,72,0,716,678,11,0,35,001,003100,2,1464,4.918032786885246,51.09289617486339,46.31147540983606,0.7513661202185792,350010031002
Block Group 1; Census Tract 32.01; Bernalillo County; New Mexico,1942,127,72,739,1077,0,32,35,001,003201,1,1942,10.247167868177137,61.94644696189495,55.458290422245106,1.6477857878475797,350010032011
Block Group 2; Census Tract 32.01; Bernalillo County; New Mexico,926,201,74,190,442,43,0,35,001,003201,2,926,29.697624190064797,79.48164146868251,47.73218142548596,4.643628509719223,350010032012
Block Group 1; Census Tract 32.02; Bernalillo County; New Mexico,1350,66,62,394,890,0,23,35,001,003202,1,1350,9.481481481481481,70.81481481481482,65.92592592592592,1.7037037037037037,350010032021
Block Group 2; Census Tract 32.02; Bernalillo County; New Mexico,1224,208,0,398,700,56,0,35,001,003202,2,1224,16.99346405228758,67.48366013071896,57.18954248366013,4.57516339869281,350010032022
Block Group 3; Census Tract 32.02; Bernalillo County; New Mexico,1811,32,421,1199,612,0,0,35,001,003202,3,1811,25.013804527885146,33.79348426283821,33.793484262838206,0.0,350010032023
Block Group 4; Census Tract 32.02; Bernalillo County; New Mexico,491,190,88,137,305,0,42,35,001,003202,4,491,56.61914460285132,72.09775967413442,62.11812627291242,8.55397148676171,350010032024
Block Group 1; Census Tract 34; Bernalillo County; New Mexico,1484,287,244,420,780,12,111,35,001,003400,1,1484,35.78167115902965,71.69811320754718,52.56064690026954,8.288409703504044,350010034001
Block Group 2; Census Tract 34; Bernalillo County; New Mexico,1009,63,271,133,647,0,16,35,001,003400,2,1009,33.10208126858276,86.81863230921705,64.12289395441032,1.5857284440039643,350010034002
Block Group 3; Census Tract 34; Bernalillo County; New Mexico,1411,152,125,458,741,20,168,35,001,003400,3,1411,19.631467044649185,67.54075124025513,52.51594613749114,13.32388377037562,350010034003
Block Group 1; Census Tract 35.01; Bernalillo County; New Mexico,1816,310,59,360,1168,0,17,35,001,003501,1,1816,20.319383259911895,80.1762114537445,64.31718061674009,0.9361233480176211,350010035011
Block Group 2; Census Tract 35.01; Bernalillo County; New Mexico,1089,42,75,328,753,0,0,35,001,003501,2,1089,10.743801652892563,69.88062442607897,69.14600550964187,0.0,350010035012
Block Group 3; Census Tract 35.01; Bernalillo County; New Mexico,1929,65,116,994,902,18,0,35,001,003501,3,1929,9.383100051840332,48.47071021254536,46.759979263867294,0.9331259720062209,350010035013
Block Group 1; Census Tract 35.02; Bernalillo County; New Mexico,1286,58,0,629,507,0,0,35,001,003502,1,1286,4.5101088646967336,51.08864696734059,39.42457231726283,0.0,350010035021
Block Group 2; Census Tract 35.02; Bernalillo County; New Mexico,1412,42,0,687,630,0,0,35,001,003502,2,1412,2.974504249291785,51.345609065155806,44.61756373937677,0.0,350010035022
Block Group 3; Census Tract 35.02; Bernalillo County; New Mexico,1171,0,303,597,504,0,0,35,001,003502,3,1171,25.875320239111872,49.01793339026474,43.0401366353544,0.0,350010035023
Block Group 4; Census Tract 35.02; Bernalillo County; New Mexico,1262,53,2,580,534,0,0,35,001,003502,4,1262,4.3581616481774965,54.04120443740095,42.313787638668785,0.0,350010035024
Block Group 1; Census Tract 36; Bernalillo County; New Mexico,2317,316,253,278,1535,24,63,35,001,003600,1,2317,24.557617608977125,88.00172637030643,66.24946050927925,3.7548554164868366,350010036001
Block Group 2; Census Tract 36; Bernalillo County; New Mexico,2397,140,90,1395,898,21,43,35,001,003600,2,2397,9.595327492699207,41.80225281602002,37.463496036712556,2.6700041718815184,350010036002
Block Group 3; Census Tract 36; Bernalillo County; New Mexico,1527,816,171,241,1286,0,17,35,001,003600,3,1527,64.63654223968565,84.21741977734119,84.21741977734119,1.1132940406024885,350010036003
Block Group 4; Census Tract 36; Bernalillo County; New Mexico,737,36,0,572,104,0,0,35,001,003600,4,737,4.884667571234735,22.388059701492537,14.111261872455902,0.0,350010036004
Block Group 1; Census Tract 37.07; Bernalillo County; New Mexico,1696,105,0,680,274,119,0,35,001,003707,1,1696,6.191037735849057,59.905660377358494,16.15566037735849,7.0165094339622645,350010037071
Block Group 2; Census Tract 37.07; Bernalillo County; New Mexico,807,27,25,322,325,0,0,35,001,003707,2,807,6.443618339529119,60.09913258983891,40.272614622057,0.0,350010037072
Block Group 3; Census Tract 37.07; Bernalillo County; New Mexico,2429,266,601,849,1039,37,35,35,001,003707,3,2429,35.69370111156855,65.04734458624948,42.77480444627419,2.9641827912721284,350010037073
Block Group 1; Census Tract 37.12; Bernalillo County; New Mexico,1049,46,0,609,364,14,0,35,001,003712,1,1049,4.38512869399428,41.94470924690181,34.699714013346046,1.334604385128694,350010037121
Block Group 2; Census Tract 37.12; Bernalillo County; New Mexico,1498,1,14,647,687,0,147,35,001,003712,2,1498,1.0013351134846462,56.80907877169559,45.8611481975968,9.813084112149532,350010037122
Block Group 3; Census Tract 37.12; Bernalillo County; New Mexico,1176,0,107,752,366,0,0,35,001,003712,3,1176,9.098639455782314,36.05442176870748,31.122448979591837,0.0,350010037123
Block Group 4; Census Tract 37.12; Bernalillo County; New Mexico,1449,5,5,756,583,13,0,35,001,003712,4,1449,0.6901311249137336,47.82608695652174,40.23464458247067,0.8971704623878536,350010037124
Block Group 1; Census Tract 37.15; Bernalillo County; New Mexico,1005,15,0,574,386,25,0,35,001,003715,1,1005,1.4925373134328357,42.885572139303484,38.407960199004975,2.4875621890547266,350010037151
Block Group 2; Census Tract 37.15; Bernalillo County; New Mexico,1112,7,60,685,326,20,16,35,001,003715,2,1112,6.025179856115108,38.39928057553957,29.31654676258993,3.237410071942446,350010037152
Block Group 3; Census Tract 37.15; Bernalillo County; New Mexico,741,21,16,631,97,0,0,35,001,003715,3,741,4.993252361673414,14.844804318488524,13.090418353576247,0.0,350010037153
Block Group 4; Census Tract 37.15; Bernalillo County; New Mexico,1190,10,0,909,213,9,0,35,001,003715,4,1190,0.8403361344537815,23.613445378151265,17.899159663865547,0.7563025210084033,350010037154
Block Group 1; Census Tract 37.17; Bernalillo County; New Mexico,1028,132,118,674,315,0,232,35,001,003717,1,1028,24.31906614785992,34.43579766536965,30.642023346303503,22.56809338521401,350010037171
Block Group 2; Census Tract 37.17; Bernalillo County; New Mexico,1114,74,0,798,300,12,0,35,001,003717,2,1114,6.642728904847396,28.366247755834827,26.929982046678635,1.0771992818671454,350010037172
Block Group 3; Census Tract 37.17; Bernalillo County; New Mexico,1356,168,31,480,764,149,75,35,001,003717,3,1356,14.67551622418879,64.60176991150442,56.342182890855455,16.519174041297934,350010037173
Block Group 4; Census Tract 37.17; Bernalillo County; New Mexico,1691,74,0,948,743,18,0,35,001,003717,4,1691,4.376108811354229,43.9384979302188,43.93849793021881,1.0644589000591367,350010037174
Block Group 1; Census Tract 37.18; Bernalillo County; New Mexico,2258,72,54,1070,735,0,0,35,001,003718,1,2258,5.580159433126661,52.61293179805138,32.55093002657219,0.0,350010037181
Block Group 2; Census Tract 37.18; Bernalillo County; New Mexico,554,81,38,403,110,0,0,35,001,003718,2,554,21.48014440433213,27.256317689530686,19.855595667870034,0.0,350010037182
Block Group 1; Census Tract 37.19; Bernalillo County; New Mexico,2149,138,58,1370,676,17,265,35,001,003719,1,2149,9.120521172638437,36.24941833410888,31.45649139134481,13.122382503489996,350010037191
Block Group 2; Census Tract 37.19; Bernalillo County; New Mexico,1815,69,17,1157,349,11,89,35,001,003719,2,1815,4.738292011019284,36.253443526170805,19.228650137741045,5.5096418732782375,350010037192
Block Group 3; Census Tract 37.19; Bernalillo County; New Mexico,1293,6,64,975,211,0,35,35,001,003719,3,1293,5.413766434648106,24.593967517401396,16.318638824439287,2.706883217324053,350010037193
Block Group 1; Census Tract 37.22; Bernalillo County; New Mexico,1563,46,0,321,231,9,0,35,001,003722,1,1563,2.943058221369162,79.46257197696737,14.779270633397312,0.5758157389635317,350010037221
Block Group 2; Census Tract 37.22; Bernalillo County; New Mexico,4260,0,76,1752,811,0,46,35,001,003722,2,4260,1.784037558685446,58.87323943661972,19.037558685446008,1.07981220657277,350010037222
Block Group 3; Census Tract 37.22; Bernalillo County; New Mexico,1421,0,0,792,118,0,0,35,001,003722,3,1421,0.0,44.264602392681205,8.304011259676285,0.0,350010037223
Block Group 1; Census Tract 37.23; Bernalillo County; New Mexico,708,46,102,437,147,43,42,35,001,003723,1,708,20.903954802259886,38.2768361581921,20.76271186440678,12.005649717514125,350010037231
Block Group 2; Census Tract 37.23; Bernalillo County; New Mexico,1552,160,33,716,373,10,43,35,001,003723,2,1552,12.435567010309278,53.865979381443296,24.033505154639176,3.4149484536082473,350010037232
Block Group 3; Census Tract 37.23; Bernalillo County; New Mexico,839,13,20,437,256,0,0,35,001,003723,3,839,3.9332538736591176,47.91418355184744,30.512514898688913,0.0,350010037233
Block Group 4; Census Tract 37.23; Bernalillo County; New Mexico,1733,60,316,897,749,0,103,35,001,003723,4,1733,21.696480092325444,48.2400461627236,43.2198499711483,5.943450663589152,350010037234
Block Group 5; Census Tract 37.23; Bernalillo County; New Mexico,1447,12,15,516,792,35,82,35,001,003723,5,1447,1.8659295093296473,64.34001382170007,54.73393227366966,8.085694540428474,350010037235
Block Group 1; Census Tract 37.24; Bernalillo County; New Mexico,882,36,0,591,247,0,0,35,001,003724,1,882,4.081632653061225,32.993197278911566,28.00453514739229,0.0,350010037241
Block Group 2; Census Tract 37.24; Bernalillo County; New Mexico,2464,142,20,1478,717,0,18,35,001,003724,2,2464,6.574675324675325,40.01623376623377,29.09902597402597,0.7305194805194805,350010037242
Block Group 1; Census Tract 37.25; Bernalillo County; New Mexico,1489,20,0,923,421,0,0,35,001,003725,1,1489,1.3431833445265278,38.012088650100736,28.27400940228341,0.0,350010037251
Block Group 2; Census Tract 37.25; Bernalillo County; New Mexico,1259,208,279,504,457,1,95,35,001,003725,2,1259,38.68149324861001,59.96822875297856,36.298649722001585,7.625099285146943,350010037252
Block Group 3; Census Tract 37.25; Bernalillo County; New Mexico,1409,8,348,615,598,0,0,35,001,003725,3,1409,25.26614620298084,56.35202271114266,42.44144783534421,0.0,350010037253
Block Group 1; Census Tract 37.26; Bernalillo County; New Mexico,1142,0,39,859,193,0,0,35,001,003726,1,1142,3.4150612959719786,24.78108581436077,16.90017513134851,0.0,350010037261
Block Group 2; Census Tract 37.26; Bernalillo County; New Mexico,1173,11,53,810,133,5,0,35,001,003726,2,1173,5.456095481670929,30.946291560102303,11.3384484228474,0.4262574595055414,350010037262
Block Group 1; Census Tract 37.28; Bernalillo County; New Mexico,1068,2,0,583,339,0,0,35,001,003728,1,1068,0.18726591760299627,45.4119850187266,31.741573033707866,0.0,350010037281
Block Group 2; Census Tract 37.28; Bernalillo County; New Mexico,607,0,31,386,102,0,17,35,001,003728,2,607,5.107084019769357,36.40856672158155,16.80395387149918,2.800658978583196,350010037282
Block Group 3; Census Tract 37.28; Bernalillo County; New Mexico,2962,77,48,1621,1051,0,48,35,001,003728,3,2962,4.2201215395003375,45.273463875759624,35.48278190411884,1.6205266711681297,350010037283
Block Group 1; Census Tract 37.29; Bernalillo County; New Mexico,843,0,5,608,83,0,0,35,001,003729,1,843,0.5931198102016607,27.876631079478052,9.845788849347569,0.0,350010037291
Block Group 2; Census Tract 37.29; Bernalillo County; New Mexico,1245,6,39,869,310,5,0,35,001,003729,2,1245,3.614457831325301,30.2008032128514,24.899598393574294,0.4016064257028112,350010037292
Block Group 1; Census Tract 37.30; Bernalillo County; New Mexico,1671,28,0,1168,247,11,0,35,001,003730,1,1671,1.6756433273488927,30.101735487731894,14.78156792339916,0.6582884500299222,350010037301
Block Group 2; Census Tract 37.30; Bernalillo County; New Mexico,1192,10,0,745,362,0,0,35,001,003730,2,1192,0.8389261744966443,37.5,30.369127516778523,0.0,350010037302
Block Group 3; Census Tract 37.30; Bernalillo County; New Mexico,2102,14,11,1109,647,0,30,35,001,003730,3,2102,1.1893434823977165,47.2407231208373,30.7802093244529,1.4272121788772598,350010037303
Block Group 1; Census Tract 37.31; Bernalillo County; New Mexico,1431,0,0,796,508,0,19,35,001,003731,1,1431,0.0,44.374563242487774,35.49965059399022,1.3277428371767994,350010037311
Block Group 2; Census Tract 37.31; Bernalillo County; New Mexico,2459,32,24,1593,537,0,0,35,001,003731,2,2459,2.277348515656771,35.21756811712078,21.83814558763725,0.0,350010037312
Block Group 1; Census Tract 37.33; Bernalillo County; New Mexico,1585,24,757,268,1066,0,207,35,001,003733,1,1585,49.27444794952681,83.09148264984228,67.25552050473186,13.05993690851735,350010037331
Block Group 2; Census Tract 37.33; Bernalillo County; New Mexico,1703,341,117,657,711,0,89,35,001,003733,2,1703,26.89371697005285,61.42102172636523,41.74985320023488,5.226071638285379,350010037332
Block Group 1; Census Tract 37.36; Bernalillo County; New Mexico,2370,63,169,912,941,22,29,35,001,003736,1,2370,9.78902953586498,61.518987341772146,39.70464135021097,2.151898734177215,350010037361
Block Group 1; Census Tract 37.37; Bernalillo County; New Mexico,1274,0,14,945,236,8,0,35,001,003737,1,1274,1.098901098901099,25.82417582417582,18.524332810047095,0.6279434850863422,350010037371
Block Group 2; Census Tract 37.37; Bernalillo County; New Mexico,1786,49,16,1261,295,0,0,35,001,003737,2,1786,3.6394176931690927,29.395296752519595,16.517357222844346,0.0,350010037372
Block Group 1; Census Tract 37.38; Bernalillo County; New Mexico,3269,366,25,1109,1124,10,47,35,001,003738,1,3269,11.960844294891404,66.07525237075558,34.38360354848577,1.743652493117161,350010037381
Block Group 2; Census Tract 37.38; Bernalillo County; New Mexico,574,14,16,374,150,13,18,35,001,003738,2,574,5.2264808362369335,34.84320557491289,26.132404181184672,5.400696864111499,350010037382
Block Group 3; Census Tract 37.38; Bernalillo County; New Mexico,687,0,0,493,160,0,0,35,001,003738,3,687,0.0,28.23871906841339,23.28966521106259,0.0,350010037383
Block Group 4; Census Tract 37.38; Bernalillo County; New Mexico,714,90,14,523,101,11,0,35,001,003738,4,714,14.565826330532214,26.75070028011205,14.145658263305322,1.5406162464985995,350010037384
Block Group 1; Census Tract 37.39; Bernalillo County; New Mexico,1681,107,64,885,690,5,15,35,001,003739,1,1681,10.172516359309935,47.35276621058894,41.04699583581202,1.189767995240928,350010037391
Block Group 1; Census Tract 37.40; Bernalillo County; New Mexico,786,0,0,318,349,0,0,35,001,003740,1,786,0.0,59.541984732824424,44.40203562340967,0.0,350010037401
Block Group 2; Census Tract 37.40; Bernalillo County; New Mexico,2792,162,244,1327,617,23,206,35,001,003740,2,2792,14.541547277936962,52.47134670487106,22.098853868194844,8.202005730659026,350010037402
Block Group 3; Census Tract 37.40; Bernalillo County; New Mexico,1738,79,177,475,974,0,81,35,001,003740,3,1738,14.729574223245109,72.66973532796317,56.04142692750288,4.660529344073648,350010037403
Block Group 1; Census Tract 37.41; Bernalillo County; New Mexico,927,52,19,764,70,10,7,35,001,003741,1,927,7.659115426105717,17.58360302049622,7.5512405609492985,1.8338727076591153,350010037411
Block Group 2; Census Tract 37.41; Bernalillo County; New Mexico,1019,38,0,746,263,7,0,35,001,003741,2,1019,3.729146221786065,26.790971540726204,25.809617271835133,0.6869479882237487,350010037412
Block Group 3; Census Tract 37.41; Bernalillo County; New Mexico,0,0,0,0,0,0,0,35,001,003741,3,0,,,,,350010037413
Block Group 1; Census Tract 37.42; Bernalillo County; New Mexico,0,0,0,0,0,0,0,35,001,003742,1,0,,,,,350010037421
Block Group 2; Census Tract 37.42; Bernalillo County; New Mexico,1429,91,13,1187,194,0,0,35,001,003742,2,1429,7.2778166550035,16.934919524142757,13.57592722183345,0.0,350010037422
Block Group 3; Census Tract 37.42; Bernalillo County; New Mexico,1599,338,54,1031,250,0,0,35,001,003742,3,1599,24.515322076297686,35.52220137585991,15.634771732332709,0.0,350010037423
Block Group 4; Census Tract 37.42; Bernalillo County; New Mexico,2038,0,0,1378,528,0,19,35,001,003742,4,2038,0.0,32.3846908734053,25.90775269872424,0.9322865554465163,350010037424
Block Group 1; Census Tract 37.43; Bernalillo County; New Mexico,1876,31,0,897,587,20,0,35,001,003743,1,1876,1.652452025586354,52.185501066098084,31.289978678038377,1.0660980810234542,350010037431
Block Group 2; Census Tract 37.43; Bernalillo County; New Mexico,2547,55,54,1197,664,49,33,35,001,003743,2,2547,4.2795445622300745,53.003533568904594,26.069886140557518,3.219473890851983,350010037432
Block Group 3; Census Tract 37.43; Bernalillo County; New Mexico,1996,52,200,931,443,0,0,35,001,003743,3,1996,12.625250501002002,53.35671342685371,22.194388777555112,0.0,350010037433
Block Group 1; Census Tract 37.44; Bernalillo County; New Mexico,1524,12,0,1089,335,51,0,35,001,003744,1,1524,0.7874015748031495,28.543307086614178,21.981627296587927,3.346456692913386,350010037441
Block Group 1; Census Tract 37.45; Bernalillo County; New Mexico,1478,78,113,1048,346,0,14,35,001,003745,1,1478,12.922868741542626,29.09336941813261,23.410013531799727,0.9472259810554804,350010037451
Block Group 1; Census Tract 37.46; Bernalillo County; New Mexico,1570,20,0,797,690,0,0,35,001,003746,1,1570,1.2738853503184715,49.23566878980892,43.94904458598726,0.0,350010037461
Block Group 2; Census Tract 37.46; Bernalillo County; New Mexico,2560,43,17,1002,1121,44,0,35,001,003746,2,2560,2.34375,60.85937500000001,43.7890625,1.7187500000000002,350010037462
Block Group 3; Census Tract 37.46; Bernalillo County; New Mexico,297,9,0,149,148,17,0,35,001,003746,3,297,3.0303030303030303,49.83164983164983,49.831649831649834,5.723905723905724,350010037463
Block Group 1; Census Tract 38.03; Bernalillo County; New Mexico,2517,24,32,1914,530,52,0,35,001,003803,1,2517,2.2248708780294004,23.957091775923722,21.056813667063963,2.0659515295987285,350010038031
Block Group 2; Census Tract 38.03; Bernalillo County; New Mexico,852,0,0,751,73,0,0,35,001,003803,2,852,0.0,11.854460093896712,8.568075117370892,0.0,350010038032
Block Group 1; Census Tract 38.04; Bernalillo County; New Mexico,2005,75,0,1215,579,0,0,35,001,003804,1,2005,3.7406483790523692,39.40149625935162,28.87780548628429,0.0,350010038041
Block Group 2; Census Tract 38.04; Bernalillo County; New Mexico,1282,0,80,672,610,0,0,35,001,003804,2,1282,6.240249609984399,47.581903276131044,47.581903276131044,0.0,350010038042
Block Group 3; Census Tract 38.04; Bernalillo County; New Mexico,1246,78,18,866,344,0,0,35,001,003804,3,1246,7.704654895666131,30.4975922953451,27.608346709470304,0.0,350010038043
Block Group 4; Census Tract 38.04; Bernalillo County; New Mexico,960,12,24,694,254,0,0,35,001,003804,4,960,3.75,27.708333333333336,26.458333333333332,0.0,350010038044
Block Group 1; Census Tract 38.05; Bernalillo County; New Mexico,1714,25,167,1413,181,16,8,35,001,003805,1,1714,11.201866977829638,17.561260210035,10.560093348891481,1.4002333722287048,350010038051
Block Group 2; Census Tract 38.05; Bernalillo County; New Mexico,730,0,98,328,298,16,14,35,001,003805,2,730,13.424657534246576,55.06849315068494,40.821917808219176,4.10958904109589,350010038052
Block Group 1; Census Tract 38.06; Bernalillo County; New Mexico,1685,8,39,1227,408,0,0,35,001,003806,1,1685,2.7893175074183976,27.181008902077153,24.213649851632045,0.0,350010038061
Block Group 2; Census Tract 38.06; Bernalillo County; New Mexico,2131,163,73,1164,925,0,10,35,001,003806,2,2131,11.074612857813234,45.377756921633036,43.40685124354763,0.4692632566870014,350010038062
Block Group 1; Census Tract 38.07; Bernalillo County; New Mexico,1700,64,155,1270,347,0,0,35,001,003807,1,1700,12.88235294117647,25.294117647058822,20.411764705882355,0.0,350010038071
Block Group 2; Census Tract 38.07; Bernalillo County; New Mexico,980,17,107,820,103,0,0,35,001,003807,2,980,12.653061224489795,16.326530612244895,10.510204081632653,0.0,350010038072
Block Group 3; Census Tract 38.07; Bernalillo County; New Mexico,2061,16,443,1216,493,0,0,35,001,003807,3,2061,22.270742358078603,40.999514798641435,23.920426977195536,0.0,350010038073
Block Group 1; Census Tract 40.01; Bernalillo County; New Mexico,914,0,0,315,582,0,0,35,001,004001,1,914,0.0,65.53610503282276,63.67614879649891,0.0,350010040011
Block Group 2; Census Tract 40.01; Bernalillo County; New Mexico,1371,99,297,339,1008,0,0,35,001,004001,2,1371,28.88402625820569,75.27352297592998,73.52297592997812,0.0,350010040012
Block Group 3; Census Tract 40.01; Bernalillo County; New Mexico,548,11,97,263,285,1,0,35,001,004001,3,548,19.708029197080293,52.00729927007299,52.00729927007299,0.18248175182481752,350010040013
Block Group 4; Census Tract 40.01; Bernalillo County; New Mexico,2131,218,35,226,1810,0,0,35,001,004001,4,2131,11.872360394181136,89.39465039887376,84.93664946034725,0.0,350010040014
Block Group 1; Census Tract 43; Bernalillo County; New Mexico,663,164,24,152,467,11,0,35,001,004300,1,663,28.355957767722472,77.0739064856712,70.43740573152338,1.6591251885369533,350010043001
Block Group 2; Census Tract 43; Bernalillo County; New Mexico,850,341,32,10,840,0,0,35,001,004300,2,850,43.88235294117647,98.82352941176471,98.82352941176471,0.0,350010043002
Block Group 3; Census Tract 43; Bernalillo County; New Mexico,1475,0,312,300,1175,11,65,35,001,004300,3,1475,21.152542372881356,79.66101694915254,79.66101694915254,5.1525423728813555,350010043003
Block Group 4; Census Tract 43; Bernalillo County; New Mexico,2168,198,501,448,1515,11,113,35,001,004300,4,2168,32.24169741697417,79.33579335793358,69.880073800738,5.719557195571956,350010043004
Block Group 1; Census Tract 44.01; Bernalillo County; New Mexico,2585,313,345,219,2340,8,0,35,001,004401,1,2585,25.454545454545453,91.52804642166345,90.52224371373308,0.3094777562862669,350010044011
Block Group 2; Census Tract 44.01; Bernalillo County; New Mexico,652,81,64,32,620,0,0,35,001,004401,2,652,22.23926380368098,95.0920245398773,95.0920245398773,0.0,350010044012
Block Group 1; Census Tract 44.02; Bernalillo County; New Mexico,2424,372,96,483,1858,16,33,35,001,004402,1,2424,19.306930693069308,80.07425742574257,76.65016501650165,2.0214521452145213,350010044021
Block Group 2; Census Tract 44.02; Bernalillo County; New Mexico,1207,52,63,193,995,7,8,35,001,004402,2,1207,9.52775476387738,84.00994200497101,82.4357912178956,1.2427506213753108,350010044022
Block Group 1; Census Tract 45.01; Bernalillo County; New Mexico,2025,682,211,205,1791,7,0,35,001,004501,1,2025,44.098765432098766,89.87654320987654,88.44444444444444,0.34567901234567905,350010045011
Block Group 2; Census Tract 45.01; Bernalillo County; New Mexico,1380,137,169,46,1334,7,0,35,001,004501,2,1380,22.17391304347826,96.66666666666667,96.66666666666667,0.5072463768115941,350010045012
Block Group 1; Census Tract 45.02; Bernalillo County; New Mexico,2386,112,280,98,2210,92,82,35,001,004502,1,2386,16.429170159262362,95.89270746018441,92.62363788767813,7.292539815590946,350010045021
Block Group 2; Census Tract 45.02; Bernalillo County; New Mexico,852,21,123,200,595,10,0,35,001,004502,2,852,16.901408450704224,76.52582159624413,69.83568075117371,1.1737089201877933,350010045022
Block Group 1; Census Tract 46.02; Bernalillo County; New Mexico,2661,200,115,567,2007,81,0,35,001,004602,1,2661,11.837655016910936,78.69222096956032,75.42277339346111,3.0439684329199546,350010046021
Block Group 2; Census Tract 46.02; Bernalillo County; New Mexico,1307,44,156,306,966,0,0,35,001,004602,2,1307,15.302218821729149,76.5876052027544,73.9097169089518,0.0,350010046022
Block Group 1; Census Tract 46.03; Bernalillo County; New Mexico,974,93,3,63,909,41,0,35,001,004603,1,974,9.856262833675565,93.53182751540041,93.32648870636551,4.209445585215605,350010046031
Block Group 2; Census Tract 46.03; Bernalillo County; New Mexico,380,0,19,151,217,0,0,35,001,004603,2,380,5.0,60.26315789473684,57.10526315789474,0.0,350010046032
Block Group 3; Census Tract 46.03; Bernalillo County; New Mexico,1831,225,56,212,1453,10,0,35,001,004603,3,1831,15.346805024576735,88.4216275259421,79.35554341889677,0.5461496450027308,350010046033
Block Group 1; Census Tract 46.04; Bernalillo County; New Mexico,2280,119,42,820,1423,11,18,35,001,004604,1,2280,7.06140350877193,64.03508771929825,62.41228070175438,1.2719298245614035,350010046041
Block Group 2; Census Tract 46.04; Bernalillo County; New Mexico,2769,242,9,208,2403,0,28,35,001,004604,2,2769,9.064644275911881,92.48826291079813,86.78223185265439,1.0111953773925604,350010046042
Block Group 1; Census Tract 47.12; Bernalillo County; New Mexico,2715,462,283,172,2047,0,0,35,001,004712,1,2715,27.440147329650095,93.6648250460405,75.39594843462247,0.0,350010047121
Block Group 2; Census Tract 47.12; Bernalillo County; New Mexico,1941,72,177,91,1638,0,0,35,001,004712,2,1941,12.828438948995363,95.31169500257599,84.38948995363215,0.0,350010047122
Block Group 3; Census Tract 47.12; Bernalillo County; New Mexico,2385,291,167,71,2212,0,0,35,001,004712,3,2385,19.20335429769392,97.0230607966457,92.74633123689728,0.0,350010047123
Block Group 1; Census Tract 47.13; Bernalillo County; New Mexico,1701,61,64,172,1266,0,0,35,001,004713,1,1701,7.348618459729571,89.88830099941211,74.42680776014109,0.0,350010047131
Block Group 2; Census Tract 47.13; Bernalillo County; New Mexico,2404,361,19,145,1901,0,0,35,001,004713,2,2404,15.806988352745424,93.96838602329451,79.0765391014975,0.0,350010047132
Block Group 3; Census Tract 47.13; Bernalillo County; New Mexico,3166,224,305,141,3006,21,0,35,001,004713,3,3166,16.708780795957043,95.54643082754264,94.94630448515477,0.6632975363234366,350010047133
Block Group 1; Census Tract 47.15; Bernalillo County; New Mexico,2765,133,523,240,2501,11,0,35,001,004715,1,2765,23.7251356238698,91.32007233273056,90.45207956600362,0.3978300180831827,350010047151
Block Group 2; Census Tract 47.15; Bernalillo County; New Mexico,1819,320,76,298,1515,11,0,35,001,004715,2,1819,21.77020340846619,83.61737218251787,83.28752061572293,0.6047278724573941,350010047152
Block Group 1; Census Tract 47.16; Bernalillo County; New Mexico,1234,14,263,421,736,0,53,35,001,004716,1,1234,22.44732576985413,65.88330632090762,59.643435980551054,4.294975688816856,350010047161
Block Group 2; Census Tract 47.16; Bernalillo County; New Mexico,1078,49,0,559,469,1,42,35,001,004716,2,1078,4.545454545454546,48.144712430426715,43.506493506493506,3.9888682745825603,350010047162
Block Group 1; Census Tract 47.20; Bernalillo County; New Mexico,2045,327,21,1081,769,0,107,35,001,004720,1,2045,17.017114914425427,47.13936430317849,37.603911980440095,5.232273838630807,350010047201
Block Group 2; Census Tract 47.20; Bernalillo County; New Mexico,1603,39,312,890,647,11,0,35,001,004720,2,1603,21.896444167186523,44.479101684341856,40.361821584529004,0.6862133499688085,350010047202
Block Group 1; Census Tract 47.22; Bernalillo County; New Mexico,1529,3,134,806,575,59,0,35,001,004722,1,1529,8.960104643557882,47.28580771746239,37.60627861347286,3.8587311968606928,350010047221
Block Group 2; Census Tract 47.22; Bernalillo County; New Mexico,910,187,95,343,254,0,0,35,001,004722,2,910,30.98901098901099,62.30769230769231,27.912087912087912,0.0,350010047222
Block Group 3; Census Tract 47.22; Bernalillo County; New Mexico,2781,0,0,938,1259,0,0,35,001,004722,3,2781,0.0,66.27112549442646,45.27148507731032,0.0,350010047223
Block Group 1; Census Tract 47.23; Bernalillo County; New Mexico,1869,183,67,1007,697,0,22,35,001,004723,1,1869,13.376136971642591,46.12092027822365,37.29266987693954,1.177100053504548,350010047231
Block Group 2; Census Tract 47.23; Bernalillo County; New Mexico,1146,0,111,332,605,0,195,35,001,004723,2,1146,9.68586387434555,71.02966841186736,52.79232111692844,17.015706806282722,350010047232
Block Group 3; Census Tract 47.23; Bernalillo County; New Mexico,1603,35,17,396,965,0,0,35,001,004723,3,1603,3.2439176543980035,75.29631940112289,60.19962570180911,0.0,350010047233
Block Group 4; Census Tract 47.23; Bernalillo County; New Mexico,2262,78,143,935,1154,26,57,35,001,004723,4,2262,9.770114942528735,58.66489832007073,51.01679929266136,3.669319186560566,350010047234
Block Group 1; Census Tract 47.24; Bernalillo County; New Mexico,1568,41,135,582,947,11,0,35,001,004724,1,1568,11.224489795918368,62.88265306122449,60.39540816326531,0.701530612244898,350010047241
Block Group 2; Census Tract 47.24; Bernalillo County; New Mexico,1362,53,54,545,724,11,0,35,001,004724,2,1362,7.856093979441997,59.98531571218796,53.15712187958884,0.8076358296622614,350010047242
Block Group 1; Census Tract 47.25; Bernalillo County; New Mexico,1227,2,7,370,848,0,0,35,001,004725,1,1227,0.7334963325183375,69.84515077424614,69.1116544417278,0.0,350010047251
Block Group 2; Census Tract 47.25; Bernalillo County; New Mexico,2016,19,75,619,1284,5,0,35,001,004725,2,2016,4.662698412698413,69.29563492063492,63.69047619047619,0.248015873015873,350010047252
Block Group 1; Census Tract 47.26; Bernalillo County; New Mexico,2124,94,102,723,1202,6,0,35,001,004726,1,2124,9.227871939736348,65.96045197740112,56.59133709981168,0.2824858757062147,350010047261
Block Group 1; Census Tract 47.27; Bernalillo County; New Mexico,1012,339,5,306,339,11,0,35,001,004727,1,1012,33.99209486166008,69.76284584980237,33.49802371541502,1.0869565217391304,350010047271
Block Group 2; Census Tract 47.27; Bernalillo County; New Mexico,1025,13,0,418,495,7,0,35,001,004727,2,1025,1.2682926829268293,59.21951219512196,48.292682926829265,0.6829268292682927,350010047272
Block Group 1; Census Tract 47.28; Bernalillo County; New Mexico,1849,268,72,522,1087,32,0,35,001,004728,1,1849,18.38831800973499,71.7685235262304,58.78853434288804,1.7306652244456464,350010047281
Block Group 2; Census Tract 47.28; Bernalillo County; New Mexico,797,82,0,403,305,28,0,35,001,004728,2,797,10.28858218318695,49.43538268506901,38.26850690087829,3.5131744040150563,350010047282
Block Group 3; Census Tract 47.28; Bernalillo County; New Mexico,1203,8,0,778,415,0,0,35,001,004728,3,1203,0.6650041562759768,35.328345802161266,34.49709060681629,0.0,350010047283
Block Group 4; Census Tract 47.28; Bernalillo County; New Mexico,1200,134,17,508,382,14,0,35,001,004728,4,1200,12.583333333333332,57.666666666666664,31.833333333333336,1.1666666666666667,350010047284
Block Group 1; Census Tract 47.29; Bernalillo County; New Mexico,2288,70,109,926,1178,62,0,35,001,004729,1,2288,7.823426573426573,59.52797202797202,51.48601398601399,2.7097902097902096,350010047291
Block Group 2; Census Tract 47.29; Bernalillo County; New Mexico,1665,0,342,726,862,10,15,35,001,004729,2,1665,20.54054054054054,56.3963963963964,51.77177177177177,1.5015015015015014,350010047292
Block Group 1; Census Tract 47.33; Bernalillo County; New Mexico,1356,0,113,81,1214,31,0,35,001,004733,1,1356,8.333333333333332,94.02654867256636,89.52802359882006,2.286135693215339,350010047331
Block Group 2; Census Tract 47.33; Bernalillo County; New Mexico,1683,70,127,97,1464,38,0,35,001,004733,2,1683,11.705288175876412,94.23648247177658,86.98752228163993,2.2578728461081403,350010047332
Block Group 3; Census Tract 47.33; Bernalillo County; New Mexico,1139,0,0,88,1051,22,0,35,001,004733,3,1139,0.0,92.2739244951712,92.2739244951712,1.9315188762071993,350010047333
Block Group 4; Census Tract 47.33; Bernalillo County; New Mexico,2091,115,1106,124,1578,22,53,35,001,004733,4,2091,58.39311334289814,94.06982305117168,75.46628407460545,3.5868005738880915,350010047334
Block Group 1; Census Tract 47.34; Bernalillo County; New Mexico,1980,247,669,93,1851,24,0,35,001,004734,1,1980,46.26262626262626,95.3030303030303,93.48484848484848,1.2121212121212122,350010047341
Block Group 2; Census Tract 47.34; Bernalillo County; New Mexico,1930,0,24,252,1614,24,0,35,001,004734,2,1930,1.2435233160621761,86.94300518134715,83.62694300518135,1.2435233160621761,350010047342
Block Group 3; Census Tract 47.34; Bernalillo County; New Mexico,822,173,0,0,822,20,0,35,001,004734,3,822,21.046228710462287,100.0,100.0,2.4330900243309004,350010047343
Block Group 4; Census Tract 47.34; Bernalillo County; New Mexico,1128,59,269,127,946,0,0,35,001,004734,4,1128,29.078014184397162,88.74113475177306,83.86524822695036,0.0,350010047344
Block Group 1; Census Tract 47.35; Bernalillo County; New Mexico,1138,71,274,150,849,5,0,35,001,004735,1,1138,30.316344463971877,86.8189806678383,74.60456942003515,0.4393673110720563,350010047351
Block Group 2; Census Tract 47.35; Bernalillo County; New Mexico,823,20,17,85,711,16,5,35,001,004735,2,823,4.495747266099635,89.6719319562576,86.39125151883353,2.551640340218712,350010047352
Block Group 1; Census Tract 47.36; Bernalillo County; New Mexico,1636,202,223,160,1409,0,0,35,001,004736,1,1636,25.977995110024448,90.2200488997555,86.12469437652813,0.0,350010047361
Block Group 1; Census Tract 47.37; Bernalillo County; New Mexico,3493,205,471,541,2382,0,0,35,001,004737,1,3493,19.352991697681077,84.51188090466648,68.19352991697681,0.0,350010047371
Block Group 2; Census Tract 47.37; Bernalillo County; New Mexico,3884,89,414,846,2681,0,0,35,001,004737,2,3884,12.950566426364574,78.2183316168898,69.02677651905252,0.0,350010047372
Block Group 3; Census Tract 47.37; Bernalillo County; New Mexico,1654,325,0,361,894,0,0,35,001,004737,3,1654,19.649334945586457,78.17412333736397,54.05078597339782,0.0,350010047373
Block Group 1; Census Tract 47.38; Bernalillo County; New Mexico,1551,139,390,173,1353,11,0,35,001,004738,1,1551,34.107027724049,88.84590586718247,87.2340425531915,0.7092198581560284,350010047381
Block Group 2; Census Tract 47.38; Bernalillo County; New Mexico,3272,61,921,279,2812,0,0,35,001,004738,2,3272,30.012224938875303,91.47310513447434,85.94132029339853,0.0,350010047382
Block Group 3; Census Tract 47.38; Bernalillo County; New Mexico,2067,146,380,214,1285,31,32,35,001,004738,3,2067,25.44750846637639,89.64683115626512,62.1673923560716,3.0478955007256894,350010047383
Block Group 1; Census Tract 47.39; Bernalillo County; New Mexico,3343,364,210,329,2904,0,0,35,001,004739,1,3343,17.170206401435838,90.15854023332336,86.86808256057434,0.0,350010047391
Block Group 2; Census Tract 47.39; Bernalillo County; New Mexico,1401,140,339,132,1145,0,0,35,001,004739,2,1401,34.18986438258387,90.5781584582441,81.72733761598859,0.0,350010047392
Block Group 3; Census Tract 47.39; Bernalillo County; New Mexico,1427,28,278,84,1150,0,0,35,001,004739,3,1427,21.443587946741417,94.11352487736511,80.58864751226349,0.0,350010047393
Block Group 4; Census Tract 47.39; Bernalillo County; New Mexico,891,100,0,38,759,0,0,35,001,004739,4,891,11.22334455667789,95.7351290684624,85.18518518518519,0.0,350010047394
Block Group 1; Census Tract 47.42; Bernalillo County; New Mexico,2321,200,209,694,1380,0,0,35,001,004742,1,2321,17.62171477811288,70.09909521757862,59.45713054717794,0.0,350010047421
Block Group 2; Census Tract 47.42; Bernalillo County; New Mexico,2895,157,19,769,1969,29,0,35,001,004742,2,2895,6.079447322970639,73.43696027633851,68.01381692573403,1.001727115716753,350010047422
Block Group 3; Census Tract 47.42; Bernalillo County; New Mexico,1057,91,76,91,768,0,10,35,001,004742,3,1057,15.799432355723747,91.3907284768212,72.65846736045411,0.9460737937559129,350010047423
Block Group 1; Census Tract 47.43; Bernalillo County; New Mexico,1996,130,245,438,1391,8,0,35,001,004743,1,1996,18.7875751503006,78.05611222444891,69.68937875751503,0.4008016032064128,350010047431
Block Group 2; Census Tract 47.43; Bernalillo County; New Mexico,2096,181,250,582,1310,0,0,35,001,004743,2,2096,20.56297709923664,72.2328244274809,62.5,0.0,350010047432
Block Group 1; Census Tract 47.44; Bernalillo County; New Mexico,1753,91,0,497,996,18,0,35,001,004744,1,1753,5.191100969766115,71.64860239589275,56.81688533941814,1.026811180832858,350010047441
Block Group 2; Census Tract 47.44; Bernalillo County; New Mexico,2886,32,0,582,1938,0,10,35,001,004744,2,2886,1.1088011088011087,79.83367983367984,67.15176715176715,0.3465003465003465,350010047442
Block Group 3; Census Tract 47.44; Bernalillo County; New Mexico,2921,118,0,1185,1575,0,46,35,001,004744,3,2921,4.039712427250942,59.431701472098595,53.91989044847655,1.574803149606299,350010047443
Block Group 1; Census Tract 47.45; Bernalillo County; New Mexico,3028,98,18,1614,1085,0,0,35,001,004745,1,3028,3.830911492734478,46.697490092470275,35.83223249669749,0.0,350010047451
Block Group 2; Census Tract 47.45; Bernalillo County; New Mexico,1144,63,0,681,270,0,0,35,001,004745,2,1144,5.5069930069930075,40.472027972027966,23.6013986013986,0.0,350010047452
Block Group 3; Census Tract 47.45; Bernalillo County; New Mexico,2436,108,53,672,1486,0,0,35,001,004745,3,2436,6.609195402298851,72.41379310344827,61.00164203612479,0.0,350010047453
Block Group 1; Census Tract 47.47; Bernalillo County; New Mexico,1822,73,46,1056,608,10,15,35,001,004747,1,1822,6.531284302963776,42.041712403951706,33.36992316136114,1.3721185510428102,350010047471
Block Group 2; Census Tract 47.47; Bernalillo County; New Mexico,449,20,11,208,193,0,12,35,001,004747,2,449,6.904231625835189,53.67483296213808,42.98440979955457,2.6726057906458798,350010047472
Block Group 3; Census Tract 47.47; Bernalillo County; New Mexico,2352,480,133,780,990,12,0,35,001,004747,3,2352,26.06292517006803,66.83673469387756,42.09183673469388,0.5102040816326531,350010047473
Block Group 1; Census Tract 47.49; Bernalillo County; New Mexico,2037,434,291,446,1212,12,102,35,001,004749,1,2037,35.59155621011291,78.10505645557193,59.499263622974965,5.596465390279824,350010047491
Block Group 2; Census Tract 47.49; Bernalillo County; New Mexico,1183,289,75,202,787,0,65,35,001,004749,2,1183,30.76923076923077,82.92476754015216,66.5257819103973,5.4945054945054945,350010047492
Block Group 3; Census Tract 47.49; Bernalillo County; New Mexico,1347,52,191,514,712,9,46,35,001,004749,3,1347,18.040089086859687,61.84112843355605,52.85820341499628,4.083147735708983,350010047493
Block Group 1; Census Tract 47.50; Bernalillo County; New Mexico,2609,80,134,551,1473,21,0,35,001,004750,1,2609,8.202376389421234,78.88079724032197,56.4584131851284,0.8049060942889995,350010047501
Block Group 2; Census Tract 47.50; Bernalillo County; New Mexico,1245,161,120,301,892,0,0,35,001,004750,2,1245,22.570281124497992,75.82329317269077,71.64658634538152,0.0,350010047502
Block Group 3; Census Tract 47.50; Bernalillo County; New Mexico,900,78,30,289,485,31,0,35,001,004750,3,900,12.0,67.88888888888889,53.888888888888886,3.4444444444444446,350010047503
Block Group 4; Census Tract 47.50; Bernalillo County; New Mexico,1467,41,338,261,860,0,0,35,001,004750,4,1467,25.835037491479206,82.20858895705521,58.62304021813224,0.0,350010047504
Block Group 1; Census Tract 47.52; Bernalillo County; New Mexico,2257,232,5,822,972,7,0,35,001,004752,1,2257,10.500664599025255,63.57997341603898,43.066016836508645,0.31014621178555607,350010047521
Block Group 2; Census Tract 47.52; Bernalillo County; New Mexico,1045,0,0,474,311,4,41,35,001,004752,2,1045,0.0,54.64114832535885,29.76076555023923,4.30622009569378,350010047522
Block Group 3; Census Tract 47.52; Bernalillo County; New Mexico,747,40,30,211,297,0,0,35,001,004752,3,747,9.370816599732262,71.75368139223562,39.75903614457831,0.0,350010047523
Block Group 1; Census Tract 47.53; Bernalillo County; New Mexico,2686,21,13,1059,1495,0,0,35,001,004753,1,2686,1.2658227848101267,60.57334326135517,55.65897244973939,0.0,350010047531
Block Group 2; Census Tract 47.53; Bernalillo County; New Mexico,1478,205,0,455,684,0,0,35,001,004753,2,1478,13.870094722598106,69.21515561569689,46.2787550744249,0.0,350010047532
Block Group 1; Census Tract 47.54; Bernalillo County; New Mexico,1859,244,36,568,705,0,0,35,001,004754,1,1859,15.06186121570737,69.44593867670791,37.92361484669177,0.0,350010047541
Block Group 2; Census Tract 47.54; Bernalillo County; New Mexico,2829,159,102,743,1810,17,0,35,001,004754,2,2829,9.225874867444327,73.7363025804171,63.98020501944149,0.6009190526687875,350010047542
Block Group 1; Census Tract 47.55; Bernalillo County; New Mexico,1666,34,0,560,907,0,0,35,001,004755,1,1666,2.0408163265306123,66.38655462184873,54.44177671068427,0.0,350010047551
Block Group 2; Census Tract 47.55; Bernalillo County; New Mexico,2110,51,2,844,976,8,0,35,001,004755,2,2110,2.5118483412322274,60.0,46.25592417061611,0.37914691943127965,350010047552
Block Group 1; Census Tract 47.56; Bernalillo County; New Mexico,4629,348,12,1621,2032,0,0,35,001,004756,1,4629,7.777057679844458,64.98163750270037,43.89717001512206,0.0,350010047561
Block Group 1; Census Tract 47.57; Bernalillo County; New Mexico,2684,24,477,1406,1091,22,135,35,001,004757,1,2684,18.66616989567809,47.61549925484352,40.64828614008942,5.849478390461997,350010047571
Block Group 2; Census Tract 47.57; Bernalillo County; New Mexico,1485,64,0,663,811,0,76,35,001,004757,2,1485,4.30976430976431,55.35353535353536,54.612794612794616,5.117845117845118,350010047572
Block Group 3; Census Tract 47.57; Bernalillo County; New Mexico,1165,0,0,433,622,0,0,35,001,004757,3,1165,0.0,62.832618025751074,53.39055793991416,0.0,350010047573
Block Group 1; Census Tract 47.58; Bernalillo County; New Mexico,1951,0,0,920,758,18,0,35,001,004758,1,1951,0.0,52.84469502819067,38.851870835468986,0.9226037929267042,350010047581
Block Group 2; Census Tract 47.58; Bernalillo County; New Mexico,1704,171,69,641,630,11,0,35,001,004758,2,1704,14.084507042253522,62.382629107981224,36.971830985915496,0.6455399061032864,350010047582
Block Group 1; Census Tract 47.59; Bernalillo County; New Mexico,1447,360,160,0,1447,0,0,35,001,004759,1,1447,35.9364201796821,100.0,100.0,0.0,350010047591
Block Group 2; Census Tract 47.59; Bernalillo County; New Mexico,1867,142,198,338,1316,0,47,35,001,004759,2,1867,18.21103374397429,81.89608998393145,70.48741296197107,2.5174076057846815,350010047592
Block Group 1; Census Tract 47.60; Bernalillo County; New Mexico,3089,163,597,360,1987,12,0,35,001,004760,1,3089,24.603431531239885,88.34574295888638,64.32502427970218,0.38847523470378764,350010047601
Block Group 2; Census Tract 47.60; Bernalillo County; New Mexico,973,106,534,37,903,0,88,35,001,004760,2,973,65.775950668037,96.19732785200411,92.80575539568345,9.044193216855087,350010047602
Block Group 1; Census Tract 47.61; Bernalillo County; New Mexico,2547,7,14,118,2329,7,0,35,001,004761,1,2547,0.8244994110718492,95.36709854731056,91.44091087553986,0.27483313702394974,350010047611
Block Group 1; Census Tract 47.62; Bernalillo County; New Mexico,1087,114,132,117,912,0,0,35,001,004762,1,1087,22.63109475620975,89.2364305427783,83.90064397424104,0.0,350010047621
Block Group 2; Census Tract 47.62; Bernalillo County; New Mexico,446,106,0,51,312,0,8,35,001,004762,2,446,23.766816143497756,88.56502242152466,69.95515695067265,1.7937219730941705,350010047622
Block Group 3; Census Tract 47.62; Bernalillo County; New Mexico,1885,71,393,96,1728,47,64,35,001,004762,3,1885,24.615384615384617,94.90716180371352,91.67108753315651,5.888594164456233,350010047623
Block Group 4; Census Tract 47.62; Bernalillo County; New Mexico,1250,82,0,26,1020,0,0,35,001,004762,4,1250,6.5600000000000005,97.92,81.6,0.0,350010047624
Block Group 1; Census Tract 47.63; Bernalillo County; New Mexico,2396,69,118,1307,1027,0,0,35,001,004763,1,2396,7.804674457429048,45.45075125208681,42.863105175292155,0.0,350010047631
Block Group 2; Census Tract 47.63; Bernalillo County; New Mexico,2380,75,219,645,1244,13,46,35,001,004763,2,2380,12.352941176470589,72.89915966386556,52.268907563025216,2.4789915966386555,350010047632
Block Group 1; Census Tract 47.64; Bernalillo County; New Mexico,1401,73,48,585,677,61,0,35,001,004764,1,1401,8.636688079942898,58.2441113490364,48.3226266952177,4.354032833690221,350010047641
Block Group 2; Census Tract 47.64; Bernalillo County; New Mexico,1863,250,85,617,943,0,42,35,001,004764,2,1863,17.981749865807835,66.88137412775093,50.617283950617285,2.254428341384863,350010047642
Block Group 1; Census Tract 48; Bernalillo County; New Mexico,1409,49,65,314,999,5,45,35,001,004800,1,1409,8.090844570617458,77.71469127040454,70.9013484740951,3.5486160397444997,350010048001
Block Group 2; Census Tract 48; Bernalillo County; New Mexico,1915,189,213,359,1161,36,11,35,001,004800,2,1915,20.99216710182768,81.2532637075718,60.62663185378591,2.4543080939947783,350010048002
Block Group 3; Census Tract 48; Bernalillo County; New Mexico,623,52,33,253,311,11,22,35,001,004800,3,623,13.643659711075443,59.3900481540931,49.919743178170144,5.296950240770466,350010048003
Block Group 1; Census Tract 49; Bernalillo County; New Mexico,1952,284,362,858,693,28,366,35,001,004900,1,1952,33.09426229508197,56.045081967213115,35.50204918032787,20.184426229508194,350010049001
Block Group 2; Census Tract 49; Bernalillo County; New Mexico,666,68,176,263,248,0,182,35,001,004900,2,666,36.63663663663664,60.51051051051051,37.23723723723724,27.32732732732733,350010049002
Block Group 3; Census Tract 49; Bernalillo County; New Mexico,935,62,70,650,161,31,91,35,001,004900,3,935,14.117647058823529,30.481283422459892,17.219251336898395,13.04812834224599,350010049003
Block Group 1; Census Tract 9405; Bernalillo County; New Mexico,788,31,17,504,222,3,0,35,001,940500,1,788,6.091370558375635,36.04060913705583,28.17258883248731,0.3807106598984772,350019405001
Block Group 2; Census Tract 9405; Bernalillo County; New Mexico,2156,37,29,1547,300,9,0,35,001,940500,2,2156,3.061224489795918,28.246753246753244,13.91465677179963,0.4174397031539889,350019405002
Block Group 1; Census Tract 9406.01; Bernalillo County; New Mexico,3148,31,0,1376,1288,0,21,35,001,940601,1,3148,0.9847522236340533,56.289707750952985,40.9148665819568,0.6670902160101652,350019406011
Block Group 2; Census Tract 9406.01; Bernalillo County; New Mexico,3146,392,0,845,1591,0,0,35,001,940601,2,3146,12.460267005721551,73.14049586776859,50.57215511760966,0.0,350019406012
Block Group 3; Census Tract 9406.01; Bernalillo County; New Mexico,4974,31,0,2336,1702,0,0,35,001,940601,3,4974,0.6232408524326498,53.035786087655815,34.21793325291516,0.0,350019406013
Block Group 1; Census Tract 9406.02; Bernalillo County; New Mexico,1456,162,281,0,29,67,14,35,001,940602,1,1456,30.42582417582417,100.0,1.9917582417582416,5.563186813186813,350019406021
Block Group 2; Census Tract 9406.02; Bernalillo County; New Mexico,590,230,108,218,262,0,0,35,001,940602,2,590,57.28813559322033,63.05084745762712,44.40677966101695,0.0,350019406022
Block Group 1; Census Tract 9407; Bernalillo County; New Mexico,2925,250,230,54,539,39,23,35,001,940700,1,2925,16.41025641025641,98.15384615384616,18.42735042735043,2.1196581196581197,350019407001
Block Group 1; Census Tract 9408; Bernalillo County; New Mexico,0,0,0,0,0,0,0,35,001,940800,1,0,,,,,350019408001
Block Group 2; Census Tract 9408; Bernalillo County; New Mexico,0,0,0,0,0,0,0,35,001,940800,2,0,,,,,350019408002
Block Group 3; Census Tract 9408; Bernalillo County; New Mexico,0,0,0,0,0,0,0,35,001,940800,3,0,,,,,350019408003
Block Group 4; Census Tract 9408; Bernalillo County; New Mexico,0,0,0,0,0,0,0,35,001,940800,4,0,,,,,350019408004
Block Group 1; Census Tract 9800; Bernalillo County; New Mexico,705,0,38,510,110,0,48,35,001,980000,1,705,5.390070921985815,27.6595744680851,15.602836879432624,6.808510638297872,350019800001
Block Group 2; Census Tract 9800; Bernalillo County; New Mexico,389,0,16,218,125,0,0,35,001,980000,2,389,4.113110539845758,43.958868894601544,32.13367609254499,0.0,350019800002
Block Group 3; Census Tract 9800; Bernalillo County; New Mexico,2330,33,303,1064,638,0,18,35,001,980000,3,2330,14.420600858369099,54.33476394849785,27.381974248927037,0.7725321888412017,350019800003
Block Group 4; Census Tract 9800; Bernalillo County; New Mexico,553,0,0,260,155,0,0,35,001,980000,4,553,0.0,52.98372513562387,28.028933092224236,0.0,350019800004
Block Group 1; Census Tract 9803; Bernalillo County; New Mexico,0,0,0,0,0,0,0,35,001,980300,1,0,,,,,350019803001
Block Group 1; Census Tract 9805; Bernalillo County; New Mexico,1231,0,0,267,737,0,0,35,001,980500,1,1231,0.0,78.31031681559708,59.87002437043054,0.0,350019805001
Block Group 1; Census Tract 9806; Bernalillo County; New Mexico,16,4,0,8,0,0,0,35,001,980600,1,16,25.0,50.0,0.0,0.0,350019806001
Block Group 2; Census Tract 9806; Bernalillo County; New Mexico,0,0,0,0,0,0,0,35,001,980600,2,0,,,,,350019806002
Block Group 1; Census Tract 9764.01; Catron County; New Mexico,1054,48,219,788,198,0,0,35,003,976401,1,1054,25.332068311195442,25.237191650853884,18.785578747628083,0.0,350039764011
Block Group 2; Census Tract 9764.01; Catron County; New Mexico,665,61,190,374,280,0,0,35,003,976401,2,665,37.74436090225564,43.7593984962406,42.10526315789473,0.0,350039764012
Block Group 1; Census Tract 9764.02; Catron County; New Mexico,540,0,86,503,37,37,49,35,003,976402,1,540,15.925925925925927,6.851851851851853,6.851851851851852,15.925925925925927,350039764021
Block Group 2; Census Tract 9764.02; Catron County; New Mexico,635,8,44,576,44,0,0,35,003,976402,2,635,8.188976377952756,9.291338582677167,6.929133858267717,0.0,350039764022
Block Group 3; Census Tract 9764.02; Catron County; New Mexico,791,63,53,668,0,29,0,35,003,976402,3,791,14.664981036662454,15.549936788874842,0.0,3.6662452591656134,350039764023
Block Group 1; Census Tract 2.01; Chaves County; New Mexico,335,142,26,233,102,0,0,35,005,000201,1,335,50.14925373134328,30.447761194029855,30.447761194029848,0.0,350050002011
Block Group 2; Census Tract 2.01; Chaves County; New Mexico,1006,0,99,509,480,21,0,35,005,000201,2,1006,9.840954274353876,49.40357852882704,47.713717693836976,2.0874751491053676,350050002012
Block Group 3; Census Tract 2.01; Chaves County; New Mexico,1460,107,74,386,1021,42,0,35,005,000201,3,1460,12.397260273972604,73.56164383561644,69.93150684931507,2.8767123287671232,350050002013
Block Group 4; Census Tract 2.01; Chaves County; New Mexico,330,4,55,135,119,0,0,35,005,000201,4,330,17.87878787878788,59.09090909090908,36.06060606060606,0.0,350050002014
Block Group 1; Census Tract 2.02; Chaves County; New Mexico,2033,717,235,670,1305,25,209,35,005,000202,1,2033,46.82734874569602,67.04377766847024,64.19085095917364,11.510083620265616,350050002021
Block Group 2; Census Tract 2.02; Chaves County; New Mexico,706,24,54,107,556,6,41,35,005,000202,2,706,11.048158640226628,84.84419263456091,78.75354107648725,6.6572237960339935,350050002022
Block Group 3; Census Tract 2.02; Chaves County; New Mexico,987,207,93,586,368,7,0,35,005,000202,3,987,30.3951367781155,40.62816616008106,37.28470111448835,0.7092198581560284,350050002023
Block Group 1; Census Tract 3.01; Chaves County; New Mexico,1398,15,95,362,975,47,0,35,005,000301,1,1398,7.868383404864092,74.10586552217453,69.74248927038627,3.3619456366237483,350050003011
Block Group 2; Census Tract 3.01; Chaves County; New Mexico,651,20,161,284,349,20,20,35,005,000301,2,651,27.80337941628264,56.374807987711215,53.60983102918587,6.1443932411674345,350050003012
Block Group 3; Census Tract 3.01; Chaves County; New Mexico,808,1,148,133,675,0,0,35,005,000301,3,808,18.44059405940594,83.53960396039604,83.53960396039604,0.0,350050003013
Block Group 1; Census Tract 3.02; Chaves County; New Mexico,2254,408,155,1003,985,0,79,35,005,000302,1,2254,24.97781721384206,55.50133096716947,43.70008873114463,3.504880212954747,350050003021
Block Group 2; Census Tract 3.02; Chaves County; New Mexico,839,0,25,241,417,0,0,35,005,000302,2,839,2.9797377830750893,71.27532777115614,49.70202622169249,0.0,350050003022
Block Group 1; Census Tract 4; Chaves County; New Mexico,1527,121,274,747,774,0,0,35,005,000400,1,1527,25.867714472822527,51.080550098231825,50.687622789783894,0.0,350050004001
Block Group 2; Census Tract 4; Chaves County; New Mexico,2399,791,284,316,2037,0,58,35,005,000400,2,2399,44.81033764068362,86.82784493538975,84.91037932471863,2.417674030846186,350050004002
Block Group 3; Census Tract 4; Chaves County; New Mexico,565,0,271,124,441,0,32,35,005,000400,3,565,47.9646017699115,78.05309734513276,78.05309734513274,5.663716814159292,350050004003
Block Group 4; Census Tract 4; Chaves County; New Mexico,801,90,109,341,413,0,13,35,005,000400,4,801,24.84394506866417,57.42821473158553,51.56054931335831,1.6229712858926344,350050004004
Block Group 1; Census Tract 5; Chaves County; New Mexico,713,241,194,166,536,0,32,35,005,000500,1,713,61.00981767180925,76.71809256661992,75.17531556802244,4.488078541374474,350050005001
Block Group 2; Census Tract 5; Chaves County; New Mexico,1278,0,293,236,1035,21,15,35,005,000500,2,1278,22.926447574334897,81.53364632237871,80.98591549295774,2.8169014084507045,350050005002
Block Group 1; Census Tract 6; Chaves County; New Mexico,1097,96,26,321,692,11,0,35,005,000600,1,1097,11.121239744758432,70.7383773928897,63.081130355515036,1.0027347310847767,350050006001
Block Group 2; Census Tract 6; Chaves County; New Mexico,926,54,590,41,880,0,0,35,005,000600,2,926,69.54643628509719,95.57235421166307,95.03239740820734,0.0,350050006002
Block Group 3; Census Tract 6; Chaves County; New Mexico,629,24,423,51,548,0,0,35,005,000600,3,629,71.06518282988871,91.89189189189189,87.12241653418124,0.0,350050006003
Block Group 4; Census Tract 6; Chaves County; New Mexico,1561,630,163,156,1391,0,34,35,005,000600,4,1561,50.80076873798846,90.00640614990391,89.10954516335681,2.1780909673286355,350050006004
Block Group 5; Census Tract 6; Chaves County; New Mexico,728,208,23,20,664,0,0,35,005,000600,5,728,31.73076923076923,97.25274725274726,91.20879120879121,0.0,350050006005
Block Group 1; Census Tract 7; Chaves County; New Mexico,600,265,110,223,377,0,0,35,005,000700,1,600,62.5,62.83333333333334,62.83333333333333,0.0,350050007001
Block Group 2; Census Tract 7; Chaves County; New Mexico,1956,37,232,553,1375,7,0,35,005,000700,2,1956,13.752556237218814,71.7280163599182,70.29652351738241,0.35787321063394684,350050007002
Block Group 3; Census Tract 7; Chaves County; New Mexico,1421,23,36,391,858,0,0,35,005,000700,3,1421,4.1520056298381425,72.4841660802252,60.38001407459536,0.0,350050007003
Block Group 4; Census Tract 7; Chaves County; New Mexico,831,95,0,349,467,0,63,35,005,000700,4,831,11.432009626955475,58.00240673886883,56.19735258724429,7.581227436823104,350050007004
Block Group 1; Census Tract 8; Chaves County; New Mexico,1673,18,70,1020,651,18,67,35,005,000800,1,1673,5.260011954572624,39.031679617453676,38.912133891213394,5.080693365212194,350050008001
Block Group 2; Census Tract 8; Chaves County; New Mexico,1366,307,0,345,907,0,0,35,005,000800,2,1366,22.47437774524158,74.7437774524158,66.398243045388,0.0,350050008002
Block Group 3; Census Tract 8; Chaves County; New Mexico,1467,0,0,656,741,0,70,35,005,000800,3,1467,0.0,55.2828902522154,50.511247443762784,4.771642808452625,350050008003
Block Group 4; Census Tract 8; Chaves County; New Mexico,892,19,0,409,470,0,0,35,005,000800,4,892,2.130044843049327,54.147982062780265,52.690582959641254,0.0,350050008004
Block Group 5; Census Tract 8; Chaves County; New Mexico,498,22,269,54,444,0,0,35,005,000800,5,498,58.43373493975904,89.1566265060241,89.1566265060241,0.0,350050008005
Block Group 1; Census Tract 9; Chaves County; New Mexico,2633,157,41,1149,1154,23,0,35,005,000900,1,2633,7.519939232814281,56.36156475503229,43.82833270034182,0.8735282947208508,350050009001
Block Group 2; Census Tract 9; Chaves County; New Mexico,901,1,0,271,562,0,0,35,005,000900,2,901,0.11098779134295228,69.92230854605994,62.375138734739174,0.0,350050009002
Block Group 1; Census Tract 10.01; Chaves County; New Mexico,2594,15,121,1309,1046,0,0,35,005,001001,1,2594,5.242868157286044,49.53739398612183,40.32382420971473,0.0,350050010011
Block Group 2; Census Tract 10.01; Chaves County; New Mexico,1479,16,38,901,501,12,14,35,005,001001,2,1479,3.6511156186612577,39.08045977011494,33.874239350912774,1.757944557133198,350050010012
Block Group 3; Census Tract 10.01; Chaves County; New Mexico,1478,67,0,438,1012,0,0,35,005,001001,3,1478,4.533152909336942,70.36535859269283,68.47090663058187,0.0,350050010013
Block Group 1; Census Tract 10.02; Chaves County; New Mexico,1192,58,160,595,548,21,50,35,005,001002,1,1192,18.288590604026847,50.08389261744966,45.97315436241611,5.956375838926174,350050010021
Block Group 2; Census Tract 10.02; Chaves County; New Mexico,1862,156,111,1102,657,0,50,35,005,001002,2,1862,14.339419978517723,40.816326530612244,35.284640171858214,2.685284640171858,350050010022
Block Group 3; Census Tract 10.02; Chaves County; New Mexico,797,13,72,537,213,0,84,35,005,001002,3,797,10.664993726474279,32.62233375156838,26.72521957340025,10.53952321204517,350050010023
Block Group 1; Census Tract 11.01; Chaves County; New Mexico,820,0,81,367,442,15,0,35,005,001101,1,820,9.878048780487806,55.243902439024396,53.90243902439025,1.8292682926829267,350050011011
Block Group 2; Census Tract 11.01; Chaves County; New Mexico,1259,224,32,524,674,11,0,35,005,001101,2,1259,20.33359809372518,58.379666401906285,53.53455123113582,0.8737092930897538,350050011012
Block Group 3; Census Tract 11.01; Chaves County; New Mexico,1075,217,156,100,859,0,0,35,005,001101,3,1075,34.69767441860465,90.69767441860466,79.90697674418604,0.0,350050011013
Block Group 4; Census Tract 11.01; Chaves County; New Mexico,1223,259,404,327,833,0,0,35,005,001101,4,1223,54.210956663941126,73.2624693376942,68.11120196238757,0.0,350050011014
Block Group 1; Census Tract 11.02; Chaves County; New Mexico,1463,11,0,987,471,6,0,35,005,001102,1,1463,0.7518796992481203,32.535885167464116,32.19412166780588,0.4101161995898838,350050011021
Block Group 2; Census Tract 11.02; Chaves County; New Mexico,2103,162,367,1169,781,0,0,35,005,001102,2,2103,25.154541131716595,44.41274369947694,37.13742272943414,0.0,350050011022
Block Group 3; Census Tract 11.02; Chaves County; New Mexico,371,3,8,319,52,7,0,35,005,001102,3,371,2.964959568733154,14.016172506738545,14.016172506738545,1.8867924528301887,350050011023
Block Group 1; Census Tract 12; Chaves County; New Mexico,850,25,13,450,352,0,3,35,005,001200,1,850,4.470588235294118,47.05882352941176,41.411764705882355,0.35294117647058826,350050012001
Block Group 2; Census Tract 12; Chaves County; New Mexico,562,52,42,217,345,19,0,35,005,001200,2,562,16.72597864768683,61.38790035587189,61.387900355871885,3.3807829181494666,350050012002
Block Group 1; Census Tract 13; Chaves County; New Mexico,1292,77,386,153,1111,16,20,35,005,001300,1,1292,35.8359133126935,88.1578947368421,85.99071207430342,2.786377708978328,350050013001
Block Group 2; Census Tract 13; Chaves County; New Mexico,2291,154,333,885,1223,0,0,35,005,001300,2,2291,21.25709297250109,61.370580532518545,53.382802269751195,0.0,350050013002
Block Group 1; Census Tract 14; Chaves County; New Mexico,1703,96,300,666,982,29,5,35,005,001400,1,1703,23.253082795067527,60.892542571931884,57.662947739283624,1.996476805637111,350050014001
Block Group 2; Census Tract 14; Chaves County; New Mexico,763,30,32,248,458,15,0,35,005,001400,2,763,8.125819134993446,67.49672346002622,60.026212319790304,1.9659239842726082,350050014002
Block Group 1; Census Tract 9415; Cibola County; New Mexico,3119,97,497,69,242,77,0,35,006,941500,1,3119,19.0445655658865,97.78775248477076,7.758897082398204,2.4687399807630652,350069415001
Block Group 1; Census Tract 9458; Cibola County; New Mexico,1166,209,123,170,95,12,19,35,006,945800,1,1166,28.473413379073758,85.42024013722127,8.147512864493997,2.6586620926243567,350069458001
Block Group 2; Census Tract 9458; Cibola County; New Mexico,1146,224,118,120,154,44,16,35,006,945800,2,1146,29.84293193717277,89.52879581151832,13.438045375218149,5.2356020942408374,350069458002
Block Group 1; Census Tract 9461; Cibola County; New Mexico,1154,2,173,8,0,63,0,35,006,946100,1,1154,15.164644714038127,99.30675909878683,0.0,5.459272097053726,350069461001
Block Group 2; Census Tract 9461; Cibola County; New Mexico,1077,161,332,26,29,0,0,35,006,946100,2,1077,45.77530176415971,97.58588672237697,2.692664809656453,0.0,350069461002
Block Group 3; Census Tract 9461; Cibola County; New Mexico,2575,223,940,77,0,44,0,35,006,946100,3,2575,45.165048543689316,97.00970873786407,0.0,1.70873786407767,350069461003
Block Group 1; Census Tract 9742.01; Cibola County; New Mexico,1429,507,162,365,579,0,85,35,006,974201,1,1429,46.81595521343597,74.45766270118965,40.517844646606015,5.948215535339398,350069742011
Block Group 2; Census Tract 9742.01; Cibola County; New Mexico,2125,66,177,293,1575,0,43,35,006,974201,2,2125,11.435294117647059,86.21176470588236,74.11764705882354,2.023529411764706,350069742012
Block Group 3; Census Tract 9742.01; Cibola County; New Mexico,887,126,346,48,677,0,0,35,006,974201,3,887,53.213077790304396,94.58850056369785,76.32468996617813,0.0,350069742013
Block Group 4; Census Tract 9742.01; Cibola County; New Mexico,1053,0,25,370,551,0,12,35,006,974201,4,1053,2.3741690408357075,64.86229819563152,52.32668566001899,1.1396011396011396,350069742014
Block Group 1; Census Tract 9742.02; Cibola County; New Mexico,128,0,36,21,86,0,0,35,006,974202,1,128,28.125,83.59375,67.1875,0.0,350069742021
Block Group 2; Census Tract 9742.02; Cibola County; New Mexico,1522,65,633,264,1004,0,61,35,006,974202,2,1522,45.860709592641264,82.65440210249672,65.9658344283837,4.0078843626806835,350069742022
Block Group 3; Census Tract 9742.02; Cibola County; New Mexico,907,94,13,345,369,5,0,35,006,974202,3,907,11.797133406835721,61.9625137816979,40.683572216097026,0.5512679162072767,350069742023
Block Group 1; Census Tract 9744.01; Cibola County; New Mexico,385,9,61,155,122,0,0,35,006,974401,1,385,18.181818181818183,59.74025974025974,31.68831168831169,0.0,350069744011
Block Group 2; Census Tract 9744.01; Cibola County; New Mexico,525,77,145,77,448,0,0,35,006,974401,2,525,42.285714285714285,85.33333333333333,85.33333333333334,0.0,350069744012
Block Group 1; Census Tract 9744.02; Cibola County; New Mexico,1161,128,30,274,788,11,0,35,006,974402,1,1161,13.608957795004306,76.39965546942291,67.87252368647717,0.9474590869939706,350069744021
Block Group 2; Census Tract 9744.02; Cibola County; New Mexico,1650,148,302,122,747,1,0,35,006,974402,2,1650,27.27272727272727,92.60606060606061,45.27272727272727,0.06060606060606061,350069744022
Block Group 1; Census Tract 9747.01; Cibola County; New Mexico,230,8,0,62,97,0,0,35,006,974701,1,230,3.4782608695652173,73.04347826086956,42.173913043478265,0.0,350069747011
Block Group 2; Census Tract 9747.01; Cibola County; New Mexico,1119,0,77,677,365,0,0,35,006,974701,2,1119,6.881143878462913,39.49955317247542,32.618409294012515,0.0,350069747012
Block Group 3; Census Tract 9747.01; Cibola County; New Mexico,255,0,0,180,33,0,0,35,006,974701,3,255,0.0,29.411764705882348,12.941176470588237,0.0,350069747013
Block Group 4; Census Tract 9747.01; Cibola County; New Mexico,776,58,0,547,144,0,14,35,006,974701,4,776,7.474226804123711,29.510309278350512,18.556701030927837,1.804123711340206,350069747014
Block Group 5; Census Tract 9747.01; Cibola County; New Mexico,746,0,397,504,0,45,0,35,006,974701,5,746,53.2171581769437,32.43967828418231,0.0,6.032171581769437,350069747015
Block Group 1; Census Tract 9747.02; Cibola County; New Mexico,1924,4,248,556,820,0,0,35,006,974702,1,1924,13.097713097713099,71.1018711018711,42.61954261954262,0.0,350069747021
Block Group 1; Census Tract 9505; Colfax County; New Mexico,432,0,58,135,297,0,0,35,007,950500,1,432,13.425925925925927,68.75,68.75,0.0,350079505001
Block Group 2; Census Tract 9505; Colfax County; New Mexico,678,12,24,201,477,6,0,35,007,950500,2,678,5.3097345132743365,70.35398230088495,70.35398230088495,0.8849557522123894,350079505002
Block Group 3; Census Tract 9505; Colfax County; New Mexico,436,22,60,107,329,0,44,35,007,950500,3,436,18.807339449541285,75.45871559633028,75.45871559633028,10.091743119266056,350079505003
Block Group 4; Census Tract 9505; Colfax County; New Mexico,910,188,62,452,406,26,0,35,007,950500,4,910,27.472527472527474,50.32967032967033,44.61538461538462,2.857142857142857,350079505004
Block Group 5; Census Tract 9505; Colfax County; New Mexico,1380,0,0,646,683,31,0,35,007,950500,5,1380,0.0,53.188405797101446,49.492753623188406,2.246376811594203,350079505005
Block Group 6; Census Tract 9505; Colfax County; New Mexico,492,40,87,225,252,0,0,35,007,950500,6,492,25.8130081300813,54.268292682926834,51.21951219512195,0.0,350079505006
Block Group 1; Census Tract 9506; Colfax County; New Mexico,552,0,0,408,120,0,34,35,007,950600,1,552,0.0,26.086956521739136,21.73913043478261,6.159420289855073,350079506001
Block Group 2; Census Tract 9506; Colfax County; New Mexico,530,6,0,211,253,0,0,35,007,950600,2,530,1.1320754716981132,60.18867924528302,47.735849056603776,0.0,350079506002
Block Group 3; Census Tract 9506; Colfax County; New Mexico,544,29,344,193,328,8,122,35,007,950600,3,544,68.56617647058823,64.52205882352942,60.29411764705882,23.897058823529413,350079506003
Block Group 4; Census Tract 9506; Colfax County; New Mexico,590,77,46,283,274,0,38,35,007,950600,4,590,20.847457627118644,52.03389830508475,46.440677966101696,6.440677966101695,350079506004
Block Group 5; Census Tract 9506; Colfax County; New Mexico,565,31,167,245,282,67,20,35,007,950600,5,565,35.04424778761062,56.63716814159292,49.91150442477876,15.398230088495577,350079506005
Block Group 1; Census Tract 9507; Colfax County; New Mexico,1456,9,156,622,703,0,10,35,007,950700,1,1456,11.332417582417582,57.280219780219774,48.282967032967036,0.6868131868131868,350079507001
Block Group 2; Census Tract 9507; Colfax County; New Mexico,1167,122,60,430,731,0,8,35,007,950700,2,1167,15.5955441302485,63.15338474721508,62.639245929734365,0.6855184233076265,350079507002
Block Group 3; Census Tract 9507; Colfax County; New Mexico,938,31,73,745,164,4,0,35,007,950700,3,938,11.087420042643924,20.57569296375267,17.48400852878465,0.42643923240938164,350079507003
Block Group 4; Census Tract 9507; Colfax County; New Mexico,534,9,43,208,321,0,18,35,007,950700,4,534,9.737827715355806,61.048689138576776,60.1123595505618,3.3707865168539324,350079507004
Block Group 5; Census Tract 9507; Colfax County; New Mexico,1132,133,96,783,229,0,0,35,007,950700,5,1132,20.229681978798585,30.830388692579504,20.229681978798585,0.0,350079507005
Block Group 1; Census Tract 1; Curry County; New Mexico,1031,46,95,106,740,0,38,35,009,000100,1,1031,13.676042677012608,89.71871968962174,71.77497575169738,3.685741998060136,350090001001
Block Group 2; Census Tract 1; Curry County; New Mexico,996,156,0,118,705,0,0,35,009,000100,2,996,15.66265060240964,88.15261044176707,70.78313253012048,0.0,350090001002
Block Group 3; Census Tract 1; Curry County; New Mexico,1132,244,13,0,1089,0,0,35,009,000100,3,1132,22.703180212014136,100.0,96.20141342756183,0.0,350090001003
Block Group 4; Census Tract 1; Curry County; New Mexico,301,0,159,64,222,33,0,35,009,000100,4,301,52.823920265780735,78.73754152823919,73.75415282392026,10.96345514950166,350090001004
Block Group 5; Census Tract 1; Curry County; New Mexico,1507,186,665,101,1295,0,0,35,009,000100,5,1507,56.46980756469807,93.29794293297942,85.93231585932315,0.0,350090001005
Block Group 1; Census Tract 2.01; Curry County; New Mexico,705,287,20,186,454,0,8,35,009,000201,1,705,43.54609929078014,73.61702127659575,64.39716312056738,1.1347517730496455,350090002011
Block Group 2; Census Tract 2.01; Curry County; New Mexico,721,0,79,187,360,0,0,35,009,000201,2,721,10.957004160887656,74.06380027739252,49.930651872399444,0.0,350090002012
Block Group 3; Census Tract 2.01; Curry County; New Mexico,1168,20,80,731,277,0,16,35,009,000201,3,1168,8.561643835616438,37.41438356164384,23.715753424657535,1.36986301369863,350090002013
Block Group 4; Census Tract 2.01; Curry County; New Mexico,1254,214,49,343,680,6,13,35,009,000201,4,1254,20.972886762360446,72.64752791068581,54.22647527910686,1.5151515151515151,350090002014
Block Group 1; Census Tract 2.02; Curry County; New Mexico,1452,463,95,797,366,0,36,35,009,000202,1,1452,38.429752066115704,45.11019283746557,25.206611570247933,2.479338842975207,350090002021
Block Group 2; Census Tract 2.02; Curry County; New Mexico,874,66,90,443,265,0,0,35,009,000202,2,874,17.84897025171625,49.31350114416476,30.320366132723116,0.0,350090002022
Block Group 3; Census Tract 2.02; Curry County; New Mexico,391,44,0,177,212,0,11,35,009,000202,3,391,11.253196930946292,54.73145780051151,54.21994884910486,2.813299232736573,350090002023
Block Group 4; Census Tract 2.02; Curry County; New Mexico,1479,106,360,226,1244,0,22,35,009,000202,4,1479,31.507775524002707,84.71940500338067,84.1108857336038,1.4874915483434754,350090002024
Block Group 1; Census Tract 3.03; Curry County; New Mexico,1912,9,143,1171,589,45,0,35,009,000303,1,1912,7.949790794979079,38.75523012552301,30.805439330543933,2.3535564853556483,350090003031
Block Group 2; Census Tract 3.03; Curry County; New Mexico,1302,101,274,587,522,0,14,35,009,000303,2,1302,28.80184331797235,54.91551459293396,40.09216589861751,1.0752688172043012,350090003032
Block Group 3; Census Tract 3.03; Curry County; New Mexico,973,61,2,499,351,0,0,35,009,000303,3,973,6.474820143884892,48.715313463514896,36.07399794450154,0.0,350090003033
Block Group 1; Census Tract 3.05; Curry County; New Mexico,963,0,281,579,256,0,0,35,009,000305,1,963,29.179646936656283,39.87538940809969,26.583592938733126,0.0,350090003051
Block Group 2; Census Tract 3.05; Curry County; New Mexico,1070,39,220,427,517,55,69,35,009,000305,2,1070,24.205607476635514,60.09345794392523,48.3177570093458,11.588785046728972,350090003052
Block Group 1; Census Tract 3.06; Curry County; New Mexico,2101,710,219,376,1593,0,29,35,009,000306,1,2101,44.217039504997615,82.10376011423132,75.82103760114232,1.3802950975725845,350090003061
Block Group 2; Census Tract 3.06; Curry County; New Mexico,504,178,79,195,156,0,0,35,009,000306,2,504,50.99206349206349,61.30952380952381,30.952380952380953,0.0,350090003062
Block Group 3; Census Tract 3.06; Curry County; New Mexico,309,4,75,184,105,0,0,35,009,000306,3,309,25.5663430420712,40.45307443365695,33.980582524271846,0.0,350090003063
Block Group 4; Census Tract 3.06; Curry County; New Mexico,924,131,24,401,428,9,0,35,009,000306,4,924,16.774891774891778,56.60173160173161,46.320346320346324,0.974025974025974,350090003064
Block Group 1; Census Tract 3.07; Curry County; New Mexico,1675,97,26,1248,328,0,37,35,009,000307,1,1675,7.343283582089552,25.49253731343284,19.582089552238806,2.208955223880597,350090003071
Block Group 2; Census Tract 3.07; Curry County; New Mexico,1906,36,41,1279,501,0,0,35,009,000307,2,1906,4.0398740818468,32.89611752360966,26.285414480587615,0.0,350090003072
Block Group 1; Census Tract 3.08; Curry County; New Mexico,1862,0,441,966,714,16,0,35,009,000308,1,1862,23.684210526315788,48.1203007518797,38.34586466165413,0.8592910848549946,350090003081
Block Group 2; Census Tract 3.08; Curry County; New Mexico,1392,26,37,861,346,0,9,35,009,000308,2,1392,4.525862068965517,38.146551724137936,24.856321839080458,0.646551724137931,350090003082
Block Group 1; Census Tract 4; Curry County; New Mexico,595,8,15,20,575,0,8,35,009,000400,1,595,3.865546218487395,96.63865546218487,96.63865546218487,1.3445378151260505,350090004001
Block Group 2; Census Tract 4; Curry County; New Mexico,1038,243,252,442,531,0,45,35,009,000400,2,1038,47.687861271676304,57.41811175337187,51.15606936416185,4.335260115606936,350090004002
Block Group 3; Census Tract 4; Curry County; New Mexico,1137,49,101,383,635,0,46,35,009,000400,3,1137,13.192612137203167,66.31486367634125,55.84872471416007,4.0457343887423045,350090004003
Block Group 4; Census Tract 4; Curry County; New Mexico,933,540,107,86,811,21,0,35,009,000400,4,933,69.34619506966774,90.78242229367632,86.92390139335477,2.2508038585209005,350090004004
Block Group 1; Census Tract 5; Curry County; New Mexico,830,15,73,102,714,11,0,35,009,000500,1,830,10.602409638554217,87.71084337349397,86.02409638554217,1.3253012048192772,350090005001
Block Group 2; Census Tract 5; Curry County; New Mexico,1275,68,15,192,860,0,0,35,009,000500,2,1275,6.509803921568627,84.94117647058823,67.45098039215686,0.0,350090005002
Block Group 1; Census Tract 6.01; Curry County; New Mexico,433,4,43,372,25,2,0,35,009,000601,1,433,10.854503464203233,14.087759815242496,5.773672055427252,0.4618937644341801,350090006011
Block Group 2; Census Tract 6.01; Curry County; New Mexico,507,78,72,384,107,0,8,35,009,000601,2,507,29.585798816568047,24.2603550295858,21.104536489151872,1.5779092702169626,350090006012
Block Group 1; Census Tract 6.02; Curry County; New Mexico,972,213,7,747,210,52,0,35,009,000602,1,972,22.633744855967077,23.148148148148152,21.604938271604937,5.349794238683128,350090006021
Block Group 2; Census Tract 6.02; Curry County; New Mexico,1240,68,148,864,209,37,0,35,009,000602,2,1240,17.419354838709676,30.32258064516129,16.85483870967742,2.9838709677419355,350090006022
Block Group 3; Census Tract 6.02; Curry County; New Mexico,2951,74,15,1965,560,86,0,35,009,000602,3,2951,3.01592680447306,33.41240257539817,18.976618095560827,2.914266350389698,350090006023
Block Group 1; Census Tract 6.03; Curry County; New Mexico,1567,73,283,553,922,31,14,35,009,000603,1,1567,22.718570516911296,64.7096362476069,58.838544990427565,2.871729419272495,350090006031
Block Group 2; Census Tract 6.03; Curry County; New Mexico,390,0,13,384,2,0,0,35,009,000603,2,390,3.3333333333333335,1.538461538461533,0.5128205128205128,0.0,350090006032
Block Group 3; Census Tract 6.03; Curry County; New Mexico,999,93,87,469,439,35,24,35,009,000603,3,999,18.01801801801802,53.053053053053056,43.94394394394394,5.905905905905906,350090006033
Block Group 4; Census Tract 6.03; Curry County; New Mexico,285,0,0,198,51,0,0,35,009,000603,4,285,0.0,30.526315789473678,17.894736842105264,0.0,350090006034
Block Group 1; Census Tract 9; Curry County; New Mexico,1503,0,45,976,361,0,28,35,009,000900,1,1503,2.9940119760479043,35.06320691949435,24.018629407850963,1.8629407850964737,350090009001
Block Group 2; Census Tract 9; Curry County; New Mexico,1373,53,97,598,455,0,0,35,009,000900,2,1373,10.924981791697014,56.44573925710124,33.139111434814275,0.0,350090009002
Block Group 1; Census Tract 9601; De Baca County; New Mexico,378,39,80,75,299,0,7,35,011,960100,1,378,31.48148148148148,80.15873015873017,79.1005291005291,1.8518518518518516,350119601001
Block Group 2; Census Tract 9601; De Baca County; New Mexico,1202,53,150,464,705,0,26,35,011,960100,2,1202,16.888519134775372,61.39767054908486,58.65224625623961,2.1630615640599005,350119601002
Block Group 1; Census Tract 1.02; Doña Ana County; New Mexico,1913,49,241,361,1479,121,0,35,013,000102,1,1913,15.159435441714583,81.12911657083114,77.31312075274438,6.3251437532671195,350130001021
Block Group 2; Census Tract 1.02; Doña Ana County; New Mexico,533,84,14,43,490,0,0,35,013,000102,2,533,18.386491557223263,91.93245778611632,91.93245778611632,0.0,350130001022
Block Group 3; Census Tract 1.02; Doña Ana County; New Mexico,991,203,388,62,730,29,0,35,013,000102,3,991,59.636730575176585,93.74369323915236,73.66296670030272,2.9263370332996974,350130001023
Block Group 4; Census Tract 1.02; Doña Ana County; New Mexico,1595,45,972,399,1188,37,33,35,013,000102,4,1595,63.76175548589341,74.98432601880877,74.48275862068967,4.38871473354232,350130001024
Block Group 1; Census Tract 1.03; Doña Ana County; New Mexico,1487,144,439,211,1162,16,9,35,013,000103,1,1487,39.20645595158037,85.81035642232683,78.14391392064559,1.6812373907195695,350130001031
Block Group 2; Census Tract 1.03; Doña Ana County; New Mexico,1551,42,55,147,1179,0,0,35,013,000103,2,1551,6.254029658284978,90.52224371373308,76.01547388781431,0.0,350130001032
Block Group 3; Census Tract 1.03; Doña Ana County; New Mexico,1426,296,40,121,1269,78,0,35,013,000103,3,1426,23.56241234221599,91.51472650771389,88.99018232819074,5.46984572230014,350130001033
Block Group 1; Census Tract 1.04; Doña Ana County; New Mexico,2750,126,336,675,1743,12,0,35,013,000104,1,2750,16.8,75.45454545454545,63.38181818181818,0.4363636363636364,350130001041
Block Group 2; Census Tract 1.04; Doña Ana County; New Mexico,1090,483,52,337,504,0,0,35,013,000104,2,1090,49.08256880733945,69.08256880733946,46.23853211009175,0.0,350130001042
Block Group 3; Census Tract 1.04; Doña Ana County; New Mexico,910,65,0,440,400,0,17,35,013,000104,3,910,7.142857142857142,51.64835164835164,43.956043956043956,1.8681318681318682,350130001043
Block Group 1; Census Tract 2.03; Doña Ana County; New Mexico,856,38,109,414,442,6,0,35,013,000203,1,856,17.172897196261683,51.63551401869159,51.63551401869159,0.7009345794392523,350130002031
Block Group 2; Census Tract 2.03; Doña Ana County; New Mexico,2102,105,686,408,1664,0,48,35,013,000203,2,2102,37.63082778306375,80.58991436726927,79.162702188392,2.283539486203616,350130002032
Block Group 1; Census Tract 2.04; Doña Ana County; New Mexico,1420,0,41,239,1162,0,0,35,013,000204,1,1420,2.887323943661972,83.16901408450704,81.83098591549296,0.0,350130002041
Block Group 2; Census Tract 2.04; Doña Ana County; New Mexico,3136,0,169,908,2114,0,0,35,013,000204,2,3136,5.389030612244898,71.04591836734694,67.41071428571429,0.0,350130002042
Block Group 3; Census Tract 2.04; Doña Ana County; New Mexico,563,31,0,39,503,0,0,35,013,000204,3,563,5.506216696269982,93.07282415630551,89.34280639431617,0.0,350130002043
Block Group 1; Census Tract 2.05; Doña Ana County; New Mexico,1235,89,53,1156,64,8,0,35,013,000205,1,1235,11.497975708502024,6.396761133603235,5.182186234817814,0.6477732793522267,350130002051
Block Group 2; Census Tract 2.05; Doña Ana County; New Mexico,1000,36,141,149,773,0,26,35,013,000205,2,1000,17.7,85.1,77.3,2.6,350130002052
Block Group 1; Census Tract 2.06; Doña Ana County; New Mexico,1303,221,59,329,969,0,0,35,013,000206,1,1303,21.488871834228704,74.75057559478128,74.36684574059862,0.0,350130002061
Block Group 2; Census Tract 2.06; Doña Ana County; New Mexico,1088,36,0,177,843,0,209,35,013,000206,2,1088,3.308823529411765,83.73161764705883,77.48161764705883,19.209558823529413,350130002062
Block Group 1; Census Tract 3; Doña Ana County; New Mexico,1121,385,320,409,667,0,104,35,013,000300,1,1121,62.890276538804635,63.514719000892065,59.50044603033007,9.27743086529884,350130003001
Block Group 2; Census Tract 3; Doña Ana County; New Mexico,907,67,185,410,387,23,90,35,013,000300,2,907,27.783902976846747,54.79603087100331,42.668136714443214,12.458654906284455,350130003002
Block Group 3; Census Tract 3; Doña Ana County; New Mexico,1300,46,4,529,711,29,9,35,013,000300,3,1300,3.8461538461538463,59.30769230769231,54.69230769230769,2.923076923076923,350130003003
Block Group 1; Census Tract 4.01; Doña Ana County; New Mexico,1286,331,265,165,893,25,89,35,013,000401,1,1286,46.3452566096423,87.16951788491446,69.44012441679627,8.864696734059098,350130004011
Block Group 2; Census Tract 4.01; Doña Ana County; New Mexico,694,87,321,72,615,21,46,35,013,000401,2,694,58.789625360230545,89.62536023054754,88.61671469740634,9.654178674351584,350130004012
Block Group 3; Census Tract 4.01; Doña Ana County; New Mexico,345,56,48,81,264,0,48,35,013,000401,3,345,30.144927536231886,76.52173913043478,76.52173913043478,13.91304347826087,350130004013
Block Group 1; Census Tract 4.02; Doña Ana County; New Mexico,1578,934,57,202,1376,0,34,35,013,000402,1,1578,62.80101394169834,87.19898605830166,87.19898605830166,2.1546261089987326,350130004021
Block Group 2; Census Tract 4.02; Doña Ana County; New Mexico,610,15,127,166,444,20,0,35,013,000402,2,610,23.278688524590162,72.78688524590164,72.78688524590164,3.278688524590164,350130004022
Block Group 3; Census Tract 4.02; Doña Ana County; New Mexico,695,75,13,273,414,0,0,35,013,000402,3,695,12.661870503597122,60.71942446043166,59.56834532374101,0.0,350130004023
Block Group 4; Census Tract 4.02; Doña Ana County; New Mexico,208,21,60,28,180,0,0,35,013,000402,4,208,38.94230769230769,86.53846153846155,86.53846153846155,0.0,350130004024
Block Group 5; Census Tract 4.02; Doña Ana County; New Mexico,2484,42,663,441,2043,0,0,35,013,000402,5,2484,28.381642512077292,82.2463768115942,82.2463768115942,0.0,350130004025
Block Group 1; Census Tract 5; Doña Ana County; New Mexico,1006,31,213,188,812,0,0,35,013,000500,1,1006,24.254473161033797,81.31212723658052,80.71570576540755,0.0,350130005001
Block Group 2; Census Tract 5; Doña Ana County; New Mexico,678,102,178,104,570,0,7,35,013,000500,2,678,41.29793510324484,84.66076696165192,84.070796460177,1.0324483775811208,350130005002
Block Group 3; Census Tract 5; Doña Ana County; New Mexico,715,28,73,236,452,0,14,35,013,000500,3,715,14.125874125874127,66.99300699300699,63.21678321678321,1.9580419580419581,350130005003
Block Group 1; Census Tract 6; Doña Ana County; New Mexico,715,48,293,62,617,2,31,35,013,000600,1,715,47.69230769230769,91.32867132867133,86.2937062937063,4.615384615384616,350130006001
Block Group 2; Census Tract 6; Doña Ana County; New Mexico,864,106,121,196,663,0,0,35,013,000600,2,864,26.273148148148145,77.31481481481481,76.73611111111111,0.0,350130006002
Block Group 3; Census Tract 6; Doña Ana County; New Mexico,1085,120,225,414,671,15,91,35,013,000600,3,1085,31.797235023041477,61.843317972350235,61.843317972350235,9.76958525345622,350130006003
Block Group 1; Census Tract 7; Doña Ana County; New Mexico,1254,338,390,196,1019,0,196,35,013,000700,1,1254,58.0542264752791,84.37001594896331,81.25996810207337,15.629984051036683,350130007001
Block Group 2; Census Tract 7; Doña Ana County; New Mexico,1477,118,45,261,1158,11,25,35,013,000700,2,1477,11.03588354773189,82.32904536222073,78.40216655382532,2.4373730534867977,350130007002
Block Group 3; Census Tract 7; Doña Ana County; New Mexico,1077,0,54,123,954,15,0,35,013,000700,3,1077,5.013927576601671,88.57938718662952,88.57938718662952,1.392757660167131,350130007003
Block Group 4; Census Tract 7; Doña Ana County; New Mexico,1017,589,126,89,782,0,0,35,013,000700,4,1017,70.30481809242872,91.2487708947886,76.8928220255654,0.0,350130007004
Block Group 5; Census Tract 7; Doña Ana County; New Mexico,1795,103,252,243,1345,0,11,35,013,000700,5,1795,19.77715877437326,86.46239554317549,74.93036211699165,0.6128133704735376,350130007005
Block Group 1; Census Tract 8; Doña Ana County; New Mexico,260,14,0,155,105,0,0,35,013,000800,1,260,5.384615384615385,40.38461538461539,40.38461538461539,0.0,350130008001
Block Group 2; Census Tract 8; Doña Ana County; New Mexico,2265,479,492,404,1471,0,56,35,013,000800,2,2265,42.86975717439294,82.16335540838853,64.9448123620309,2.4724061810154527,350130008002
Block Group 3; Census Tract 8; Doña Ana County; New Mexico,1824,730,206,312,1466,0,0,35,013,000800,3,1824,51.31578947368421,82.89473684210526,80.37280701754386,0.0,350130008003
Block Group 1; Census Tract 9.01; Doña Ana County; New Mexico,788,185,202,333,412,0,22,35,013,000901,1,788,49.111675126903556,57.741116751269026,52.28426395939086,2.7918781725888326,350130009011
Block Group 2; Census Tract 9.01; Doña Ana County; New Mexico,1704,106,938,302,1223,0,211,35,013,000901,2,1704,61.267605633802816,82.27699530516432,71.77230046948357,12.38262910798122,350130009012
Block Group 1; Census Tract 9.02; Doña Ana County; New Mexico,1337,212,83,375,926,15,0,35,013,000902,1,1337,22.064323111443528,71.95213163799552,69.25953627524308,1.1219147344801794,350130009021
Block Group 2; Census Tract 9.02; Doña Ana County; New Mexico,877,145,49,269,520,15,54,35,013,000902,2,877,22.120866590649943,69.327251995439,59.293044469783354,7.8677309007981755,350130009022
Block Group 3; Census Tract 9.02; Doña Ana County; New Mexico,1839,627,258,657,768,0,274,35,013,000902,3,1839,48.12398042414356,64.27406199021208,41.76182707993475,14.899401848830887,350130009023
Block Group 4; Census Tract 9.02; Doña Ana County; New Mexico,1121,306,254,117,822,0,150,35,013,000902,4,1121,49.95539696699375,89.56289027653881,73.32738626226583,13.380909901873327,350130009024
Block Group 1; Census Tract 10; Doña Ana County; New Mexico,318,85,45,108,137,0,0,35,013,001000,1,318,40.88050314465409,66.03773584905662,43.08176100628931,0.0,350130010001
Block Group 2; Census Tract 10; Doña Ana County; New Mexico,1747,0,0,632,949,0,0,35,013,001000,2,1747,0.0,63.823697767601594,54.32169433314253,0.0,350130010002
Block Group 3; Census Tract 10; Doña Ana County; New Mexico,634,0,0,282,308,0,0,35,013,001000,3,634,0.0,55.520504731861195,48.580441640378545,0.0,350130010003
Block Group 1; Census Tract 11.02; Doña Ana County; New Mexico,811,5,0,457,298,0,23,35,013,001102,1,811,0.6165228113440198,43.64981504315659,36.744759556103574,2.8360049321824907,350130011021
Block Group 2; Census Tract 11.02; Doña Ana County; New Mexico,1763,124,286,738,933,64,50,35,013,001102,2,1763,23.25581395348837,58.13953488372092,52.92115711854793,6.466250709018719,350130011022
Block Group 1; Census Tract 11.03; Doña Ana County; New Mexico,1756,88,111,793,955,8,0,35,013,001103,1,1756,11.33257403189066,54.840546697038725,54.38496583143508,0.45558086560364464,350130011031
Block Group 2; Census Tract 11.03; Doña Ana County; New Mexico,1402,308,181,313,993,9,0,35,013,001103,2,1402,34.878744650499286,77.67475035663338,70.82738944365192,0.6419400855920114,350130011032
Block Group 3; Census Tract 11.03; Doña Ana County; New Mexico,2391,105,335,998,1046,6,24,35,013,001103,3,2391,18.402342116269345,58.26014219991635,43.74738603094939,1.2547051442910917,350130011033
Block Group 1; Census Tract 11.05; Doña Ana County; New Mexico,610,87,0,21,589,0,0,35,013,001105,1,610,14.262295081967213,96.55737704918033,96.55737704918033,0.0,350130011051
Block Group 2; Census Tract 11.05; Doña Ana County; New Mexico,1505,236,167,342,1008,0,0,35,013,001105,2,1505,26.777408637873755,77.27574750830564,66.97674418604652,0.0,350130011052
Block Group 1; Census Tract 11.06; Doña Ana County; New Mexico,2006,147,77,507,1446,0,33,35,013,001106,1,2006,11.166500498504487,74.72582253240279,72.08374875373879,1.6450648055832504,350130011061
Block Group 2; Census Tract 11.06; Doña Ana County; New Mexico,698,183,138,297,394,13,0,35,013,001106,2,698,45.98853868194843,57.44985673352436,56.446991404011456,1.8624641833810889,350130011062
Block Group 1; Census Tract 12.03; Doña Ana County; New Mexico,1281,255,34,609,591,0,14,35,013,001203,1,1281,22.560499609679937,52.459016393442624,46.13583138173302,1.092896174863388,350130012031
Block Group 2; Census Tract 12.03; Doña Ana County; New Mexico,735,0,117,300,153,0,90,35,013,001203,2,735,15.918367346938775,59.183673469387756,20.816326530612244,12.244897959183673,350130012032
Block Group 3; Census Tract 12.03; Doña Ana County; New Mexico,2344,490,197,623,1599,0,0,35,013,001203,3,2344,29.308873720136518,73.42150170648465,68.21672354948805,0.0,350130012033
Block Group 4; Census Tract 12.03; Doña Ana County; New Mexico,229,0,23,138,91,0,23,35,013,001203,4,229,10.043668122270741,39.73799126637555,39.737991266375545,10.043668122270741,350130012034
Block Group 1; Census Tract 12.04; Doña Ana County; New Mexico,1174,59,0,613,542,0,0,35,013,001204,1,1174,5.025553662691652,47.785349233390114,46.166950596252136,0.0,350130012041
Block Group 2; Census Tract 12.04; Doña Ana County; New Mexico,2094,16,28,1401,660,0,0,35,013,001204,2,2094,2.1012416427889207,33.0945558739255,31.51862464183381,0.0,350130012042
Block Group 3; Census Tract 12.04; Doña Ana County; New Mexico,1028,6,25,672,300,0,0,35,013,001204,3,1028,3.0155642023346303,34.63035019455253,29.18287937743191,0.0,350130012043
Block Group 1; Census Tract 12.05; Doña Ana County; New Mexico,1826,164,38,1227,584,26,15,35,013,001205,1,1826,11.062431544359255,32.8039430449069,31.98247535596933,2.245345016429354,350130012051
Block Group 2; Census Tract 12.05; Doña Ana County; New Mexico,1304,0,0,816,475,0,0,35,013,001205,2,1304,0.0,37.42331288343558,36.42638036809816,0.0,350130012052
Block Group 3; Census Tract 12.05; Doña Ana County; New Mexico,1634,184,197,820,675,12,95,35,013,001205,3,1634,23.317013463892287,49.81640146878825,41.30966952264382,6.548347613219094,350130012053
Block Group 1; Census Tract 12.06; Doña Ana County; New Mexico,751,18,65,560,143,0,99,35,013,001206,1,751,11.051930758988016,25.43275632490013,19.04127829560586,13.182423435419441,350130012061
Block Group 2; Census Tract 12.06; Doña Ana County; New Mexico,351,0,8,228,96,0,0,35,013,001206,2,351,2.2792022792022792,35.04273504273504,27.350427350427353,0.0,350130012062
Block Group 3; Census Tract 12.06; Doña Ana County; New Mexico,1951,18,0,730,975,0,0,35,013,001206,3,1951,0.9226037929267042,62.58329062019477,49.974372116863144,0.0,350130012063
Block Group 1; Census Tract 12.07; Doña Ana County; New Mexico,1008,94,75,172,696,0,67,35,013,001207,1,1008,16.765873015873016,82.93650793650794,69.04761904761905,6.646825396825397,350130012071
Block Group 2; Census Tract 12.07; Doña Ana County; New Mexico,1126,64,26,502,624,0,249,35,013,001207,2,1126,7.992895204262878,55.41740674955595,55.41740674955595,22.11367673179396,350130012072
Block Group 3; Census Tract 12.07; Doña Ana County; New Mexico,693,0,0,100,531,0,0,35,013,001207,3,693,0.0,85.56998556998558,76.62337662337663,0.0,350130012073
Block Group 1; Census Tract 12.08; Doña Ana County; New Mexico,1746,0,113,1132,490,0,0,35,013,001208,1,1746,6.471935853379153,35.16609392898052,28.06414662084765,0.0,350130012081
Block Group 2; Census Tract 12.08; Doña Ana County; New Mexico,787,0,0,359,405,0,0,35,013,001208,2,787,0.0,54.38373570520966,51.46124523506989,0.0,350130012082
Block Group 3; Census Tract 12.08; Doña Ana County; New Mexico,2308,75,0,2007,262,0,0,35,013,001208,3,2308,3.2495667244367423,13.041594454072792,11.351819757365684,0.0,350130012083
Block Group 4; Census Tract 12.08; Doña Ana County; New Mexico,1875,0,367,502,954,0,0,35,013,001208,4,1875,19.573333333333334,73.22666666666666,50.88,0.0,350130012084
Block Group 1; Census Tract 12.09; Doña Ana County; New Mexico,1167,0,0,836,331,0,0,35,013,001209,1,1167,0.0,28.363324764353038,28.36332476435304,0.0,350130012091
Block Group 2; Census Tract 12.09; Doña Ana County; New Mexico,909,206,92,167,591,0,16,35,013,001209,2,909,32.78327832783278,81.62816281628163,65.01650165016501,1.76017601760176,350130012092
Block Group 1; Census Tract 12.10; Doña Ana County; New Mexico,902,54,0,386,449,0,0,35,013,001210,1,902,5.986696230598669,57.20620842572062,49.77827050997783,0.0,350130012101
Block Group 2; Census Tract 12.10; Doña Ana County; New Mexico,1920,93,7,1229,354,0,22,35,013,001210,2,1920,5.208333333333334,35.98958333333333,18.4375,1.1458333333333333,350130012102
Block Group 1; Census Tract 13.08; Doña Ana County; New Mexico,658,0,0,81,559,0,0,35,013,001308,1,658,0.0,87.68996960486322,84.95440729483282,0.0,350130013081
Block Group 2; Census Tract 13.08; Doña Ana County; New Mexico,5535,145,46,2308,2803,0,0,35,013,001308,2,5535,3.4507678410117433,58.30171635049683,50.641373080397464,0.0,350130013082
Block Group 1; Census Tract 13.09; Doña Ana County; New Mexico,1701,211,56,835,841,0,0,35,013,001309,1,1701,15.696649029982362,50.911228689006464,49.441504997060555,0.0,350130013091
Block Group 2; Census Tract 13.09; Doña Ana County; New Mexico,1018,75,385,105,872,41,0,35,013,001309,2,1018,45.18664047151277,89.68565815324166,85.6581532416503,4.027504911591356,350130013092
Block Group 1; Census Tract 13.10; Doña Ana County; New Mexico,1392,20,37,442,782,0,0,35,013,001310,1,1392,4.094827586206897,68.24712643678161,56.17816091954023,0.0,350130013101
Block Group 2; Census Tract 13.10; Doña Ana County; New Mexico,3247,589,28,1303,1884,0,0,35,013,001310,2,3247,19.00215583615645,59.87064983061288,58.02279026793964,0.0,350130013102
Block Group 3; Census Tract 13.10; Doña Ana County; New Mexico,2301,48,123,1012,1186,0,0,35,013,001310,3,2301,7.431551499348108,56.01912212081703,51.54280747501087,0.0,350130013103
Block Group 1; Census Tract 13.11; Doña Ana County; New Mexico,1688,139,0,642,1031,0,0,35,013,001311,1,1688,8.234597156398104,61.96682464454977,61.078199052132696,0.0,350130013111
Block Group 2; Census Tract 13.11; Doña Ana County; New Mexico,1904,223,0,942,877,0,71,35,013,001311,2,1904,11.71218487394958,50.52521008403361,46.060924369747895,3.7289915966386555,350130013112
Block Group 3; Census Tract 13.11; Doña Ana County; New Mexico,2119,63,218,778,1187,0,0,35,013,001311,3,2119,13.260972156677678,63.28456819254365,56.0169891458235,0.0,350130013113
Block Group 1; Census Tract 13.12; Doña Ana County; New Mexico,1443,67,186,336,937,10,1,35,013,001312,1,1443,17.532917532917534,76.71517671517671,64.93416493416494,0.7623007623007623,350130013121
Block Group 1; Census Tract 13.13; Doña Ana County; New Mexico,1087,133,195,228,792,0,6,35,013,001313,1,1087,30.17479300827967,79.02483900643973,72.86108555657773,0.5519779208831647,350130013131
Block Group 2; Census Tract 13.13; Doña Ana County; New Mexico,1390,27,92,282,1083,0,0,35,013,001313,2,1390,8.56115107913669,79.71223021582733,77.9136690647482,0.0,350130013132
Block Group 1; Census Tract 13.14; Doña Ana County; New Mexico,604,38,87,213,385,6,0,35,013,001314,1,604,20.695364238410598,64.73509933774835,63.741721854304636,0.9933774834437087,350130013141
Block Group 2; Census Tract 13.14; Doña Ana County; New Mexico,1057,168,228,314,743,19,5,35,013,001314,2,1057,37.464522232734154,70.29328287606434,70.29328287606434,2.270577105014191,350130013142
Block Group 1; Census Tract 13.15; Doña Ana County; New Mexico,1441,235,0,173,1191,0,0,35,013,001315,1,1441,16.30811936155448,87.99444829979181,82.65093684941013,0.0,350130013151
Block Group 2; Census Tract 13.15; Doña Ana County; New Mexico,1336,15,138,57,1279,0,0,35,013,001315,2,1336,11.452095808383234,95.73353293413174,95.73353293413174,0.0,350130013152
Block Group 3; Census Tract 13.15; Doña Ana County; New Mexico,851,50,0,418,419,15,0,35,013,001315,3,851,5.875440658049354,50.88131609870741,49.23619271445359,1.762632197414806,350130013153
Block Group 1; Census Tract 13.16; Doña Ana County; New Mexico,855,7,0,145,592,0,0,35,013,001316,1,855,0.8187134502923977,83.04093567251462,69.23976608187135,0.0,350130013161
Block Group 2; Census Tract 13.16; Doña Ana County; New Mexico,1593,79,70,486,952,100,9,35,013,001316,2,1593,9.353421217827998,69.4915254237288,59.76145637162587,6.842435655994978,350130013162
Block Group 3; Census Tract 13.16; Doña Ana County; New Mexico,2538,18,227,545,1991,0,11,35,013,001316,3,2538,9.653270291568164,78.52639873916469,78.44759653270292,0.43341213553979513,350130013163
Block Group 1; Census Tract 13.17; Doña Ana County; New Mexico,2016,10,361,293,1723,38,10,35,013,001317,1,2016,18.40277777777778,85.46626984126983,85.46626984126983,2.380952380952381,350130013171
Block Group 2; Census Tract 13.17; Doña Ana County; New Mexico,2096,97,364,894,1192,9,27,35,013,001317,2,2096,21.994274809160306,57.347328244274806,56.87022900763359,1.717557251908397,350130013172
Block Group 1; Census Tract 13.18; Doña Ana County; New Mexico,1013,154,192,313,673,0,0,35,013,001318,1,1013,34.15597235932873,69.10167818361303,66.43632773938796,0.0,350130013181
Block Group 2; Census Tract 13.18; Doña Ana County; New Mexico,1024,50,5,300,612,0,0,35,013,001318,2,1024,5.37109375,70.703125,59.765625,0.0,350130013182
Block Group 3; Census Tract 13.18; Doña Ana County; New Mexico,1557,0,129,978,501,61,27,35,013,001318,3,1557,8.285163776493256,37.186897880539505,32.177263969171484,5.65189466923571,350130013183
Block Group 1; Census Tract 14.01; Doña Ana County; New Mexico,1038,112,277,166,872,0,0,35,013,001401,1,1038,37.47591522157997,84.00770712909441,84.00770712909441,0.0,350130014011
Block Group 2; Census Tract 14.01; Doña Ana County; New Mexico,1514,0,542,213,1301,30,0,35,013,001401,2,1514,35.79920739762219,85.93130779392338,85.93130779392338,1.9815059445178336,350130014012
Block Group 1; Census Tract 14.02; Doña Ana County; New Mexico,1322,89,477,75,1247,0,79,35,013,001402,1,1322,42.81391830559758,94.3267776096823,94.3267776096823,5.975794251134644,350130014021
Block Group 2; Census Tract 14.02; Doña Ana County; New Mexico,1058,11,270,195,863,10,8,35,013,001402,2,1058,26.559546313799622,81.56899810964083,81.56899810964083,1.7013232514177694,350130014022
Block Group 1; Census Tract 15.01; Doña Ana County; New Mexico,1632,108,97,1115,309,0,42,35,013,001501,1,1632,12.561274509803921,31.678921568627448,18.933823529411764,2.5735294117647056,350130015011
Block Group 2; Census Tract 15.01; Doña Ana County; New Mexico,674,48,0,626,37,0,0,35,013,001501,2,674,7.121661721068249,7.121661721068251,5.489614243323442,0.0,350130015012
Block Group 3; Census Tract 15.01; Doña Ana County; New Mexico,1909,106,39,1056,788,0,0,35,013,001501,3,1909,7.595599790466212,44.683080146673646,41.27815610267155,0.0,350130015013
Block Group 1; Census Tract 15.02; Doña Ana County; New Mexico,1209,378,0,258,851,58,0,35,013,001502,1,1209,31.265508684863523,78.66004962779157,70.38875103391233,4.797353184449959,350130015021
Block Group 2; Census Tract 15.02; Doña Ana County; New Mexico,1038,12,0,473,241,0,0,35,013,001502,2,1038,1.1560693641618496,54.43159922928709,23.21772639691715,0.0,350130015022
Block Group 1; Census Tract 16; Doña Ana County; New Mexico,1231,43,148,182,1049,0,0,35,013,001600,1,1231,15.515840779853777,85.21527213647441,85.21527213647441,0.0,350130016001
Block Group 2; Census Tract 16; Doña Ana County; New Mexico,637,0,152,42,582,0,0,35,013,001600,2,637,23.861852433281005,93.4065934065934,91.3657770800628,0.0,350130016002
Block Group 3; Census Tract 16; Doña Ana County; New Mexico,353,4,5,26,327,0,0,35,013,001600,3,353,2.5495750708215295,92.63456090651559,92.63456090651559,0.0,350130016003
Block Group 1; Census Tract 17.01; Doña Ana County; New Mexico,933,21,0,38,865,0,0,35,013,001701,1,933,2.2508038585209005,95.92711682743837,92.71168274383709,0.0,350130017011
Block Group 2; Census Tract 17.01; Doña Ana County; New Mexico,2262,140,210,810,1310,0,34,35,013,001701,2,2262,15.473032714412025,64.19098143236074,57.9133510167993,1.5030946065428823,350130017012
Block Group 3; Census Tract 17.01; Doña Ana County; New Mexico,2787,450,309,297,2391,0,47,35,013,001701,3,2787,27.233584499461788,89.34337997847148,85.79117330462863,1.686401148188016,350130017013
Block Group 4; Census Tract 17.01; Doña Ana County; New Mexico,5795,464,1099,242,5536,18,0,35,013,001701,4,5795,26.971527178602244,95.82398619499568,95.53062985332183,0.31061259706643657,350130017014
Block Group 1; Census Tract 17.02; Doña Ana County; New Mexico,1461,68,80,88,1348,13,0,35,013,001702,1,1461,10.130047912388775,93.97672826830937,92.2655715263518,0.8898015058179329,350130017021
Block Group 1; Census Tract 17.03; Doña Ana County; New Mexico,832,11,16,258,536,0,0,35,013,001703,1,832,3.245192307692308,68.99038461538461,64.42307692307693,0.0,350130017031
Block Group 2; Census Tract 17.03; Doña Ana County; New Mexico,1889,108,116,116,1768,0,0,35,013,001703,2,1889,11.85812599258867,93.85918475383801,93.59449444150344,0.0,350130017032
Block Group 1; Census Tract 17.05; Doña Ana County; New Mexico,1237,291,102,30,1207,31,0,35,013,001705,1,1237,31.77041228779305,97.57477768795472,97.57477768795472,2.506063055780113,350130017051
Block Group 2; Census Tract 17.05; Doña Ana County; New Mexico,1307,212,227,16,1291,15,26,35,013,001705,2,1307,33.588370313695485,98.77582249426166,98.77582249426166,3.1369548584544757,350130017052
Block Group 1; Census Tract 17.06; Doña Ana County; New Mexico,1505,87,161,0,1505,12,0,35,013,001706,1,1505,16.47840531561462,100.0,100.0,0.7973421926910298,350130017061
Block Group 2; Census Tract 17.06; Doña Ana County; New Mexico,2285,109,225,52,2218,17,29,35,013,001706,2,2285,14.61706783369803,97.72428884026259,97.06783369803064,2.013129102844639,350130017062
Block Group 1; Census Tract 17.07; Doña Ana County; New Mexico,969,508,162,351,618,19,68,35,013,001707,1,969,69.14344685242519,63.77708978328174,63.77708978328174,8.978328173374612,350130017071
Block Group 2; Census Tract 17.07; Doña Ana County; New Mexico,1508,66,319,12,1496,0,20,35,013,001707,2,1508,25.53050397877984,99.20424403183023,99.20424403183023,1.3262599469496021,350130017072
Block Group 3; Census Tract 17.07; Doña Ana County; New Mexico,969,218,337,13,956,0,0,35,013,001707,3,969,57.27554179566563,98.65841073271415,98.65841073271415,0.0,350130017073
Block Group 4; Census Tract 17.07; Doña Ana County; New Mexico,1501,141,89,11,1490,17,0,35,013,001707,4,1501,15.323117921385743,99.26715522984676,99.26715522984676,1.1325782811459029,350130017074
Block Group 1; Census Tract 18.05; Doña Ana County; New Mexico,1697,339,149,0,1666,0,0,35,013,001805,1,1697,28.75662934590454,100.0,98.17324690630525,0.0,350130018051
Block Group 2; Census Tract 18.05; Doña Ana County; New Mexico,2171,46,448,0,2171,0,0,35,013,001805,2,2171,22.75449101796407,100.0,100.0,0.0,350130018052
Block Group 1; Census Tract 18.07; Doña Ana County; New Mexico,1793,892,309,0,1789,0,140,35,013,001807,1,1793,66.98271054099276,100.0,99.77691020635805,7.80814277746793,350130018071
Block Group 1; Census Tract 18.08; Doña Ana County; New Mexico,1017,242,199,41,976,26,0,35,013,001808,1,1017,43.36283185840708,95.968534906588,95.968534906588,2.55653883972468,350130018081
Block Group 2; Census Tract 18.08; Doña Ana County; New Mexico,2187,153,356,0,2187,0,21,35,013,001808,2,2187,23.273891175125744,100.0,100.0,0.9602194787379973,350130018082
Block Group 1; Census Tract 18.09; Doña Ana County; New Mexico,1511,439,67,166,1345,39,0,35,013,001809,1,1511,33.487756452680344,89.01389808074123,89.01389808074123,2.5810721376571806,350130018091
Block Group 2; Census Tract 18.09; Doña Ana County; New Mexico,178,0,60,48,109,0,0,35,013,001809,2,178,33.70786516853933,73.03370786516854,61.23595505617978,0.0,350130018092
Block Group 1; Census Tract 18.10; Doña Ana County; New Mexico,2243,398,115,214,1580,0,0,35,013,001810,1,2243,22.871154703522066,90.45920641997324,70.44137316094516,0.0,350130018101
Block Group 2; Census Tract 18.10; Doña Ana County; New Mexico,402,14,20,17,349,0,43,35,013,001810,2,402,8.45771144278607,95.77114427860697,86.81592039800995,10.696517412935323,350130018102
Block Group 3; Census Tract 18.10; Doña Ana County; New Mexico,686,136,21,97,589,0,21,35,013,001810,3,686,22.886297376093296,85.8600583090379,85.8600583090379,3.061224489795918,350130018103
Block Group 4; Census Tract 18.10; Doña Ana County; New Mexico,1683,347,116,181,1491,0,45,35,013,001810,4,1683,27.51039809863339,89.24539512774807,88.59180035650624,2.6737967914438503,350130018104
Block Group 1; Census Tract 18.11; Doña Ana County; New Mexico,957,70,152,117,791,0,0,35,013,001811,1,957,23.197492163009404,87.7742946708464,82.65412748171369,0.0,350130018111
Block Group 2; Census Tract 18.11; Doña Ana County; New Mexico,997,31,179,80,912,0,0,35,013,001811,2,997,21.063189568706118,91.97592778335006,91.47442326980942,0.0,350130018112
Block Group 1; Census Tract 18.12; Doña Ana County; New Mexico,1213,69,166,114,1099,0,0,35,013,001812,1,1213,19.373454245671887,90.60181368507831,90.60181368507831,0.0,350130018121
Block Group 2; Census Tract 18.12; Doña Ana County; New Mexico,1301,39,260,0,1301,0,12,35,013,001812,2,1301,22.982321291314374,100.0,100.0,0.9223674096848578,350130018122
Block Group 3; Census Tract 18.12; Doña Ana County; New Mexico,1651,335,464,83,1568,16,22,35,013,001812,3,1651,48.39491217443974,94.97274379164143,94.97274379164143,2.301635372501514,350130018123
Block Group 1; Census Tract 18.13; Doña Ana County; New Mexico,1516,354,382,0,1504,0,0,35,013,001813,1,1516,48.54881266490765,100.0,99.2084432717678,0.0,350130018131
Block Group 2; Census Tract 18.13; Doña Ana County; New Mexico,1522,232,293,305,1200,0,0,35,013,001813,2,1522,34.49408672798949,79.96057818659659,78.84362680683311,0.0,350130018132
Block Group 1; Census Tract 18.14; Doña Ana County; New Mexico,513,0,54,266,247,0,0,35,013,001814,1,513,10.526315789473683,48.14814814814815,48.148148148148145,0.0,350130018141
Block Group 2; Census Tract 18.14; Doña Ana County; New Mexico,629,46,75,34,533,0,0,35,013,001814,2,629,19.236883942766294,94.5945945945946,84.73767885532591,0.0,350130018142
Block Group 3; Census Tract 18.14; Doña Ana County; New Mexico,1228,11,0,72,1156,0,0,35,013,001814,3,1228,0.8957654723127036,94.13680781758957,94.13680781758957,0.0,350130018143
Block Group 1; Census Tract 19; Doña Ana County; New Mexico,1592,0,12,1054,186,0,9,35,013,001900,1,1592,0.7537688442211055,33.79396984924623,11.683417085427136,0.5653266331658292,350130019001
Block Group 1; Census Tract 1; Eddy County; New Mexico,1893,196,57,607,1133,0,0,35,015,000100,1,1893,13.365029054410988,67.93449550977284,59.852086634970945,0.0,350150001001
Block Group 1; Census Tract 2; Eddy County; New Mexico,1667,134,0,1516,118,46,0,35,015,000200,1,1667,8.038392321535692,9.058188362327535,7.078584283143371,2.7594481103779245,350150002001
Block Group 2; Census Tract 2; Eddy County; New Mexico,1142,37,51,402,383,18,0,35,015,000200,2,1142,7.705779334500876,64.79859894921192,33.53765323992995,1.5761821366024518,350150002002
Block Group 3; Census Tract 2; Eddy County; New Mexico,2545,210,16,1723,735,0,0,35,015,000200,3,2545,8.880157170923379,32.29862475442044,28.880157170923383,0.0,350150002003
Block Group 4; Census Tract 2; Eddy County; New Mexico,730,32,0,515,108,0,40,35,015,000200,4,730,4.383561643835616,29.452054794520542,14.794520547945206,5.47945205479452,350150002004
Block Group 1; Census Tract 3; Eddy County; New Mexico,1117,310,2,150,710,41,14,35,015,000300,1,1117,27.931960608773498,86.57117278424352,63.563115487914054,4.923903312444047,350150003001
Block Group 2; Census Tract 3; Eddy County; New Mexico,1863,84,33,948,887,0,151,35,015,000300,2,1863,6.280193236714976,49.11433172302737,47.61137949543747,8.105206655931294,350150003002
Block Group 3; Census Tract 3; Eddy County; New Mexico,722,93,0,254,468,0,0,35,015,000300,3,722,12.880886426592797,64.81994459833795,64.81994459833795,0.0,350150003003
Block Group 4; Census Tract 3; Eddy County; New Mexico,756,0,0,603,86,0,0,35,015,000300,4,756,0.0,20.238095238095234,11.375661375661375,0.0,350150003004
Block Group 5; Census Tract 3; Eddy County; New Mexico,966,54,0,373,593,50,0,35,015,000300,5,966,5.590062111801243,61.387163561076605,61.387163561076605,5.175983436853002,350150003005
Block Group 1; Census Tract 4.01; Eddy County; New Mexico,1385,167,151,831,507,10,0,35,015,000401,1,1385,22.96028880866426,40.0,36.60649819494585,0.7220216606498195,350150004011
Block Group 2; Census Tract 4.01; Eddy County; New Mexico,1601,87,129,683,881,0,0,35,015,000401,2,1601,13.49156777014366,57.33916302311055,55.02810743285447,0.0,350150004012
Block Group 3; Census Tract 4.01; Eddy County; New Mexico,432,81,7,262,155,32,0,35,015,000401,3,432,20.37037037037037,39.35185185185185,35.879629629629626,7.4074074074074066,350150004013
Block Group 1; Census Tract 4.02; Eddy County; New Mexico,854,227,3,71,690,0,48,35,015,000402,1,854,26.93208430913349,91.68618266978923,80.79625292740047,5.620608899297424,350150004021
Block Group 2; Census Tract 4.02; Eddy County; New Mexico,1362,49,67,479,875,0,99,35,015,000402,2,1362,8.516886930983848,64.83113069016153,64.24375917767988,7.268722466960352,350150004022
Block Group 3; Census Tract 4.02; Eddy County; New Mexico,1806,117,86,858,828,116,15,35,015,000402,3,1806,11.24031007751938,52.49169435215947,45.84717607973422,7.2535991140642295,350150004023
Block Group 4; Census Tract 4.02; Eddy County; New Mexico,1674,34,225,1021,609,8,0,35,015,000402,4,1674,15.471923536439666,39.00836320191159,36.37992831541219,0.4778972520908005,350150004024
Block Group 1; Census Tract 5; Eddy County; New Mexico,1427,74,40,396,918,0,14,35,015,000500,1,1427,7.988787666433077,72.24947442186405,64.33076384022425,0.9810791871058164,350150005001
Block Group 2; Census Tract 5; Eddy County; New Mexico,1356,23,7,430,897,0,0,35,015,000500,2,1356,2.2123893805309733,68.28908554572271,66.1504424778761,0.0,350150005002
Block Group 3; Census Tract 5; Eddy County; New Mexico,753,164,120,299,434,5,22,35,015,000500,3,753,37.71580345285525,60.2921646746348,57.63612217795485,3.5856573705179287,350150005003
Block Group 1; Census Tract 6; Eddy County; New Mexico,1755,53,462,202,1389,0,0,35,015,000600,1,1755,29.34472934472934,88.4900284900285,79.14529914529915,0.0,350150006001
Block Group 2; Census Tract 6; Eddy County; New Mexico,1221,38,168,670,504,0,0,35,015,000600,2,1221,16.871416871416873,45.12694512694513,41.27764127764127,0.0,350150006002
Block Group 3; Census Tract 6; Eddy County; New Mexico,1369,53,78,437,833,41,0,35,015,000600,3,1369,9.569028487947406,68.07888970051133,60.847333820306794,2.9948867786705624,350150006003
Block Group 4; Census Tract 6; Eddy County; New Mexico,3546,46,36,1104,2212,0,0,35,015,000600,4,3546,2.3124647490129724,68.8663282571912,62.38014664410604,0.0,350150006004
Block Group 1; Census Tract 7; Eddy County; New Mexico,1744,83,345,576,1113,0,62,35,015,000700,1,1744,24.541284403669724,66.97247706422019,63.81880733944955,3.555045871559633,350150007001
Block Group 2; Census Tract 7; Eddy County; New Mexico,1845,66,66,1339,408,28,0,35,015,000700,2,1845,7.154471544715448,27.425474254742543,22.11382113821138,1.5176151761517616,350150007002
Block Group 3; Census Tract 7; Eddy County; New Mexico,905,26,59,376,495,0,0,35,015,000700,3,905,9.392265193370166,58.45303867403315,54.69613259668509,0.0,350150007003
Block Group 4; Census Tract 7; Eddy County; New Mexico,1651,0,11,1237,355,0,0,35,015,000700,4,1651,0.6662628709872804,25.075711689884916,21.50211992731678,0.0,350150007004
Block Group 1; Census Tract 8; Eddy County; New Mexico,623,25,104,278,345,11,0,35,015,000800,1,623,20.706260032102726,55.37720706260032,55.37720706260032,1.7656500802568218,350150008001
Block Group 2; Census Tract 8; Eddy County; New Mexico,1317,104,69,205,1112,0,18,35,015,000800,2,1317,13.13591495823842,84.43432042520881,84.43432042520881,1.366742596810934,350150008002
Block Group 1; Census Tract 9; Eddy County; New Mexico,2299,406,6,1507,786,6,12,35,015,000900,1,2299,17.92083514571553,34.44976076555024,34.18877772944759,0.7829491083079599,350150009001
Block Group 2; Census Tract 9; Eddy County; New Mexico,1747,0,118,685,969,0,10,35,015,000900,2,1747,6.7544361763022325,60.789925586720095,55.46651402404122,0.5724098454493417,350150009002
Block Group 3; Census Tract 9; Eddy County; New Mexico,1582,129,16,670,879,0,0,35,015,000900,3,1582,9.165613147914033,57.64854614412136,55.56257901390644,0.0,350150009003
Block Group 1; Census Tract 10.01; Eddy County; New Mexico,1876,36,0,621,861,0,0,35,015,001001,1,1876,1.9189765458422177,66.89765458422174,45.8955223880597,0.0,350150010011
Block Group 2; Census Tract 10.01; Eddy County; New Mexico,814,39,0,376,430,0,0,35,015,001001,2,814,4.791154791154791,53.8083538083538,52.825552825552826,0.0,350150010012
Block Group 1; Census Tract 10.02; Eddy County; New Mexico,800,0,0,230,553,0,0,35,015,001002,1,800,0.0,71.25,69.125,0.0,350150010021
Block Group 2; Census Tract 10.02; Eddy County; New Mexico,1182,101,60,55,1107,0,19,35,015,001002,2,1182,13.620981387478851,95.34686971235195,93.65482233502537,1.6074450084602367,350150010022
Block Group 3; Census Tract 10.02; Eddy County; New Mexico,250,0,3,38,177,0,17,35,015,001002,3,250,1.2,84.8,70.8,6.800000000000001,350150010023
Block Group 4; Census Tract 10.02; Eddy County; New Mexico,935,0,369,0,935,0,0,35,015,001002,4,935,39.46524064171123,100.0,100.0,0.0,350150010024
Block Group 1; Census Tract 11; Eddy County; New Mexico,1861,0,16,491,1307,7,0,35,015,001100,1,1861,0.8597528210639441,73.61633530360021,70.23105857066093,0.37614185921547555,350150011001
Block Group 2; Census Tract 11; Eddy County; New Mexico,1720,535,233,734,817,15,0,35,015,001100,2,1720,44.651162790697676,57.325581395348834,47.5,0.872093023255814,350150011002
Block Group 3; Census Tract 11; Eddy County; New Mexico,327,0,0,211,116,0,0,35,015,001100,3,327,0.0,35.474006116207946,35.47400611620795,0.0,350150011003
Block Group 4; Census Tract 11; Eddy County; New Mexico,1492,0,331,778,646,0,107,35,015,001100,4,1492,22.184986595174262,47.85522788203753,43.297587131367294,7.171581769436998,350150011004
Block Group 5; Census Tract 11; Eddy County; New Mexico,2202,34,28,1451,740,0,0,35,015,001100,5,2202,2.815622161671208,34.10535876475931,33.605812897366036,0.0,350150011005
Block Group 1; Census Tract 9641; Grant County; New Mexico,1364,162,235,841,422,0,0,35,017,964100,1,1364,29.105571847507335,38.34310850439883,30.93841642228739,0.0,350179641001
Block Group 2; Census Tract 9641; Grant County; New Mexico,1328,24,125,752,576,0,0,35,017,964100,2,1328,11.219879518072288,43.37349397590361,43.373493975903614,0.0,350179641002
Block Group 1; Census Tract 9642; Grant County; New Mexico,1021,110,36,937,56,0,0,35,017,964200,1,1021,14.299706170421157,8.22722820763957,5.484818805093046,0.0,350179642001
Block Group 2; Census Tract 9642; Grant County; New Mexico,1096,18,212,632,419,0,0,35,017,964200,2,1096,20.985401459854014,42.33576642335767,38.22992700729927,0.0,350179642002
Block Group 1; Census Tract 9643; Grant County; New Mexico,912,11,83,582,276,12,25,35,017,964300,1,912,10.307017543859649,36.18421052631579,30.263157894736842,4.057017543859649,350179643001
Block Group 2; Census Tract 9643; Grant County; New Mexico,1820,133,276,1042,716,0,21,35,017,964300,2,1820,22.472527472527474,42.74725274725275,39.34065934065934,1.153846153846154,350179643002
Block Group 3; Census Tract 9643; Grant County; New Mexico,1829,52,131,568,1171,0,0,35,017,964300,3,1829,10.005467468562056,68.94477856752323,64.02405686167305,0.0,350179643003
Block Group 4; Census Tract 9643; Grant County; New Mexico,1334,90,519,281,908,0,9,35,017,964300,4,1334,45.65217391304348,78.93553223388305,68.06596701649175,0.6746626686656672,350179643004
Block Group 1; Census Tract 9644.01; Grant County; New Mexico,304,113,16,129,139,0,16,35,017,964401,1,304,42.43421052631579,57.565789473684205,45.723684210526315,5.263157894736842,350179644011
Block Group 2; Census Tract 9644.01; Grant County; New Mexico,969,33,143,379,540,5,0,35,017,964401,2,969,18.163054695562437,60.8875128998968,55.72755417956656,0.5159958720330238,350179644012
Block Group 1; Census Tract 9644.02; Grant County; New Mexico,1914,42,263,557,1322,0,56,35,017,964402,1,1914,15.935214211076278,70.89864158829677,69.07001044932079,2.9258098223615465,350179644021
Block Group 2; Census Tract 9644.02; Grant County; New Mexico,1637,121,62,966,460,26,12,35,017,964402,2,1637,11.17898594990837,40.98961514966402,28.100183262064753,2.321319486866219,350179644022
Block Group 1; Census Tract 9645; Grant County; New Mexico,853,0,47,324,467,12,16,35,017,964500,1,853,5.509964830011723,62.01641266119577,54.74794841735052,3.2825322391559206,350179645001
Block Group 2; Census Tract 9645; Grant County; New Mexico,768,87,148,214,554,0,28,35,017,964500,2,768,30.598958333333332,72.13541666666667,72.13541666666666,3.6458333333333335,350179645002
Block Group 3; Census Tract 9645; Grant County; New Mexico,868,202,53,171,687,33,25,35,017,964500,3,868,29.377880184331794,80.29953917050692,79.14746543778803,6.682027649769585,350179645003
Block Group 1; Census Tract 9646; Grant County; New Mexico,759,64,0,436,315,0,0,35,017,964600,1,759,8.432147562582346,42.55599472990777,41.50197628458498,0.0,350179646001
Block Group 2; Census Tract 9646; Grant County; New Mexico,791,51,246,44,747,0,8,35,017,964600,2,791,37.54740834386852,94.43742098609356,94.43742098609356,1.0113780025284451,350179646002
Block Group 3; Census Tract 9646; Grant County; New Mexico,982,80,128,222,760,0,14,35,017,964600,3,982,21.181262729124235,77.39307535641548,77.39307535641548,1.4256619144602851,350179646003
Block Group 4; Census Tract 9646; Grant County; New Mexico,343,14,229,114,229,0,0,35,017,964600,4,343,70.8454810495627,66.76384839650146,66.76384839650146,0.0,350179646004
Block Group 1; Census Tract 9647.01; Grant County; New Mexico,1923,57,22,1369,501,26,0,35,017,964701,1,1923,4.108164326573062,28.809152366094647,26.053042121684868,1.3520540821632865,350179647011
Block Group 2; Census Tract 9647.01; Grant County; New Mexico,849,0,143,507,342,0,0,35,017,964701,2,849,16.843345111896348,40.282685512367486,40.282685512367486,0.0,350179647012
Block Group 1; Census Tract 9647.02; Grant County; New Mexico,1002,92,103,474,525,0,0,35,017,964702,1,1002,19.46107784431138,52.694610778443106,52.39520958083832,0.0,350179647021
Block Group 2; Census Tract 9647.02; Grant County; New Mexico,1673,334,0,1081,377,0,0,35,017,964702,2,1673,19.964136282127914,35.38553496712492,22.534369396294082,0.0,350179647022
Block Group 1; Census Tract 9648; Grant County; New Mexico,819,45,31,497,268,0,0,35,017,964800,1,819,9.27960927960928,39.31623931623932,32.72283272283272,0.0,350179648001
Block Group 2; Census Tract 9648; Grant County; New Mexico,698,15,72,102,596,0,0,35,017,964800,2,698,12.464183381088825,85.38681948424069,85.38681948424069,0.0,350179648002
Block Group 1; Census Tract 9616; Guadalupe County; New Mexico,1445,8,153,312,947,0,0,35,019,961600,1,1445,11.141868512110726,78.4083044982699,65.5363321799308,0.0,350199616001
Block Group 2; Census Tract 9616; Guadalupe County; New Mexico,885,151,92,129,701,4,5,35,019,961600,2,885,27.45762711864407,85.42372881355932,79.2090395480226,1.0169491525423728,350199616002
Block Group 3; Census Tract 9616; Guadalupe County; New Mexico,1095,87,53,121,838,11,17,35,019,961600,3,1095,12.785388127853881,88.94977168949771,76.5296803652968,2.5570776255707766,350199616003
Block Group 4; Census Tract 9616; Guadalupe County; New Mexico,954,45,315,177,777,16,2,35,019,961600,4,954,37.735849056603776,81.44654088050315,81.44654088050315,1.8867924528301887,350199616004
Block Group 1; Census Tract 1; Harding County; New Mexico,748,41,99,346,304,19,6,35,021,000100,1,748,18.71657754010695,53.74331550802138,40.64171122994652,3.342245989304813,350210001001
Block Group 1; Census Tract 9700; Hidalgo County; New Mexico,1983,141,154,1038,797,19,0,35,023,970000,1,1983,14.87644982349975,47.655068078668684,40.19162884518406,0.9581442259203228,350239700001
Block Group 1; Census Tract 9702; Hidalgo County; New Mexico,559,62,175,83,476,0,44,35,023,970200,1,559,42.39713774597496,85.1520572450805,85.1520572450805,7.8711985688729875,350239702001
Block Group 2; Census Tract 9702; Hidalgo County; New Mexico,1555,134,157,447,1070,9,31,35,023,970200,2,1555,18.713826366559484,71.25401929260451,68.81028938906752,2.572347266881029,350239702002
Block Group 1; Census Tract 1; Lea County; New Mexico,750,0,42,134,611,33,0,35,025,000100,1,750,5.6000000000000005,82.13333333333334,81.46666666666667,4.3999999999999995,350250001001
Block Group 2; Census Tract 1; Lea County; New Mexico,354,14,75,19,335,0,47,35,025,000100,2,354,25.141242937853107,94.63276836158192,94.63276836158192,13.27683615819209,350250001002
Block Group 3; Census Tract 1; Lea County; New Mexico,1730,133,85,210,1430,15,0,35,025,000100,3,1730,12.601156069364162,87.86127167630057,82.65895953757226,0.8670520231213872,350250001003
Block Group 1; Census Tract 2; Lea County; New Mexico,1005,145,0,193,802,0,8,35,025,000200,1,1005,14.427860696517413,80.79601990049751,79.80099502487562,0.7960199004975124,350250002001
Block Group 2; Census Tract 2; Lea County; New Mexico,1974,35,140,263,1573,27,10,35,025,000200,2,1974,8.865248226950355,86.67679837892604,79.68591691995948,1.8743667679837892,350250002002
Block Group 3; Census Tract 2; Lea County; New Mexico,1004,291,299,128,855,0,0,35,025,000200,3,1004,58.76494023904383,87.25099601593625,85.1593625498008,0.0,350250002003
Block Group 1; Census Tract 3; Lea County; New Mexico,1100,18,117,0,785,0,23,35,025,000300,1,1100,12.272727272727273,100.0,71.36363636363636,2.090909090909091,350250003001
Block Group 2; Census Tract 3; Lea County; New Mexico,464,185,95,121,318,0,65,35,025,000300,2,464,60.3448275862069,73.92241379310344,68.53448275862068,14.00862068965517,350250003002
Block Group 3; Census Tract 3; Lea County; New Mexico,996,19,310,100,565,0,17,35,025,000300,3,996,33.032128514056225,89.95983935742971,56.726907630522085,1.706827309236948,350250003003
Block Group 4; Census Tract 3; Lea County; New Mexico,1770,363,78,72,1659,51,0,35,025,000300,4,1770,24.91525423728814,95.9322033898305,93.72881355932203,2.8813559322033897,350250003004
Block Group 1; Census Tract 4; Lea County; New Mexico,1650,148,351,277,1111,20,147,35,025,000400,1,1650,30.242424242424242,83.21212121212122,67.33333333333333,10.121212121212121,350250004001
Block Group 2; Census Tract 4; Lea County; New Mexico,1632,258,333,64,1561,0,24,35,025,000400,2,1632,36.213235294117645,96.07843137254902,95.64950980392157,1.4705882352941175,350250004002
Block Group 3; Census Tract 4; Lea County; New Mexico,1145,163,181,26,1036,0,0,35,025,000400,3,1145,30.043668122270745,97.7292576419214,90.48034934497817,0.0,350250004003
Block Group 1; Census Tract 5.02; Lea County; New Mexico,1099,11,258,749,339,0,0,35,025,000502,1,1099,24.476797088262057,31.84713375796179,30.846223839854414,0.0,350250005021
Block Group 2; Census Tract 5.02; Lea County; New Mexico,863,57,246,46,796,0,0,35,025,000502,2,863,35.11008111239861,94.66975666280418,92.23638470451911,0.0,350250005022
Block Group 3; Census Tract 5.02; Lea County; New Mexico,2706,332,74,501,1939,0,0,35,025,000502,3,2706,15.003695491500368,81.48558758314856,71.65558019216556,0.0,350250005023
Block Group 4; Census Tract 5.02; Lea County; New Mexico,1575,49,14,668,575,0,0,35,025,000502,4,1575,4.0,57.58730158730159,36.507936507936506,0.0,350250005024
Block Group 5; Census Tract 5.02; Lea County; New Mexico,535,0,0,216,167,0,0,35,025,000502,5,535,0.0,59.62616822429907,31.21495327102804,0.0,350250005025
Block Group 6; Census Tract 5.02; Lea County; New Mexico,1536,1056,255,417,980,0,77,35,025,000502,6,1536,85.3515625,72.8515625,63.802083333333336,5.013020833333334,350250005026
Block Group 1; Census Tract 5.03; Lea County; New Mexico,1171,120,13,626,469,0,28,35,025,000503,1,1171,11.357813834329633,46.54141759180188,40.05123825789923,2.391118701964133,350250005031
Block Group 2; Census Tract 5.03; Lea County; New Mexico,1395,15,204,411,915,0,0,35,025,000503,2,1395,15.698924731182796,70.53763440860214,65.59139784946237,0.0,350250005032
Block Group 3; Census Tract 5.03; Lea County; New Mexico,1561,130,33,744,707,0,51,35,025,000503,3,1561,10.442024343369635,52.33824471492633,45.2914798206278,3.267136450992953,350250005033
Block Group 1; Census Tract 5.04; Lea County; New Mexico,1553,121,115,1230,237,7,31,35,025,000504,1,1553,15.19639407598197,20.798454603992276,15.26078557630393,2.4468770122343853,350250005041
Block Group 2; Census Tract 5.04; Lea County; New Mexico,1443,3,0,908,395,0,0,35,025,000504,2,1443,0.2079002079002079,37.07553707553708,27.373527373527374,0.0,350250005042
Block Group 3; Census Tract 5.04; Lea County; New Mexico,1308,247,0,316,879,0,0,35,025,000504,3,1308,18.883792048929664,75.84097859327217,67.20183486238533,0.0,350250005043
Block Group 1; Census Tract 6; Lea County; New Mexico,639,0,0,418,221,0,0,35,025,000600,1,639,0.0,34.58528951486698,34.58528951486698,0.0,350250006001
Block Group 2; Census Tract 6; Lea County; New Mexico,1144,32,0,848,70,0,0,35,025,000600,2,1144,2.797202797202797,25.874125874125873,6.118881118881119,0.0,350250006002
Block Group 3; Census Tract 6; Lea County; New Mexico,727,258,55,338,380,0,0,35,025,000600,3,727,43.053645116918844,53.50756533700138,52.26960110041266,0.0,350250006003
Block Group 4; Census Tract 6; Lea County; New Mexico,916,54,40,291,598,0,41,35,025,000600,4,916,10.262008733624455,68.23144104803494,65.28384279475983,4.475982532751091,350250006004
Block Group 5; Census Tract 6; Lea County; New Mexico,396,0,0,74,284,0,0,35,025,000600,5,396,0.0,81.31313131313132,71.71717171717171,0.0,350250006005
Block Group 6; Census Tract 6; Lea County; New Mexico,1044,0,39,239,711,0,0,35,025,000600,6,1044,3.7356321839080464,77.10727969348659,68.10344827586206,0.0,350250006006
Block Group 7; Census Tract 6; Lea County; New Mexico,788,27,0,111,677,0,0,35,025,000600,7,788,3.4263959390862944,85.91370558375635,85.91370558375635,0.0,350250006007
Block Group 1; Census Tract 7.01; Lea County; New Mexico,1894,100,86,962,932,15,27,35,025,000701,1,1894,9.820485744456176,49.20802534318902,49.208025343189014,2.2175290390707496,350250007011
Block Group 1; Census Tract 7.02; Lea County; New Mexico,709,118,9,162,479,0,0,35,025,000702,1,709,17.912552891396334,77.1509167842031,67.55994358251057,0.0,350250007021
Block Group 2; Census Tract 7.02; Lea County; New Mexico,4095,63,175,1086,2667,0,0,35,025,000702,2,4095,5.811965811965812,73.47985347985349,65.12820512820512,0.0,350250007022
Block Group 1; Census Tract 7.03; Lea County; New Mexico,2022,75,62,860,1029,0,0,35,025,000703,1,2022,6.775469831849653,57.467853610286845,50.89020771513353,0.0,350250007031
Block Group 2; Census Tract 7.03; Lea County; New Mexico,1413,116,8,636,735,3,13,35,025,000703,2,1413,8.775654635527246,54.989384288747345,52.016985138004245,1.132342533616419,350250007032
Block Group 1; Census Tract 7.04; Lea County; New Mexico,1871,221,129,835,1036,13,9,35,025,000704,1,1871,18.706574024585784,55.37145911277393,55.37145911277391,1.1758417958311065,350250007041
Block Group 2; Census Tract 7.04; Lea County; New Mexico,751,47,9,342,403,0,0,35,025,000704,2,751,7.456724367509987,54.460719041278296,53.66178428761651,0.0,350250007042
Block Group 1; Census Tract 8; Lea County; New Mexico,1206,38,212,487,696,10,0,35,025,000800,1,1206,20.729684908789388,59.61857379767827,57.711442786069654,0.8291873963515755,350250008001
Block Group 2; Census Tract 8; Lea County; New Mexico,779,51,0,294,466,0,16,35,025,000800,2,779,6.546854942233633,62.25930680359435,59.82028241335045,2.053915275994865,350250008002
Block Group 3; Census Tract 8; Lea County; New Mexico,765,86,32,255,510,2,0,35,025,000800,3,765,15.42483660130719,66.66666666666667,66.66666666666666,0.261437908496732,350250008003
Block Group 4; Census Tract 8; Lea County; New Mexico,567,38,0,402,165,46,0,35,025,000800,4,567,6.701940035273369,29.100529100529105,29.100529100529098,8.112874779541446,350250008004
Block Group 1; Census Tract 9; Lea County; New Mexico,1016,119,40,476,540,0,0,35,025,000900,1,1016,15.649606299212598,53.14960629921259,53.14960629921261,0.0,350250009001
Block Group 2; Census Tract 9; Lea County; New Mexico,429,39,174,154,257,18,0,35,025,000900,2,429,49.65034965034965,64.1025641025641,59.90675990675991,4.195804195804196,350250009002
Block Group 3; Census Tract 9; Lea County; New Mexico,667,23,56,229,414,12,0,35,025,000900,3,667,11.84407796101949,65.6671664167916,62.06896551724138,1.7991004497751124,350250009003
Block Group 1; Census Tract 10.03; Lea County; New Mexico,1211,19,13,118,754,0,19,35,025,001003,1,1211,2.6424442609413705,90.2559867877787,62.262592898431045,1.568951279933939,350250010031
Block Group 2; Census Tract 10.03; Lea County; New Mexico,1394,281,60,339,1055,11,0,35,025,001003,2,1394,24.461979913916785,75.68149210903874,75.68149210903874,0.7890961262553802,350250010032
Block Group 3; Census Tract 10.03; Lea County; New Mexico,843,14,0,519,266,0,0,35,025,001003,3,843,1.6607354685646498,38.43416370106761,31.553973902728348,0.0,350250010033
Block Group 4; Census Tract 10.03; Lea County; New Mexico,1041,353,0,686,328,0,0,35,025,001003,4,1041,33.90970220941403,34.10182516810759,31.508165225744477,0.0,350250010034
Block Group 1; Census Tract 10.04; Lea County; New Mexico,1230,114,346,223,946,0,0,35,025,001004,1,1230,37.39837398373984,81.869918699187,76.91056910569107,0.0,350250010041
Block Group 2; Census Tract 10.04; Lea County; New Mexico,1330,0,201,391,901,10,0,35,025,001004,2,1330,15.11278195488722,70.6015037593985,67.74436090225564,0.7518796992481203,350250010042
Block Group 3; Census Tract 10.04; Lea County; New Mexico,1482,38,225,349,1133,31,30,35,025,001004,3,1482,17.74628879892038,76.45074224021593,76.45074224021593,4.116059379217274,350250010043
Block Group 1; Census Tract 10.05; Lea County; New Mexico,1376,69,251,248,1113,4,0,35,025,001005,1,1376,23.25581395348837,81.97674418604652,80.88662790697676,0.29069767441860467,350250010051
Block Group 2; Census Tract 10.05; Lea County; New Mexico,272,74,0,84,166,0,0,35,025,001005,2,272,27.205882352941174,69.11764705882352,61.029411764705884,0.0,350250010052
Block Group 3; Census Tract 10.05; Lea County; New Mexico,1913,56,570,208,1705,0,17,35,025,001005,3,1913,32.723470987977,89.1270256142185,89.1270256142185,0.8886565603763722,350250010053
Block Group 1; Census Tract 11; Lea County; New Mexico,796,72,0,487,284,0,12,35,025,001100,1,796,9.045226130653267,38.81909547738693,35.678391959798994,1.507537688442211,350250011001
Block Group 2; Census Tract 11; Lea County; New Mexico,736,101,14,332,350,0,0,35,025,001100,2,736,15.625,54.891304347826086,47.55434782608695,0.0,350250011002
Block Group 3; Census Tract 11; Lea County; New Mexico,1584,108,88,725,837,6,0,35,025,001100,3,1584,12.373737373737374,54.22979797979798,52.84090909090909,0.3787878787878788,350250011003
Block Group 4; Census Tract 11; Lea County; New Mexico,880,22,195,474,395,0,0,35,025,001100,4,880,24.659090909090907,46.13636363636363,44.88636363636363,0.0,350250011004
Block Group 5; Census Tract 11; Lea County; New Mexico,909,32,0,353,549,11,0,35,025,001100,5,909,3.52035203520352,61.16611661166116,60.396039603960396,1.21012101210121,350250011005
Block Group 1; Census Tract 9602; Lincoln County; New Mexico,542,51,20,449,73,16,27,35,027,960200,1,542,13.099630996309964,17.15867158671587,13.468634686346864,7.9335793357933575,350279602001
Block Group 2; Census Tract 9602; Lincoln County; New Mexico,1175,87,186,357,672,17,30,35,027,960200,2,1175,23.23404255319149,69.61702127659575,57.19148936170213,4.0,350279602002
Block Group 1; Census Tract 9603; Lincoln County; New Mexico,548,63,0,435,113,5,11,35,027,960300,1,548,11.496350364963504,20.620437956204384,20.62043795620438,2.9197080291970803,350279603001
Block Group 2; Census Tract 9603; Lincoln County; New Mexico,1346,70,128,1066,258,29,0,35,027,960300,2,1346,14.710252600297178,20.80237741456167,19.167904903417536,2.1545319465081723,350279603002
Block Group 3; Census Tract 9603; Lincoln County; New Mexico,1351,28,17,1055,270,0,0,35,027,960300,3,1351,3.3308660251665434,21.90969652109549,19.98519615099926,0.0,350279603003
Block Group 1; Census Tract 9604.01; Lincoln County; New Mexico,1190,73,195,513,671,77,0,35,027,960401,1,1190,22.521008403361346,56.890756302521005,56.38655462184874,6.470588235294119,350279604011
Block Group 2; Census Tract 9604.01; Lincoln County; New Mexico,1114,183,27,399,456,0,25,35,027,960401,2,1114,18.850987432675044,64.18312387791741,40.93357271095152,2.244165170556553,350279604012
Block Group 1; Census Tract 9604.02; Lincoln County; New Mexico,925,0,0,667,258,8,0,35,027,960402,1,925,0.0,27.891891891891895,27.89189189189189,0.8648648648648649,350279604021
Block Group 2; Census Tract 9604.02; Lincoln County; New Mexico,361,22,0,290,71,0,0,35,027,960402,2,361,6.094182825484765,19.667590027700832,19.667590027700832,0.0,350279604022
Block Group 1; Census Tract 9604.03; Lincoln County; New Mexico,1714,468,84,526,1085,0,0,35,027,960403,1,1714,32.20536756126021,69.31155192532088,63.30221703617269,0.0,350279604031
Block Group 2; Census Tract 9604.03; Lincoln County; New Mexico,231,0,0,217,14,0,0,35,027,960403,2,231,0.0,6.060606060606055,6.0606060606060606,0.0,350279604032
Block Group 3; Census Tract 9604.03; Lincoln County; New Mexico,452,82,0,432,17,0,0,35,027,960403,3,452,18.141592920353983,4.424778761061942,3.761061946902655,0.0,350279604033
Block Group 4; Census Tract 9604.03; Lincoln County; New Mexico,1339,53,98,784,369,0,0,35,027,960403,4,1339,11.277072442120986,41.4488424197162,27.557879014189695,0.0,350279604034
Block Group 1; Census Tract 9606.01; Lincoln County; New Mexico,580,61,0,345,213,0,0,35,027,960601,1,580,10.517241379310345,40.51724137931034,36.724137931034484,0.0,350279606011
Block Group 2; Census Tract 9606.01; Lincoln County; New Mexico,477,23,0,314,163,0,0,35,027,960601,2,477,4.821802935010482,34.17190775681341,34.17190775681342,0.0,350279606012
Block Group 3; Census Tract 9606.01; Lincoln County; New Mexico,561,26,17,332,218,0,59,35,027,960601,3,561,7.66488413547237,40.819964349376114,38.859180035650624,10.51693404634581,350279606013
Block Group 1; Census Tract 9606.02; Lincoln County; New Mexico,1262,131,36,891,313,0,8,35,027,960602,1,1262,13.232963549920761,29.39778129952456,24.801901743264658,0.6339144215530903,350279606021
Block Group 2; Census Tract 9606.02; Lincoln County; New Mexico,898,357,137,515,318,0,24,35,027,960602,2,898,55.01113585746103,42.650334075723826,35.4120267260579,2.6726057906458798,350279606022
Block Group 1; Census Tract 9606.03; Lincoln County; New Mexico,718,21,0,697,0,0,0,35,027,960603,1,718,2.9247910863509747,2.924791086350975,0.0,0.0,350279606031
Block Group 2; Census Tract 9606.03; Lincoln County; New Mexico,376,0,44,148,54,0,0,35,027,960603,2,376,11.702127659574469,60.63829787234043,14.361702127659576,0.0,350279606032
Block Group 3; Census Tract 9606.03; Lincoln County; New Mexico,989,17,18,740,165,0,27,35,027,960603,3,989,3.5389282103134483,25.176946410515676,16.683518705763397,2.730030333670374,350279606033
Block Group 1; Census Tract 9608; Lincoln County; New Mexico,1395,54,192,679,641,0,11,35,027,960800,1,1395,17.634408602150536,51.32616487455197,45.94982078853047,0.7885304659498209,350279608001
Block Group 2; Census Tract 9608; Lincoln County; New Mexico,683,20,116,411,179,47,0,35,027,960800,2,683,19.91215226939971,39.82430453879942,26.207906295754025,6.881405563689605,350279608002
Block Group 1; Census Tract 1; Los Alamos County; New Mexico,1246,13,0,997,127,0,0,35,028,000100,1,1246,1.043338683788122,19.98394863563403,10.192616372391655,0.0,350280001001
Block Group 2; Census Tract 1; Los Alamos County; New Mexico,866,0,35,723,59,0,0,35,028,000100,2,866,4.041570438799076,16.512702078521933,6.812933025404157,0.0,350280001002
Block Group 3; Census Tract 1; Los Alamos County; New Mexico,1746,19,130,1171,381,6,0,35,028,000100,3,1746,8.533791523482245,32.93241695303551,21.8213058419244,0.3436426116838488,350280001003
Block Group 1; Census Tract 2; Los Alamos County; New Mexico,1033,0,34,682,275,0,0,35,028,000200,1,1033,3.291384317521781,33.97870280735721,26.621490803484992,0.0,350280002001
Block Group 2; Census Tract 2; Los Alamos County; New Mexico,745,5,0,664,59,0,0,35,028,000200,2,745,0.6711409395973155,10.872483221476514,7.919463087248323,0.0,350280002002
Block Group 3; Census Tract 2; Los Alamos County; New Mexico,1486,0,0,1128,170,0,0,35,028,000200,3,1486,0.0,24.091520861372818,11.440107671601615,0.0,350280002003
Block Group 4; Census Tract 2; Los Alamos County; New Mexico,1995,0,0,1534,248,0,0,35,028,000200,4,1995,0.0,23.1077694235589,12.431077694235588,0.0,350280002004
Block Group 1; Census Tract 4; Los Alamos County; New Mexico,845,0,0,535,111,0,9,35,028,000400,1,845,0.0,36.68639053254438,13.136094674556212,1.0650887573964496,350280004001
Block Group 2; Census Tract 4; Los Alamos County; New Mexico,1226,29,78,430,674,13,0,35,028,000400,2,1226,8.72756933115824,64.92659053833604,54.97553017944535,1.0603588907014683,350280004002
Block Group 3; Census Tract 4; Los Alamos County; New Mexico,1314,13,0,839,223,26,0,35,028,000400,3,1314,0.989345509893455,36.149162861491625,16.971080669710805,1.97869101978691,350280004003
Block Group 4; Census Tract 4; Los Alamos County; New Mexico,1304,24,106,722,252,0,81,35,028,000400,4,1304,9.969325153374232,44.6319018404908,19.32515337423313,6.211656441717792,350280004004
Block Group 1; Census Tract 5; Los Alamos County; New Mexico,469,0,0,332,39,0,0,35,028,000500,1,469,0.0,29.21108742004265,8.315565031982942,0.0,350280005001
Block Group 2; Census Tract 5; Los Alamos County; New Mexico,1016,54,0,772,150,0,0,35,028,000500,2,1016,5.31496062992126,24.015748031496067,14.763779527559054,0.0,350280005002
Block Group 3; Census Tract 5; Los Alamos County; New Mexico,1215,0,0,1042,173,0,0,35,028,000500,3,1215,0.0,14.238683127572017,14.238683127572017,0.0,350280005003
Block Group 4; Census Tract 5; Los Alamos County; New Mexico,838,0,2,707,17,0,0,35,028,000500,4,838,0.23866348448687352,15.632458233890212,2.028639618138425,0.0,350280005004
Block Group 5; Census Tract 5; Los Alamos County; New Mexico,986,0,0,712,215,0,0,35,028,000500,5,986,0.0,27.789046653144013,21.8052738336714,0.0,350280005005
Block Group 6; Census Tract 5; Los Alamos County; New Mexico,1044,22,0,624,292,0,0,35,028,000500,6,1044,2.10727969348659,40.22988505747126,27.969348659003828,0.0,350280005006
Block Group 1; Census Tract 1; Luna County; New Mexico,1934,5,654,441,1493,0,37,35,029,000100,1,1934,34.07445708376422,77.19751809720786,77.19751809720786,1.9131334022750777,350290001001
Block Group 2; Census Tract 1; Luna County; New Mexico,1625,182,559,775,804,0,43,35,029,000100,2,1625,45.6,52.3076923076923,49.47692307692308,2.646153846153846,350290001002
Block Group 3; Census Tract 1; Luna County; New Mexico,852,73,428,267,559,26,0,35,029,000100,3,852,58.80281690140845,68.66197183098592,65.61032863849765,3.051643192488263,350290001003
Block Group 4; Census Tract 1; Luna County; New Mexico,1385,0,0,417,765,0,0,35,029,000100,4,1385,0.0,69.89169675090253,55.23465703971119,0.0,350290001004
Block Group 1; Census Tract 2; Luna County; New Mexico,1293,49,20,356,885,35,0,35,029,000200,1,1293,5.336426914153132,72.46713070378962,68.44547563805105,2.706883217324053,350290002001
Block Group 2; Census Tract 2; Luna County; New Mexico,1067,43,443,204,838,7,0,35,029,000200,2,1067,45.54826616682287,80.88097469540769,78.53795688847235,0.6560449859418931,350290002002
Block Group 3; Census Tract 2; Luna County; New Mexico,1546,26,109,373,1142,0,0,35,029,000200,3,1546,8.73221216041397,75.8732212160414,73.86804657179819,0.0,350290002003
Block Group 1; Census Tract 3; Luna County; New Mexico,562,0,219,67,482,19,0,35,029,000300,1,562,38.967971530249116,88.07829181494662,85.76512455516014,3.3807829181494666,350290003001
Block Group 2; Census Tract 3; Luna County; New Mexico,983,10,93,321,563,10,0,35,029,000300,2,983,10.478128179043743,67.34486266531027,57.273652085452696,1.017293997965412,350290003002
Block Group 3; Census Tract 3; Luna County; New Mexico,1460,204,256,359,1094,0,21,35,029,000300,3,1460,31.506849315068493,75.41095890410959,74.93150684931507,1.4383561643835616,350290003003
Block Group 1; Census Tract 4.01; Luna County; New Mexico,1585,145,251,642,833,0,29,35,029,000401,1,1585,24.984227129337537,59.49526813880126,52.55520504731861,1.829652996845426,350290004011
Block Group 2; Census Tract 4.01; Luna County; New Mexico,1507,250,50,465,1000,0,0,35,029,000401,2,1507,19.907100199071,69.14399469143994,66.35700066357,0.0,350290004012
Block Group 1; Census Tract 4.02; Luna County; New Mexico,488,19,128,175,313,0,23,35,029,000402,1,488,30.122950819672127,64.13934426229508,64.13934426229508,4.713114754098361,350290004021
Block Group 2; Census Tract 4.02; Luna County; New Mexico,1936,192,71,619,1201,0,0,35,029,000402,2,1936,13.584710743801654,68.02685950413223,62.03512396694215,0.0,350290004022
Block Group 1; Census Tract 5; Luna County; New Mexico,1267,344,138,320,945,0,11,35,029,000500,1,1267,38.042620363062355,74.74348855564325,74.58563535911603,0.8681925808997633,350290005001
Block Group 2; Census Tract 5; Luna County; New Mexico,2275,94,432,735,1487,52,41,35,029,000500,2,2275,23.12087912087912,67.6923076923077,65.36263736263737,4.087912087912088,350290005002
Block Group 3; Census Tract 5; Luna County; New Mexico,925,30,400,454,471,16,0,35,029,000500,3,925,46.48648648648649,50.91891891891892,50.91891891891892,1.7297297297297298,350290005003
Block Group 1; Census Tract 6; Luna County; New Mexico,1222,270,120,298,826,64,11,35,029,000600,1,1222,31.914893617021278,75.61374795417348,67.59410801963993,6.137479541734861,350290006001
Block Group 2; Census Tract 6; Luna County; New Mexico,1508,58,152,104,1216,20,30,35,029,000600,2,1508,13.925729442970821,93.10344827586206,80.63660477453581,3.3156498673740056,350290006002
Block Group 1; Census Tract 9403.01; McKinley County; New Mexico,841,261,35,0,37,62,0,35,031,940301,1,841,35.1961950059453,100.0,4.399524375743162,7.37217598097503,350319403011
Block Group 2; Census Tract 9403.01; McKinley County; New Mexico,1284,160,142,0,0,28,0,35,031,940301,2,1284,23.5202492211838,100.0,0.0,2.1806853582554515,350319403012
Block Group 1; Census Tract 9403.02; McKinley County; New Mexico,880,105,192,0,10,36,12,35,031,940302,1,880,33.75,100.0,1.1363636363636365,5.454545454545454,350319403021
Block Group 2; Census Tract 9403.02; McKinley County; New Mexico,1951,344,545,17,23,138,13,35,031,940302,2,1951,45.56637621732445,99.128651973347,1.1788826242952333,7.739620707329574,350319403022
Block Group 3; Census Tract 9403.02; McKinley County; New Mexico,1155,141,86,13,8,11,0,35,031,940302,3,1155,19.653679653679653,98.87445887445887,0.6926406926406926,0.9523809523809524,350319403023
Block Group 1; Census Tract 9405; McKinley County; New Mexico,1233,186,153,37,117,0,49,35,031,940500,1,1233,27.49391727493917,96.99918896999189,9.48905109489051,3.9740470397404706,350319405001
Block Group 1; Census Tract 9435; McKinley County; New Mexico,988,163,130,32,6,27,10,35,031,943500,1,988,29.655870445344128,96.76113360323887,0.6072874493927125,3.7449392712550607,350319435001
Block Group 2; Census Tract 9435; McKinley County; New Mexico,1312,101,182,18,16,26,0,35,031,943500,2,1312,21.570121951219512,98.6280487804878,1.2195121951219512,1.9817073170731707,350319435002
Block Group 3; Census Tract 9435; McKinley County; New Mexico,1488,343,290,39,35,17,36,35,031,943500,3,1488,42.54032258064516,97.37903225806451,2.3521505376344085,3.5618279569892475,350319435003
Block Group 1; Census Tract 9436.01; McKinley County; New Mexico,935,285,164,0,4,12,0,35,031,943601,1,935,48.02139037433155,100.0,0.42780748663101603,1.2834224598930482,350319436011
Block Group 2; Census Tract 9436.01; McKinley County; New Mexico,1263,279,200,0,32,34,0,35,031,943601,2,1263,37.92557403008709,100.0,2.5336500395882817,2.6920031670625493,350319436012
Block Group 3; Census Tract 9436.01; McKinley County; New Mexico,1166,433,236,8,89,37,0,35,031,943601,3,1166,57.37564322469982,99.31389365351629,7.632933104631218,3.173241852487135,350319436013
Block Group 1; Census Tract 9436.02; McKinley County; New Mexico,776,260,206,6,0,38,8,35,031,943602,1,776,60.051546391752574,99.22680412371135,0.0,5.927835051546391,350319436021
Block Group 2; Census Tract 9436.02; McKinley County; New Mexico,1654,224,130,186,152,20,6,35,031,943602,2,1654,21.40266021765417,88.75453446191052,9.189842805320435,1.5719467956469164,350319436022
Block Group 3; Census Tract 9436.02; McKinley County; New Mexico,226,31,56,0,3,6,4,35,031,943602,3,226,38.49557522123894,100.0,1.3274336283185841,4.424778761061947,350319436023
Block Group 1; Census Tract 9437.01; McKinley County; New Mexico,702,242,95,0,51,3,0,35,031,943701,1,702,48.00569800569801,100.0,7.264957264957266,0.4273504273504274,350319437011
Block Group 2; Census Tract 9437.01; McKinley County; New Mexico,1452,245,403,32,6,42,4,35,031,943701,2,1452,44.62809917355372,97.7961432506887,0.4132231404958678,3.1680440771349865,350319437012
Block Group 1; Census Tract 9437.02; McKinley County; New Mexico,954,92,141,0,0,25,0,35,031,943702,1,954,24.423480083857445,100.0,0.0,2.6205450733752618,350319437021
Block Group 2; Census Tract 9437.02; McKinley County; New Mexico,867,75,236,47,4,14,2,35,031,943702,2,867,35.870818915801614,94.57900807381776,0.461361014994233,1.845444059976932,350319437022
Block Group 1; Census Tract 9438.01; McKinley County; New Mexico,2214,788,421,5,28,8,41,35,031,943801,1,2214,54.607046070460704,99.77416440831075,1.2646793134598013,2.2131887985546523,350319438011
Block Group 1; Census Tract 9438.02; McKinley County; New Mexico,786,186,91,11,12,32,8,35,031,943802,1,786,35.24173027989822,98.60050890585241,1.5267175572519083,5.089058524173027,350319438021
Block Group 2; Census Tract 9438.02; McKinley County; New Mexico,1210,156,249,4,24,46,3,35,031,943802,2,1210,33.47107438016529,99.6694214876033,1.9834710743801653,4.049586776859504,350319438022
Block Group 1; Census Tract 9438.03; McKinley County; New Mexico,749,233,119,0,6,42,0,35,031,943803,1,749,46.99599465954606,100.0,0.801068090787717,5.607476635514018,350319438031
Block Group 2; Census Tract 9438.03; McKinley County; New Mexico,906,288,131,11,7,26,18,35,031,943803,2,906,46.24724061810154,98.78587196467991,0.772626931567329,4.856512141280353,350319438032
Block Group 1; Census Tract 9439.03; McKinley County; New Mexico,681,125,80,0,2,42,7,35,031,943903,1,681,30.102790014684288,100.0,0.2936857562408223,7.195301027900147,350319439031
Block Group 2; Census Tract 9439.03; McKinley County; New Mexico,1170,141,333,16,143,46,32,35,031,943903,2,1170,40.51282051282051,98.63247863247864,12.222222222222221,6.666666666666667,350319439032
Block Group 1; Census Tract 9439.04; McKinley County; New Mexico,424,66,52,40,18,4,5,35,031,943904,1,424,27.830188679245282,90.56603773584906,4.245283018867925,2.1226415094339623,350319439041
Block Group 2; Census Tract 9439.04; McKinley County; New Mexico,684,89,61,7,9,26,0,35,031,943904,2,684,21.929824561403507,98.9766081871345,1.3157894736842104,3.8011695906432745,350319439042
Block Group 1; Census Tract 9439.05; McKinley County; New Mexico,1318,352,125,0,23,28,0,35,031,943905,1,1318,36.19119878603945,100.0,1.7450682852807284,2.12443095599393,350319439051
Block Group 1; Census Tract 9439.06; McKinley County; New Mexico,2739,831,253,7,416,14,3,35,031,943906,1,2739,39.576487769258854,99.74443227455275,15.188024826579044,0.6206644760861628,350319439061
Block Group 1; Census Tract 9439.07; McKinley County; New Mexico,1382,271,177,12,32,52,3,35,031,943907,1,1382,32.41678726483357,99.13169319826338,2.3154848046309695,3.979739507959479,350319439071
Block Group 1; Census Tract 9440; McKinley County; New Mexico,553,112,159,0,5,18,4,35,031,944000,1,553,49.00542495479204,100.0,0.9041591320072333,3.9783001808318263,350319440001
Block Group 2; Census Tract 9440; McKinley County; New Mexico,1247,228,380,13,23,47,32,35,031,944000,2,1247,48.757016840417,98.95749799518845,1.8444266238973537,6.335204490777866,350319440002
Block Group 1; Census Tract 9452.01; McKinley County; New Mexico,1919,823,20,152,661,4,0,35,031,945201,1,1919,43.92912975508077,92.07920792079209,34.44502344971339,0.20844189682126105,350319452011
Block Group 2; Census Tract 9452.01; McKinley County; New Mexico,1615,15,289,263,223,0,0,35,031,945201,2,1615,18.823529411764707,83.71517027863777,13.808049535603715,0.0,350319452012
Block Group 1; Census Tract 9452.02; McKinley County; New Mexico,2132,1404,99,13,1575,0,27,35,031,945202,1,2132,70.49718574108817,99.39024390243902,73.87429643527204,1.2664165103189493,350319452021
Block Group 2; Census Tract 9452.02; McKinley County; New Mexico,1139,246,92,127,231,22,100,35,031,945202,2,1139,29.67515364354697,88.84986830553116,20.28094820017559,10.711150131694469,350319452022
Block Group 1; Census Tract 9453; McKinley County; New Mexico,1792,430,267,101,881,0,0,35,031,945300,1,1792,38.895089285714285,94.36383928571429,49.16294642857143,0.0,350319453001
Block Group 2; Census Tract 9453; McKinley County; New Mexico,1740,809,161,162,182,0,72,35,031,945300,2,1740,55.74712643678161,90.6896551724138,10.459770114942529,4.137931034482759,350319453002
Block Group 1; Census Tract 9454; McKinley County; New Mexico,686,5,10,174,189,6,0,35,031,945400,1,686,2.186588921282799,74.63556851311954,27.55102040816326,0.8746355685131195,350319454001
Block Group 2; Census Tract 9454; McKinley County; New Mexico,775,168,43,129,124,0,55,35,031,945400,2,775,27.225806451612904,83.35483870967741,16.0,7.096774193548387,350319454002
Block Group 3; Census Tract 9454; McKinley County; New Mexico,1007,138,76,233,234,0,0,35,031,945400,3,1007,21.25124131082423,76.86196623634558,23.23733862959285,0.0,350319454003
Block Group 4; Census Tract 9454; McKinley County; New Mexico,1326,145,58,0,96,0,0,35,031,945400,4,1326,15.309200603318251,100.0,7.239819004524888,0.0,350319454004
Block Group 1; Census Tract 9455.01; McKinley County; New Mexico,1448,99,66,533,298,0,25,35,031,945501,1,1448,11.395027624309392,63.190607734806626,20.58011049723757,1.7265193370165748,350319455011
Block Group 1; Census Tract 9455.02; McKinley County; New Mexico,1606,204,140,923,328,0,20,35,031,945502,1,1606,21.419676214196762,42.528019925280205,20.423412204234122,1.2453300124533,350319455021
Block Group 1; Census Tract 9455.03; McKinley County; New Mexico,717,20,171,326,68,0,49,35,031,945503,1,717,26.638772663877262,54.53277545327755,9.483960948396094,6.834030683403068,350319455031
Block Group 2; Census Tract 9455.03; McKinley County; New Mexico,1025,63,90,179,215,24,20,35,031,945503,2,1025,14.926829268292682,82.53658536585367,20.975609756097562,4.2926829268292686,350319455032
Block Group 3; Census Tract 9455.03; McKinley County; New Mexico,352,13,11,56,120,0,0,35,031,945503,3,352,6.8181818181818175,84.0909090909091,34.090909090909086,0.0,350319455033
Block Group 1; Census Tract 9456.01; McKinley County; New Mexico,2085,2,108,551,406,30,0,35,031,945601,1,2085,5.275779376498801,73.57314148681056,19.47242206235012,1.4388489208633095,350319456011
Block Group 1; Census Tract 9456.02; McKinley County; New Mexico,1400,0,446,24,660,0,11,35,031,945602,1,1400,31.857142857142858,98.28571428571429,47.14285714285714,0.7857142857142858,350319456021
Block Group 2; Census Tract 9456.02; McKinley County; New Mexico,1576,9,676,97,325,0,116,35,031,945602,2,1576,43.46446700507614,93.84517766497463,20.621827411167512,7.3604060913705585,350319456022
Block Group 3; Census Tract 9456.02; McKinley County; New Mexico,651,116,0,24,15,0,0,35,031,945602,3,651,17.81874039938556,96.31336405529954,2.3041474654377883,0.0,350319456023
Block Group 1; Census Tract 9457.01; McKinley County; New Mexico,865,76,153,144,21,24,0,35,031,945701,1,865,26.473988439306357,83.35260115606935,2.4277456647398843,2.7745664739884393,350319457011
Block Group 1; Census Tract 9457.02; McKinley County; New Mexico,1177,230,279,0,0,89,9,35,031,945702,1,1177,43.24553950722175,100.0,0.0,8.326253186066271,350319457021
Block Group 1; Census Tract 9460.01; McKinley County; New Mexico,1537,307,240,47,79,61,0,35,031,946001,1,1537,35.588809368900456,96.94209499024072,5.139882888744307,3.9687703318152243,350319460011
Block Group 2; Census Tract 9460.01; McKinley County; New Mexico,455,0,25,15,96,0,5,35,031,946001,2,455,5.4945054945054945,96.7032967032967,21.0989010989011,1.098901098901099,350319460012
Block Group 1; Census Tract 9460.02; McKinley County; New Mexico,1665,845,74,152,97,83,0,35,031,946002,1,1665,55.19519519519519,90.87087087087087,5.8258258258258255,4.984984984984985,350319460021
Block Group 1; Census Tract 9460.03; McKinley County; New Mexico,917,175,336,0,39,49,0,35,031,946003,1,917,55.72519083969466,100.0,4.252998909487459,5.343511450381679,350319460031
Block Group 2; Census Tract 9460.03; McKinley County; New Mexico,950,276,272,0,0,69,3,35,031,946003,2,950,57.684210526315795,100.0,0.0,7.578947368421053,350319460032
Block Group 1; Census Tract 9731; McKinley County; New Mexico,981,132,23,515,75,0,0,35,031,973100,1,981,15.80020387359837,47.50254841997962,7.64525993883792,0.0,350319731001
Block Group 2; Census Tract 9731; McKinley County; New Mexico,444,53,0,198,70,0,0,35,031,973100,2,444,11.936936936936938,55.4054054054054,15.765765765765765,0.0,350319731002
Block Group 1; Census Tract 9800; McKinley County; New Mexico,0,0,0,0,0,0,0,35,031,980000,1,0,,,,,350319800001
Block Group 1; Census Tract 9552.01; Mora County; New Mexico,962,22,270,176,750,0,36,35,033,955201,1,962,30.353430353430355,81.70478170478171,77.96257796257797,3.7422037422037424,350339552011
Block Group 2; Census Tract 9552.01; Mora County; New Mexico,1005,3,105,60,941,0,0,35,033,955201,2,1005,10.746268656716417,94.02985074626866,93.6318407960199,0.0,350339552012
Block Group 1; Census Tract 9552.02; Mora County; New Mexico,889,46,59,334,555,0,0,35,033,955202,1,889,11.811023622047244,62.429696287964,62.429696287964006,0.0,350339552021
Block Group 2; Census Tract 9552.02; Mora County; New Mexico,348,37,143,0,311,0,0,35,033,955202,2,348,51.724137931034484,100.0,89.36781609195403,0.0,350339552022
Block Group 3; Census Tract 9552.02; Mora County; New Mexico,972,41,56,347,621,17,22,35,033,955202,3,972,9.979423868312757,64.30041152263375,63.888888888888886,4.012345679012346,350339552023
Block Group 1; Census Tract 1; Otero County; New Mexico,592,45,120,175,387,4,23,35,035,000100,1,592,27.87162162162162,70.4391891891892,65.37162162162163,4.5608108108108105,350350001001
Block Group 2; Census Tract 1; Otero County; New Mexico,1301,174,346,420,691,0,16,35,035,000100,2,1301,39.96925441967717,67.71714066102999,53.1129900076864,1.2298232129131437,350350001002
Block Group 1; Census Tract 2; Otero County; New Mexico,843,127,91,451,315,0,8,35,035,000200,1,843,25.86002372479241,46.5005931198102,37.36654804270463,0.9489916963226572,350350002001
Block Group 2; Census Tract 2; Otero County; New Mexico,1161,198,109,770,131,6,64,35,035,000200,2,1161,26.442721791559,33.67786391042205,11.283376399655468,6.029285099052541,350350002002
Block Group 1; Census Tract 3.03; Otero County; New Mexico,924,90,63,470,315,0,0,35,035,000303,1,924,16.558441558441558,49.13419913419913,34.090909090909086,0.0,350350003031
Block Group 2; Census Tract 3.03; Otero County; New Mexico,1673,197,531,1278,335,18,19,35,035,000303,2,1673,43.51464435146444,23.61028093245666,20.023909145248055,2.211595935445308,350350003032
Block Group 1; Census Tract 3.04; Otero County; New Mexico,596,11,0,343,204,9,0,35,035,000304,1,596,1.8456375838926176,42.4496644295302,34.22818791946309,1.5100671140939599,350350003041
Block Group 2; Census Tract 3.04; Otero County; New Mexico,1550,44,85,961,481,0,47,35,035,000304,2,1550,8.32258064516129,38.0,31.032258064516128,3.032258064516129,350350003042
Block Group 3; Census Tract 3.04; Otero County; New Mexico,1550,9,14,1501,10,2,0,35,035,000304,3,1550,1.4838709677419355,3.1612903225806455,0.6451612903225806,0.12903225806451613,350350003043
Block Group 1; Census Tract 3.05; Otero County; New Mexico,672,103,149,237,231,0,18,35,035,000305,1,672,37.5,64.73214285714286,34.375,2.6785714285714284,350350003051
Block Group 2; Census Tract 3.05; Otero County; New Mexico,1410,93,30,805,73,22,0,35,035,000305,2,1410,8.72340425531915,42.90780141843972,5.177304964539007,1.5602836879432624,350350003052
Block Group 3; Census Tract 3.05; Otero County; New Mexico,706,24,79,466,173,0,35,35,035,000305,3,706,14.589235127478753,33.994334277620396,24.504249291784703,4.957507082152975,350350003053
Block Group 4; Census Tract 3.05; Otero County; New Mexico,776,66,145,345,363,10,0,35,035,000305,4,776,27.190721649484534,55.54123711340206,46.77835051546392,1.2886597938144329,350350003054
Block Group 1; Census Tract 3.06; Otero County; New Mexico,870,17,13,625,157,0,0,35,035,000306,1,870,3.4482758620689653,28.16091954022989,18.04597701149425,0.0,350350003061
Block Group 2; Census Tract 3.06; Otero County; New Mexico,657,47,0,289,271,8,0,35,035,000306,2,657,7.15372907153729,56.01217656012176,41.24809741248097,1.21765601217656,350350003062
Block Group 3; Census Tract 3.06; Otero County; New Mexico,785,0,132,258,380,0,0,35,035,000306,3,785,16.81528662420382,67.13375796178345,48.40764331210191,0.0,350350003063
Block Group 4; Census Tract 3.06; Otero County; New Mexico,521,0,0,217,231,0,0,35,035,000306,4,521,0.0,58.34932821497121,44.33781190019194,0.0,350350003064
Block Group 1; Census Tract 4.01; Otero County; New Mexico,505,0,106,217,202,0,0,35,035,000401,1,505,20.99009900990099,57.02970297029704,40.0,0.0,350350004011
Block Group 2; Census Tract 4.01; Otero County; New Mexico,1805,0,0,948,744,16,0,35,035,000401,2,1805,0.0,47.4792243767313,41.21883656509695,0.886426592797784,350350004012
Block Group 3; Census Tract 4.01; Otero County; New Mexico,634,98,162,305,168,0,174,35,035,000401,3,634,41.00946372239748,51.89274447949527,26.498422712933756,27.444794952681388,350350004013
Block Group 4; Census Tract 4.01; Otero County; New Mexico,1438,282,239,748,474,0,0,35,035,000401,4,1438,36.230876216968014,47.98331015299026,32.962447844228095,0.0,350350004014
Block Group 5; Census Tract 4.01; Otero County; New Mexico,539,20,91,169,335,0,0,35,035,000401,5,539,20.59369202226345,68.6456400742115,62.152133580705005,0.0,350350004015
Block Group 1; Census Tract 4.03; Otero County; New Mexico,562,17,8,436,50,0,0,35,035,000403,1,562,4.448398576512456,22.419928825622783,8.896797153024911,0.0,350350004031
Block Group 2; Census Tract 4.03; Otero County; New Mexico,2470,179,86,1871,280,0,10,35,035,000403,2,2470,10.728744939271255,24.251012145748984,11.336032388663968,0.4048582995951417,350350004032
Block Group 1; Census Tract 4.04; Otero County; New Mexico,658,0,0,84,291,0,0,35,035,000404,1,658,0.0,87.2340425531915,44.224924012158056,0.0,350350004041
Block Group 2; Census Tract 4.04; Otero County; New Mexico,1362,21,15,670,585,0,0,35,035,000404,2,1362,2.643171806167401,50.80763582966226,42.951541850220266,0.0,350350004042
Block Group 3; Census Tract 4.04; Otero County; New Mexico,1666,18,14,995,535,51,98,35,035,000404,3,1666,1.9207683073229291,40.27611044417767,32.11284513805522,8.94357743097239,350350004043
Block Group 4; Census Tract 4.04; Otero County; New Mexico,809,188,115,276,362,0,88,35,035,000404,4,809,37.45364647713226,65.88380716934488,44.746600741656366,10.877626699629172,350350004044
Block Group 1; Census Tract 5.01; Otero County; New Mexico,1455,7,83,502,638,0,0,35,035,000501,1,1455,6.185567010309279,65.49828178694158,43.84879725085911,0.0,350350005011
Block Group 2; Census Tract 5.01; Otero County; New Mexico,396,24,107,211,162,0,29,35,035,000501,2,396,33.08080808080808,46.71717171717171,40.909090909090914,7.3232323232323235,350350005012
Block Group 3; Census Tract 5.01; Otero County; New Mexico,909,14,304,476,396,22,35,35,035,000501,3,909,34.98349834983499,47.63476347634763,43.56435643564357,6.270627062706271,350350005013
Block Group 1; Census Tract 5.02; Otero County; New Mexico,609,13,32,392,203,7,0,35,035,000502,1,609,7.389162561576355,35.63218390804598,33.33333333333333,1.1494252873563218,350350005021
Block Group 2; Census Tract 5.02; Otero County; New Mexico,1129,151,225,430,599,5,0,35,035,000502,2,1129,33.30380868024801,61.91319751992914,53.055801594331264,0.44286979627989376,350350005022
Block Group 1; Census Tract 6.01; Otero County; New Mexico,735,0,0,428,218,0,0,35,035,000601,1,735,0.0,41.76870748299319,29.65986394557823,0.0,350350006011
Block Group 1; Census Tract 6.02; Otero County; New Mexico,1263,116,157,951,158,10,0,35,035,000602,1,1263,21.61520190023753,24.703087885985752,12.50989707046714,0.791765637371338,350350006021
Block Group 2; Census Tract 6.02; Otero County; New Mexico,1186,43,75,789,297,0,0,35,035,000602,2,1186,9.949409780775717,33.473861720067454,25.042158516020237,0.0,350350006022
Block Group 1; Census Tract 6.03; Otero County; New Mexico,875,35,170,669,176,0,0,35,035,000603,1,875,23.42857142857143,23.542857142857144,20.114285714285714,0.0,350350006031
Block Group 2; Census Tract 6.03; Otero County; New Mexico,1416,12,212,531,752,16,0,35,035,000603,2,1416,15.819209039548024,62.5,53.10734463276836,1.1299435028248588,350350006032
Block Group 1; Census Tract 6.04; Otero County; New Mexico,1378,70,77,732,296,0,22,35,035,000604,1,1378,10.667634252539914,46.87953555878084,21.480406386066765,1.5965166908563133,350350006041
Block Group 2; Census Tract 6.04; Otero County; New Mexico,536,12,29,377,90,0,0,35,035,000604,2,536,7.649253731343284,29.66417910447762,16.791044776119403,0.0,350350006042
Block Group 3; Census Tract 6.04; Otero County; New Mexico,1448,32,108,1003,49,0,0,35,035,000604,3,1448,9.668508287292818,30.732044198895025,3.3839779005524857,0.0,350350006043
Block Group 1; Census Tract 7.01; Otero County; New Mexico,609,4,0,164,352,0,0,35,035,000701,1,609,0.6568144499178982,73.07060755336617,57.799671592775034,0.0,350350007011
Block Group 2; Census Tract 7.01; Otero County; New Mexico,286,46,0,149,131,17,0,35,035,000701,2,286,16.083916083916083,47.90209790209791,45.8041958041958,5.944055944055944,350350007012
Block Group 3; Census Tract 7.01; Otero County; New Mexico,900,27,25,377,447,0,0,35,035,000701,3,900,5.777777777777778,58.111111111111114,49.666666666666664,0.0,350350007013
Block Group 4; Census Tract 7.01; Otero County; New Mexico,152,0,0,94,40,0,0,35,035,000701,4,152,0.0,38.1578947368421,26.31578947368421,0.0,350350007014
Block Group 5; Census Tract 7.01; Otero County; New Mexico,1693,103,17,1035,394,14,50,35,035,000701,5,1693,7.088009450679269,38.865918487891314,23.27229769639693,3.780271707028943,350350007015
Block Group 1; Census Tract 7.02; Otero County; New Mexico,1434,108,317,538,820,0,0,35,035,000702,1,1434,29.637377963737798,62.48256624825663,57.182705718270576,0.0,350350007021
Block Group 1; Census Tract 9.01; Otero County; New Mexico,1352,0,22,1110,126,0,0,35,035,000901,1,1352,1.6272189349112427,17.899408284023664,9.319526627218936,0.0,350350009011
Block Group 2; Census Tract 9.01; Otero County; New Mexico,726,3,295,557,137,0,0,35,035,000901,2,726,41.04683195592286,23.278236914600548,18.87052341597796,0.0,350350009012
Block Group 3; Census Tract 9.01; Otero County; New Mexico,2498,19,840,2161,311,12,17,35,035,000901,3,2498,34.38751000800641,13.490792634107285,12.44995996797438,1.1609287429943955,350350009013
Block Group 1; Census Tract 9.03; Otero County; New Mexico,1900,72,96,17,1811,6,0,35,035,000903,1,1900,8.842105263157894,99.10526315789474,95.3157894736842,0.3157894736842105,350350009031
Block Group 2; Census Tract 9.03; Otero County; New Mexico,1900,422,807,0,1900,0,18,35,035,000903,2,1900,64.6842105263158,100.0,100.0,0.9473684210526316,350350009032
Block Group 3; Census Tract 9.03; Otero County; New Mexico,3719,60,539,407,3145,32,0,35,035,000903,3,3719,16.106480236622748,89.056197902662,84.56574347942995,0.860446356547459,350350009033
Block Group 1; Census Tract 9.04; Otero County; New Mexico,485,18,0,418,67,10,0,35,035,000904,1,485,3.711340206185567,13.814432989690717,13.814432989690722,2.0618556701030926,350350009041
Block Group 2; Census Tract 9.04; Otero County; New Mexico,1907,75,256,80,1827,0,0,35,035,000904,2,1907,17.357105401153643,95.80492920818038,95.80492920818038,0.0,350350009042
Block Group 3; Census Tract 9.04; Otero County; New Mexico,1968,202,431,84,1884,0,0,35,035,000904,3,1968,32.16463414634146,95.73170731707317,95.73170731707317,0.0,350350009043
Block Group 4; Census Tract 9.04; Otero County; New Mexico,759,4,115,553,206,0,0,35,035,000904,4,759,15.678524374176547,27.140974967061926,27.140974967061926,0.0,350350009044
Block Group 1; Census Tract 9400; Otero County; New Mexico,845,57,258,21,62,26,15,35,035,940000,1,845,37.278106508875744,97.51479289940829,7.337278106508875,4.85207100591716,350359400001
Block Group 2; Census Tract 9400; Otero County; New Mexico,769,105,78,21,84,24,9,35,035,940000,2,769,23.797139141742523,97.26918075422627,10.92327698309493,4.291287386215865,350359400002
Block Group 3; Census Tract 9400; Otero County; New Mexico,1963,130,433,174,131,18,58,35,035,940000,3,1963,28.680590932246563,91.13601630157922,6.6734589913397855,3.871625063678044,350359400003
Block Group 1; Census Tract 9586.01; Quay County; New Mexico,645,103,10,355,178,60,10,35,037,958601,1,645,17.519379844961243,44.96124031007752,27.596899224806204,10.852713178294573,350379586011
Block Group 2; Census Tract 9586.01; Quay County; New Mexico,1127,250,257,308,674,0,83,35,037,958601,2,1127,44.98669032830524,72.67080745341615,59.80479148181011,7.364685004436557,350379586012
Block Group 3; Census Tract 9586.01; Quay County; New Mexico,235,20,75,106,106,0,35,35,037,958601,3,235,40.42553191489361,54.8936170212766,45.1063829787234,14.893617021276595,350379586013
Block Group 4; Census Tract 9586.01; Quay County; New Mexico,1148,32,6,293,773,0,0,35,037,958601,4,1148,3.3101045296167246,74.4773519163763,67.33449477351915,0.0,350379586014
Block Group 1; Census Tract 9586.02; Quay County; New Mexico,600,233,45,230,370,0,10,35,037,958602,1,600,46.33333333333333,61.66666666666667,61.66666666666667,1.6666666666666667,350379586021
Block Group 2; Census Tract 9586.02; Quay County; New Mexico,859,134,162,191,649,50,148,35,037,958602,2,859,34.458672875436555,77.76484284051223,75.55296856810244,23.050058207217695,350379586022
Block Group 3; Census Tract 9586.02; Quay County; New Mexico,712,113,33,319,384,0,0,35,037,958602,3,712,20.50561797752809,55.19662921348314,53.93258426966292,0.0,350379586023
Block Group 4; Census Tract 9586.02; Quay County; New Mexico,443,45,43,175,268,7,0,35,037,958602,4,443,19.864559819413092,60.496613995485326,60.496613995485326,1.580135440180587,350379586024
Block Group 1; Census Tract 9589; Quay County; New Mexico,698,20,155,517,69,2,0,35,037,958900,1,698,25.07163323782235,25.931232091690546,9.885386819484241,0.28653295128939826,350379589001
Block Group 2; Census Tract 9589; Quay County; New Mexico,621,0,13,479,92,0,0,35,037,958900,2,621,2.0933977455716586,22.866344605475042,14.814814814814813,0.0,350379589002
Block Group 3; Census Tract 9589; Quay County; New Mexico,649,56,46,528,73,4,0,35,037,958900,3,649,15.716486902927581,18.644067796610166,11.248073959938367,0.6163328197226503,350379589003
Block Group 4; Census Tract 9589; Quay County; New Mexico,879,201,86,664,206,15,0,35,037,958900,4,879,32.65073947667804,24.459613196814566,23.435722411831627,1.7064846416382253,350379589004
Block Group 1; Census Tract 1; Rio Arriba County; New Mexico,624,1,317,129,495,0,0,35,039,000100,1,624,50.96153846153846,79.32692307692308,79.32692307692307,0.0,350390001001
Block Group 2; Census Tract 1; Rio Arriba County; New Mexico,1584,232,258,73,1506,0,0,35,039,000100,2,1584,30.934343434343436,95.39141414141415,95.07575757575758,0.0,350390001002
Block Group 3; Census Tract 1; Rio Arriba County; New Mexico,819,46,25,0,819,0,0,35,039,000100,3,819,8.669108669108669,100.0,100.0,0.0,350390001003
Block Group 1; Census Tract 2; Rio Arriba County; New Mexico,2275,577,256,439,1795,30,0,35,039,000200,1,2275,36.61538461538461,80.7032967032967,78.9010989010989,1.3186813186813187,350390002001
Block Group 2; Census Tract 2; Rio Arriba County; New Mexico,1339,206,30,170,871,39,0,35,039,000200,2,1339,17.625093353248694,87.30395817774459,65.0485436893204,2.912621359223301,350390002002
Block Group 1; Census Tract 3.01; Rio Arriba County; New Mexico,2354,5,0,654,1695,0,0,35,039,000301,1,2354,0.21240441801189466,72.21750212404419,72.00509770603229,0.0,350390003011
Block Group 2; Census Tract 3.01; Rio Arriba County; New Mexico,1327,239,103,3,1323,0,0,35,039,000301,2,1327,25.772418990203466,99.77392614920875,99.698568198945,0.0,350390003012
Block Group 1; Census Tract 3.02; Rio Arriba County; New Mexico,1966,0,93,151,1815,0,0,35,039,000302,1,1966,4.730417090539166,92.31943031536115,92.31943031536115,0.0,350390003021
Block Group 2; Census Tract 3.02; Rio Arriba County; New Mexico,719,2,113,35,682,0,0,35,039,000302,2,719,15.99443671766342,95.13212795549374,94.85396383866481,0.0,350390003022
Block Group 1; Census Tract 4.01; Rio Arriba County; New Mexico,1211,17,401,154,1041,0,0,35,039,000401,1,1211,34.516928158546655,87.28323699421965,85.96201486374898,0.0,350390004011
Block Group 2; Census Tract 4.01; Rio Arriba County; New Mexico,651,44,0,98,553,0,0,35,039,000401,2,651,6.7588325652841785,84.94623655913979,84.94623655913979,0.0,350390004012
Block Group 1; Census Tract 4.02; Rio Arriba County; New Mexico,719,168,257,38,678,0,0,35,039,000402,1,719,59.109874826147426,94.71488178025035,94.29763560500696,0.0,350390004021
Block Group 2; Census Tract 4.02; Rio Arriba County; New Mexico,1597,0,52,144,1453,0,0,35,039,000402,2,1597,3.2561051972448336,90.98309329993738,90.98309329993738,0.0,350390004022
Block Group 1; Census Tract 5; Rio Arriba County; New Mexico,834,82,46,199,564,36,14,35,039,000500,1,834,15.347721822541965,76.13908872901679,67.62589928057554,5.995203836930456,350390005001
Block Group 2; Census Tract 5; Rio Arriba County; New Mexico,1039,63,33,460,380,0,0,35,039,000500,2,1039,9.239653512993263,55.72666025024062,36.57362848893166,0.0,350390005002
Block Group 3; Census Tract 5; Rio Arriba County; New Mexico,1788,58,223,614,1103,4,0,35,039,000500,3,1788,15.715883668903805,65.65995525727068,61.68903803131991,0.22371364653243847,350390005003
Block Group 1; Census Tract 9407; Rio Arriba County; New Mexico,782,66,187,170,586,0,45,35,039,940700,1,782,32.35294117647059,78.26086956521739,74.93606138107417,5.754475703324808,350399407001
Block Group 2; Census Tract 9407; Rio Arriba County; New Mexico,965,77,161,84,824,14,13,35,039,940700,2,965,24.663212435233163,91.29533678756476,85.38860103626943,2.7979274611398965,350399407002
Block Group 3; Census Tract 9407; Rio Arriba County; New Mexico,1288,150,185,335,914,14,61,35,039,940700,3,1288,26.009316770186334,73.99068322981365,70.96273291925466,5.8229813664596275,350399407003
Block Group 1; Census Tract 9408; Rio Arriba County; New Mexico,1222,138,74,196,998,10,3,35,039,940800,1,1222,17.348608837970538,83.9607201309329,81.66939443535188,1.0638297872340425,350399408001
Block Group 2; Census Tract 9408; Rio Arriba County; New Mexico,2531,128,96,682,1610,10,1,35,039,940800,2,2531,8.850256815487949,73.05412880284472,63.61122086131964,0.434610825760569,350399408002
Block Group 3; Census Tract 9408; Rio Arriba County; New Mexico,1861,317,147,39,239,16,0,35,039,940800,3,1861,24.93283181085438,97.90435249865664,12.842557764642665,0.8597528210639441,350399408003
Block Group 1; Census Tract 9410; Rio Arriba County; New Mexico,1194,109,37,52,69,0,0,35,039,941000,1,1194,12.227805695142377,95.64489112227805,5.778894472361809,0.0,350399410001
Block Group 2; Census Tract 9410; Rio Arriba County; New Mexico,1832,595,164,229,549,0,0,35,039,941000,2,1832,41.430131004366814,87.5,29.967248908296945,0.0,350399410002
Block Group 3; Census Tract 9410; Rio Arriba County; New Mexico,1460,120,138,0,209,18,0,35,039,941000,3,1460,17.671232876712327,100.0,14.315068493150685,1.2328767123287672,350399410003
Block Group 1; Census Tract 9441; Rio Arriba County; New Mexico,1128,128,97,21,208,8,0,35,039,944100,1,1128,19.9468085106383,98.13829787234043,18.439716312056735,0.7092198581560284,350399441001
Block Group 2; Census Tract 9441; Rio Arriba County; New Mexico,690,65,57,71,457,0,0,35,039,944100,2,690,17.681159420289855,89.71014492753623,66.23188405797102,0.0,350399441002
Block Group 3; Census Tract 9441; Rio Arriba County; New Mexico,960,44,124,52,856,16,6,35,039,944100,3,960,17.5,94.58333333333333,89.16666666666667,2.2916666666666665,350399441003
Block Group 4; Census Tract 9441; Rio Arriba County; New Mexico,1659,145,286,200,1332,16,15,35,039,944100,4,1659,25.979505726341166,87.94454490657021,80.28933092224231,1.8685955394816152,350399441004
Block Group 5; Census Tract 9441; Rio Arriba County; New Mexico,1747,71,180,173,1414,24,8,35,039,944100,5,1747,14.367487120778478,90.09730967372639,80.93875214653691,1.8317115054378934,350399441005
Block Group 1; Census Tract 1; Roosevelt County; New Mexico,1012,58,12,486,384,0,26,35,041,000100,1,1012,6.91699604743083,51.976284584980235,37.94466403162055,2.5691699604743086,350410001001
Block Group 2; Census Tract 1; Roosevelt County; New Mexico,601,0,40,130,466,0,0,35,041,000100,2,601,6.655574043261231,78.369384359401,77.53743760399334,0.0,350410001002
Block Group 3; Census Tract 1; Roosevelt County; New Mexico,1170,38,62,777,385,0,8,35,041,000100,3,1170,8.547008547008547,33.58974358974359,32.9059829059829,0.6837606837606838,350410001003
Block Group 4; Census Tract 1; Roosevelt County; New Mexico,1348,335,333,761,497,0,138,35,041,000100,4,1348,49.554896142433236,43.5459940652819,36.86943620178042,10.237388724035608,350410001004
Block Group 1; Census Tract 2; Roosevelt County; New Mexico,1193,326,103,288,611,0,0,35,041,000200,1,1193,35.95976529756915,75.85917854149203,51.215423302598495,0.0,350410002001
Block Group 2; Census Tract 2; Roosevelt County; New Mexico,1615,120,130,709,906,83,1,35,041,000200,2,1615,15.479876160990713,56.09907120743034,56.09907120743034,5.201238390092879,350410002002
Block Group 3; Census Tract 2; Roosevelt County; New Mexico,892,139,105,226,666,33,104,35,041,000200,3,892,27.3542600896861,74.66367713004485,74.66367713004485,15.358744394618833,350410002003
Block Group 1; Census Tract 3; Roosevelt County; New Mexico,1814,98,33,890,804,0,0,35,041,000300,1,1814,7.221609702315325,50.93715545755237,44.321940463065054,0.0,350410003001
Block Group 2; Census Tract 3; Roosevelt County; New Mexico,1094,8,23,611,228,0,0,35,041,000300,2,1094,2.83363802559415,44.14990859232175,20.840950639853748,0.0,350410003002
Block Group 3; Census Tract 3; Roosevelt County; New Mexico,1723,272,227,888,734,13,0,35,041,000300,3,1723,28.961114335461403,48.46198491004062,42.60011607661056,0.7544979686593152,350410003003
Block Group 1; Census Tract 4.01; Roosevelt County; New Mexico,1210,71,61,708,441,11,0,35,041,000401,1,1210,10.909090909090908,41.48760330578513,36.446280991735534,0.9090909090909091,350410004011
Block Group 2; Census Tract 4.01; Roosevelt County; New Mexico,1188,27,534,213,888,0,0,35,041,000401,2,1188,47.22222222222222,82.07070707070707,74.74747474747475,0.0,350410004012
Block Group 3; Census Tract 4.01; Roosevelt County; New Mexico,764,58,96,520,224,0,0,35,041,000401,3,764,20.157068062827225,31.937172774869104,29.31937172774869,0.0,350410004013
Block Group 1; Census Tract 4.02; Roosevelt County; New Mexico,739,112,90,477,243,2,0,35,041,000402,1,739,27.33423545331529,35.453315290933695,32.88227334235454,0.2706359945872801,350410004021
Block Group 2; Census Tract 4.02; Roosevelt County; New Mexico,1931,192,100,993,878,23,7,35,041,000402,2,1931,15.121698601760746,48.57586742620404,45.46866908337649,1.5535991714137753,350410004022
Block Group 3; Census Tract 4.02; Roosevelt County; New Mexico,708,0,53,606,85,0,0,35,041,000402,3,708,7.4858757062146895,14.406779661016945,12.005649717514125,0.0,350410004023
Block Group 1; Census Tract 105.03; Sandoval County; New Mexico,696,0,37,165,526,0,0,35,043,010503,1,696,5.316091954022988,76.29310344827587,75.57471264367817,0.0,350430105031
Block Group 2; Census Tract 105.03; Sandoval County; New Mexico,1418,113,38,392,1019,0,29,35,043,010503,2,1418,10.648801128349788,72.35543018335684,71.86177715091678,2.0451339915373765,350430105032
Block Group 3; Census Tract 105.03; Sandoval County; New Mexico,953,52,61,173,699,63,0,35,043,010503,3,953,11.85729275970619,81.84679958027282,73.3473242392445,6.610703043022036,350430105033
Block Group 1; Census Tract 106.01; Sandoval County; New Mexico,2927,65,64,1942,773,34,0,35,043,010601,1,2927,4.407242910830202,33.65220362145541,26.40929279125384,1.1615989067304406,350430106011
Block Group 2; Census Tract 106.01; Sandoval County; New Mexico,1638,103,148,1049,428,10,0,35,043,010601,2,1638,15.323565323565324,35.958485958485966,26.129426129426133,0.6105006105006106,350430106012
Block Group 1; Census Tract 106.02; Sandoval County; New Mexico,2470,141,12,1498,743,0,0,35,043,010602,1,2470,6.194331983805668,39.35222672064778,30.080971659919026,0.0,350430106021
Block Group 2; Census Tract 106.02; Sandoval County; New Mexico,1522,0,60,1116,406,11,0,35,043,010602,2,1522,3.942181340341656,26.67542706964521,26.675427069645202,0.7227332457293035,350430106022
Block Group 1; Census Tract 107.02; Sandoval County; New Mexico,1998,185,282,885,1047,0,11,35,043,010702,1,1998,23.373373373373376,55.7057057057057,52.4024024024024,0.5505505505505506,350430107021
Block Group 2; Census Tract 107.02; Sandoval County; New Mexico,2286,86,43,994,1197,17,0,35,043,010702,2,2286,5.6430446194225725,56.51793525809274,52.362204724409445,0.7436570428696413,350430107022
Block Group 3; Census Tract 107.02; Sandoval County; New Mexico,2395,0,15,1459,746,0,0,35,043,010702,3,2395,0.6263048016701461,39.08141962421712,31.1482254697286,0.0,350430107023
Block Group 4; Census Tract 107.02; Sandoval County; New Mexico,1710,17,77,1149,479,0,0,35,043,010702,4,1710,5.497076023391813,32.80701754385965,28.01169590643275,0.0,350430107024
Block Group 1; Census Tract 107.05; Sandoval County; New Mexico,2301,53,21,1260,980,34,0,35,043,010705,1,2301,3.215993046501521,45.241199478487616,42.59017818339853,1.477618426770969,350430107051
Block Group 2; Census Tract 107.05; Sandoval County; New Mexico,1502,107,32,550,892,0,0,35,043,010705,2,1502,9.254327563249001,63.38215712383488,59.38748335552596,0.0,350430107052
Block Group 3; Census Tract 107.05; Sandoval County; New Mexico,1118,56,41,620,407,0,0,35,043,010705,3,1118,8.676207513416816,44.5438282647585,36.40429338103757,0.0,350430107053
Block Group 4; Census Tract 107.05; Sandoval County; New Mexico,985,14,0,390,595,0,0,35,043,010705,4,985,1.4213197969543148,60.40609137055837,60.40609137055838,0.0,350430107054
Block Group 1; Census Tract 107.12; Sandoval County; New Mexico,1746,70,78,800,658,16,0,35,043,010712,1,1746,8.47651775486827,54.18098510882017,37.68613974799542,0.9163802978235969,350430107121
Block Group 2; Census Tract 107.12; Sandoval County; New Mexico,1700,56,17,727,833,0,0,35,043,010712,2,1700,4.294117647058823,57.23529411764705,49.0,0.0,350430107122
Block Group 3; Census Tract 107.12; Sandoval County; New Mexico,940,25,249,322,618,20,0,35,043,010712,3,940,29.148936170212764,65.74468085106383,65.74468085106383,2.127659574468085,350430107123
Block Group 4; Census Tract 107.12; Sandoval County; New Mexico,1677,0,0,513,654,0,0,35,043,010712,4,1677,0.0,69.40966010733453,38.998211091234346,0.0,350430107124
Block Group 1; Census Tract 107.13; Sandoval County; New Mexico,1288,52,85,466,542,30,0,35,043,010713,1,1288,10.63664596273292,63.81987577639752,42.08074534161491,2.329192546583851,350430107131
Block Group 2; Census Tract 107.13; Sandoval County; New Mexico,1627,257,217,673,945,0,0,35,043,010713,2,1627,29.13337430854333,58.63552550706823,58.08236017209588,0.0,350430107132
Block Group 3; Census Tract 107.13; Sandoval County; New Mexico,1090,11,0,592,356,0,13,35,043,010713,3,1090,1.0091743119266057,45.68807339449541,32.6605504587156,1.1926605504587156,350430107133
Block Group 4; Census Tract 107.13; Sandoval County; New Mexico,1079,30,100,407,496,0,0,35,043,010713,4,1079,12.048192771084338,62.27988878591289,45.968489341983314,0.0,350430107134
Block Group 1; Census Tract 107.14; Sandoval County; New Mexico,2124,67,50,908,699,11,0,35,043,010714,1,2124,5.508474576271186,57.250470809792844,32.909604519774014,0.5178907721280603,350430107141
Block Group 2; Census Tract 107.14; Sandoval County; New Mexico,2499,60,189,1451,908,0,0,35,043,010714,2,2499,9.963985594237695,41.93677470988395,36.33453381352541,0.0,350430107142
Block Group 1; Census Tract 107.15; Sandoval County; New Mexico,1047,10,23,738,183,0,102,35,043,010715,1,1047,3.151862464183381,29.51289398280802,17.478510028653297,9.742120343839542,350430107151
Block Group 2; Census Tract 107.15; Sandoval County; New Mexico,1525,87,106,732,642,0,0,35,043,010715,2,1525,12.655737704918032,52.0,42.09836065573771,0.0,350430107152
Block Group 3; Census Tract 107.15; Sandoval County; New Mexico,1083,50,5,395,538,0,0,35,043,010715,3,1083,5.078485687903971,63.52723915050784,49.67682363804247,0.0,350430107153
Block Group 1; Census Tract 107.19; Sandoval County; New Mexico,831,11,27,386,364,0,11,35,043,010719,1,831,4.57280385078219,53.549939831528285,43.80264741275572,1.3237063778580023,350430107191
Block Group 2; Census Tract 107.19; Sandoval County; New Mexico,1109,108,0,500,428,9,0,35,043,010719,2,1109,9.738503155996394,54.91433724075744,38.59332732191163,0.8115419296663661,350430107192
Block Group 3; Census Tract 107.19; Sandoval County; New Mexico,1828,44,107,1053,635,0,0,35,043,010719,3,1828,8.26039387308534,42.396061269146614,34.73741794310722,0.0,350430107193
Block Group 1; Census Tract 107.21; Sandoval County; New Mexico,2227,51,84,906,1142,12,0,35,043,010721,1,2227,6.0619667714414005,59.31746744499327,51.27974854063763,0.5388414907947913,350430107211
Block Group 2; Census Tract 107.21; Sandoval County; New Mexico,2515,254,119,901,1478,0,12,35,043,010721,2,2515,14.831013916500993,64.17495029821075,58.767395626242546,0.4771371769383698,350430107212
Block Group 1; Census Tract 107.22; Sandoval County; New Mexico,2538,110,62,1419,1093,0,0,35,043,010722,1,2538,6.77698975571316,44.089834515366434,43.06540583136328,0.0,350430107221
Block Group 2; Census Tract 107.22; Sandoval County; New Mexico,2206,49,95,980,994,41,17,35,043,010722,2,2206,6.527651858567543,55.57570262919312,45.058930190389844,2.629193109700816,350430107222
Block Group 3; Census Tract 107.22; Sandoval County; New Mexico,1205,144,159,341,813,0,0,35,043,010722,3,1205,25.145228215767634,71.70124481327801,67.4688796680498,0.0,350430107223
Block Group 1; Census Tract 107.24; Sandoval County; New Mexico,1952,13,343,591,1082,0,0,35,043,010724,1,1952,18.237704918032787,69.7233606557377,55.43032786885246,0.0,350430107241
Block Group 2; Census Tract 107.24; Sandoval County; New Mexico,1169,79,30,354,604,0,0,35,043,010724,2,1169,9.32420872540633,69.71770744225833,51.66809238665526,0.0,350430107242
Block Group 1; Census Tract 107.25; Sandoval County; New Mexico,1786,124,17,829,719,22,0,35,043,010725,1,1786,7.894736842105263,53.58342665173572,40.25755879059351,1.2318029115341544,350430107251
Block Group 2; Census Tract 107.25; Sandoval County; New Mexico,1009,0,23,479,418,0,0,35,043,010725,2,1009,2.2794846382556986,52.52725470763131,41.427155599603566,0.0,350430107252
Block Group 3; Census Tract 107.25; Sandoval County; New Mexico,775,0,140,248,515,0,0,35,043,010725,3,775,18.064516129032256,68.0,66.45161290322581,0.0,350430107253
Block Group 4; Census Tract 107.25; Sandoval County; New Mexico,2675,362,76,873,1407,15,0,35,043,010725,4,2675,16.373831775700936,67.3644859813084,52.598130841121495,0.5607476635514018,350430107254
Block Group 5; Census Tract 107.25; Sandoval County; New Mexico,2545,0,0,1567,858,2,0,35,043,010725,5,2545,0.0,38.42829076620825,33.713163064833005,0.07858546168958742,350430107255
Block Group 1; Census Tract 107.26; Sandoval County; New Mexico,2538,0,25,1591,619,0,0,35,043,010726,1,2538,0.9850275807722617,37.312844759653274,24.3892828999212,0.0,350430107261
Block Group 2; Census Tract 107.26; Sandoval County; New Mexico,4207,235,121,1601,1975,33,0,35,043,010726,2,4207,8.462086997860709,61.944378416924174,46.945566912289046,0.7844069408129308,350430107262
Block Group 1; Census Tract 107.27; Sandoval County; New Mexico,3549,135,74,1777,884,0,22,35,043,010727,1,3549,5.888982812059735,49.929557621865314,24.90842490842491,0.6198929275852353,350430107271
Block Group 1; Census Tract 107.28; Sandoval County; New Mexico,2828,37,0,1603,779,52,0,35,043,010728,1,2828,1.3083451202263083,43.316831683168324,27.545968882602544,1.8387553041018387,350430107281
Block Group 1; Census Tract 107.29; Sandoval County; New Mexico,3756,21,0,1675,1359,0,0,35,043,010729,1,3756,0.5591054313099041,55.404685835995735,36.18210862619809,0.0,350430107291
Block Group 2; Census Tract 107.29; Sandoval County; New Mexico,0,0,0,0,0,0,0,35,043,010729,2,0,,,,,350430107292
Block Group 3; Census Tract 107.29; Sandoval County; New Mexico,2535,139,19,1347,962,14,0,35,043,010729,3,2535,6.232741617357003,46.86390532544379,37.94871794871795,0.5522682445759369,350430107293
Block Group 4; Census Tract 107.29; Sandoval County; New Mexico,2222,93,240,560,1365,16,0,35,043,010729,4,2222,14.986498649864988,74.79747974797479,61.431143114311425,0.7200720072007201,350430107294
Block Group 1; Census Tract 107.30; Sandoval County; New Mexico,1746,45,85,752,736,17,12,35,043,010730,1,1746,7.445589919816724,56.93012600229095,42.15349369988545,1.6609392898052693,350430107301
Block Group 1; Census Tract 107.31; Sandoval County; New Mexico,2325,0,0,1633,579,0,0,35,043,010731,1,2325,0.0,29.763440860215052,24.903225806451612,0.0,350430107311
Block Group 2; Census Tract 107.31; Sandoval County; New Mexico,2020,0,0,1022,577,72,0,35,043,010731,2,2020,0.0,49.4059405940594,28.56435643564356,3.564356435643564,350430107312
Block Group 3; Census Tract 107.31; Sandoval County; New Mexico,2347,0,0,678,734,0,0,35,043,010731,3,2347,0.0,71.11205794631445,31.273966766084367,0.0,350430107313
Block Group 4; Census Tract 107.31; Sandoval County; New Mexico,1894,0,182,893,978,0,51,35,043,010731,4,1894,9.609292502639915,52.85110876451953,51.63674762407603,2.692713833157339,350430107314
Block Group 1; Census Tract 107.32; Sandoval County; New Mexico,2269,268,17,1173,955,54,71,35,043,010732,1,2269,12.5605993829881,48.303217276333186,42.08902600264434,5.509034817100044,350430107321
Block Group 2; Census Tract 107.32; Sandoval County; New Mexico,1036,0,229,404,632,0,0,35,043,010732,2,1036,22.104247104247104,61.003861003861005,61.003861003861005,0.0,350430107322
Block Group 3; Census Tract 107.32; Sandoval County; New Mexico,852,9,26,657,163,0,0,35,043,010732,3,852,4.107981220657277,22.887323943661976,19.131455399061036,0.0,350430107323
Block Group 4; Census Tract 107.32; Sandoval County; New Mexico,2527,93,101,1147,994,0,169,35,043,010732,4,2527,7.677087455480808,54.61020973486348,39.335180055401665,6.687772061733281,350430107324
Block Group 1; Census Tract 107.33; Sandoval County; New Mexico,1693,175,103,615,943,15,0,35,043,010733,1,1693,16.420555227406968,63.67395156526876,55.699940933254574,0.8860011813349086,350430107331
Block Group 2; Census Tract 107.33; Sandoval County; New Mexico,991,0,0,277,592,31,0,35,043,010733,2,991,0.0,72.04843592330978,59.737638748738654,3.128153380423814,350430107332
Block Group 3; Census Tract 107.33; Sandoval County; New Mexico,2968,350,22,1411,1068,0,0,35,043,010733,3,2968,12.533692722371967,52.45956873315364,35.98382749326146,0.0,350430107333
Block Group 1; Census Tract 107.34; Sandoval County; New Mexico,860,33,0,373,225,0,0,35,043,010734,1,860,3.8372093023255816,56.62790697674418,26.16279069767442,0.0,350430107341
Block Group 2; Census Tract 107.34; Sandoval County; New Mexico,3138,179,33,1286,1759,0,0,35,043,010734,2,3138,6.755895474824729,59.01848311026131,56.05481198215424,0.0,350430107342
Block Group 3; Census Tract 107.34; Sandoval County; New Mexico,2074,57,32,751,839,0,0,35,043,010734,3,2074,4.29122468659595,63.78977820636451,40.45323047251688,0.0,350430107343
Block Group 1; Census Tract 109; Sandoval County; New Mexico,991,61,113,115,766,0,7,35,043,010900,1,991,17.558022199798184,88.39556004036326,77.29566094853682,0.7063572149344097,350430109001
Block Group 2; Census Tract 109; Sandoval County; New Mexico,712,112,95,205,452,0,26,35,043,010900,2,712,29.07303370786517,71.20786516853931,63.48314606741573,3.651685393258427,350430109002
Block Group 1; Census Tract 111.01; Sandoval County; New Mexico,1374,0,9,1025,179,0,0,35,043,011101,1,1374,0.6550218340611353,25.400291120815133,13.027656477438137,0.0,350430111011
Block Group 2; Census Tract 111.01; Sandoval County; New Mexico,2154,39,27,845,57,13,0,35,043,011101,2,2154,3.064066852367688,60.77065923862581,2.6462395543175488,0.6035283194057568,350430111012
Block Group 1; Census Tract 111.02; Sandoval County; New Mexico,507,73,10,380,94,0,0,35,043,011102,1,507,16.370808678500985,25.049309664694274,18.54043392504931,0.0,350430111021
Block Group 2; Census Tract 111.02; Sandoval County; New Mexico,1815,159,88,921,395,21,0,35,043,011102,2,1815,13.608815426997245,49.256198347107436,21.763085399449036,1.1570247933884297,350430111022
Block Group 3; Census Tract 111.02; Sandoval County; New Mexico,671,6,11,530,112,0,0,35,043,011102,3,671,2.533532041728763,21.013412816691503,16.691505216095383,0.0,350430111023
Block Group 1; Census Tract 112; Sandoval County; New Mexico,1855,69,10,848,531,4,0,35,043,011200,1,1855,4.258760107816712,54.28571428571429,28.62533692722372,0.215633423180593,350430112001
Block Group 2; Census Tract 112; Sandoval County; New Mexico,983,85,57,38,138,16,6,35,043,011200,2,983,14.445574771108852,96.13428280773142,14.038657171922686,2.238046795523906,350430112002
Block Group 1; Census Tract 9402; Sandoval County; New Mexico,2162,244,143,0,638,23,16,35,043,940200,1,2162,17.90009250693802,100.0,29.509713228492135,1.8038852913968548,350439402001
Block Group 2; Census Tract 9402; Sandoval County; New Mexico,1344,49,195,82,600,0,0,35,043,940200,2,1344,18.154761904761905,93.89880952380952,44.642857142857146,0.0,350439402002
Block Group 1; Census Tract 9403; Sandoval County; New Mexico,0,0,0,0,0,0,0,35,043,940300,1,0,,,,,350439403001
Block Group 1; Census Tract 9405; Sandoval County; New Mexico,567,44,42,140,389,7,7,35,043,940500,1,567,15.167548500881834,75.30864197530865,68.60670194003528,2.4691358024691357,350439405001
Block Group 2; Census Tract 9405; Sandoval County; New Mexico,1989,201,327,297,1523,9,9,35,043,940500,2,1989,26.546003016591253,85.06787330316742,76.57114127702364,0.904977375565611,350439405002
Block Group 3; Census Tract 9405; Sandoval County; New Mexico,1502,132,301,158,1253,7,48,35,043,940500,3,1502,28.828229027962713,89.48069241011984,83.42210386151797,3.661784287616511,350439405003
Block Group 1; Census Tract 9406; Sandoval County; New Mexico,2339,125,350,4,14,53,11,35,043,940600,1,2339,20.307823856348868,99.82898674647285,0.5985463873450192,2.7362120564343737,350439406001
Block Group 1; Census Tract 9407; Sandoval County; New Mexico,1882,94,133,236,877,59,8,35,043,940700,1,1882,12.06163655685441,87.46014877789585,46.59936238044634,3.5600425079702442,350439407001
Block Group 2; Census Tract 9407; Sandoval County; New Mexico,1636,117,223,0,19,43,0,35,043,940700,2,1636,20.78239608801956,100.0,1.1613691931540342,2.628361858190709,350439407002
Block Group 1; Census Tract 9409; Sandoval County; New Mexico,850,200,285,3,27,35,0,35,043,940900,1,850,57.05882352941176,99.6470588235294,3.176470588235294,4.117647058823529,350439409001
Block Group 2; Census Tract 9409; Sandoval County; New Mexico,2426,752,286,197,46,33,14,35,043,940900,2,2426,42.78647980214345,91.87963726298433,1.8961253091508656,1.9373454245671888,350439409002
Block Group 1; Census Tract 9410; Sandoval County; New Mexico,1690,101,129,411,536,47,4,35,043,941000,1,1690,13.609467455621301,75.68047337278107,31.715976331360945,3.0177514792899407,350439410001
Block Group 1; Census Tract 9800; Sandoval County; New Mexico,0,0,0,0,0,0,0,35,043,980000,1,0,,,,,350439800001
Block Group 1; Census Tract 1; San Juan County; New Mexico,712,56,75,173,372,0,0,35,045,000100,1,712,18.398876404494384,75.70224719101124,52.24719101123596,0.0,350450001001
Block Group 2; Census Tract 1; San Juan County; New Mexico,1271,255,204,415,345,49,8,35,045,000100,2,1271,36.11329661683714,67.34854445318646,27.143981117230524,4.484657749803304,350450001002
Block Group 3; Census Tract 1; San Juan County; New Mexico,983,22,38,539,246,0,0,35,045,000100,3,983,6.1037639877924725,45.16785350966429,25.025432349949135,0.0,350450001003
Block Group 4; Census Tract 1; San Juan County; New Mexico,1298,0,263,625,247,0,0,35,045,000100,4,1298,20.261941448382125,51.84899845916795,19.029275808936827,0.0,350450001004
Block Group 1; Census Tract 2.01; San Juan County; New Mexico,1740,82,0,1364,312,0,0,35,045,000201,1,1740,4.712643678160919,21.60919540229885,17.93103448275862,0.0,350450002011
Block Group 2; Census Tract 2.01; San Juan County; New Mexico,1513,77,50,1166,145,0,0,35,045,000201,2,1513,8.39391936549901,22.934567085261072,9.58360872438863,0.0,350450002012
Block Group 3; Census Tract 2.01; San Juan County; New Mexico,1179,56,0,799,127,0,0,35,045,000201,3,1179,4.749787955894826,32.23070398642918,10.77184054283291,0.0,350450002013
Block Group 1; Census Tract 2.02; San Juan County; New Mexico,2623,13,8,1619,484,0,0,35,045,000202,1,2623,0.8006099885627144,38.27678231033168,18.452154022112087,0.0,350450002021
Block Group 2; Census Tract 2.02; San Juan County; New Mexico,1412,10,0,1159,50,12,0,35,045,000202,2,1412,0.708215297450425,17.917847025495746,3.5410764872521248,0.84985835694051,350450002022
Block Group 3; Census Tract 2.02; San Juan County; New Mexico,1909,57,80,631,509,5,12,35,045,000202,3,1909,7.1765322158198,66.94604504976427,26.663174436877945,0.8905185961236249,350450002023
Block Group 1; Census Tract 2.04; San Juan County; New Mexico,1583,61,75,486,411,21,0,35,045,000204,1,1583,8.591282375236892,69.29879974731523,25.963360707517374,1.3265950726468732,350450002041
Block Group 2; Census Tract 2.04; San Juan County; New Mexico,997,90,27,385,544,6,0,35,045,000204,2,997,11.735205616850552,61.384152457372124,54.56369107321966,0.6018054162487462,350450002042
Block Group 1; Census Tract 2.06; San Juan County; New Mexico,1429,38,36,439,234,46,0,35,045,000206,1,1429,5.178446466060182,69.27921623512945,16.375087473757873,3.219034289713086,350450002061
Block Group 2; Census Tract 2.06; San Juan County; New Mexico,580,0,0,366,163,0,0,35,045,000206,2,580,0.0,36.89655172413793,28.10344827586207,0.0,350450002062
Block Group 3; Census Tract 2.06; San Juan County; New Mexico,1475,169,342,416,238,49,70,35,045,000206,3,1475,34.644067796610166,71.79661016949153,16.135593220338983,8.067796610169491,350450002063
Block Group 1; Census Tract 2.07; San Juan County; New Mexico,1229,329,473,602,556,0,0,35,045,000207,1,1229,65.25630593978845,51.01708706265256,45.240032546786004,0.0,350450002071
Block Group 2; Census Tract 2.07; San Juan County; New Mexico,906,140,51,386,81,0,32,35,045,000207,2,906,21.08167770419426,57.395143487858725,8.940397350993377,3.532008830022075,350450002072
Block Group 1; Census Tract 3.01; San Juan County; New Mexico,1425,114,126,514,348,0,55,35,045,000301,1,1425,16.842105263157894,63.92982456140351,24.421052631578945,3.8596491228070176,350450003011
Block Group 2; Census Tract 3.01; San Juan County; New Mexico,595,0,5,228,362,0,0,35,045,000301,2,595,0.8403361344537815,61.680672268907564,60.84033613445378,0.0,350450003012
Block Group 3; Census Tract 3.01; San Juan County; New Mexico,761,19,0,190,0,8,0,35,045,000301,3,761,2.4967148488830486,75.03285151116953,0.0,1.0512483574244416,350450003013
Block Group 4; Census Tract 3.01; San Juan County; New Mexico,1760,11,217,663,720,8,106,35,045,000301,4,1760,12.954545454545455,62.32954545454545,40.909090909090914,6.4772727272727275,350450003014
Block Group 1; Census Tract 3.02; San Juan County; New Mexico,741,41,0,477,234,0,0,35,045,000302,1,741,5.53306342780027,35.627530364372475,31.57894736842105,0.0,350450003021
Block Group 2; Census Tract 3.02; San Juan County; New Mexico,725,121,29,448,141,0,0,35,045,000302,2,725,20.689655172413794,38.206896551724135,19.448275862068964,0.0,350450003022
Block Group 3; Census Tract 3.02; San Juan County; New Mexico,547,43,0,201,95,0,45,35,045,000302,3,547,7.861060329067642,63.25411334552102,17.36745886654479,8.226691042047532,350450003023
Block Group 4; Census Tract 3.02; San Juan County; New Mexico,1187,514,67,605,101,0,48,35,045,000302,4,1187,48.946925021061496,49.031171019376586,8.508845829823084,4.043807919123841,350450003024
Block Group 1; Census Tract 4.01; San Juan County; New Mexico,1211,10,11,981,149,24,0,35,045,000401,1,1211,1.7341040462427744,18.992568125516108,12.303881090008257,1.981833195706028,350450004011
Block Group 2; Census Tract 4.01; San Juan County; New Mexico,1531,10,0,737,363,0,0,35,045,000401,2,1531,0.6531678641410843,51.861528412802095,23.709993468321358,0.0,350450004012
Block Group 3; Census Tract 4.01; San Juan County; New Mexico,2558,468,1029,713,499,0,75,35,045,000401,3,2558,58.52228303362001,72.12666145426114,19.507427677873338,2.931978107896794,350450004013
Block Group 4; Census Tract 4.01; San Juan County; New Mexico,258,0,50,181,77,0,0,35,045,000401,4,258,19.379844961240313,29.844961240310074,29.844961240310074,0.0,350450004014
Block Group 1; Census Tract 4.02; San Juan County; New Mexico,803,165,101,366,145,0,54,35,045,000402,1,803,33.125778331257784,54.42092154420921,18.05728518057285,6.724782067247821,350450004021
Block Group 2; Census Tract 4.02; San Juan County; New Mexico,1878,242,777,406,831,13,212,35,045,000402,2,1878,54.25985090521832,78.38125665601704,44.24920127795527,11.980830670926517,350450004022
Block Group 3; Census Tract 4.02; San Juan County; New Mexico,1436,231,175,507,27,0,76,35,045,000402,3,1436,28.27298050139276,64.69359331476323,1.8802228412256268,5.2924791086350975,350450004023
Block Group 1; Census Tract 5.03; San Juan County; New Mexico,1412,274,53,32,832,0,0,35,045,000503,1,1412,23.158640226628897,97.73371104815864,58.92351274787535,0.0,350450005031
Block Group 2; Census Tract 5.03; San Juan County; New Mexico,2155,101,680,394,480,121,0,35,045,000503,2,2155,36.24129930394432,81.71693735498839,22.2737819025522,5.614849187935035,350450005032
Block Group 1; Census Tract 5.04; San Juan County; New Mexico,863,96,36,373,204,0,0,35,045,000504,1,863,15.295480880648899,56.77867902665121,23.638470451911935,0.0,350450005041
Block Group 2; Census Tract 5.04; San Juan County; New Mexico,696,0,5,151,45,0,0,35,045,000504,2,696,0.7183908045977011,78.30459770114942,6.4655172413793105,0.0,350450005042
Block Group 1; Census Tract 5.06; San Juan County; New Mexico,1764,1,437,483,147,6,0,35,045,000506,1,1764,24.829931972789115,72.61904761904762,8.333333333333332,0.3401360544217687,350450005061
Block Group 2; Census Tract 5.06; San Juan County; New Mexico,1576,108,38,131,126,0,0,35,045,000506,2,1576,9.263959390862944,91.68781725888326,7.994923857868021,0.0,350450005062
Block Group 3; Census Tract 5.06; San Juan County; New Mexico,829,27,54,219,18,4,0,35,045,000506,3,829,9.7708082026538,73.5826296743064,2.1712907117008444,0.48250904704463204,350450005063
Block Group 1; Census Tract 5.07; San Juan County; New Mexico,1665,147,28,1215,151,0,0,35,045,000507,1,1665,10.51051051051051,27.027027027027028,9.06906906906907,0.0,350450005071
Block Group 2; Census Tract 5.07; San Juan County; New Mexico,528,26,0,247,60,0,4,35,045,000507,2,528,4.924242424242424,53.21969696969697,11.363636363636363,0.7575757575757576,350450005072
Block Group 3; Census Tract 5.07; San Juan County; New Mexico,621,11,340,173,14,4,7,35,045,000507,3,621,56.52173913043478,72.14170692431561,2.254428341384863,1.7713365539452495,350450005073
Block Group 1; Census Tract 6.07; San Juan County; New Mexico,1467,261,240,445,545,5,0,35,045,000607,1,1467,34.151329243353786,69.66598500340831,37.15064758009543,0.34083162917518744,350450006071
Block Group 2; Census Tract 6.07; San Juan County; New Mexico,2563,33,147,550,477,12,0,35,045,000607,2,2563,7.023019898556379,78.54077253218884,18.611002731174406,0.46820132657042524,350450006072
Block Group 3; Census Tract 6.07; San Juan County; New Mexico,353,31,0,166,146,0,0,35,045,000607,3,353,8.78186968838527,52.97450424929179,41.359773371104815,0.0,350450006073
Block Group 1; Census Tract 6.09; San Juan County; New Mexico,1175,167,188,852,232,0,42,35,045,000609,1,1175,30.21276595744681,27.489361702127656,19.74468085106383,3.5744680851063833,350450006091
Block Group 1; Census Tract 6.10; San Juan County; New Mexico,402,29,99,298,45,0,0,35,045,000610,1,402,31.8407960199005,25.87064676616916,11.194029850746269,0.0,350450006101
Block Group 2; Census Tract 6.10; San Juan County; New Mexico,1341,58,75,522,236,9,0,35,045,000610,2,1341,9.917971662938106,61.07382550335571,17.59880686055183,0.6711409395973155,350450006102
Block Group 3; Census Tract 6.10; San Juan County; New Mexico,805,95,8,691,107,43,12,35,045,000610,3,805,12.79503105590062,14.161490683229816,13.291925465838508,6.832298136645963,350450006103
Block Group 4; Census Tract 6.10; San Juan County; New Mexico,1515,0,256,1274,149,8,14,35,045,000610,4,1515,16.897689768976896,15.907590759075907,9.834983498349835,1.4521452145214522,350450006104
Block Group 1; Census Tract 6.11; San Juan County; New Mexico,912,15,72,791,92,0,0,35,045,000611,1,912,9.539473684210527,13.267543859649123,10.087719298245613,0.0,350450006111
Block Group 2; Census Tract 6.11; San Juan County; New Mexico,690,12,35,406,162,20,0,35,045,000611,2,690,6.811594202898551,41.15942028985508,23.47826086956522,2.898550724637681,350450006112
Block Group 3; Census Tract 6.11; San Juan County; New Mexico,1243,119,89,1010,60,12,0,35,045,000611,3,1243,16.733708769107,18.74497184231697,4.827031375703942,0.9654062751407884,350450006113
Block Group 1; Census Tract 6.12; San Juan County; New Mexico,828,142,277,221,392,7,1,35,045,000612,1,828,50.60386473429952,73.30917874396134,47.34299516908212,0.966183574879227,350450006121
Block Group 2; Census Tract 6.12; San Juan County; New Mexico,1423,215,47,827,244,1,34,35,045,000612,2,1423,18.41180604356992,41.88334504567814,17.14687280393535,2.459592410400562,350450006122
Block Group 1; Census Tract 6.13; San Juan County; New Mexico,321,17,18,290,31,0,0,35,045,000613,1,321,10.903426791277258,9.657320872274145,9.657320872274143,0.0,350450006131
Block Group 2; Census Tract 6.13; San Juan County; New Mexico,2114,181,447,1303,535,9,26,35,045,000613,2,2114,29.706717123935668,38.36329233680227,25.307473982970674,1.6556291390728477,350450006132
Block Group 3; Census Tract 6.13; San Juan County; New Mexico,1225,186,4,687,481,0,0,35,045,000613,3,1225,15.510204081632653,43.91836734693878,39.265306122448976,0.0,350450006133
Block Group 4; Census Tract 6.13; San Juan County; New Mexico,305,17,79,192,106,0,0,35,045,000613,4,305,31.475409836065577,37.04918032786885,34.75409836065574,0.0,350450006134
Block Group 1; Census Tract 6.14; San Juan County; New Mexico,1207,34,306,547,108,5,0,35,045,000614,1,1207,28.169014084507044,54.68102734051368,8.947804473902236,0.4142502071251036,350450006141
Block Group 2; Census Tract 6.14; San Juan County; New Mexico,1121,58,46,536,512,0,0,35,045,000614,2,1121,9.27743086529884,52.185548617305976,45.673505798394295,0.0,350450006142
Block Group 1; Census Tract 6.15; San Juan County; New Mexico,1404,194,0,401,333,0,0,35,045,000615,1,1404,13.817663817663817,71.43874643874643,23.717948717948715,0.0,350450006151
Block Group 2; Census Tract 6.15; San Juan County; New Mexico,1192,48,6,486,254,0,0,35,045,000615,2,1192,4.530201342281879,59.228187919463096,21.308724832214764,0.0,350450006152
Block Group 1; Census Tract 7.02; San Juan County; New Mexico,792,25,6,340,282,6,0,35,045,000702,1,792,3.9141414141414144,57.07070707070707,35.60606060606061,0.7575757575757576,350450007021
Block Group 1; Census Tract 7.05; San Juan County; New Mexico,1834,8,150,501,689,12,56,35,045,000705,1,1834,8.615049073064341,72.68266085059977,37.56815703380589,3.707742639040349,350450007051
Block Group 2; Census Tract 7.05; San Juan County; New Mexico,1382,40,230,690,471,0,11,35,045,000705,2,1382,19.536903039073806,50.07235890014472,34.08104196816208,0.7959479015918958,350450007052
Block Group 1; Census Tract 7.06; San Juan County; New Mexico,2055,220,271,930,1105,0,13,35,045,000706,1,2055,23.89294403892944,54.74452554744526,53.771289537712896,0.6326034063260341,350450007061
Block Group 2; Census Tract 7.06; San Juan County; New Mexico,950,34,189,561,253,0,0,35,045,000706,2,950,23.473684210526315,40.94736842105263,26.63157894736842,0.0,350450007062
Block Group 1; Census Tract 7.07; San Juan County; New Mexico,1634,455,286,691,448,0,18,35,045,000707,1,1634,45.348837209302324,57.71113831089352,27.41738066095471,1.101591187270502,350450007071
Block Group 2; Census Tract 7.07; San Juan County; New Mexico,318,20,12,191,127,0,0,35,045,000707,2,318,10.062893081761008,39.937106918238996,39.937106918238996,0.0,350450007072
Block Group 3; Census Tract 7.07; San Juan County; New Mexico,2161,340,208,866,925,80,10,35,045,000707,3,2161,25.358630263766774,59.92596020360944,42.804257288292455,4.164738546968995,350450007073
Block Group 1; Census Tract 7.08; San Juan County; New Mexico,1567,100,417,577,349,18,0,35,045,000708,1,1567,32.99298021697511,63.178047223994895,22.27185705169113,1.148691767708998,350450007081
Block Group 2; Census Tract 7.08; San Juan County; New Mexico,1807,205,231,1242,333,16,0,35,045,000708,2,1807,24.128389596015495,31.26729385722191,18.428334255672386,0.8854454897620365,350450007082
Block Group 1; Census Tract 9; San Juan County; New Mexico,1817,16,144,844,837,0,7,35,045,000900,1,1817,8.805723720418273,53.54980737479362,46.06494221243808,0.3852504127682994,350450009001
Block Group 1; Census Tract 9428.01; San Juan County; New Mexico,725,63,132,10,1,15,11,35,045,942801,1,725,26.89655172413793,98.62068965517241,0.13793103448275862,3.5862068965517238,350459428011
Block Group 2; Census Tract 9428.01; San Juan County; New Mexico,550,48,50,2,6,4,15,35,045,942801,2,550,17.81818181818182,99.63636363636364,1.090909090909091,3.4545454545454546,350459428012
Block Group 3; Census Tract 9428.01; San Juan County; New Mexico,1049,37,333,7,24,13,10,35,045,942801,3,1049,35.27168732125834,99.33269780743565,2.2878932316491896,2.19256434699714,350459428013
Block Group 1; Census Tract 9428.02; San Juan County; New Mexico,2136,272,176,4,31,9,20,35,045,942802,1,2136,20.973782771535582,99.812734082397,1.451310861423221,1.357677902621723,350459428021
Block Group 2; Census Tract 9428.02; San Juan County; New Mexico,1198,424,15,0,74,0,10,35,045,942802,2,1198,36.64440734557596,100.0,6.176961602671119,0.8347245409015025,350459428022
Block Group 3; Census Tract 9428.02; San Juan County; New Mexico,744,53,199,0,0,0,2,35,045,942802,3,744,33.87096774193548,100.0,0.0,0.2688172043010753,350459428023
Block Group 4; Census Tract 9428.02; San Juan County; New Mexico,2079,211,146,73,156,0,29,35,045,942802,4,2079,17.17171717171717,96.48869648869649,7.503607503607504,1.3949013949013949,350459428024
Block Group 1; Census Tract 9428.03; San Juan County; New Mexico,737,45,284,7,4,13,0,35,045,942803,1,737,44.640434192673,99.05020352781547,0.5427408412483039,1.7639077340569878,350459428031
Block Group 2; Census Tract 9428.03; San Juan County; New Mexico,1227,337,133,8,0,0,55,35,045,942803,2,1227,38.30480847595762,99.3480032599837,0.0,4.4824775876120615,350459428032
Block Group 3; Census Tract 9428.03; San Juan County; New Mexico,798,171,153,7,2,14,27,35,045,942803,3,798,40.6015037593985,99.12280701754386,0.2506265664160401,5.137844611528822,350459428033
Block Group 1; Census Tract 9429; San Juan County; New Mexico,703,54,112,0,14,14,3,35,045,942900,1,703,23.61308677098151,100.0,1.991465149359886,2.418207681365576,350459429001
Block Group 2; Census Tract 9429; San Juan County; New Mexico,738,115,116,4,38,33,4,35,045,942900,2,738,31.300813008130078,99.45799457994579,5.149051490514905,5.013550135501355,350459429002
Block Group 3; Census Tract 9429; San Juan County; New Mexico,594,133,131,0,5,18,4,35,045,942900,3,594,44.44444444444444,100.0,0.8417508417508417,3.7037037037037033,350459429003
Block Group 4; Census Tract 9429; San Juan County; New Mexico,673,74,152,12,0,44,0,35,045,942900,4,673,33.58098068350668,98.21693907875185,0.0,6.537890044576524,350459429004
Block Group 5; Census Tract 9429; San Juan County; New Mexico,819,139,76,27,30,26,8,35,045,942900,5,819,26.251526251526254,96.7032967032967,3.6630036630036633,4.151404151404151,350459429005
Block Group 6; Census Tract 9429; San Juan County; New Mexico,778,162,135,0,12,34,3,35,045,942900,6,778,38.174807197943444,100.0,1.5424164524421593,4.755784061696658,350459429006
Block Group 1; Census Tract 9430; San Juan County; New Mexico,1577,297,172,9,90,34,0,35,045,943000,1,1577,29.74001268230818,99.42929613189601,5.707038681039949,2.155992390615092,350459430001
Block Group 2; Census Tract 9430; San Juan County; New Mexico,1242,245,330,18,11,20,0,35,045,943000,2,1242,46.2962962962963,98.55072463768117,0.8856682769726247,1.610305958132045,350459430002
Block Group 3; Census Tract 9430; San Juan County; New Mexico,917,248,318,3,45,16,39,35,045,943000,3,917,61.72300981461287,99.67284623773173,4.907306434023991,5.997818974918212,350459430003
Block Group 1; Census Tract 9431; San Juan County; New Mexico,729,207,43,0,18,14,10,35,045,943100,1,729,34.29355281207133,100.0,2.4691358024691357,3.292181069958848,350459431001
Block Group 2; Census Tract 9431; San Juan County; New Mexico,1263,367,142,8,23,62,0,35,045,943100,2,1263,40.30087094220111,99.36658749010293,1.8210609659540775,4.908946951702296,350459431002
Block Group 1; Census Tract 9432.01; San Juan County; New Mexico,999,47,107,468,473,0,0,35,045,943201,1,999,15.415415415415415,53.153153153153156,47.347347347347345,0.0,350459432011
Block Group 2; Census Tract 9432.01; San Juan County; New Mexico,1523,383,221,93,1,37,7,35,045,943201,2,1523,39.658568614576495,93.89363099146422,0.06565988181221273,2.8890347997373604,350459432012
Block Group 3; Census Tract 9432.01; San Juan County; New Mexico,1432,241,412,166,50,39,5,35,045,943201,3,1432,45.600558659217874,88.40782122905027,3.4916201117318435,3.072625698324022,350459432013
Block Group 4; Census Tract 9432.01; San Juan County; New Mexico,748,262,67,6,25,31,0,35,045,943201,4,748,43.98395721925134,99.19786096256684,3.342245989304813,4.144385026737968,350459432014
Block Group 5; Census Tract 9432.01; San Juan County; New Mexico,763,135,189,4,35,0,10,35,045,943201,5,763,42.463958060288334,99.47575360419397,4.587155963302752,1.310615989515072,350459432015
Block Group 1; Census Tract 9433; San Juan County; New Mexico,1195,197,17,805,106,0,0,35,045,943300,1,1195,17.90794979079498,32.63598326359832,8.87029288702929,0.0,350459433001
Block Group 2; Census Tract 9433; San Juan County; New Mexico,955,163,115,592,317,0,55,35,045,943300,2,955,29.109947643979055,38.01047120418848,33.19371727748691,5.7591623036649215,350459433002
Block Group 1; Census Tract 9572; San Miguel County; New Mexico,548,57,38,54,477,0,63,35,047,957200,1,548,17.335766423357665,90.14598540145985,87.04379562043796,11.496350364963504,350479572001
Block Group 2; Census Tract 9572; San Miguel County; New Mexico,609,15,0,193,394,7,15,35,047,957200,2,609,2.4630541871921183,68.30870279146141,64.69622331691298,3.6124794745484397,350479572002
Block Group 3; Census Tract 9572; San Miguel County; New Mexico,1227,187,132,76,910,0,114,35,047,957200,3,1227,25.99837000814996,93.80603096984515,74.1646291768541,9.290953545232274,350479572003
Block Group 4; Census Tract 9572; San Miguel County; New Mexico,997,132,222,164,833,0,74,35,047,957200,4,997,35.50651955867603,83.55065195586761,83.55065195586761,7.422266800401204,350479572004
Block Group 1; Census Tract 9573; San Miguel County; New Mexico,851,31,136,255,530,9,3,35,047,957300,1,851,19.623971797884842,70.0352526439483,62.27967097532316,1.410105757931845,350479573001
Block Group 2; Census Tract 9573; San Miguel County; New Mexico,831,5,181,53,778,59,42,35,047,957300,2,831,22.382671480144403,93.62214199759326,93.62214199759326,12.154031287605296,350479573002
Block Group 3; Census Tract 9573; San Miguel County; New Mexico,869,103,97,242,436,7,25,35,047,957300,3,869,23.014959723820482,72.15189873417722,50.17261219792866,3.6823935558112773,350479573003
Block Group 1; Census Tract 9574; San Miguel County; New Mexico,870,81,101,163,667,0,0,35,047,957400,1,870,20.919540229885058,81.26436781609195,76.66666666666667,0.0,350479574001
Block Group 2; Census Tract 9574; San Miguel County; New Mexico,829,132,237,143,686,28,0,35,047,957400,2,829,44.51145958986731,82.7503015681544,82.7503015681544,3.3775633293124248,350479574002
Block Group 3; Census Tract 9574; San Miguel County; New Mexico,1078,60,411,132,774,66,0,35,047,957400,3,1078,43.69202226345084,87.75510204081633,71.79962894248608,6.122448979591836,350479574003
Block Group 4; Census Tract 9574; San Miguel County; New Mexico,1471,168,202,190,1256,0,0,35,047,957400,4,1471,25.15295717199184,87.08361658735554,85.38409245411285,0.0,350479574004
Block Group 1; Census Tract 9575.01; San Miguel County; New Mexico,1582,387,278,139,1412,0,0,35,047,957501,1,1582,42.0353982300885,91.21365360303413,89.25410872313527,0.0,350479575011
Block Group 2; Census Tract 9575.01; San Miguel County; New Mexico,586,0,23,346,130,26,0,35,047,957501,2,586,3.9249146757679183,40.955631399317404,22.18430034129693,4.436860068259386,350479575012
Block Group 3; Census Tract 9575.01; San Miguel County; New Mexico,412,73,23,166,223,0,6,35,047,957501,3,412,23.300970873786408,59.70873786407766,54.12621359223301,1.4563106796116505,350479575013
Block Group 1; Census Tract 9575.02; San Miguel County; New Mexico,394,35,149,95,299,0,19,35,047,957502,1,394,46.7005076142132,75.88832487309645,75.88832487309645,4.822335025380711,350479575021
Block Group 2; Census Tract 9575.02; San Miguel County; New Mexico,737,0,0,289,433,14,0,35,047,957502,2,737,0.0,60.78697421981004,58.7516960651289,1.8995929443690638,350479575022
Block Group 3; Census Tract 9575.02; San Miguel County; New Mexico,740,0,81,363,289,0,0,35,047,957502,3,740,10.945945945945947,50.94594594594595,39.054054054054056,0.0,350479575023
Block Group 4; Census Tract 9575.02; San Miguel County; New Mexico,401,18,47,103,298,0,0,35,047,957502,4,401,16.209476309226932,74.3142144638404,74.3142144638404,0.0,350479575024
Block Group 1; Census Tract 9576.01; San Miguel County; New Mexico,1747,41,241,127,1620,0,0,35,047,957601,1,1747,16.141957641671436,92.73039496279335,92.73039496279335,0.0,350479576011
Block Group 2; Census Tract 9576.01; San Miguel County; New Mexico,993,0,44,217,567,0,0,35,047,957601,2,993,4.431017119838873,78.14702920443102,57.09969788519638,0.0,350479576012
Block Group 1; Census Tract 9576.02; San Miguel County; New Mexico,1004,10,38,104,880,21,0,35,047,957602,1,1004,4.780876494023905,89.64143426294821,87.64940239043824,2.091633466135458,350479576021
Block Group 2; Census Tract 9576.02; San Miguel County; New Mexico,539,0,0,59,480,0,0,35,047,957602,2,539,0.0,89.05380333951763,89.05380333951763,0.0,350479576022
Block Group 1; Census Tract 9576.03; San Miguel County; New Mexico,846,32,26,249,592,0,0,35,047,957603,1,846,6.8557919621749415,70.56737588652481,69.97635933806147,0.0,350479576031
Block Group 2; Census Tract 9576.03; San Miguel County; New Mexico,182,15,26,72,110,0,0,35,047,957603,2,182,22.52747252747253,60.439560439560445,60.43956043956044,0.0,350479576032
Block Group 3; Census Tract 9576.03; San Miguel County; New Mexico,630,34,70,36,455,0,0,35,047,957603,3,630,16.507936507936506,94.28571428571428,72.22222222222221,0.0,350479576033
Block Group 1; Census Tract 9577; San Miguel County; New Mexico,902,155,47,84,594,29,18,35,047,957700,1,902,22.394678492239468,90.68736141906874,65.85365853658537,5.210643015521065,350479577001
Block Group 2; Census Tract 9577; San Miguel County; New Mexico,891,0,99,40,786,65,0,35,047,957700,2,891,11.11111111111111,95.51066217732884,88.21548821548821,7.295173961840629,350479577002
Block Group 1; Census Tract 9578; San Miguel County; New Mexico,1592,166,45,190,1342,33,0,35,047,957800,1,1592,13.253768844221106,88.06532663316582,84.2964824120603,2.0728643216080402,350479578001
Block Group 2; Census Tract 9578; San Miguel County; New Mexico,1174,107,176,174,840,31,20,35,047,957800,2,1174,24.10562180579216,85.17887563884156,71.55025553662692,4.34412265758092,350479578002
Block Group 3; Census Tract 9578; San Miguel County; New Mexico,889,168,42,166,676,0,0,35,047,957800,3,889,23.62204724409449,81.3273340832396,76.04049493813272,0.0,350479578003
Block Group 4; Census Tract 9578; San Miguel County; New Mexico,615,192,73,15,600,0,0,35,047,957800,4,615,43.08943089430895,97.5609756097561,97.5609756097561,0.0,350479578004
Block Group 1; Census Tract 1.02; Santa Fe County; New Mexico,1359,0,0,1164,162,0,0,35,049,000102,1,1359,0.0,14.348785871964676,11.920529801324504,0.0,350490001021
Block Group 2; Census Tract 1.02; Santa Fe County; New Mexico,1017,55,9,599,154,0,0,35,049,000102,2,1017,6.293018682399214,41.10127826941986,15.142576204523106,0.0,350490001022
Block Group 1; Census Tract 1.03; Santa Fe County; New Mexico,647,48,20,533,54,0,0,35,049,000103,1,647,10.510046367851624,17.61978361669243,8.346213292117465,0.0,350490001031
Block Group 2; Census Tract 1.03; Santa Fe County; New Mexico,435,0,0,301,121,0,0,35,049,000103,2,435,0.0,30.804597701149426,27.816091954022987,0.0,350490001032
Block Group 3; Census Tract 1.03; Santa Fe County; New Mexico,891,34,64,574,301,0,15,35,049,000103,3,891,10.998877665544333,35.578002244668916,33.78226711560045,1.6835016835016834,350490001033
Block Group 1; Census Tract 2.01; Santa Fe County; New Mexico,1604,0,12,1252,254,9,0,35,049,000201,1,1604,0.7481296758104738,21.94513715710723,15.835411471321695,0.5610972568578554,350490002011
Block Group 1; Census Tract 2.02; Santa Fe County; New Mexico,1191,10,0,790,374,0,0,35,049,000202,1,1191,0.8396305625524769,33.66918555835432,31.40218303946264,0.0,350490002021
Block Group 2; Census Tract 2.02; Santa Fe County; New Mexico,1608,22,20,1037,266,32,0,35,049,000202,2,1608,2.6119402985074625,35.50995024875622,16.54228855721393,1.9900497512437811,350490002022
Block Group 1; Census Tract 3; Santa Fe County; New Mexico,637,13,24,407,224,0,27,35,049,000300,1,637,5.808477237048666,36.10675039246468,35.16483516483517,4.23861852433281,350490003001
Block Group 2; Census Tract 3; Santa Fe County; New Mexico,1061,116,18,493,487,0,47,35,049,000300,2,1061,12.629594721960416,53.53440150801131,45.90009425070688,4.429783223374175,350490003002
Block Group 1; Census Tract 4; Santa Fe County; New Mexico,348,6,22,283,13,0,42,35,049,000400,1,348,8.045977011494253,18.678160919540232,3.7356321839080464,12.068965517241379,350490004001
Block Group 1; Census Tract 5; Santa Fe County; New Mexico,484,30,13,343,124,0,0,35,049,000500,1,484,8.884297520661157,29.132231404958674,25.6198347107438,0.0,350490005001
Block Group 2; Census Tract 5; Santa Fe County; New Mexico,1051,47,54,762,215,0,11,35,049,000500,2,1051,9.60989533777355,27.497621313035204,20.456707897240722,1.0466222645099905,350490005002
Block Group 3; Census Tract 5; Santa Fe County; New Mexico,599,48,22,515,76,0,0,35,049,000500,3,599,11.686143572621036,14.023372287145241,12.687813021702837,0.0,350490005003
Block Group 1; Census Tract 6; Santa Fe County; New Mexico,869,31,20,694,150,10,34,35,049,000600,1,869,5.868814729574224,20.138089758342925,17.26121979286536,5.063291139240507,350490006001
Block Group 2; Census Tract 6; Santa Fe County; New Mexico,1037,64,71,619,336,0,9,35,049,000600,2,1037,13.018322082931533,40.30858244937319,32.401157184185145,0.8678881388621021,350490006002
Block Group 1; Census Tract 7; Santa Fe County; New Mexico,1046,19,31,667,315,15,48,35,049,000700,1,1046,4.780114722753346,36.233269598470365,30.11472275334608,6.022944550669216,350490007001
Block Group 2; Census Tract 7; Santa Fe County; New Mexico,874,109,109,487,365,0,0,35,049,000700,2,874,24.94279176201373,44.27917620137299,41.76201372997711,0.0,350490007002
Block Group 1; Census Tract 8; Santa Fe County; New Mexico,1832,58,34,775,923,44,42,35,049,000800,1,1832,5.021834061135371,57.69650655021834,50.382096069869,4.6943231441048034,350490008001
Block Group 2; Census Tract 8; Santa Fe County; New Mexico,1164,64,148,393,653,0,32,35,049,000800,2,1164,18.213058419243985,66.23711340206185,56.09965635738832,2.7491408934707904,350490008002
Block Group 1; Census Tract 9; Santa Fe County; New Mexico,1731,113,78,772,892,17,25,35,049,000900,1,1731,11.034084344309647,55.40150202195263,51.53090699017908,2.4263431542461005,350490009001
Block Group 2; Census Tract 9; Santa Fe County; New Mexico,1465,18,100,578,825,0,0,35,049,000900,2,1465,8.054607508532422,60.54607508532423,56.31399317406144,0.0,350490009002
Block Group 1; Census Tract 10.01; Santa Fe County; New Mexico,597,7,25,456,111,8,0,35,049,001001,1,597,5.360134003350084,23.61809045226131,18.592964824120603,1.340033500837521,350490010011
Block Group 2; Census Tract 10.01; Santa Fe County; New Mexico,1489,65,209,1057,273,0,101,35,049,001001,2,1489,18.401611820013432,29.012760241773005,18.334452652787107,6.783075889858965,350490010012
Block Group 1; Census Tract 10.02; Santa Fe County; New Mexico,1182,87,94,730,257,0,60,35,049,001002,1,1182,15.313028764805415,38.24027072758037,21.74280879864636,5.0761421319796955,350490010021
Block Group 2; Census Tract 10.02; Santa Fe County; New Mexico,357,21,48,229,60,0,7,35,049,001002,2,357,19.327731092436977,35.85434173669467,16.80672268907563,1.9607843137254901,350490010022
Block Group 3; Census Tract 10.02; Santa Fe County; New Mexico,1957,306,401,526,1148,0,162,35,049,001002,3,1957,36.12672457843638,73.12212570260603,58.66121614716403,8.277976494634645,350490010023
Block Group 1; Census Tract 11.02; Santa Fe County; New Mexico,2259,97,52,1411,378,0,32,35,049,001102,1,2259,6.595838866755202,37.53873395307659,16.733067729083665,1.416555998229305,350490011021
Block Group 2; Census Tract 11.02; Santa Fe County; New Mexico,1432,62,235,555,821,23,0,35,049,001102,2,1432,20.74022346368715,61.24301675977654,57.332402234636874,1.606145251396648,350490011022
Block Group 1; Census Tract 11.03; Santa Fe County; New Mexico,1186,60,39,522,578,0,73,35,049,001103,1,1186,8.347386172006747,55.98650927487352,48.735244519392914,6.155143338954469,350490011031
Block Group 2; Census Tract 11.03; Santa Fe County; New Mexico,499,4,0,211,209,0,7,35,049,001103,2,499,0.8016032064128256,57.71543086172345,41.883767535070135,1.402805611222445,350490011032
Block Group 1; Census Tract 11.05; Santa Fe County; New Mexico,641,49,45,404,209,0,0,35,049,001105,1,641,14.664586583463338,36.973478939157566,32.605304212168484,0.0,350490011051
Block Group 2; Census Tract 11.05; Santa Fe County; New Mexico,1910,91,22,900,824,17,14,35,049,001105,2,1910,5.9162303664921465,52.87958115183247,43.1413612565445,1.6230366492146597,350490011052
Block Group 1; Census Tract 11.06; Santa Fe County; New Mexico,1451,14,17,340,1084,8,26,35,049,001106,1,1451,2.1364576154376294,76.56788421778084,74.70709855272226,2.3432115782219163,350490011061
Block Group 2; Census Tract 11.06; Santa Fe County; New Mexico,1395,181,39,841,399,6,200,35,049,001106,2,1395,15.770609318996415,39.71326164874552,28.602150537634408,14.767025089605735,350490011062
Block Group 1; Census Tract 11.07; Santa Fe County; New Mexico,1742,7,88,570,1059,0,0,35,049,001107,1,1742,5.453501722158439,67.27898966704937,60.79219288174512,0.0,350490011071
Block Group 2; Census Tract 11.07; Santa Fe County; New Mexico,1157,62,0,331,631,0,0,35,049,001107,2,1157,5.358686257562662,71.39152981849611,54.53759723422644,0.0,350490011072
Block Group 3; Census Tract 11.07; Santa Fe County; New Mexico,687,55,60,226,305,0,45,35,049,001107,3,687,16.73944687045124,67.10334788937409,44.395924308588064,6.550218340611353,350490011073
Block Group 4; Census Tract 11.07; Santa Fe County; New Mexico,1492,6,54,1151,310,13,58,35,049,001107,4,1492,4.021447721179625,22.855227882037532,20.777479892761395,4.758713136729222,350490011074
Block Group 1; Census Tract 12.02; Santa Fe County; New Mexico,1573,403,79,359,1174,14,0,35,049,001202,1,1573,30.64208518753973,77.177368086459,74.63445645263828,0.8900190718372537,350490012021
Block Group 2; Census Tract 12.02; Santa Fe County; New Mexico,3158,222,1044,540,2326,17,140,35,049,001202,2,3158,40.08866371120963,82.90056998100064,73.65421152628245,4.971500949968334,350490012022
Block Group 3; Census Tract 12.02; Santa Fe County; New Mexico,1640,319,90,361,1274,0,90,35,049,001202,3,1640,24.9390243902439,77.98780487804878,77.6829268292683,5.487804878048781,350490012023
Block Group 1; Census Tract 12.03; Santa Fe County; New Mexico,1582,0,508,57,1525,0,0,35,049,001203,1,1582,32.11125158027813,96.39696586599241,96.39696586599241,0.0,350490012031
Block Group 2; Census Tract 12.03; Santa Fe County; New Mexico,1371,26,58,625,702,10,0,35,049,001203,2,1371,6.12691466083151,54.41283734500364,51.203501094091905,0.7293946024799417,350490012032
Block Group 1; Census Tract 12.05; Santa Fe County; New Mexico,3674,26,436,269,3139,7,0,35,049,001205,1,3674,12.574850299401197,92.6782798040283,85.43821448013065,0.19052803483941208,350490012051
Block Group 2; Census Tract 12.05; Santa Fe County; New Mexico,2486,448,241,215,2196,0,0,35,049,001205,2,2486,27.715205148833466,91.3515687851971,88.33467417538215,0.0,350490012052
Block Group 1; Census Tract 12.06; Santa Fe County; New Mexico,2864,248,829,250,2543,0,70,35,049,001206,1,2864,37.60474860335196,91.27094972067039,88.79189944134079,2.4441340782122905,350490012061
Block Group 2; Census Tract 12.06; Santa Fe County; New Mexico,1283,0,101,186,1097,0,0,35,049,001206,2,1283,7.872174590802807,85.50272798129383,85.50272798129384,0.0,350490012062
Block Group 1; Census Tract 12.07; Santa Fe County; New Mexico,3352,231,503,509,2671,37,18,35,049,001207,1,3352,21.897374701670643,84.81503579952268,79.68377088305489,1.6408114558472555,350490012071
Block Group 1; Census Tract 13.01; Santa Fe County; New Mexico,1387,77,12,613,626,0,27,35,049,001301,1,1387,6.416726748377793,55.80389329488105,45.133381398702234,1.9466474405191059,350490013011
Block Group 1; Census Tract 13.02; Santa Fe County; New Mexico,1180,176,160,81,1065,0,0,35,049,001302,1,1180,28.474576271186443,93.13559322033899,90.2542372881356,0.0,350490013021
Block Group 2; Census Tract 13.02; Santa Fe County; New Mexico,1643,199,41,358,1214,15,0,35,049,001302,2,1643,14.607425441265978,78.21059038344491,73.88922702373706,0.9129640900791236,350490013022
Block Group 1; Census Tract 13.04; Santa Fe County; New Mexico,1089,166,46,196,843,5,0,35,049,001304,1,1089,19.4674012855831,82.00183654729109,77.41046831955923,0.4591368227731864,350490013041
Block Group 1; Census Tract 13.05; Santa Fe County; New Mexico,1224,40,85,492,526,0,0,35,049,001305,1,1224,10.212418300653594,59.80392156862745,42.97385620915033,0.0,350490013051
Block Group 2; Census Tract 13.05; Santa Fe County; New Mexico,1148,59,0,478,481,0,0,35,049,001305,2,1148,5.139372822299651,58.36236933797909,41.89895470383275,0.0,350490013052
Block Group 3; Census Tract 13.05; Santa Fe County; New Mexico,2247,107,139,545,1461,0,38,35,049,001305,3,2247,10.947930574098798,75.7454383622608,65.02002670226969,1.6911437472185136,350490013053
Block Group 1; Census Tract 13.06; Santa Fe County; New Mexico,2592,68,514,487,1944,0,5,35,049,001306,1,2592,22.453703703703702,81.21141975308642,75.0,0.19290123456790123,350490013061
Block Group 1; Census Tract 101.02; Santa Fe County; New Mexico,1732,150,77,337,1395,0,22,35,049,010102,1,1732,13.106235565819862,80.54272517321016,80.54272517321016,1.2702078521939952,350490101021
Block Group 2; Census Tract 101.02; Santa Fe County; New Mexico,1122,0,0,338,784,0,0,35,049,010102,2,1122,0.0,69.87522281639929,69.87522281639929,0.0,350490101022
Block Group 3; Census Tract 101.02; Santa Fe County; New Mexico,1133,3,89,85,1048,0,0,35,049,010102,3,1133,8.120035304501325,92.49779346866725,92.49779346866725,0.0,350490101023
Block Group 1; Census Tract 102.04; Santa Fe County; New Mexico,1177,44,56,990,116,42,8,35,049,010204,1,1177,8.496176720475786,15.887850467289722,9.855564995751912,4.248088360237893,350490102041
Block Group 2; Census Tract 102.04; Santa Fe County; New Mexico,989,102,0,759,199,5,0,35,049,010204,2,989,10.313447927199192,23.25581395348837,20.12133468149646,0.5055611729019212,350490102042
Block Group 1; Census Tract 102.05; Santa Fe County; New Mexico,1030,132,63,708,282,0,0,35,049,010205,1,1030,18.932038834951456,31.262135922330092,27.378640776699033,0.0,350490102051
Block Group 1; Census Tract 103.04; Santa Fe County; New Mexico,2326,43,0,1548,548,7,89,35,049,010304,1,2326,1.8486672398968185,33.44797936371453,23.559759243336202,4.12725709372313,350490103041
Block Group 2; Census Tract 103.04; Santa Fe County; New Mexico,1750,66,46,213,1405,0,35,35,049,010304,2,1750,6.4,87.82857142857144,80.28571428571428,2.0,350490103042
Block Group 1; Census Tract 103.08; Santa Fe County; New Mexico,1295,227,174,74,1167,15,6,35,049,010308,1,1295,30.965250965250966,94.28571428571428,90.11583011583012,1.6216216216216217,350490103081
Block Group 2; Census Tract 103.08; Santa Fe County; New Mexico,1157,54,97,564,507,8,0,35,049,010308,2,1157,13.050993949870355,51.25324114088159,43.82022471910113,0.6914433880726015,350490103082
Block Group 1; Census Tract 103.09; Santa Fe County; New Mexico,658,0,30,520,88,0,0,35,049,010309,1,658,4.5592705167173255,20.972644376899694,13.37386018237082,0.0,350490103091
Block Group 2; Census Tract 103.09; Santa Fe County; New Mexico,975,180,27,841,9,9,0,35,049,010309,2,975,21.23076923076923,13.743589743589746,0.9230769230769231,0.9230769230769231,350490103092
Block Group 1; Census Tract 103.10; Santa Fe County; New Mexico,1213,32,0,907,203,22,0,35,049,010310,1,1213,2.6380873866446826,25.22671063478977,16.735366859027206,1.8136850783182192,350490103101
Block Group 1; Census Tract 103.11; Santa Fe County; New Mexico,1485,56,130,1161,315,144,13,35,049,010311,1,1485,12.525252525252526,21.818181818181813,21.21212121212121,10.572390572390573,350490103111
Block Group 2; Census Tract 103.11; Santa Fe County; New Mexico,2611,64,85,1655,550,62,0,35,049,010311,2,2611,5.706625813864419,36.61432401378782,21.06472615855994,2.3745691306013024,350490103112
Block Group 3; Census Tract 103.11; Santa Fe County; New Mexico,963,0,11,667,246,0,0,35,049,010311,3,963,1.142263759086189,30.73727933541017,25.54517133956386,0.0,350490103113
Block Group 1; Census Tract 103.12; Santa Fe County; New Mexico,2303,69,203,1226,992,0,0,35,049,010312,1,2303,11.810681719496309,46.76508901432913,43.07425097698654,0.0,350490103121
Block Group 2; Census Tract 103.12; Santa Fe County; New Mexico,2458,106,108,1383,943,8,0,35,049,010312,2,2458,8.70626525630594,43.73474369406021,38.36452400325468,0.32546786004882017,350490103122
Block Group 1; Census Tract 103.15; Santa Fe County; New Mexico,2094,110,65,1290,542,42,0,35,049,010315,1,2094,8.357211079274117,38.39541547277937,25.88347659980898,2.005730659025788,350490103151
Block Group 2; Census Tract 103.15; Santa Fe County; New Mexico,488,9,8,230,224,0,0,35,049,010315,2,488,3.483606557377049,52.86885245901639,45.90163934426229,0.0,350490103152
Block Group 1; Census Tract 103.16; Santa Fe County; New Mexico,825,7,0,574,175,8,0,35,049,010316,1,825,0.8484848484848486,30.424242424242422,21.21212121212121,0.9696969696969697,350490103161
Block Group 2; Census Tract 103.16; Santa Fe County; New Mexico,981,53,18,591,356,6,2,35,049,010316,2,981,7.237512742099899,39.75535168195719,36.289500509684,0.8154943934760449,350490103162
Block Group 1; Census Tract 103.17; Santa Fe County; New Mexico,942,0,32,424,366,0,6,35,049,010317,1,942,3.397027600849257,54.989384288747345,38.853503184713375,0.6369426751592357,350490103171
Block Group 1; Census Tract 103.18; Santa Fe County; New Mexico,1521,162,5,646,810,15,0,35,049,010318,1,1521,10.979618671926364,57.52794214332676,53.25443786982249,0.9861932938856016,350490103181
Block Group 1; Census Tract 104; Santa Fe County; New Mexico,1516,43,33,803,455,0,25,35,049,010400,1,1516,5.013192612137203,47.03166226912929,30.013192612137203,1.6490765171503958,350490104001
Block Group 2; Census Tract 104; Santa Fe County; New Mexico,2276,26,59,1752,429,19,0,35,049,010400,2,2276,3.7346221441124783,23.022847100175746,18.848857644991213,0.8347978910369069,350490104002
Block Group 1; Census Tract 105; Santa Fe County; New Mexico,1151,18,50,799,286,0,0,35,049,010500,1,1151,5.907906168549087,30.582102519548215,24.847958297132926,0.0,350490105001
Block Group 2; Census Tract 105; Santa Fe County; New Mexico,851,25,63,558,259,10,0,35,049,010500,2,851,10.340775558166863,34.430082256169214,30.434782608695656,1.1750881316098707,350490105002
Block Group 1; Census Tract 106.01; Santa Fe County; New Mexico,2212,72,60,1033,979,15,1,35,049,010601,1,2212,5.967450271247739,53.300180831826395,44.25858951175407,0.7233273056057866,350490106011
Block Group 2; Census Tract 106.01; Santa Fe County; New Mexico,1226,2,5,461,765,0,5,35,049,010601,2,1226,0.5709624796084829,62.39804241435563,62.39804241435563,0.40783034257748774,350490106012
Block Group 3; Census Tract 106.01; Santa Fe County; New Mexico,2377,73,0,1324,937,0,0,35,049,010601,3,2377,3.0710980227177114,44.2995372318048,39.41943626419857,0.0,350490106013
Block Group 1; Census Tract 106.02; Santa Fe County; New Mexico,1596,48,50,1385,152,24,0,35,049,010602,1,1596,6.140350877192982,13.22055137844611,9.523809523809524,1.5037593984962405,350490106021
Block Group 2; Census Tract 106.02; Santa Fe County; New Mexico,1141,48,100,838,247,0,0,35,049,010602,2,1141,12.971078001752847,26.555652936021033,21.647677475898337,0.0,350490106022
Block Group 1; Census Tract 106.03; Santa Fe County; New Mexico,2500,43,147,1197,1230,0,0,35,049,010603,1,2500,7.6,52.12,49.2,0.0,350490106031
Block Group 1; Census Tract 107.01; Santa Fe County; New Mexico,749,10,0,703,46,0,0,35,049,010701,1,749,1.335113484646195,6.141522029372492,6.141522029372497,0.0,350490107011
Block Group 2; Census Tract 107.01; Santa Fe County; New Mexico,645,16,3,593,9,0,0,35,049,010701,2,645,2.945736434108527,8.062015503875974,1.3953488372093024,0.0,350490107012
Block Group 3; Census Tract 107.01; Santa Fe County; New Mexico,2013,169,0,1472,386,0,0,35,049,010701,3,2013,8.395429706905116,26.875310481867853,19.17536015896672,0.0,350490107013
Block Group 1; Census Tract 107.02; Santa Fe County; New Mexico,1638,96,69,1141,411,10,0,35,049,010702,1,1638,10.073260073260073,30.341880341880344,25.09157509157509,0.6105006105006106,350490107021
Block Group 1; Census Tract 108; Santa Fe County; New Mexico,1161,38,91,672,313,0,0,35,049,010800,1,1161,11.11111111111111,42.11886304909561,26.959517657192077,0.0,350490108001
Block Group 2; Census Tract 108; Santa Fe County; New Mexico,1845,59,138,850,951,0,16,35,049,010800,2,1845,10.677506775067751,53.92953929539295,51.54471544715447,0.8672086720867209,350490108002
Block Group 1; Census Tract 109; Santa Fe County; New Mexico,2045,28,124,404,1576,43,0,35,049,010900,1,2045,7.432762836185819,80.24449877750611,77.06601466992666,2.1026894865525674,350490109001
Block Group 2; Census Tract 109; Santa Fe County; New Mexico,1336,144,1,1112,197,0,0,35,049,010900,2,1336,10.853293413173652,16.766467065868262,14.745508982035929,0.0,350490109002
Block Group 1; Census Tract 9403; Santa Fe County; New Mexico,655,33,91,41,157,4,5,35,049,940300,1,655,18.931297709923665,93.74045801526718,23.969465648854964,1.3740458015267176,350499403001
Block Group 2; Census Tract 9403; Santa Fe County; New Mexico,1437,65,215,278,970,8,9,35,049,940300,2,1437,19.485038274182322,80.65414057063327,67.5017397355602,1.1830201809324983,350499403002
Block Group 1; Census Tract 9404; Santa Fe County; New Mexico,1978,140,139,622,824,20,0,35,049,940400,1,1978,14.1051567239636,68.5540950455005,41.6582406471183,1.0111223458038423,350499404001
Block Group 1; Census Tract 9405; Santa Fe County; New Mexico,1211,54,106,186,763,22,5,35,049,940500,1,1211,13.212221304706853,84.64079273327827,63.005780346820806,2.2295623451692816,350499405001
Block Group 2; Census Tract 9405; Santa Fe County; New Mexico,724,127,61,115,488,7,12,35,049,940500,2,724,25.96685082872928,84.1160220994475,67.40331491712708,2.6243093922651934,350499405002
Block Group 1; Census Tract 9406; Santa Fe County; New Mexico,828,54,59,185,550,5,5,35,049,940600,1,828,13.647342995169081,77.65700483091787,66.42512077294685,1.2077294685990339,350499406001
Block Group 2; Census Tract 9406; Santa Fe County; New Mexico,828,45,37,229,565,10,5,35,049,940600,2,828,9.903381642512077,72.34299516908213,68.23671497584542,1.8115942028985508,350499406002
Block Group 3; Census Tract 9406; Santa Fe County; New Mexico,1074,59,78,112,679,16,15,35,049,940600,3,1074,12.756052141527002,89.57169459962756,63.221601489757916,2.8864059590316575,350499406003
Block Group 4; Census Tract 9406; Santa Fe County; New Mexico,954,41,48,186,563,5,10,35,049,940600,4,954,9.329140461215934,80.50314465408806,59.0146750524109,1.5723270440251573,350499406004
Block Group 1; Census Tract 9409; Santa Fe County; New Mexico,1104,89,109,100,928,11,17,35,049,940900,1,1104,17.934782608695652,90.94202898550725,84.05797101449275,2.536231884057971,350499409001
Block Group 2; Census Tract 9409; Santa Fe County; New Mexico,1821,126,296,154,1533,14,63,35,049,940900,2,1821,23.17408017572762,91.54310818231741,84.1845140032949,4.228445908841296,350499409002
Block Group 3; Census Tract 9409; Santa Fe County; New Mexico,367,6,4,48,284,0,0,35,049,940900,3,367,2.7247956403269753,86.92098092643053,77.3841961852861,0.0,350499409003
Block Group 1; Census Tract 9800; Santa Fe County; New Mexico,758,0,0,117,536,0,0,35,049,980000,1,758,0.0,84.5646437994723,70.71240105540898,0.0,350499800001
Block Group 1; Census Tract 9802; Santa Fe County; New Mexico,54,0,0,54,0,0,0,35,049,980200,1,54,0.0,0.0,0.0,0.0,350499802001
Block Group 1; Census Tract 9622; Sierra County; New Mexico,1195,15,311,342,544,7,130,35,051,962200,1,1195,27.280334728033473,71.38075313807532,45.52301255230125,11.464435146443515,350519622001
Block Group 2; Census Tract 9622; Sierra County; New Mexico,763,232,147,621,129,0,22,35,051,962200,2,763,49.67234600262123,18.610747051114018,16.90694626474443,2.8833551769331587,350519622002
Block Group 3; Census Tract 9622; Sierra County; New Mexico,633,197,106,457,176,12,37,35,051,962200,3,633,47.867298578199055,27.8041074249605,27.804107424960506,7.740916271721959,350519622003
Block Group 4; Census Tract 9622; Sierra County; New Mexico,1021,321,286,775,232,0,20,35,051,962200,4,1021,59.4515181194907,24.09402546523016,22.722820763956904,1.9588638589618024,350519622004
Block Group 1; Census Tract 9623; Sierra County; New Mexico,1155,34,150,545,595,12,0,35,051,962300,1,1155,15.930735930735931,52.81385281385281,51.515151515151516,1.0389610389610389,350519623001
Block Group 2; Census Tract 9623; Sierra County; New Mexico,611,40,68,359,238,51,0,35,051,962300,2,611,17.6759410801964,41.243862520458265,38.95253682487725,8.346972176759412,350519623002
Block Group 3; Census Tract 9623; Sierra County; New Mexico,1261,90,115,628,588,0,11,35,051,962300,3,1261,16.256938937351308,50.19825535289453,46.62965900079302,0.8723235527359239,350519623003
Block Group 1; Census Tract 9624.01; Sierra County; New Mexico,690,0,83,630,0,0,0,35,051,962401,1,690,12.028985507246377,8.695652173913048,0.0,0.0,350519624011
Block Group 2; Census Tract 9624.01; Sierra County; New Mexico,822,18,25,572,250,0,0,35,051,962401,2,822,5.231143552311435,30.41362530413625,30.413625304136254,0.0,350519624012
Block Group 3; Census Tract 9624.01; Sierra County; New Mexico,729,81,34,670,25,98,0,35,051,962401,3,729,15.775034293552812,8.093278463648835,3.4293552812071333,13.443072702331962,350519624013
Block Group 1; Census Tract 9624.02; Sierra County; New Mexico,1170,28,73,938,180,91,0,35,051,962402,1,1170,8.632478632478632,19.829059829059826,15.384615384615385,7.777777777777778,350519624021
Block Group 2; Census Tract 9624.02; Sierra County; New Mexico,1461,154,202,812,429,0,0,35,051,962402,2,1461,24.366872005475702,44.421629021218344,29.36344969199179,0.0,350519624022
Block Group 1; Census Tract 9400; Socorro County; New Mexico,1486,243,577,38,0,0,0,35,053,940000,1,1486,55.18169582772544,97.442799461642,0.0,0.0,350539400001
Block Group 1; Census Tract 9781; Socorro County; New Mexico,2221,242,774,622,1541,50,0,35,053,978100,1,2221,45.745159837910855,71.9945970283656,69.38316073840612,2.25123818099955,350539781001
Block Group 2; Census Tract 9781; Socorro County; New Mexico,1017,40,50,54,934,0,0,35,053,978100,2,1017,8.849557522123893,94.69026548672566,91.83874139626353,0.0,350539781002
Block Group 3; Census Tract 9781; Socorro County; New Mexico,1110,114,134,664,446,0,0,35,053,978100,3,1110,22.34234234234234,40.18018018018018,40.18018018018018,0.0,350539781003
Block Group 1; Census Tract 9782; Socorro County; New Mexico,619,24,71,384,235,7,0,35,053,978200,1,619,15.347334410339256,37.964458804523424,37.964458804523424,1.1308562197092082,350539782001
Block Group 2; Census Tract 9782; Socorro County; New Mexico,764,182,0,334,430,0,0,35,053,978200,2,764,23.82198952879581,56.28272251308901,56.282722513089,0.0,350539782002
Block Group 1; Census Tract 9783.01; Socorro County; New Mexico,1975,128,137,751,951,0,24,35,053,978301,1,1975,13.41772151898734,61.9746835443038,48.151898734177216,1.2151898734177216,350539783011
Block Group 2; Census Tract 9783.01; Socorro County; New Mexico,564,0,200,84,472,0,0,35,053,978301,2,564,35.46099290780142,85.1063829787234,83.68794326241135,0.0,350539783012
Block Group 1; Census Tract 9783.02; Socorro County; New Mexico,1719,73,365,842,528,0,83,35,053,978302,1,1719,25.479930191972077,51.018033740546834,30.715532286212916,4.828388598022106,350539783021
Block Group 2; Census Tract 9783.02; Socorro County; New Mexico,1059,54,124,541,349,0,7,35,053,978302,2,1059,16.80830972615675,48.91406987724268,32.95561850802644,0.6610009442870632,350539783022
Block Group 3; Census Tract 9783.02; Socorro County; New Mexico,1036,93,315,383,549,9,68,35,053,978302,3,1036,39.38223938223938,63.030888030888036,52.99227799227799,7.4324324324324325,350539783023
Block Group 1; Census Tract 9783.03; Socorro County; New Mexico,1364,62,113,236,935,0,63,35,053,978303,1,1364,12.82991202346041,82.69794721407624,68.54838709677419,4.618768328445748,350539783031
Block Group 2; Census Tract 9783.03; Socorro County; New Mexico,126,8,0,90,25,0,0,35,053,978303,2,126,6.349206349206349,28.57142857142857,19.841269841269842,0.0,350539783032
Block Group 3; Census Tract 9783.03; Socorro County; New Mexico,1248,58,321,349,801,77,22,35,053,978303,3,1248,30.36858974358974,72.03525641025641,64.1826923076923,7.9326923076923075,350539783033
Block Group 1; Census Tract 9400; Taos County; New Mexico,1316,34,98,59,1155,30,12,35,055,940000,1,1316,10.030395136778116,95.51671732522796,87.7659574468085,3.1914893617021276,350559400001
Block Group 2; Census Tract 9400; Taos County; New Mexico,1007,59,123,119,831,4,8,35,055,940000,2,1007,18.073485600794438,88.18272095332671,82.52234359483614,1.1916583912611718,350559400002
Block Group 1; Census Tract 9401.01; Taos County; New Mexico,1882,257,452,490,321,13,33,35,055,940101,1,1882,37.672688629117964,73.96386822529225,17.05632306057386,2.4442082890541976,350559401011
Block Group 2; Census Tract 9401.01; Taos County; New Mexico,668,53,53,482,165,3,11,35,055,940101,2,668,15.868263473053892,27.84431137724551,24.70059880239521,2.095808383233533,350559401012
Block Group 3; Census Tract 9401.01; Taos County; New Mexico,32,0,0,29,3,0,0,35,055,940101,3,32,0.0,9.375,9.375,0.0,350559401013
Block Group 4; Census Tract 9401.01; Taos County; New Mexico,1452,58,187,760,535,4,7,35,055,940101,4,1452,16.8732782369146,47.65840220385675,36.84573002754821,0.7575757575757576,350559401014
Block Group 1; Census Tract 9401.02; Taos County; New Mexico,1932,198,0,1156,694,16,0,35,055,940102,1,1932,10.248447204968944,40.1656314699793,35.92132505175984,0.8281573498964804,350559401021
Block Group 2; Census Tract 9401.02; Taos County; New Mexico,1167,71,156,374,667,46,15,35,055,940102,2,1167,19.451585261353898,67.95201371036846,57.155098543273354,5.227077977720651,350559401022
Block Group 3; Census Tract 9401.02; Taos County; New Mexico,1365,0,20,866,171,38,0,35,055,940102,3,1365,1.465201465201465,36.55677655677656,12.527472527472527,2.783882783882784,350559401023
Block Group 1; Census Tract 9521.01; Taos County; New Mexico,907,73,38,580,254,0,0,35,055,952101,1,907,12.238147739801542,36.0529217199559,28.004410143329654,0.0,350559521011
Block Group 2; Census Tract 9521.01; Taos County; New Mexico,438,0,64,321,57,0,0,35,055,952101,2,438,14.61187214611872,26.71232876712328,13.013698630136986,0.0,350559521012
Block Group 3; Census Tract 9521.01; Taos County; New Mexico,1045,0,40,474,571,0,0,35,055,952101,3,1045,3.827751196172249,54.64114832535885,54.641148325358856,0.0,350559521013
Block Group 4; Census Tract 9521.01; Taos County; New Mexico,926,79,0,300,626,0,0,35,055,952101,4,926,8.531317494600433,67.60259179265658,67.60259179265658,0.0,350559521014
Block Group 1; Census Tract 9521.02; Taos County; New Mexico,970,6,41,375,595,0,0,35,055,952102,1,970,4.845360824742269,61.34020618556701,61.34020618556701,0.0,350559521021
Block Group 2; Census Tract 9521.02; Taos County; New Mexico,1174,16,19,921,195,14,35,35,055,952102,2,1174,2.9812606473594547,21.550255536626917,16.609880749574106,4.173764906303236,350559521022
Block Group 3; Census Tract 9521.02; Taos County; New Mexico,1347,6,164,225,1110,0,0,35,055,952102,3,1347,12.620638455827764,83.29621380846325,82.40534521158129,0.0,350559521023
Block Group 1; Census Tract 9523; Taos County; New Mexico,1764,0,140,1001,759,0,0,35,055,952300,1,1764,7.936507936507936,43.25396825396825,43.02721088435374,0.0,350559523001
Block Group 2; Census Tract 9523; Taos County; New Mexico,274,33,89,185,89,0,0,35,055,952300,2,274,44.52554744525548,32.481751824817515,32.481751824817515,0.0,350559523002
Block Group 3; Census Tract 9523; Taos County; New Mexico,1335,168,224,293,1012,0,0,35,055,952300,3,1335,29.363295880149813,78.05243445692884,75.80524344569288,0.0,350559523003
Block Group 1; Census Tract 9526.01; Taos County; New Mexico,636,10,72,485,46,13,50,35,055,952601,1,636,12.89308176100629,23.742138364779876,7.232704402515723,9.90566037735849,350559526011
Block Group 2; Census Tract 9526.01; Taos County; New Mexico,471,0,7,348,45,0,0,35,055,952601,2,471,1.48619957537155,26.114649681528668,9.554140127388536,0.0,350559526012
Block Group 3; Census Tract 9526.01; Taos County; New Mexico,2046,269,18,400,1624,0,87,35,055,952601,3,2046,14.02737047898338,80.4496578690127,79.37438905180841,4.252199413489736,350559526013
Block Group 1; Census Tract 9526.02; Taos County; New Mexico,924,61,0,462,404,0,0,35,055,952602,1,924,6.6017316017316015,50.0,43.722943722943725,0.0,350559526021
Block Group 2; Census Tract 9526.02; Taos County; New Mexico,1643,51,61,884,737,0,0,35,055,952602,2,1643,6.816798539257456,46.195982958003654,44.856968959220936,0.0,350559526022
Block Group 3; Census Tract 9526.02; Taos County; New Mexico,1208,88,133,186,1011,35,0,35,055,952602,3,1208,18.294701986754966,84.60264900662251,83.69205298013244,2.8973509933774833,350559526023
Block Group 4; Census Tract 9526.02; Taos County; New Mexico,1457,0,200,237,1091,0,0,35,055,952602,4,1457,13.726835964310228,83.73369938229239,74.87989018531228,0.0,350559526024
Block Group 1; Census Tract 9527.01; Taos County; New Mexico,836,67,154,398,429,14,0,35,055,952701,1,836,26.435406698564595,52.39234449760766,51.31578947368421,1.674641148325359,350559527011
Block Group 2; Census Tract 9527.01; Taos County; New Mexico,1762,59,138,1136,590,50,0,35,055,952701,2,1762,11.180476730987515,35.527809307605,33.48467650397276,2.837684449489217,350559527012
Block Group 1; Census Tract 9527.02; Taos County; New Mexico,1614,111,134,185,1337,0,0,35,055,952702,1,1614,15.179677819083023,88.53779429987608,82.83767038413879,0.0,350559527021
Block Group 2; Census Tract 9527.02; Taos County; New Mexico,918,0,291,231,406,25,0,35,055,952702,2,918,31.699346405228756,74.83660130718954,44.226579520697165,2.7233115468409586,350559527022
Block Group 1; Census Tract 9632.01; Torrance County; New Mexico,2396,121,277,1432,790,17,88,35,057,963201,1,2396,16.6110183639399,40.233722871452414,32.97161936560935,4.382303839732888,350579632011
Block Group 2; Census Tract 9632.01; Torrance County; New Mexico,1737,53,173,777,939,0,0,35,057,963201,2,1737,13.010938399539434,55.26770293609672,54.0587219343696,0.0,350579632012
Block Group 1; Census Tract 9632.02; Torrance County; New Mexico,1702,228,134,693,783,8,52,35,057,963202,1,1702,21.26909518213866,59.28319623971798,46.00470035252644,3.525264394829612,350579632021
Block Group 2; Census Tract 9632.02; Torrance County; New Mexico,1615,196,476,507,859,34,1,35,057,963202,2,1615,41.60990712074303,68.60681114551083,53.188854489164086,2.1671826625387,350579632022
Block Group 1; Census Tract 9636.01; Torrance County; New Mexico,567,73,101,86,351,0,0,35,057,963601,1,567,30.687830687830687,84.83245149911816,61.904761904761905,0.0,350579636011
Block Group 2; Census Tract 9636.01; Torrance County; New Mexico,955,0,126,789,112,0,0,35,057,963601,2,955,13.193717277486911,17.38219895287958,11.727748691099476,0.0,350579636012
Block Group 3; Census Tract 9636.01; Torrance County; New Mexico,1350,45,247,432,841,0,26,35,057,963601,3,1350,21.62962962962963,68.0,62.29629629629629,1.925925925925926,350579636013
Block Group 4; Census Tract 9636.01; Torrance County; New Mexico,1208,367,0,813,284,0,0,35,057,963601,4,1208,30.38079470198676,32.69867549668874,23.509933774834437,0.0,350579636014
Block Group 5; Census Tract 9636.01; Torrance County; New Mexico,1370,46,42,930,440,0,0,35,057,963601,5,1370,6.423357664233577,32.11678832116789,32.11678832116788,0.0,350579636015
Block Group 1; Census Tract 9637; Torrance County; New Mexico,370,1,48,75,274,0,17,35,057,963700,1,370,13.243243243243244,79.72972972972973,74.05405405405405,4.594594594594595,350579637001
Block Group 2; Census Tract 9637; Torrance County; New Mexico,1989,161,185,934,810,44,0,35,057,963700,2,1989,17.39567621920563,53.04172951231775,40.723981900452486,2.212166918049271,350579637002
Block Group 1; Census Tract 9800; Torrance County; New Mexico,31,0,0,8,16,0,0,35,057,980000,1,31,0.0,74.19354838709677,51.61290322580645,0.0,350579800001
Block Group 1; Census Tract 9502; Union County; New Mexico,1214,146,160,454,749,4,0,35,059,950200,1,1214,25.205930807248766,62.60296540362438,61.696869851729815,0.3294892915980231,350599502001
Block Group 2; Census Tract 9502; Union County; New Mexico,1259,143,147,665,434,23,69,35,059,950200,2,1259,23.034154090548054,47.1803018268467,34.47180301826847,7.307386814932486,350599502002
Block Group 3; Census Tract 9502; Union County; New Mexico,807,50,2,525,224,0,0,35,059,950200,3,807,6.443618339529119,34.94423791821561,27.757125154894673,0.0,350599502003
Block Group 4; Census Tract 9502; Union County; New Mexico,759,6,48,536,196,1,0,35,059,950200,4,759,7.114624505928854,29.380764163372863,25.823451910408433,0.13175230566534915,350599502004
Block Group 1; Census Tract 9403; Valencia County; New Mexico,1492,91,58,31,28,0,0,35,061,940300,1,1492,9.986595174262733,97.92225201072387,1.876675603217158,0.0,350619403001
Block Group 1; Census Tract 9414; Valencia County; New Mexico,3841,157,166,1100,1753,5,24,35,061,941400,1,3841,8.409268419682373,71.3616245769331,45.63915646966936,0.7550117156990367,350619414001
Block Group 1; Census Tract 9701.01; Valencia County; New Mexico,1648,216,316,307,1310,0,0,35,061,970101,1,1648,32.28155339805826,81.37135922330097,79.49029126213593,0.0,350619701011
Block Group 2; Census Tract 9701.01; Valencia County; New Mexico,2311,292,372,230,1999,54,12,35,061,970101,2,2311,28.732150584162703,90.0475984422328,86.49935093033318,2.855906533967979,350619701012
Block Group 1; Census Tract 9701.03; Valencia County; New Mexico,1144,213,40,550,594,0,0,35,061,970103,1,1144,22.115384615384613,51.92307692307692,51.92307692307693,0.0,350619701031
Block Group 2; Census Tract 9701.03; Valencia County; New Mexico,1824,305,159,485,1339,18,0,35,061,970103,2,1824,25.438596491228072,73.41008771929825,73.41008771929825,0.9868421052631579,350619701032
Block Group 1; Census Tract 9701.04; Valencia County; New Mexico,845,23,292,372,434,4,0,35,061,970104,1,845,37.278106508875744,55.97633136094675,51.36094674556213,0.4733727810650888,350619701041
Block Group 2; Census Tract 9701.04; Valencia County; New Mexico,2550,10,60,1092,1154,0,34,35,061,970104,2,2550,2.7450980392156863,57.1764705882353,45.254901960784316,1.3333333333333335,350619701042
Block Group 1; Census Tract 9702; Valencia County; New Mexico,1258,289,0,522,655,12,0,35,061,970200,1,1258,22.972972972972975,58.50556438791733,52.06677265500795,0.9538950715421303,350619702001
Block Group 2; Census Tract 9702; Valencia County; New Mexico,1678,132,58,817,717,26,0,35,061,970200,2,1678,11.32300357568534,51.31108462455304,42.729439809296785,1.5494636471990464,350619702002
Block Group 3; Census Tract 9702; Valencia County; New Mexico,1096,29,320,317,756,24,0,35,061,970200,3,1096,31.843065693430656,71.07664233576642,68.97810218978103,2.18978102189781,350619702003
Block Group 1; Census Tract 9703.02; Valencia County; New Mexico,1191,19,8,354,783,0,0,35,061,970302,1,1191,2.2670025188916876,70.27707808564232,65.74307304785894,0.0,350619703021
Block Group 2; Census Tract 9703.02; Valencia County; New Mexico,1810,31,177,707,788,0,4,35,061,970302,2,1810,11.491712707182321,60.93922651933701,43.53591160220994,0.22099447513812157,350619703022
Block Group 1; Census Tract 9703.04; Valencia County; New Mexico,1913,15,85,599,1264,41,0,35,061,970304,1,1913,5.2273915316257185,68.68792472556194,66.07422895974908,2.1432305279665447,350619703041
Block Group 2; Census Tract 9703.04; Valencia County; New Mexico,1843,0,50,649,1194,0,0,35,061,970304,2,1843,2.7129679869777537,64.78567552902877,64.78567552902875,0.0,350619703042
Block Group 1; Census Tract 9703.05; Valencia County; New Mexico,1903,95,50,727,1112,20,15,35,061,970305,1,1903,7.619548081975827,61.797162375197054,58.43405149763531,1.8392012611665791,350619703051
Block Group 2; Census Tract 9703.05; Valencia County; New Mexico,1310,69,122,316,793,11,0,35,061,970305,2,1310,14.580152671755725,75.87786259541984,60.534351145038165,0.8396946564885497,350619703052
Block Group 1; Census Tract 9703.06; Valencia County; New Mexico,814,25,281,0,756,0,0,35,061,970306,1,814,37.59213759213759,100.0,92.87469287469288,0.0,350619703061
Block Group 2; Census Tract 9703.06; Valencia County; New Mexico,2539,46,82,833,1666,0,0,35,061,970306,2,2539,5.041354864119732,67.1918077983458,65.61638440330839,0.0,350619703062
Block Group 1; Census Tract 9703.07; Valencia County; New Mexico,1225,35,426,522,703,9,0,35,061,970307,1,1225,37.63265306122449,57.38775510204081,57.38775510204081,0.7346938775510203,350619703071
Block Group 2; Census Tract 9703.07; Valencia County; New Mexico,1926,150,494,64,1818,0,0,35,061,970307,2,1926,33.43717549325026,96.67705088265835,94.39252336448598,0.0,350619703072
Block Group 3; Census Tract 9703.07; Valencia County; New Mexico,858,0,131,135,723,0,0,35,061,970307,3,858,15.268065268065268,84.26573426573427,84.26573426573427,0.0,350619703073
Block Group 1; Census Tract 9704.01; Valencia County; New Mexico,646,51,43,114,486,0,0,35,061,970401,1,646,14.551083591331269,82.35294117647058,75.23219814241486,0.0,350619704011
Block Group 2; Census Tract 9704.01; Valencia County; New Mexico,2274,177,588,235,1860,7,30,35,061,970401,2,2274,33.64116094986807,89.66578715919086,81.79419525065963,1.6270888302550572,350619704012
Block Group 3; Census Tract 9704.01; Valencia County; New Mexico,1322,5,21,577,727,18,21,35,061,970401,3,1322,1.9667170953101363,56.35400907715582,54.99243570347958,2.950075642965204,350619704013
Block Group 4; Census Tract 9704.01; Valencia County; New Mexico,1145,36,44,471,643,10,0,35,061,970401,4,1145,6.986899563318777,58.8646288209607,56.15720524017467,0.8733624454148471,350619704014
Block Group 1; Census Tract 9704.04; Valencia County; New Mexico,1158,250,42,230,928,80,0,35,061,970404,1,1158,25.215889464594127,80.13816925734024,80.13816925734024,6.90846286701209,350619704041
Block Group 2; Census Tract 9704.04; Valencia County; New Mexico,1661,819,137,559,1024,0,0,35,061,970404,2,1661,57.55568934376881,66.34557495484647,61.64960866947622,0.0,350619704042
Block Group 3; Census Tract 9704.04; Valencia County; New Mexico,2924,77,421,1197,1593,35,0,35,061,970404,3,2924,17.03146374829001,59.062927496580016,54.480164158686726,1.1969904240766074,350619704043
Block Group 1; Census Tract 9704.05; Valencia County; New Mexico,2115,11,22,1160,816,0,0,35,061,970405,1,2115,1.5602836879432624,45.15366430260047,38.58156028368794,0.0,350619704051
Block Group 2; Census Tract 9704.05; Valencia County; New Mexico,2338,175,0,747,1276,0,0,35,061,970405,2,2338,7.48502994011976,68.04961505560307,54.57656116338752,0.0,350619704052
Block Group 1; Census Tract 9707.01; Valencia County; New Mexico,631,0,61,384,179,0,0,35,061,970701,1,631,9.667194928684628,39.144215530903324,28.367670364500793,0.0,350619707011
Block Group 2; Census Tract 9707.01; Valencia County; New Mexico,1543,296,312,664,709,17,0,35,061,970701,2,1543,39.40375891121192,56.96694750486066,45.94944912508101,1.1017498379779649,350619707012
Block Group 3; Census Tract 9707.01; Valencia County; New Mexico,1929,291,225,422,1461,18,20,35,061,970701,3,1929,26.749611197511662,78.12337998963194,75.73872472783826,1.9699326075686883,350619707013
Block Group 4; Census Tract 9707.01; Valencia County; New Mexico,678,0,0,180,415,0,0,35,061,970701,4,678,0.0,73.45132743362832,61.2094395280236,0.0,350619707014
Block Group 1; Census Tract 9708; Valencia County; New Mexico,1019,133,253,136,883,0,0,35,061,970800,1,1019,37.88027477919529,86.65358194308146,86.65358194308145,0.0,350619708001
Block Group 2; Census Tract 9708; Valencia County; New Mexico,1163,254,111,377,786,0,0,35,061,970800,2,1163,31.38435081685297,67.58383490971624,67.58383490971626,0.0,350619708002
Block Group 3; Census Tract 9708; Valencia County; New Mexico,680,32,37,238,381,0,10,35,061,970800,3,680,10.147058823529411,65.0,56.029411764705884,1.4705882352941175,350619708003
Block Group 4; Census Tract 9708; Valencia County; New Mexico,727,46,62,253,474,10,0,35,061,970800,4,727,14.855570839064649,65.19944979367263,65.19944979367263,1.3755158184319118,350619708004
Block Group 5; Census Tract 9708; Valencia County; New Mexico,618,135,68,378,240,52,0,35,061,970800,5,618,32.847896440129446,38.834951456310684,38.83495145631068,8.414239482200648,350619708005
Block Group 1; Census Tract 9709.01; Valencia County; New Mexico,1578,268,106,448,1096,0,0,35,061,970901,1,1578,23.70088719898606,71.60963244613434,69.45500633713561,0.0,350619709011
Block Group 2; Census Tract 9709.01; Valencia County; New Mexico,339,11,68,86,219,39,0,35,061,970901,2,339,23.303834808259587,74.63126843657817,64.60176991150442,11.504424778761061,350619709012
Block Group 3; Census Tract 9709.01; Valencia County; New Mexico,1519,380,151,217,1279,0,10,35,061,970901,3,1519,34.95720868992758,85.71428571428572,84.20013166556946,0.6583278472679395,350619709013
Block Group 4; Census Tract 9709.01; Valencia County; New Mexico,1422,66,36,332,1032,29,0,35,061,970901,4,1422,7.172995780590717,76.65260196905767,72.57383966244726,2.0393811533052038,350619709014
Block Group 1; Census Tract 9709.02; Valencia County; New Mexico,1722,4,103,374,1273,14,8,35,061,970902,1,1722,6.213704994192799,78.28106852497096,73.92566782810685,1.2775842044134729,350619709021
Block Group 1; Census Tract 9710; Valencia County; New Mexico,691,39,0,212,396,0,0,35,061,971000,1,691,5.643994211287988,69.31982633863964,57.3082489146165,0.0,350619710001
Block Group 2; Census Tract 9710; Valencia County; New Mexico,1713,45,76,833,723,0,0,35,061,971000,2,1713,7.063631056625802,51.37186223000584,42.20665499124343,0.0,350619710002
Block Group 3; Census Tract 9710; Valencia County; New Mexico,774,83,145,115,528,0,0,35,061,971000,3,774,29.457364341085274,85.14211886304909,68.21705426356588,0.0,350619710003
Block Group 4; Census Tract 9710; Valencia County; New Mexico,1711,283,67,682,734,0,0,35,061,971000,4,1711,20.455873758036237,60.14026884862653,42.89888953828171,0.0,350619710004
Block Group 1; Census Tract 9711; Valencia County; New Mexico,1487,103,146,663,748,41,0,35,061,971100,1,1487,16.745124411566913,55.41358439811701,50.302622730329524,2.757229320780094,350619711001
Block Group 1; Census Tract 9713.01; Valencia County; New Mexico,1733,193,323,712,1001,0,10,35,061,971301,1,1733,29.77495672244662,58.91517599538373,57.761107905366416,0.5770340450086555,350619713011
Block Group 1; Census Tract 9801; Valencia County; New Mexico,21,0,21,5,16,0,0,35,061,980100,1,21,100.0,76.19047619047619,76.19047619047619,0.0,350619801001
Block Group 1; Census Tract 9802; Valencia County; New Mexico,1082,0,0,361,607,0,0,35,061,980200,1,1082,0.0,66.6358595194085,56.09981515711645,0.0,350619802001
Block Group 1; Census Tract 9803; Valencia County; New Mexico,0,0,0,0,0,0,0,35,061,980300,1,0,,,,,350619803001
Block Group 1; Census Tract 9804; Valencia County; New Mexico,0,0,0,0,0,0,0,35,061,980400,1,0,,,,,350619804001
