ST,STATE,ST_ABBR,STCNTY,COUNTY,FIPS,LOCATION,AREA_SQMI,E_TOTPOP,M_TOTPOP,E_HU,M_HU,E_HH,M_HH,E_POV150,M_POV150,E_UNEMP,M_UNEMP,E_HBURD,M_HBURD,E_NOHSDP,M_NOHSDP,E_UNINSUR,M_UNINSUR,E_AGE65,M_AGE65,E_AGE17,M_AGE17,E_DISABL,M_DISABL,E_SNGPNT,M_SNGPNT,E_LIMENG,M_LIMENG,E_MINRTY,M_MINRTY,E_MUNIT,M_MUNIT,E_MOBILE,M_MOBILE,E_CROWD,M_CROWD,E_NOVEH,M_NOVEH,E_GROUPQ,M_GROUPQ,EP_POV150,MP_POV150,EP_UNEMP,MP_UNEMP,EP_HBURD,MP_HBURD,EP_NOHSDP,MP_NOHSDP,EP_UNINSUR,MP_UNINSUR,EP_AGE65,MP_AGE65,EP_AGE17,MP_AGE17,EP_DISABL,MP_DISABL,EP_SNGPNT,MP_SNGPNT,EP_LIMENG,MP_LIMENG,EP_MINRTY,MP_MINRTY,EP_MUNIT,MP_MUNIT,EP_MOBILE,MP_MOBILE,EP_CROWD,MP_CROWD,EP_NOVEH,MP_NOVEH,EP_GROUPQ,MP_GROUPQ,EPL_POV150,EPL_UNEMP,EPL_HBURD,EPL_NOHSDP,EPL_UNINSUR,SPL_THEME1,RPL_THEME1,EPL_AGE65,EPL_AGE17,EPL_DISABL,EPL_SNGPNT,EPL_LIMENG,SPL_THEME2,RPL_THEME2,EPL_MINRTY,SPL_THEME3,RPL_THEME3,EPL_MUNIT,EPL_MOBILE,EPL_CROWD,EPL_NOVEH,EPL_GROUPQ,SPL_THEME4,RPL_THEME4,SPL_THEMES,RPL_THEMES,F_POV150,F_UNEMP,F_HBURD,F_NOHSDP,F_UNINSUR,F_THEME1,F_AGE65,F_AGE17,F_DISABL,F_SNGPNT,F_LIMENG,F_THEME2,F_MINRTY,F_THEME3,F_MUNIT,F_MOBILE,F_CROWD,F_NOVEH,F_GROUPQ,F_THEME4,F_TOTAL,E_DAYPOP,E_NOINT,M_NOINT,E_AFAM,M_AFAM,E_HISP,M_HISP,E_ASIAN,M_ASIAN,E_AIAN,M_AIAN,E_NHPI,M_NHPI,E_TWOMORE,M_TWOMORE,E_OTHERRACE,M_OTHERRACE,EP_NOINT,MP_NOINT,EP_AFAM,MP_AFAM,EP_HISP,MP_HISP,EP_ASIAN,MP_ASIAN,EP_AIAN,MP_AIAN,EP_NHPI,MP_NHPI,EP_TWOMORE,MP_TWOMORE,EP_OTHERRACE,MP_OTHERRACE,GRASP_ID,Shape__Area,Shape__Length
35,New Mexico,NM,35001,Bernalillo County,35001000107,Census Tract 1.07; Bernalillo County; New Mexico,1.224330986408,2535,284,1299,199,1204,212,549,304,33,35,410,206,0,13,172,118,770,200,376,105,338,107,23,31,0,52,752,394,233,190,0,13,0,18,99,69,6,3,21.7,11.7,2.8,2.9,34.1,16.0,0.0,2.0,6.8,4.7,30.4,6.5,14.8,3.9,13.3,4.3,1.9,2.6,0.0,2.1,29.7,15.2,17.9,14.4,0.0,3.0,0.0,1.5,8.2,5.7,0.2,0.1,0.5783,0.2701,0.7545,0.0,0.4992,2.1021,0.3849,0.9405,0.151,0.5405,0.1812,0.0,1.8132,0.1449,0.4632,0.4632,0.4632,0.7594,0.0,0.0,0.6867,0.4424,1.8885,0.3341,6.267,0.2825,0,0,0,0,0,0,1,0,0,0,0,1,0,0,0,0,0,0,0,0,1,1128,128,74,0,13,638,200,40,34,25,30,0,13,36,37,13,24,10.6,6.1,0.0,1.6,25.2,7.2,1.6,1.4,1.0,1.2,0.0,1.6,1.4,1.5,0.5,0.9,48929,0.00031657272700000007,0.07623530417454143
35,New Mexico,NM,35001,Bernalillo County,35001000108,Census Tract 1.08; Bernalillo County; New Mexico,0.50092487378,2539,380,1341,363,1303,365,524,377,30,29,554,380,118,71,145,110,485,57,444,108,285,105,63,46,18,53,835,548,155,81,0,13,0,18,90,58,30,5,21.2,14.9,2.6,2.5,42.5,26.6,6.0,3.8,5.9,4.5,19.1,3.5,17.5,4.0,11.5,4.4,4.9,3.3,0.7,2.2,32.9,21.0,11.5,5.2,0.0,2.9,0.0,1.4,6.9,4.9,1.2,0.1,0.5659,0.2441,0.8837,0.3546,0.4371,2.4854,0.5011,0.6468,0.2556,0.4186,0.4881,0.3984,2.2075,0.3329,0.5003,0.5003,0.5003,0.6679,0.0,0.0,0.6286,0.7124,2.0089,0.3829,7.2021,0.4279,0,0,0,0,0,0,0,0,0,0,0,0,0,0,0,0,0,0,0,0,0,3296,189,81,25,24,595,173,86,83,52,65,0,13,69,73,8,13,14.5,7.2,1.0,1.0,23.4,6.7,3.4,3.3,2.0,2.6,0.0,1.6,2.7,2.8,0.3,0.5,48930,0.00012826863100000004,0.05008346699773887
35,New Mexico,NM,35001,Bernalillo County,35001000109,Census Tract 1.09; Bernalillo County; New Mexico,0.493726388092,2383,363,1107,252,1042,255,388,264,48,30,175,66,109,67,123,72,651,218,484,129,419,241,51,43,0,52,1134,440,0,18,0,13,21,29,214,236,32,9,16.8,11.1,4.4,2.6,16.8,4.8,6.2,3.6,5.2,3.0,27.3,7.2,20.3,4.8,17.8,8.9,4.9,3.9,0.0,2.4,47.6,17.0,0.0,1.6,0.0,3.5,2.0,2.7,20.5,18.8,1.3,0.3,0.4468,0.4757,0.2308,0.3674,0.3848,1.9055,0.3256,0.9058,0.4162,0.781,0.4881,0.0,2.5911,0.5699,0.6406,0.6406,0.6406,0.0,0.0,0.532,0.9034,0.7228,2.1582,0.4459,7.2954,0.4429,0,0,0,0,0,0,1,0,0,0,0,1,0,0,0,0,0,1,0,1,2,2576,203,227,76,50,857,374,19,21,114,127,0,13,63,66,5,7,19.5,18.3,3.2,2.2,36.0,12.2,0.8,0.9,4.8,5.2,0.0,1.7,2.6,2.6,0.2,0.3,48931,0.00012643670150000002,0.04959517311437664
35,New Mexico,NM,35001,Bernalillo County,35001000110,Census Tract 1.10; Bernalillo County; New Mexico,0.499471585852,3811,450,2029,316,1949,336,920,308,107,74,675,212,49,44,480,266,669,285,642,121,641,313,206,106,16,56,1663,597,811,331,0,13,0,18,135,93,3,8,24.2,7.6,4.8,3.2,34.6,9.1,1.7,1.6,12.7,6.8,17.6,6.4,16.8,3.0,17.0,7.3,10.6,5.1,0.4,1.5,43.6,14.8,39.9,15.1,0.0,1.9,0.0,0.9,6.9,4.7,0.1,0.2,0.6372,0.5216,0.7643,0.0783,0.7749,2.7763,0.5919,0.5683,0.2234,0.7466,0.8239,0.3184,2.6806,0.6258,0.6067,0.6067,0.6067,0.9056,0.0,0.0,0.6286,0.3692,1.9034,0.3401,7.967,0.5522,0,0,0,0,0,0,0,0,0,0,0,0,0,0,1,0,0,0,0,1,1,2476,372,270,13,22,1347,283,91,79,52,57,6,11,70,55,84,131,19.1,11.8,0.3,0.6,35.3,6.6,2.4,2.1,1.4,1.5,0.2,0.3,1.8,1.4,2.2,3.3,48932,0.00012793736450000004,0.049744302520282134
35,New Mexico,NM,35001,Bernalillo County,35001000111,Census Tract 1.11; Bernalillo County; New Mexico,0.517268957542,3182,506,1124,123,1124,123,286,173,112,80,244,94,79,43,376,442,428,46,784,231,245,79,80,52,31,59,1403,564,0,18,0,13,27,31,5,8,20,4,9.0,5.2,6.5,4.9,21.7,8.0,3.7,2.0,11.9,12.5,13.5,2.5,24.6,4.3,7.8,2.9,7.2,4.6,1.0,2.0,44.1,16.3,0.0,1.6,0.0,3.5,2.4,2.7,0.4,0.7,0.6,0.1,0.1981,0.6825,0.4095,0.2039,0.7478,2.2418,0.4262,0.3423,0.6858,0.1642,0.665,0.4592,2.3165,0.3984,0.611,0.611,0.611,0.0,0.0,0.5801,0.0757,0.6146,1.2704,0.1376,6.4397,0.3084,0,0,0,0,0,0,0,0,0,0,0,0,0,0,0,0,0,0,0,0,0,2772,40,32,47,43,1124,460,68,77,16,24,0,13,148,89,0,13,3.6,2.8,1.5,1.3,35.3,9.6,2.1,2.5,0.5,0.8,0.0,1.2,4.7,2.9,0.0,1.2,48933,0.00013255209000000002,0.05127163104288006
35,New Mexico,NM,35001,Bernalillo County,35001000112,Census Tract 1.12; Bernalillo County; New Mexico,0.847834431964,1935,313,940,79,831,91,112,50,89,67,90,32,38,20,29,20,516,58,272,154,225,51,22,19,20,54,601,419,6,15,9,13,39,65,12,13,15,3,5.8,2.4,8.2,5.6,10.8,3.7,2.3,1.3,1.5,1.1,26.7,4.4,14.1,6.4,11.7,3.4,2.7,2.3,1.1,2.9,31.1,21.1,0.6,1.6,1.0,1.4,4.7,7.8,1.4,1.6,0.8,0.1,0.0956,0.7925,0.0655,0.1139,0.0777,1.1452,0.1235,0.896,0.1316,0.4323,0.2641,0.4774,2.2014,0.3297,0.4799,0.4799,0.4799,0.2912,0.5447,0.7608,0.1834,0.6574,2.4375,0.5693,6.264,0.2822,0,0,0,0,0,0,0,0,0,0,0,0,0,0,0,0,0,0,0,0,0,617,61,29,45,66,392,144,116,102,0,13,0,13,38,25,10,12,7.3,3.5,2.3,3.2,20.3,6.9,6.0,5.5,0.0,2.0,0.0,2.0,2.0,1.2,0.5,0.7,48934,0.00021801541650000005,0.07135934152771761
35,New Mexico,NM,35001,Bernalillo County,35001000113,Census Tract 1.13; Bernalillo County; New Mexico,0.514026472946,3279,469,1530,230,1520,230,646,237,111,57,363,112,133,81,168,155,480,71,654,164,354,175,98,52,0,52,1779,585,55,52,0,13,42,39,41,30,0,13,19.8,6.7,6.4,3.4,23.9,6.4,5.5,3.3,5.2,4.4,14.6,3.1,19.9,4.1,10.9,4.8,6.4,3.3,0.0,1.7,54.3,16.1,3.6,3.4,0.0,2.6,2.8,2.5,2.7,2.0,0.0,0.4,0.5302,0.6748,0.4863,0.3231,0.3848,2.3992,0.4748,0.402,0.3904,0.3753,0.6102,0.0,1.7779,0.1336,0.6906,0.6906,0.6906,0.4686,0.0,0.6221,0.3229,0.0,1.4136,0.1736,6.2813,0.2846,0,0,0,0,0,0,0,0,0,0,0,0,0,0,0,0,0,0,0,0,0,1393,197,85,321,228,1062,275,36,48,161,152,0,13,161,118,38,62,13.0,6.0,9.8,6.7,32.4,7.4,1.1,1.4,4.9,4.6,0.0,1.2,4.9,3.6,1.2,1.9,48935,0.00013253445100000003,0.05010944737560249
35,New Mexico,NM,35001,Bernalillo County,35001000114,Census Tract 1.14; Bernalillo County; New Mexico,0.500286261072,2835,501,1313,116,1239,120,743,206,144,120,415,126,130,71,204,98,536,144,483,177,627,171,116,76,18,57,1783,533,19,33,0,13,0,18,73,59,16,4,26.4,5.6,10.9,8.7,33.5,9.6,6.5,3.4,7.2,3.5,18.9,5.0,17.0,5.0,22.2,6.0,9.3,6.1,0.7,2.1,62.9,15.2,1.4,2.5,0.0,3.0,0.0,1.5,5.9,4.8,0.6,0.1,0.6836,0.8937,0.7424,0.3859,0.5253,3.2309,0.7231,0.6368,0.2321,0.9076,0.7751,0.3984,2.95,0.7756,0.7483,0.7483,0.7483,0.3588,0.0,0.0,0.5759,0.6146,1.5493,0.213,8.4785,0.6303,0,0,0,0,0,0,0,0,1,0,0,1,0,0,0,0,0,0,0,0,1,2393,272,110,10,13,1430,379,33,35,195,259,0,13,115,97,0,13,22.0,8.5,0.4,0.4,50.4,9.0,1.2,1.3,6.9,8.4,0.0,1.4,4.1,3.4,0.0,1.4,48936,0.00012833488400000004,0.04976466303107887
35,New Mexico,NM,35001,Bernalillo County,35001000115,Census Tract 1.15; Bernalillo County; New Mexico,0.503652298308,3404,499,1772,281,1702,302,806,363,111,87,439,246,142,95,148,83,590,134,462,178,760,260,19,25,0,52,1295,648,286,119,0,13,13,24,167,96,28,5,23.7,10.1,5.7,4.2,25.8,13.7,5.8,3.8,4.3,2.3,17.3,4.3,13.6,4.4,22.3,6.5,1.1,1.5,0.0,1.6,38.0,18.2,16.2,6.2,0.0,2.2,0.8,1.4,9.8,5.8,0.8,0.1,0.6265,0.6138,0.5465,0.3423,0.3115,2.4406,0.4874,0.5518,0.119,0.9095,0.1084,0.0,1.6887,0.1082,0.5537,0.5537,0.5537,0.7385,0.0,0.3391,0.7406,0.6574,2.4756,0.5861,7.1586,0.4212,0,0,0,0,0,0,0,0,1,0,0,1,0,0,0,0,0,0,0,0,1,1922,145,71,55,36,972,304,0,13,188,161,0,13,68,43,12,18,8.5,4.6,1.6,1.1,28.6,7.9,0.0,1.2,5.5,4.6,0.0,1.2,2.0,1.3,0.4,0.5,48937,0.00012878353500000002,0.04969897618097277
35,New Mexico,NM,35001,Bernalillo County,35001000116,Census Tract 1.16; Bernalillo County; New Mexico,0.547492249898,2907,326,1422,194,1347,186,268,118,88,68,171,78,64,47,229,181,653,93,472,123,409,150,48,44,3,51,1100,415,22,36,0,13,0,18,0,13,17,4,9.3,4.0,5.4,3.7,12.7,5.5,2.9,2.1,8.0,5.9,22.5,3.2,16.2,3.7,14.3,4.8,3.6,3.2,0.1,1.8,37.8,13.6,1.5,2.5,0.0,2.8,0.0,1.3,0.0,2.9,0.6,0.1,0.208,0.5847,0.1071,0.1518,0.5739,1.6255,0.2455,0.7911,0.1988,0.6035,0.3577,0.229,2.1801,0.3172,0.5518,0.5518,0.5518,0.3656,0.0,0.0,0.0,0.6146,0.9802,0.081,5.3376,0.1586,0,0,0,0,0,0,0,0,0,0,0,0,0,0,0,0,0,0,0,0,0,1907,157,80,78,72,787,160,9,13,168,118,0,13,40,51,18,21,11.7,5.7,2.7,2.4,27.1,5.2,0.3,0.5,5.8,3.7,0.0,1.4,1.4,1.8,0.6,0.7,48938,0.00013931625250000003,0.052521183833008196
35,New Mexico,NM,35001,Bernalillo County,35001000117,Census Tract 1.17; Bernalillo County; New Mexico,0.49522407775,2199,250,1111,183,1068,186,456,141,87,108,260,71,34,23,81,41,653,153,326,112,417,109,66,49,28,50,722,362,40,32,0,13,0,18,28,21,14,3,20.7,6.0,7.9,9.3,24.3,5.1,2.0,1.4,3.7,1.9,29.7,6.8,14.8,4.7,19.0,4.7,6.1,4.5,1.3,2.3,32.8,16.0,3.6,2.8,0.0,3.5,0.0,1.7,2.6,2.0,0.6,0.1,0.5538,0.7764,0.4992,0.0954,0.26,2.1848,0.4093,0.9344,0.151,0.8252,0.5886,0.5089,3.0081,0.8032,0.4994,0.4994,0.4994,0.4686,0.0,0.0,0.312,0.6146,1.3952,0.1686,7.0875,0.4098,0,0,0,0,0,0,1,0,0,0,0,1,0,0,0,0,0,0,0,0,1,2079,74,39,5,8,530,140,117,66,44,34,0,13,26,28,0,13,6.9,4.0,0.2,0.4,24.1,6.3,5.3,3.0,2.0,1.6,0.0,1.8,1.2,1.3,0.0,1.8,48939,0.00012691993300000004,0.049728003769272895
35,New Mexico,NM,35001,Bernalillo County,35001000118,Census Tract 1.18; Bernalillo County; New Mexico,0.525867835184,2750,473,1173,101,1099,125,307,174,64,71,334,119,72,52,159,131,477,165,745,221,309,124,99,77,0,52,1199,589,370,133,0,13,13,22,79,66,27,5,11.3,6.1,4.3,4.2,30.4,10.3,4.3,3.0,5.8,4.5,17.3,7.1,27.1,4.5,11.2,5.2,9.0,6.9,0.0,2.1,43.6,20.1,31.6,11.0,0.0,3.3,1.2,2.0,7.2,6.1,1.0,0.1,0.2735,0.4642,0.6738,0.2443,0.43,2.0858,0.3795,0.5518,0.807,0.3969,0.7623,0.0,2.518,0.5246,0.6067,0.6067,0.6067,0.8691,0.0,0.4136,0.6434,0.6877,2.6138,0.6464,7.8243,0.5295,0,0,0,0,0,0,0,0,0,0,0,0,0,0,0,0,0,0,0,0,0,2861,178,108,68,60,1032,411,63,79,0,13,0,13,36,47,0,13,16.2,8.9,2.5,2.2,37.5,11.3,2.3,2.9,0.0,1.4,0.0,1.4,1.3,1.7,0.0,1.4,48940,0.00013549357000000004,0.050089127517385
35,New Mexico,NM,35001,Bernalillo County,35001000119,Census Tract 1.19; Bernalillo County; New Mexico,0.469494626572,1829,272,724,53,708,46,169,76,30,23,121,45,98,96,54,65,413,97,292,78,315,107,13,12,7,51,951,291,22,24,0,13,0,18,5,8,34,6,9.3,4.0,3.0,2.3,17.1,6.3,6.9,6.6,3.0,3.6,22.6,5.5,16.0,4.1,17.4,6.1,1.8,1.7,0.4,2.9,52.0,13.9,3.0,3.3,0.0,5.4,0.0,2.5,0.7,1.2,1.9,0.2,0.208,0.2974,0.2413,0.4096,0.1984,1.3547,0.1727,0.7948,0.1908,0.7642,0.1709,0.3184,2.2391,0.3516,0.6746,0.6746,0.6746,0.444,0.0,0.0,0.1028,0.7754,1.3222,0.1496,5.5906,0.1887,0,0,0,0,0,0,0,0,0,0,0,0,0,0,0,0,0,0,0,0,0,2926,34,21,243,242,667,120,7,10,0,13,0,13,34,22,0,13,4.8,2.9,13.3,11.6,36.5,7.0,0.4,0.5,0.0,2.2,0.0,2.2,1.9,1.3,0.0,2.2,48941,0.00011926569900000003,0.050289920359856514
35,New Mexico,NM,35001,Bernalillo County,35001000120,Census Tract 1.20; Bernalillo County; New Mexico,0.493931794356,2757,669,1153,86,1052,121,1269,696,288,261,514,153,141,80,227,144,357,65,754,459,259,101,73,56,0,52,1732,705,147,80,0,13,72,75,154,84,0,13,46.0,22.6,19.8,14.5,48.9,13.4,7.6,4.1,8.2,4.1,12.9,3.9,27.3,11.6,9.4,4.0,7.0,5.3,0.0,2.0,62.8,20.5,12.8,6.9,0.0,3.4,6.8,7.1,14.6,7.4,0.0,0.5,0.9222,0.9841,0.9417,0.4497,0.5851,3.8828,0.8835,0.3099,0.8152,0.2674,0.6522,0.0,2.0447,0.2446,0.7476,0.7476,0.7476,0.6891,0.0,0.842,0.8432,0.0,2.3743,0.5417,9.0494,0.7121,1,1,1,0,0,3,0,0,0,0,0,0,0,0,0,0,0,0,0,0,3,2433,191,111,100,99,981,616,109,99,358,298,0,13,184,107,0,13,18.2,9.7,3.6,3.9,35.6,16.9,4.0,3.7,13.0,10.0,0.0,1.4,6.7,4.2,0.0,1.4,48942,0.00012710683150000002,0.04975195671494863
35,New Mexico,NM,35001,Bernalillo County,35001000121,Census Tract 1.21; Bernalillo County; New Mexico,1.000785650448,5217,1064,2562,202,2410,228,1573,787,129,112,1093,273,312,151,437,227,1074,129,1046,525,674,220,110,91,68,108,2583,1117,960,210,85,114,9,38,256,153,135,6,31.0,14.1,5.1,4.4,45.4,10.5,8.6,3.8,8.6,4.7,20.6,4.7,20.0,7.0,13.3,4.4,4.6,3.8,1.3,2.1,49.5,18.9,37.5,7.6,3.3,4.4,0.4,1.6,10.6,6.4,2.6,0.5,0.7652,0.5535,0.9136,0.5009,0.606,3.3392,0.7535,0.7171,0.3968,0.5405,0.4598,0.5089,2.6231,0.5895,0.6556,0.6556,0.6556,0.8966,0.661,0.2644,0.763,0.8212,3.4062,0.9166,10.0241,0.832,0,0,1,0,0,1,0,0,0,0,0,0,0,0,0,0,0,0,0,0,1,6696,272,159,193,165,2102,1007,28,47,154,110,0,19,100,90,6,13,11.3,6.4,3.7,3.2,40.3,11.9,0.5,0.9,3.0,2.2,0.0,0.8,1.9,1.7,0.1,0.2,48943,0.00025626741500000004,0.06445197072691913
35,New Mexico,NM,35001,Bernalillo County,35001000122,Census Tract 1.22; Bernalillo County; New Mexico,1.017357920492,4765,917,2177,255,1963,235,860,635,121,91,578,316,215,109,219,167,773,159,1075,497,439,188,71,64,22,64,2768,1029,477,183,36,58,36,54,59,53,60,9,18.2,12.9,4.8,3.6,29.4,15.7,6.7,3.3,4.7,3.5,16.2,4.4,22.6,7.0,9.4,3.3,3.6,3.2,0.5,1.5,58.1,18.5,21.9,8.0,1.7,2.6,1.8,2.7,3.0,2.8,1.3,0.3,0.4874,0.5216,0.6486,0.3981,0.3441,2.3998,0.4749,0.4907,0.5634,0.2674,0.3577,0.3495,2.0287,0.2365,0.717,0.717,0.717,0.8007,0.5935,0.5056,0.3532,0.7228,2.9758,0.7925,8.1213,0.5766,0,0,0,0,0,0,0,0,0,0,0,0,0,0,0,0,0,0,0,0,0,6495,138,97,25,25,2545,968,72,98,0,13,0,13,126,133,0,13,7.0,5.0,0.5,0.6,53.4,12.4,1.5,2.1,0.0,0.8,0.0,0.8,2.6,2.9,0.0,0.8,48944,0.00026044461800000005,0.06494003805587381
35,New Mexico,NM,35001,Bernalillo County,35001000123,Census Tract 1.23; Bernalillo County; New Mexico,0.972704451988,4781,740,2035,180,2003,185,769,331,117,122,450,190,181,113,193,168,814,183,989,390,1076,390,159,125,19,59,2408,1020,84,94,0,13,0,18,57,65,18,4,16.1,6.5,4.5,4.6,22.5,9.3,5.2,3.6,4.0,3.5,17.0,5.1,20.7,6.1,22.5,6.7,7.9,6.2,0.4,1.3,50.4,19.9,4.1,4.6,0.0,1.9,0.0,0.9,2.8,3.3,0.4,0.1,0.4263,0.4875,0.4385,0.3036,0.2862,1.9421,0.3363,0.5351,0.4414,0.9129,0.7076,0.3184,2.9154,0.7574,0.6623,0.6623,0.6623,0.4877,0.0,0.0,0.3337,0.5488,1.3702,0.1619,6.89,0.3779,0,0,0,0,0,0,0,0,1,0,0,1,0,0,0,0,0,0,0,0,1,3682,186,113,213,256,1846,366,121,99,2,6,0,13,226,164,0,13,9.3,5.6,4.5,5.4,38.6,8.5,2.5,2.1,0.0,0.1,0.0,0.8,4.7,3.3,0.0,0.8,48945,0.0002493312475000001,0.06279004396155773
35,New Mexico,NM,35001,Bernalillo County,35001000124,Census Tract 1.24; Bernalillo County; New Mexico,0.656047916014,3913,631,2638,453,2369,494,1464,557,191,107,1159,516,189,164,417,289,788,221,369,182,686,355,57,54,189,232,2490,780,1352,498,0,13,13,25,704,465,98,10,38.2,13.1,10.4,5.8,48.9,19.2,5.7,5.0,10.9,7.3,20.1,6.2,9.4,4.4,17.9,8.6,2.4,2.2,4.9,6.0,63.6,17.1,51.2,16.7,0.0,1.5,0.5,1.1,29.7,14.8,2.5,0.5,0.8578,0.8802,0.9417,0.336,0.7108,3.7265,0.85,0.6942,0.0541,0.785,0.232,0.7644,2.5297,0.5315,0.753,0.753,0.753,0.9369,0.0,0.2792,0.9457,0.816,2.9778,0.7932,9.987,0.8275,0,0,1,0,0,1,0,0,0,0,0,0,0,0,1,0,0,1,0,2,3,6888,668,422,247,240,2011,611,9,23,148,153,0,13,75,96,0,13,28.2,14.2,6.3,5.9,51.4,11.6,0.2,0.6,3.8,3.8,0.0,1.0,1.9,2.4,0.0,1.0,48946,0.00016738077550000003,0.0704476541179114
35,New Mexico,NM,35001,Bernalillo County,35001000125,Census Tract 1.25; Bernalillo County; New Mexico,0.94735531128,4192,714,1720,174,1694,178,159,74,113,94,218,82,82,61,208,125,931,113,651,235,343,99,0,18,78,76,1520,1021,0,18,0,13,0,18,15,16,4,2,3.8,1.6,4.7,4.4,12.9,4.6,2.5,2.0,5.0,3.1,22.2,4.8,15.5,4.2,8.2,2.6,0.0,1.1,1.9,1.8,36.3,23.6,0.0,1.0,0.0,2.3,0.0,1.1,0.9,1.0,0.1,0.0,0.044,0.5102,0.1119,0.1265,0.3691,1.1617,0.1271,0.7807,0.1734,0.1887,0.0,0.5824,1.7252,0.1183,0.5363,0.5363,0.5363,0.0,0.0,0.0,0.1264,0.3692,0.4956,0.0243,3.9188,0.0395,0,0,0,0,0,0,0,0,0,0,0,0,0,0,0,0,0,0,0,0,0,1245,13,16,27,33,908,145,382,211,42,47,0,13,101,76,60,66,0.8,0.9,0.6,0.8,21.7,4.5,9.1,5.2,1.0,1.1,0.0,0.9,2.4,1.9,1.4,1.6,48947,0.0002549606520000001,0.07093292769310008
35,New Mexico,NM,35001,Bernalillo County,35001000126,Census Tract 1.26; Bernalillo County; New Mexico,0.510119506808,2299,417,1375,233,1167,252,560,290,21,33,361,120,29,36,43,37,510,93,352,49,355,125,58,51,22,54,965,461,93,50,0,13,22,28,17,19,1,2,24.4,11.8,1.7,2.6,30.9,7.8,1.9,2.3,1.9,1.6,22.2,5.3,15.3,3.1,15.4,5.8,5.0,4.2,1.0,2.4,42.0,18.5,6.7,3.5,0.0,2.9,1.9,2.4,1.5,1.6,0.0,0.1,0.6417,0.135,0.6856,0.0894,0.1082,1.6599,0.2554,0.7807,0.1668,0.6671,0.4973,0.4592,2.5711,0.5577,0.5921,0.5921,0.5921,0.5669,0.0,0.5193,0.1949,0.0,1.2811,0.14,6.1042,0.2588,0,0,0,0,0,0,0,0,0,0,0,0,0,0,0,0,0,0,0,0,0,1885,164,88,9,14,832,380,58,52,14,17,0,13,22,27,30,29,14.1,7.6,0.4,0.6,36.2,11.3,2.5,2.3,0.6,0.7,0.0,1.7,1.0,1.2,1.3,1.2,48948,0.00012969772900000003,0.05055438485623757
35,New Mexico,NM,35001,Bernalillo County,35001000127,Census Tract 1.27; Bernalillo County; New Mexico,0.487486207568,2482,397,1133,100,1110,106,344,135,51,57,244,92,108,71,217,143,432,108,500,243,552,152,74,63,44,62,1150,454,0,18,0,13,0,18,30,33,12,4,13.9,5.0,4.0,4.3,22.0,8.0,6.0,3.9,8.8,5.5,17.4,5.2,20.1,7.1,22.3,5.9,6.7,5.6,1.8,2.5,46.3,16.7,0.0,1.6,0.0,3.5,0.0,1.6,2.7,3.0,0.5,0.1,0.3584,0.4267,0.4206,0.3546,0.6156,2.1759,0.4068,0.5575,0.4031,0.9095,0.6312,0.572,3.0733,0.8311,0.63,0.63,0.63,0.0,0.0,0.0,0.3229,0.5852,0.9081,0.0693,6.7873,0.3612,0,0,0,0,0,0,0,0,1,0,0,1,0,0,0,0,0,0,0,0,1,2442,85,65,0,13,847,273,18,36,120,122,0,13,165,208,0,13,7.7,5.9,0.0,1.6,34.1,9.0,0.7,1.4,4.8,4.8,0.0,1.6,6.6,7.5,0.0,1.6,48949,0.00012488297300000003,0.050209126835689004
35,New Mexico,NM,35001,Bernalillo County,35001000128,Census Tract 1.28; Bernalillo County; New Mexico,0.505482035686,3948,675,1389,169,1368,172,735,316,213,122,287,110,299,159,250,102,425,112,828,283,653,173,114,86,50,89,2686,790,76,70,0,13,37,29,41,35,39,6,19.1,7.7,9.1,5.6,21.0,7.6,11.2,5.4,6.3,2.7,10.8,2.8,21.0,5.1,16.5,4.3,8.3,6.2,1.3,2.4,68.0,16.3,5.5,5.0,0.0,2.8,2.7,2.1,3.0,2.6,1.0,0.2,0.5115,0.8346,0.3846,0.617,0.4654,2.8131,0.6032,0.2087,0.4596,0.7241,0.7286,0.5089,2.6299,0.5939,0.7797,0.7797,0.7797,0.5335,0.0,0.6121,0.3532,0.6877,2.1865,0.4582,8.4092,0.6195,0,0,0,0,0,0,0,0,0,0,0,0,0,0,0,0,0,0,0,0,0,2736,138,57,43,102,2054,585,28,46,406,323,0,13,155,84,0,13,10.1,4.4,1.1,2.6,52.0,10.7,0.7,1.2,10.3,7.9,0.0,1.0,3.9,2.2,0.0,1.0,48950,0.00012967928150000004,0.04927504924788302
35,New Mexico,NM,35001,Bernalillo County,35001000129,Census Tract 1.29; Bernalillo County; New Mexico,0.511405226468,4774,903,2476,345,2319,360,1576,468,91,98,744,228,219,160,530,465,1167,306,810,238,845,297,100,75,141,135,3145,1013,810,320,0,13,24,33,214,109,1,2,33.3,7.6,3.7,4.2,32.1,8.5,6.2,4.2,11.1,9.5,24.4,7.1,17.0,3.3,17.7,7.4,4.3,3.2,3.1,2.9,65.9,17.2,32.7,12.1,0.0,1.6,1.1,1.4,9.2,4.6,0.0,0.0,0.799,0.3898,0.7129,0.3674,0.7187,2.9878,0.6548,0.8476,0.2321,0.777,0.4295,0.6797,2.9659,0.783,0.7671,0.7671,0.7671,0.8745,0.0,0.3967,0.7215,0.0,1.9927,0.3768,8.7135,0.6647,0,0,0,0,0,0,0,0,0,0,0,0,0,0,0,0,0,0,0,0,0,1978,158,104,59,71,2063,591,124,136,734,462,0,13,123,122,42,68,6.8,4.6,1.2,1.5,43.2,10.4,2.6,2.8,15.4,8.7,0.0,0.8,2.6,2.4,0.9,1.4,48951,0.00013154449350000005,0.05144463796645573
35,New Mexico,NM,35001,Bernalillo County,35001000203,Census Tract 2.03; Bernalillo County; New Mexico,0.455495340256,2032,339,1028,104,965,119,731,250,218,208,421,104,41,33,129,63,267,93,373,184,434,135,38,27,0,52,1134,405,572,107,0,13,33,49,147,89,2,4,36.0,10.7,18.8,15.3,43.6,9.3,2.9,2.3,6.4,3.2,13.1,5.3,18.4,7.3,21.4,7.1,4.0,2.8,0.0,2.6,55.8,17.6,55.6,8.8,0.0,3.8,3.4,5.1,15.2,8.5,0.1,0.2,0.8334,0.9807,0.8959,0.1518,0.4725,3.3343,0.7521,0.3205,0.3022,0.8909,0.3995,0.0,1.9131,0.1837,0.7011,0.7011,0.7011,0.9461,0.0,0.6761,0.8515,0.3692,2.8429,0.7426,8.7914,0.6763,0,1,0,0,0,1,0,0,0,0,0,0,0,0,1,0,0,0,0,1,2,3858,81,55,213,209,619,147,33,33,57,54,0,13,109,74,103,163,8.4,5.5,10.5,10.0,30.5,7.3,1.6,1.7,2.8,2.7,0.0,1.9,5.4,3.5,5.1,7.5,48952,0.00011762203550000003,0.0510093639565899
35,New Mexico,NM,35001,Bernalillo County,35001000204,Census Tract 2.04; Bernalillo County; New Mexico,0.52479176891,3070,559,1576,345,1494,348,596,296,72,72,379,143,93,59,66,59,791,315,468,220,835,379,93,83,0,52,1753,699,182,85,0,13,13,23,74,78,23,6,19.4,9.0,4.8,4.8,25.4,7.5,4.0,2.8,2.1,1.9,25.8,9.1,15.2,5.9,27.2,9.9,6.2,5.4,0.0,1.8,57.1,20.3,11.6,4.8,0.0,2.5,0.9,1.5,5.0,5.2,0.7,0.1,0.5195,0.5216,0.5343,0.2247,0.124,1.9241,0.3311,0.8798,0.1633,0.9693,0.5959,0.0,2.6083,0.5804,0.7104,0.7104,0.7104,0.6696,0.0,0.3604,0.5185,0.6376,2.1861,0.4581,7.4289,0.465,0,0,0,0,0,0,0,0,1,0,0,1,0,0,0,0,0,0,0,0,1,3890,122,64,107,77,1357,412,4,8,146,97,0,13,139,92,0,13,8.2,4.7,3.5,2.5,44.2,10.9,0.1,0.3,4.8,3.2,0.0,1.3,4.5,3.0,0.0,1.3,48953,0.00013416071350000003,0.05020828584600574
35,New Mexico,NM,35001,Bernalillo County,35001000205,Census Tract 2.05; Bernalillo County; New Mexico,0.469713160304,3065,362,1630,154,1435,177,1070,335,69,47,542,149,99,61,225,99,454,86,660,169,393,95,78,58,33,59,1744,466,623,139,0,13,39,39,67,40,3,2,34.9,10.1,3.8,2.5,37.8,9.3,4.9,3.0,7.3,3.1,14.8,3.1,21.5,4.2,12.8,3.4,5.4,4.0,1.2,2.1,56.9,13.6,38.2,7.7,0.0,2.4,2.7,2.7,4.7,2.7,0.1,0.1,0.8201,0.4016,0.8205,0.2838,0.5315,2.8575,0.6158,0.4133,0.4912,0.5075,0.5324,0.4936,2.438,0.4749,0.7091,0.7091,0.7091,0.8988,0.0,0.6121,0.4971,0.3692,2.3772,0.5429,8.3818,0.6153,0,0,0,0,0,0,0,0,0,0,0,0,0,0,0,0,0,0,0,0,0,2634,173,72,53,57,1380,333,71,61,198,141,0,13,23,26,19,29,12.1,5.0,1.7,1.8,45.0,8.9,2.3,2.0,6.5,4.7,0.0,1.3,0.8,0.9,0.6,1.0,48954,0.00012047725550000003,0.04946282673245106
35,New Mexico,NM,35001,Bernalillo County,35001000206,Census Tract 2.06; Bernalillo County; New Mexico,0.541235466988,3363,542,1307,245,1262,252,1056,412,217,127,372,148,157,71,423,250,490,94,657,245,348,151,45,66,28,56,1684,758,0,18,0,13,59,57,11,17,9,3,31.8,11.3,11.7,6.3,29.5,10.1,6.9,3.2,12.8,6.5,14.6,3.3,19.5,6.6,10.5,4.7,3.6,5.2,0.8,1.7,50.1,21.0,0.0,1.4,0.0,3.0,4.7,4.4,0.9,1.4,0.3,0.1,0.7774,0.9118,0.6513,0.4096,0.7781,3.5282,0.8019,0.402,0.365,0.3463,0.3577,0.4204,1.8914,0.1746,0.6602,0.6602,0.6602,0.0,0.0,0.7608,0.1264,0.5038,1.391,0.1675,7.4708,0.4717,0,1,0,0,0,1,0,0,0,0,0,0,0,0,0,0,0,0,0,0,1,1196,150,75,153,94,918,282,15,25,144,110,0,13,454,289,0,13,11.9,6.2,4.5,2.8,27.3,9.4,0.4,0.7,4.3,3.3,0.0,1.2,13.5,8.2,0.0,1.2,48955,0.00013723516350000003,0.04975837469389748
35,New Mexico,NM,35001,Bernalillo County,35001000207,Census Tract 2.07; Bernalillo County; New Mexico,0.96679747749,2665,466,1404,154,1264,181,582,234,37,35,388,136,76,43,192,97,564,82,501,170,297,85,129,67,23,61,1702,492,247,103,0,13,10,21,0,13,49,9,21.8,7.9,2.6,2.5,30.7,9.8,3.8,2.2,7.2,4.0,21.2,3.2,18.8,5.1,11.1,3.3,10.2,5.1,0.9,2.3,63.9,14.7,17.6,7.1,0.0,2.8,0.8,1.7,0.0,3.1,1.8,0.1,0.581,0.2441,0.6809,0.211,0.5253,2.2423,0.4264,0.7431,0.3249,0.3897,0.81,0.4404,2.7081,0.6424,0.7551,0.7551,0.7551,0.7559,0.0,0.3391,0.0,0.7677,1.8627,0.3238,7.5682,0.4876,0,0,0,0,0,0,0,0,0,0,0,0,0,0,0,0,0,0,0,0,0,13777,160,72,85,75,1146,305,37,38,47,41,0,13,376,245,11,19,12.7,6.0,3.2,2.5,43.0,7.6,1.4,1.4,1.8,1.6,0.0,1.5,14.1,8.2,0.4,0.7,48956,0.00024888145050000005,0.06707351033729304
35,New Mexico,NM,35001,Bernalillo County,35001000208,Census Tract 2.08; Bernalillo County; New Mexico,0.833772983226,2780,459,1414,248,1372,256,1173,392,93,45,666,228,210,98,114,93,465,114,432,90,642,203,69,51,101,139,1884,497,4,17,59,39,30,37,55,48,7,2,42.2,12.3,6.4,3.3,48.5,13.9,9.8,4.8,4.1,3.4,16.7,4.0,15.5,2.7,23.1,6.0,5.0,3.6,3.8,5.2,67.8,13.9,0.3,1.2,4.2,2.9,2.2,2.7,4.0,3.7,0.3,0.1,0.8938,0.6748,0.9388,0.5599,0.2947,3.362,0.7596,0.5181,0.1734,0.9236,0.4973,0.7178,2.8302,0.7133,0.7785,0.7785,0.7785,0.2658,0.6857,0.5567,0.4441,0.5038,2.4561,0.5776,9.4268,0.7613,0,0,1,0,0,1,0,0,1,0,0,1,0,0,0,0,0,0,0,0,2,8042,206,111,145,126,1403,467,100,136,51,90,0,13,36,41,149,228,15.0,8.0,5.2,4.4,50.5,12.9,3.6,4.7,1.8,3.2,0.0,1.4,1.3,1.5,5.4,8.2,48957,0.00021345402000000005,0.05877553681421953
35,New Mexico,NM,35001,Bernalillo County,35001000300,Census Tract 3; Bernalillo County; New Mexico,1.474930103406,6137,685,3005,327,2792,339,1512,465,107,64,814,279,89,57,201,138,1004,153,951,240,449,190,197,136,19,79,2759,762,569,200,0,19,28,47,130,97,147,11,25.3,7.2,2.9,1.7,29.2,9.3,2.2,1.4,3.3,2.2,16.4,2.9,15.5,3.2,7.5,3.2,7.0,4.8,0.3,1.3,45.0,11.4,18.9,6.3,0.0,1.3,1.0,1.7,4.7,3.4,2.4,0.3,0.6609,0.2836,0.6432,0.1077,0.2246,1.92,0.33,0.5013,0.1734,0.1469,0.6522,0.285,1.7588,0.128,0.6188,0.6188,0.6188,0.7707,0.0,0.3792,0.4971,0.81,2.457,0.5782,6.7546,0.3564,0,0,0,0,0,0,0,0,0,0,0,0,0,0,0,0,0,0,0,0,0,5587,147,98,135,88,1912,535,292,187,84,76,0,19,261,156,75,89,5.3,3.5,2.2,1.5,31.2,6.5,4.8,2.8,1.4,1.2,0.0,0.6,4.3,2.4,1.2,1.4,48958,0.0003780878500000001,0.11507534692455063
35,New Mexico,NM,35001,Bernalillo County,35001000401,Census Tract 4.01; Bernalillo County; New Mexico,0.9420178372319999,4348,845,2084,286,1898,321,980,372,87,80,623,267,71,61,145,85,618,116,866,464,332,137,100,75,109,128,2632,914,356,150,14,29,53,51,115,89,34,5,22.6,7.4,3.7,3.4,32.8,12.9,2.4,2.0,3.4,1.9,14.2,3.5,19.9,8.0,7.8,3.3,5.3,3.8,2.7,3.2,60.5,17.4,17.1,6.8,0.7,1.4,2.8,2.6,6.1,4.6,0.8,0.2,0.6004,0.3898,0.728,0.1202,0.2335,2.0719,0.3755,0.3797,0.3904,0.1642,0.5243,0.6511,2.1097,0.2777,0.733,0.733,0.733,0.7498,0.5131,0.6221,0.5876,0.6574,3.13,0.8432,8.0446,0.5643,0,0,0,0,0,0,0,0,0,0,0,0,0,0,0,0,0,0,0,0,0,6390,139,84,49,60,2041,653,302,225,98,113,0,13,142,97,0,13,7.3,4.5,1.1,1.4,46.9,8.7,6.9,5.2,2.3,2.5,0.0,0.9,3.3,2.3,0.0,0.9,48959,0.00024141797750000006,0.07090970988242086
35,New Mexico,NM,35001,Bernalillo County,35001000402,Census Tract 4.02; Bernalillo County; New Mexico,0.76191052068,3586,415,1615,119,1504,136,734,261,111,104,254,89,182,93,73,58,549,129,830,255,400,113,69,73,0,52,1645,518,54,31,0,13,21,36,40,33,31,5,20.5,6.9,5.5,4.7,16.9,5.7,7.2,3.7,2.0,1.6,15.3,3.9,23.1,5.5,11.2,3.4,4.6,4.8,0.0,1.6,45.9,13.4,3.3,1.9,0.0,2.4,1.4,2.4,2.7,2.2,0.9,0.1,0.5486,0.5943,0.2343,0.4274,0.1165,1.9211,0.3303,0.4409,0.5942,0.3969,0.4598,0.0,1.8918,0.1748,0.6267,0.6267,0.6267,0.4569,0.0,0.4461,0.3229,0.6733,1.8992,0.3384,6.3388,0.2932,0,0,0,0,0,0,0,0,0,0,0,0,0,0,0,0,0,0,0,0,0,5342,176,86,76,84,951,304,65,72,68,59,0,13,473,238,12,21,11.7,5.4,2.1,2.4,26.5,7.3,1.8,2.1,1.9,1.6,0.0,1.1,13.2,6.3,0.3,0.6,48960,0.00019556158200000005,0.06824950486946543
35,New Mexico,NM,35001,Bernalillo County,35001000501,Census Tract 5.01; Bernalillo County; New Mexico,0.497427947966,2779,480,1644,227,1494,228,1450,478,40,37,369,164,105,70,116,93,886,251,429,198,783,260,73,79,74,75,1743,516,637,188,0,13,1,13,327,150,84,11,52.5,14.8,3.4,3.1,24.7,10.3,5.0,3.2,4.2,3.5,31.9,8.0,15.4,5.9,28.2,7.4,4.8,5.2,2.8,2.8,62.7,15.1,38.7,10.1,0.0,2.4,0.1,0.9,21.9,9.4,3.0,0.7,0.9549,0.351,0.5118,0.2904,0.3028,2.4109,0.4783,0.9519,0.1701,0.9752,0.4789,0.6588,3.2349,0.891,0.7468,0.7468,0.7468,0.901,0.0,0.2396,0.9126,0.8415,2.8947,0.7625,9.2873,0.7433,1,0,0,0,0,1,1,0,1,0,0,2,0,0,1,0,0,1,0,2,5,4623,345,196,113,131,1205,321,86,70,218,168,0,13,121,94,0,13,23.1,10.9,4.1,4.5,43.4,7.0,3.1,2.5,7.8,5.4,0.0,1.4,4.4,3.3,0.0,1.4,48961,0.00012692023150000003,0.04651945896031775
35,New Mexico,NM,35001,Bernalillo County,35001000503,Census Tract 5.03; Bernalillo County; New Mexico,0.614696777916,3361,574,2051,356,2006,362,876,294,79,62,769,202,54,40,259,142,939,412,265,137,772,282,85,95,14,56,1462,755,228,83,0,13,0,18,215,128,89,5,26.7,7.6,4.0,3.2,38.3,7.3,1.9,1.5,7.9,4.2,27.9,9.3,7.9,3.7,23.6,7.3,4.2,4.7,0.4,1.7,43.5,21.2,11.1,3.6,0.0,1.9,0.0,0.9,10.7,6.6,2.6,0.5,0.69,0.4267,0.8285,0.0894,0.5677,2.6023,0.538,0.914,0.042,0.9322,0.4194,0.3184,2.626,0.5914,0.606,0.606,0.606,0.661,0.0,0.0,0.7654,0.8212,2.2476,0.4852,8.0819,0.5704,0,0,0,0,0,0,1,0,1,0,0,2,0,0,0,0,0,0,0,0,2,3616,331,126,48,43,750,267,32,50,428,269,0,13,81,61,123,183,16.5,6.5,1.4,1.3,22.3,8.1,1.0,1.5,12.7,7.6,0.0,1.2,2.4,1.9,3.7,5.3,48962,0.00015721213250000004,0.05386661114587539
35,New Mexico,NM,35001,Bernalillo County,35001000504,Census Tract 5.04; Bernalillo County; New Mexico,0.403399755702,1331,281,790,50,694,95,257,105,75,67,258,107,49,60,51,42,315,113,122,81,161,93,18,32,20,59,533,345,295,127,0,13,36,43,83,71,40,5,19.3,6.8,8.8,6.7,37.2,14.6,4.4,5.1,3.9,2.9,23.7,9.3,9.2,5.9,12.2,6.0,2.6,4.6,1.5,4.4,40.0,24.5,37.4,15.9,0.0,4.9,5.2,6.2,12.0,10.1,3.0,0.7,0.5168,0.8218,0.8107,0.2509,0.277,2.6772,0.5616,0.8293,0.0523,0.4672,0.2535,0.5368,2.1391,0.2941,0.573,0.573,0.573,0.8961,0.0,0.785,0.7969,0.8415,3.3195,0.8955,8.7088,0.6641,0,0,0,0,0,0,0,0,0,0,0,0,0,0,0,0,0,0,0,0,0,4101,82,68,35,47,353,143,19,24,75,86,0,13,42,29,9,15,11.8,9.6,2.6,3.3,26.5,8.1,1.4,1.8,5.6,6.6,0.0,3.0,3.2,2.4,0.7,1.2,48963,0.00010190369250000003,0.048860966769099616
35,New Mexico,NM,35001,Bernalillo County,35001000601,Census Tract 6.01; Bernalillo County; New Mexico,0.938964156514,4326,539,1972,190,1914,202,1225,516,132,82,747,207,226,125,779,554,890,191,864,274,694,161,85,64,48,69,2492,645,466,191,0,13,0,18,368,210,13,4,28.3,11.4,5.5,3.3,39.0,10.0,7.0,3.8,18.0,11.1,20.6,4.6,20.0,4.9,16.0,4.0,4.5,3.3,1.2,1.7,57.6,13.1,23.6,9.4,0.0,2.0,0.0,0.9,19.2,9.9,0.3,0.1,0.7197,0.5943,0.8386,0.4157,0.8934,3.4617,0.7856,0.7171,0.3968,0.6992,0.4495,0.4936,2.7562,0.6709,0.7136,0.7136,0.7136,0.815,0.0,0.0,0.8939,0.5038,2.2127,0.4701,9.1442,0.7247,0,0,0,0,0,0,0,0,0,0,0,0,0,0,0,0,0,0,0,0,0,6213,294,171,91,91,1826,450,174,195,235,204,0,13,166,92,0,13,15.4,8.1,2.1,2.1,42.2,7.3,4.0,4.5,5.4,4.8,0.0,0.9,3.8,2.1,0.0,0.9,48964,0.00024073391500000006,0.08562724517162056
35,New Mexico,NM,35001,Bernalillo County,35001000603,Census Tract 6.03; Bernalillo County; New Mexico,0.573313979454,4487,859,2223,252,1965,291,2405,661,138,83,1022,286,1025,315,966,369,339,82,1011,403,771,213,179,107,708,349,3624,905,150,85,86,65,130,88,579,237,8,4,53.6,10.6,6.2,3.9,52.0,12.4,33.1,7.3,21.6,7.8,7.6,2.3,22.5,6.4,17.2,5.9,9.1,5.3,16.5,7.5,80.8,12.9,6.7,3.7,3.9,3.0,6.6,4.4,29.5,9.7,0.2,0.1,0.9588,0.6579,0.9608,0.9555,0.9352,4.4682,0.9787,0.0926,0.5564,0.7555,0.7667,0.9403,3.1115,0.8463,0.852,0.852,0.852,0.5669,0.6781,0.836,0.9451,0.4424,3.4685,0.9298,11.9002,0.9763,1,0,1,1,1,4,0,0,0,0,1,1,0,0,0,0,0,1,0,1,6,2138,544,234,383,249,2866,800,90,77,222,180,0,13,50,49,13,23,27.7,9.7,8.5,5.4,63.9,9.3,2.0,1.7,4.9,4.2,0.0,0.9,1.1,1.2,0.3,0.5,48965,0.00014576805350000003,0.054902840905433445
35,New Mexico,NM,35001,Bernalillo County,35001000605,Census Tract 6.05; Bernalillo County; New Mexico,0.628162085166,3647,605,1898,191,1755,209,1559,499,278,208,799,174,703,206,738,409,513,117,536,235,655,245,114,92,390,166,2459,688,455,147,197,135,196,128,334,160,292,16,46.4,12.3,12.9,9.1,45.5,8.3,28.0,6.6,22.0,11.3,14.1,3.5,14.7,5.1,19.5,6.4,6.5,5.2,11.1,4.4,67.4,15.2,23.9,7.4,10.4,6.6,11.1,7.2,19.0,8.3,8.0,1.4,0.9248,0.9324,0.9146,0.9269,0.9388,4.6375,0.993,0.3743,0.1484,0.8415,0.6174,0.8921,2.8737,0.7359,0.7761,0.7761,0.7761,0.8174,0.7971,0.9238,0.8922,0.939,4.3695,0.9994,12.6568,0.9952,1,1,1,1,1,5,0,0,0,0,0,0,0,0,0,0,1,0,1,2,7,3373,351,101,106,100,1969,480,103,105,96,79,0,13,158,112,27,33,20.0,5.9,2.9,2.6,54.0,8.8,2.8,2.8,2.6,2.1,0.0,1.1,4.3,3.0,0.7,0.9,48966,0.00016133040450000004,0.0696563123963792
35,New Mexico,NM,35001,Bernalillo County,35001000704,Census Tract 7.04; Bernalillo County; New Mexico,0.971176646374,3540,574,1674,174,1518,207,821,244,102,83,549,176,188,116,430,244,669,222,370,195,879,243,51,49,124,101,2219,649,200,111,12,17,31,34,83,54,33,8,23.2,5.8,4.8,4.0,36.2,10.5,6.8,4.2,12.2,6.3,18.9,6.0,10.5,5.1,25.0,6.1,3.4,3.2,3.6,2.9,62.7,15.3,12.0,6.5,0.7,1.0,2.0,2.2,5.5,3.5,0.9,0.2,0.615,0.5216,0.7934,0.4043,0.7579,3.0922,0.6849,0.6368,0.066,0.9497,0.3371,0.7082,2.6978,0.6361,0.7468,0.7468,0.7468,0.6763,0.5131,0.532,0.5518,0.6733,2.9465,0.7823,9.4833,0.768,0,0,0,0,0,0,0,0,1,0,0,1,0,0,0,0,0,0,0,0,1,6453,418,153,67,65,1790,490,121,104,208,144,0,13,33,37,0,13,27.5,10.0,1.9,1.8,50.6,7.6,3.4,3.0,5.9,4.1,0.0,1.1,0.9,1.0,0.0,1.1,48967,0.0002482151650000001,0.0890598185534551
35,New Mexico,NM,35001,Bernalillo County,35001000711,Census Tract 7.11; Bernalillo County; New Mexico,1.192804599802,4290,497,2287,348,2214,353,621,200,92,69,599,230,52,50,500,227,995,300,670,141,684,226,77,61,0,52,1796,605,198,70,0,13,15,18,166,138,15,7,14.6,4.4,4.0,3.0,27.1,9.4,1.5,1.5,11.8,5.2,23.2,5.7,15.6,3.1,16.1,5.0,3.4,2.7,0.0,1.3,41.9,13.2,8.7,2.8,0.0,1.7,0.7,0.8,7.5,6.1,0.3,0.2,0.3813,0.4267,0.5859,0.0671,0.7442,2.2052,0.415,0.8141,0.1769,0.7042,0.3371,0.0,2.0323,0.2383,0.5911,0.5911,0.5911,0.6139,0.0,0.3188,0.6571,0.5038,2.0936,0.4175,6.9222,0.3831,0,0,0,0,0,0,0,0,0,0,0,0,0,0,0,0,0,0,0,0,0,1330,271,108,59,55,1263,335,114,85,97,96,0,13,165,108,98,147,12.2,5.2,1.4,1.3,29.4,6.5,2.7,1.9,2.3,2.2,0.0,0.9,3.8,2.4,2.3,3.3,48968,0.0003059412770000001,0.07168609292367514
35,New Mexico,NM,35001,Bernalillo County,35001000712,Census Tract 7.12; Bernalillo County; New Mexico,0.552642464476,4052,574,1934,223,1793,243,1090,357,133,93,502,141,282,173,76,53,524,168,890,255,559,168,322,160,74,68,2458,684,251,118,0,13,36,35,203,83,0,13,27.0,8.0,6.7,4.1,28.0,6.9,9.6,5.4,1.9,1.2,12.9,4.1,22.0,4.9,13.8,4.3,17.9,8.6,1.9,1.8,60.7,14.5,13.0,5.9,0.0,2.0,2.0,1.9,11.3,4.7,0.0,0.3,0.6958,0.6982,0.6114,0.5507,0.1082,2.6643,0.5576,0.3099,0.5242,0.5727,0.9556,0.5824,2.9448,0.7727,0.7343,0.7343,0.7343,0.6922,0.0,0.532,0.7809,0.0,2.0051,0.3815,8.3485,0.6103,0,0,0,0,0,0,0,0,0,1,0,1,0,0,0,0,0,0,0,0,1,1990,354,161,60,66,1722,398,219,135,238,168,0,13,219,147,0,13,19.7,8.4,1.5,1.6,42.5,6.6,5.4,3.2,5.9,4.3,0.0,1.0,5.4,3.6,0.0,1.0,48969,0.00014175140600000002,0.05014660231034388
35,New Mexico,NM,35001,Bernalillo County,35001000713,Census Tract 7.13; Bernalillo County; New Mexico,0.75400122121,5833,868,2864,316,2658,340,3026,732,349,285,1067,296,564,321,517,247,1024,481,996,381,1396,638,57,74,153,183,2951,1167,647,241,752,200,109,75,549,346,1,2,51.9,9.9,11.2,8.5,40.1,9.9,13.4,6.8,8.9,4.5,17.6,7.2,17.1,5.8,23.9,9.2,2.1,2.8,2.8,3.3,50.6,18.5,22.6,8.0,26.3,7.5,4.1,2.8,20.7,11.5,0.0,0.0,0.9523,0.9009,0.8538,0.6925,0.6208,4.0203,0.9114,0.5683,0.2368,0.936,0.2012,0.6588,2.6011,0.5761,0.6637,0.6637,0.6637,0.8069,0.9328,0.7254,0.9049,0.0,3.37,0.908,10.6551,0.8949,1,1,0,0,0,2,0,0,1,0,0,1,0,0,0,1,0,1,0,2,5,2498,435,305,322,355,2195,610,82,75,232,240,0,19,120,141,0,19,16.4,10.3,5.5,5.9,37.6,9.5,1.4,1.3,4.0,4.1,0.0,0.7,2.1,2.4,0.0,0.7,48970,0.00019681618500000004,0.06327307506674111
35,New Mexico,NM,35001,Bernalillo County,35001000714,Census Tract 7.14; Bernalillo County; New Mexico,1.251897897004,5046,1107,2185,365,2159,364,1135,612,35,38,595,310,260,173,410,341,1210,378,1226,627,766,297,16,31,279,221,3227,1231,363,173,560,361,71,68,56,60,21,4,22.6,11.1,1.7,1.9,27.6,13.6,7.4,4.4,8.4,5.9,24.0,7.5,24.3,8.4,15.6,7.4,0.7,1.4,6.0,4.6,64.0,20.0,16.6,7.4,25.6,12.7,3.3,3.1,2.6,2.8,0.4,0.1,0.6004,0.135,0.5999,0.4382,0.5961,2.3696,0.4657,0.8372,0.6685,0.6783,0.0768,0.7998,3.0606,0.8258,0.7557,0.7557,0.7557,0.7439,0.9294,0.6683,0.312,0.5488,3.2024,0.8646,9.3883,0.7566,0,0,0,0,0,0,0,0,0,0,0,0,0,0,0,1,0,0,0,1,1,4158,449,348,164,99,1552,684,682,414,758,877,0,19,44,66,27,36,20.8,13.2,3.3,2.0,30.8,12.2,13.5,7.9,15.0,15.3,0.0,0.8,0.9,1.4,0.5,0.7,48971,0.0003243199640000001,0.07990778883584057
35,New Mexico,NM,35001,Bernalillo County,35001000715,Census Tract 7.15; Bernalillo County; New Mexico,0.391989669398,2522,1255,844,243,822,242,1603,1269,0,13,476,261,407,310,649,337,232,100,1127,1032,497,354,148,228,695,464,2309,1258,0,18,808,244,157,228,160,107,0,13,63.6,39.1,0.0,4.3,57.9,26.8,36.8,20.8,25.7,9.6,9.2,7.1,44.7,21.6,19.7,7.1,18.0,27.2,30.0,14.1,91.6,20.3,0.0,2.1,95.7,4.7,19.1,27.2,19.5,12.8,0.0,0.5,0.9848,0.0,0.9828,0.9691,0.9629,3.8996,0.8872,0.1452,0.9974,0.8474,0.9565,0.9881,3.9346,0.9937,0.919,0.919,0.919,0.0,0.9998,0.9745,0.8962,0.0,2.8705,0.753,11.6237,0.9645,1,0,1,1,1,4,0,1,0,1,1,3,1,1,0,1,1,0,0,2,10,1874,252,78,35,37,2261,1270,1,3,12,21,0,13,0,13,0,13,30.7,13.1,1.4,1.8,89.7,7.3,0.0,0.1,0.5,0.9,0.0,1.6,0.0,1.6,0.0,1.6,48972,0.00010017863850000003,0.047177968338963164
35,New Mexico,NM,35001,Bernalillo County,35001000716,Census Tract 7.16; Bernalillo County; New Mexico,0.92269111552,4893,952,1834,343,1734,326,1421,627,60,74,496,176,445,247,222,158,605,139,1139,388,1106,327,236,139,307,201,4111,985,316,142,106,87,84,85,136,115,71,12,29.6,11.7,2.4,3.0,28.6,8.6,14.0,8.0,4.5,3.2,12.4,3.6,23.3,6.1,22.6,5.3,13.6,7.6,6.6,4.2,84.0,11.8,17.2,7.0,5.8,4.9,4.8,4.8,7.8,6.6,1.5,0.4,0.7427,0.2186,0.6276,0.7104,0.3281,2.6274,0.5459,0.2841,0.6069,0.9146,0.8995,0.8153,3.5204,0.9573,0.87,0.87,0.87,0.7508,0.7218,0.7656,0.6698,0.7419,3.6499,0.9611,10.6677,0.8961,0,0,0,0,0,0,0,0,1,0,0,1,0,0,0,0,0,0,0,0,1,2825,301,143,48,54,3508,1012,180,159,190,226,0,13,167,140,18,28,17.4,9.5,1.0,1.2,71.7,9.5,3.7,3.2,3.9,4.7,0.0,0.8,3.4,2.8,0.4,0.6,48973,0.00023753768600000006,0.06200161432122772
35,New Mexico,NM,35001,Bernalillo County,35001000717,Census Tract 7.17; Bernalillo County; New Mexico,0.29883097883799997,2112,643,955,147,931,144,793,268,54,55,482,184,192,190,592,592,331,160,352,179,547,147,75,72,124,186,1453,692,519,195,140,113,54,55,193,123,11,4,37.5,5.5,4.5,5.5,51.8,18.1,14.6,13.2,28.0,21.7,15.7,8.1,16.7,9.4,25.9,9.9,8.1,7.6,6.2,9.0,68.8,25.2,54.4,18.6,14.7,11.4,5.8,5.8,20.7,13.8,0.5,0.1,0.8504,0.4875,0.96,0.7272,0.9727,3.9978,0.907,0.4627,0.2188,0.9593,0.7185,0.8049,3.1642,0.8665,0.7842,0.7842,0.7842,0.944,0.8481,0.8094,0.9049,0.5852,4.0916,0.9947,12.0378,0.9813,0,0,1,0,1,2,0,0,1,0,0,1,0,0,1,0,0,1,0,2,5,1087,185,117,159,289,969,579,49,72,101,104,26,42,132,147,17,29,19.9,12.9,7.5,12.7,45.9,18.4,2.3,3.4,4.8,5.0,1.2,2.1,6.3,7.4,0.8,1.4,48974,7.689246200000002e-05,0.05130458843043201
35,New Mexico,NM,35001,Bernalillo County,35001000718,Census Tract 7.18; Bernalillo County; New Mexico,0.866537985048,4032,501,2169,224,1966,253,991,388,144,118,638,253,472,244,691,308,726,172,643,234,677,193,150,124,228,169,2650,619,153,134,354,173,22,36,8,14,0,13,24.7,9.1,5.9,4.4,32.5,12.2,14.5,7.8,17.1,6.9,18.0,4.3,15.9,5.8,16.8,5.3,7.7,6.2,6.1,4.5,65.7,13.0,7.1,6.1,16.3,8.0,1.1,1.8,0.4,0.7,0.0,0.3,0.6481,0.6328,0.7213,0.7247,0.8796,3.6065,0.821,0.5903,0.1876,0.7377,0.696,0.8022,3.0138,0.8058,0.7658,0.7658,0.7658,0.5772,0.8637,0.3967,0.0757,0.0,1.9133,0.3443,9.2994,0.7448,0,0,0,0,0,0,0,0,0,0,0,0,0,0,0,0,0,0,0,0,0,4527,349,198,70,79,2008,428,137,127,83,86,0,13,326,255,26,44,17.8,9.1,1.7,2.0,49.8,8.8,3.4,3.1,2.1,2.1,0.0,1.0,8.1,6.1,0.6,1.1,48975,0.00022171100200000005,0.06064873303530183
35,New Mexico,NM,35001,Bernalillo County,35001000719,Census Tract 7.19; Bernalillo County; New Mexico,0.640537040368,2875,524,1139,232,1069,224,81,61,132,155,124,85,91,70,88,105,285,196,765,197,352,297,44,45,0,52,1392,743,0,18,0,13,0,18,0,13,0,13,2.8,2.1,8.4,8.7,11.6,7.6,4.8,4.0,3.1,3.7,9.9,6.1,26.6,6.5,12.4,9.4,4.1,4.1,0.0,2.0,48.4,24.3,0.0,1.6,0.0,3.4,0.0,1.7,0.0,3.7,0.0,0.5,0.0249,0.803,0.0811,0.2773,0.2073,1.3936,0.1828,0.1722,0.7861,0.4813,0.4095,0.0,1.8491,0.1581,0.647,0.647,0.647,0.0,0.0,0.0,0.0,0.0,0.0,0.0,3.8897,0.0383,0,0,0,0,0,0,0,0,0,0,0,0,0,0,0,0,0,0,0,0,0,804,0,13,115,124,809,288,369,133,24,60,0,13,75,86,0,13,0.0,3.7,4.0,4.5,28.1,9.4,12.8,5.5,0.8,2.1,0.0,1.4,2.6,2.8,0.0,1.4,48976,0.00016679200800000005,0.061048939585024636
35,New Mexico,NM,35001,Bernalillo County,35001000720,Census Tract 7.20; Bernalillo County; New Mexico,5.193727501196,4014,451,2119,198,2011,225,443,199,117,159,350,166,11,18,139,133,1673,323,422,212,691,229,5,14,30,69,1246,609,0,18,25,30,5,15,57,46,0,13,11.0,4.8,7.4,9.3,17.4,8.0,0.3,0.5,3.5,3.3,41.7,7.7,10.5,4.8,17.4,5.7,0.2,0.7,0.8,1.8,31.0,14.8,0.0,0.8,1.2,1.4,0.2,0.7,2.8,2.2,0.0,0.3,0.2636,0.7468,0.2521,0.0152,0.2423,1.52,0.216,0.9828,0.066,0.7642,0.0573,0.4204,2.2907,0.3827,0.4788,0.4788,0.4788,0.0,0.5599,0.245,0.3337,0.0,1.1386,0.1095,5.4281,0.1692,0,0,0,0,0,0,1,0,0,0,0,1,0,0,0,0,0,0,0,0,1,2178,99,59,77,94,849,205,4,5,0,13,0,13,316,176,0,13,4.9,2.9,1.9,2.3,21.2,4.8,0.1,0.1,0.0,1.0,0.0,1.0,7.9,4.2,0.0,1.0,48977,0.0013414386660000003,0.22263900679026294
35,New Mexico,NM,35001,Bernalillo County,35001000904,Census Tract 9.04; Bernalillo County; New Mexico,0.64966873877,4302,624,1934,231,1750,222,1956,525,190,117,675,205,488,235,552,263,564,146,966,232,477,175,130,92,325,224,2937,711,109,67,6,10,66,60,332,142,71,12,45.5,10.3,8.4,4.6,38.6,10.6,17.4,7.0,12.9,5.2,13.1,3.3,22.5,4.1,11.2,4.1,7.5,5.2,7.8,5.3,68.3,13.2,5.6,3.4,0.3,0.5,3.8,3.4,19.0,7.1,1.7,0.1,0.9189,0.803,0.833,0.7934,0.781,4.1293,0.9316,0.3205,0.5564,0.3969,0.6844,0.8421,2.8003,0.6963,0.7813,0.7813,0.7813,0.5366,0.4688,0.7057,0.8922,0.7595,3.3628,0.9064,11.0737,0.9301,1,0,0,0,0,1,0,0,0,0,0,0,0,0,0,0,0,0,0,0,1,2723,261,126,205,215,2253,559,229,229,13,28,16,17,221,145,0,13,14.9,7.0,4.8,5.2,52.4,8.7,5.3,5.3,0.3,0.6,0.4,0.4,5.1,3.3,0.0,0.9,48978,0.00016576921450000006,0.05563988394848058
35,New Mexico,NM,35001,Bernalillo County,35001000905,Census Tract 9.05; Bernalillo County; New Mexico,0.250117261702,1682,290,860,60,849,65,867,320,90,68,381,139,162,104,331,162,182,67,290,190,386,141,87,73,0,52,1111,321,40,41,5,9,0,18,114,94,4,2,52.9,17.5,11.1,8.5,44.9,16.0,12.8,7.9,19.7,10.0,10.8,4.9,17.2,9.1,22.9,6.6,10.2,8.6,0.0,3.5,66.1,15.3,4.7,4.8,0.6,1.1,0.0,2.1,13.4,10.9,0.2,0.1,0.9564,0.8987,0.909,0.6741,0.9165,4.3547,0.966,0.2087,0.2415,0.9204,0.81,0.0,2.1806,0.3175,0.7684,0.7684,0.7684,0.5089,0.4993,0.0,0.8237,0.4424,2.2743,0.4969,9.578,0.78,1,0,1,0,1,3,0,0,1,0,0,1,0,0,0,0,0,0,0,0,4,658,111,76,115,88,715,188,36,43,185,185,0,13,49,50,11,19,13.1,8.9,6.8,4.9,42.5,7.7,2.1,2.5,11.0,10.4,0.0,2.3,2.9,2.9,0.7,1.2,48979,6.410857650000002e-05,0.032159518623903476
35,New Mexico,NM,35001,Bernalillo County,35001000906,Census Tract 9.06; Bernalillo County; New Mexico,0.566356807516,3279,630,2529,294,2208,336,2071,606,275,118,1297,404,398,206,338,185,549,235,551,380,971,276,273,188,121,160,1814,758,2146,367,0,13,82,100,722,248,66,12,63.4,13.9,16.6,7.3,58.7,16.0,16.2,8.5,10.4,6.2,16.7,8.0,16.8,9.5,30.0,8.8,12.4,8.3,3.9,5.1,55.3,20.5,84.8,10.6,0.0,1.6,3.7,4.5,32.7,11.0,2.0,0.5,0.9845,0.9703,0.9847,0.7672,0.6903,4.397,0.9708,0.5181,0.2234,0.9834,0.8746,0.7227,3.3222,0.9159,0.6977,0.6977,0.6977,0.9832,0.0,0.6985,0.9535,0.7829,3.4181,0.9195,11.835,0.9739,1,1,1,0,0,3,0,0,1,0,0,1,0,0,1,0,0,1,0,2,6,3602,432,177,121,96,1404,506,2,4,202,230,0,13,85,106,0,13,19.6,8.0,3.7,2.8,42.8,12.2,0.1,0.1,6.2,6.6,0.0,1.2,2.6,3.2,0.0,1.2,48980,0.00014536985550000003,0.06070761722617892
35,New Mexico,NM,35001,Bernalillo County,35001000907,Census Tract 9.07; Bernalillo County; New Mexico,0.253853184654,2548,688,1134,236,966,247,1747,741,5,9,454,171,473,189,542,299,383,191,652,266,699,275,105,89,265,257,2110,731,320,209,135,87,72,80,113,80,0,13,68.6,22.4,0.6,1.1,47.0,13.0,31.7,13.2,21.3,9.4,15.0,8.5,25.6,6.9,27.4,8.8,10.9,8.8,11.0,10.2,82.8,18.0,28.2,17.5,11.9,8.5,7.5,8.1,11.7,8.9,0.0,0.5,0.9911,0.0427,0.9276,0.9491,0.9328,3.8433,0.875,0.4245,0.7391,0.9707,0.8334,0.8909,3.8586,0.9903,0.863,0.863,0.863,0.8489,0.8169,0.8615,0.7902,0.0,3.3175,0.8949,11.8824,0.9756,1,0,1,1,1,4,0,0,1,0,0,1,0,0,0,0,0,0,0,0,5,752,242,140,0,13,1787,573,0,13,38,41,0,13,181,211,104,122,25.1,14.3,0.0,1.6,70.1,12.6,0.0,1.6,1.5,1.6,0.0,1.6,7.1,7.4,4.1,4.2,48981,6.496409800000001e-05,0.032348624078800986
35,New Mexico,NM,35001,Bernalillo County,35001000908,Census Tract 9.08; Bernalillo County; New Mexico,0.36016173713,5015,1343,2036,169,1534,198,3561,1320,198,175,970,252,917,250,646,366,352,124,1907,940,1212,417,370,183,615,330,4671,1351,789,251,0,19,185,103,274,147,90,6,71.0,18.2,10.3,7.6,63.2,14.3,37.6,7.5,12.9,8.1,7.0,3.1,38.0,9.8,24.2,7.3,24.1,11.5,13.9,6.8,93.1,10.2,38.8,11.9,0.0,1.9,12.1,6.5,17.9,9.6,1.8,0.5,0.9933,0.8771,0.9923,0.9715,0.781,4.6152,0.9916,0.0761,0.9873,0.9401,0.9859,0.921,3.9104,0.9927,0.9304,0.9304,0.9304,0.9014,0.0,0.9347,0.8826,0.7677,3.4864,0.9335,12.9424,0.998,1,0,1,1,0,3,0,1,1,1,1,4,1,1,1,0,1,0,0,2,10,2085,278,138,169,142,4083,1281,90,83,99,122,0,19,230,331,0,19,18.1,8.8,3.4,3.1,81.4,8.7,1.8,1.7,2.0,2.4,0.0,0.8,4.6,6.5,0.0,0.8,48982,9.078152350000002e-05,0.04492666987593321
35,New Mexico,NM,35001,Bernalillo County,35001001101,Census Tract 11.01; Bernalillo County; New Mexico,0.90755784763,3958,765,2288,158,2147,177,854,689,104,80,388,145,94,80,70,66,906,168,698,592,396,151,195,133,18,59,1777,851,117,112,0,13,0,18,85,75,0,13,21.7,17.0,4.8,3.7,18.1,6.6,2.9,2.4,1.8,1.7,22.9,5.7,17.6,12.1,10.1,4.5,9.1,6.1,0.5,1.5,44.9,19.7,5.1,4.9,0.0,1.7,0.0,0.8,4.0,3.4,0.0,0.3,0.5783,0.5216,0.2777,0.1518,0.1009,1.6303,0.2471,0.8046,0.2606,0.3175,0.7667,0.3495,2.4989,0.5134,0.618,0.618,0.618,0.5217,0.0,0.0,0.4441,0.0,0.9658,0.0785,5.713,0.2046,0,0,0,0,0,0,0,0,0,0,0,0,0,0,0,0,0,0,0,0,0,2015,197,134,89,74,1422,711,115,111,7,13,0,13,106,123,38,61,9.2,6.0,2.2,2.0,35.9,12.7,2.9,2.9,0.2,0.3,0.0,1.0,2.7,3.0,1.0,1.6,48983,0.00023407142950000005,0.07656678728181521
35,New Mexico,NM,35001,Bernalillo County,35001001102,Census Tract 11.02; Bernalillo County; New Mexico,0.525824205658,2725,514,1577,346,1430,370,708,276,98,78,544,338,182,131,87,70,575,259,458,150,403,141,103,94,137,119,1407,661,131,78,0,13,44,47,158,82,0,13,26.0,8.9,8.7,6.8,38.0,21.5,8.9,6.4,3.2,2.7,21.1,7.7,16.8,5.4,14.8,4.9,7.2,6.3,5.0,4.3,51.6,22.2,8.3,4.6,0.0,2.5,3.1,3.2,11.0,6.7,0.0,0.5,0.6755,0.8177,0.8238,0.5168,0.2162,3.05,0.6731,0.7391,0.2234,0.6342,0.665,0.7677,3.0294,0.8126,0.6716,0.6716,0.6716,0.6052,0.0,0.6505,0.7735,0.0,2.0292,0.3908,8.7802,0.6747,0,0,0,0,0,0,0,0,0,0,0,0,0,0,0,0,0,0,0,0,0,1639,178,76,38,49,1133,425,21,33,140,104,0,13,56,53,19,31,12.4,6.1,1.4,1.8,41.6,12.6,0.8,1.2,5.1,3.9,0.0,1.5,2.1,2.0,0.7,1.2,48984,0.00013507499850000002,0.04840317687597031
35,New Mexico,NM,35001,Bernalillo County,35001001201,Census Tract 12.01; Bernalillo County; New Mexico,0.6474737489,3994,733,1999,211,1771,224,2005,799,194,128,630,263,221,144,458,312,317,64,779,500,544,199,80,87,232,192,2388,882,539,246,128,130,78,79,243,162,1,2,50.2,17.8,9.0,5.5,35.6,14.2,8.8,5.0,11.5,7.3,7.9,2.1,19.5,10.0,13.7,4.6,4.5,4.9,6.3,5.1,59.8,19.2,27.0,12.0,6.4,6.2,4.4,4.4,13.7,8.5,0.0,0.1,0.9445,0.8303,0.7821,0.5114,0.7332,3.8015,0.8663,0.1016,0.365,0.5663,0.4495,0.8075,2.2899,0.3822,0.7282,0.7282,0.7282,0.8404,0.7336,0.7439,0.8292,0.0,3.1471,0.8481,9.9667,0.8251,1,0,0,0,0,1,0,0,0,0,0,0,0,0,0,0,0,0,0,0,1,3123,421,227,206,270,1875,637,154,181,81,79,0,13,59,90,13,23,23.8,11.9,5.2,6.4,46.9,12.0,3.9,4.5,2.0,1.9,0.0,1.0,1.5,2.0,0.3,0.6,48985,0.00016596324500000003,0.05171159819662518
35,New Mexico,NM,35001,Bernalillo County,35001001202,Census Tract 12.02; Bernalillo County; New Mexico,3.940086739764,2934,574,1347,225,1270,239,1262,461,20,41,435,177,426,305,566,312,411,289,460,198,583,208,113,90,281,285,2302,665,289,144,224,129,62,74,12,20,111,12,44.7,13.6,1.1,2.3,34.3,12.4,23.2,14.2,19.3,9.6,14.0,8.8,15.7,5.4,19.9,6.9,8.9,6.9,9.9,9.8,78.5,16.7,21.4,10.1,16.6,9.6,4.9,5.8,0.9,1.7,3.8,0.8,0.9133,0.0773,0.7586,0.8841,0.9119,3.5452,0.8059,0.3684,0.1802,0.8531,0.7577,0.8766,3.036,0.8154,0.8391,0.8391,0.8391,0.7962,0.8662,0.7706,0.1264,0.8728,3.4322,0.9221,10.8525,0.9123,1,0,0,0,1,2,0,0,0,0,0,0,0,0,0,0,0,0,0,0,2,19771,145,90,195,173,1927,527,93,88,48,74,0,13,39,57,0,13,11.4,7.6,6.6,6.1,65.7,9.6,3.2,3.4,1.6,2.5,0.0,1.4,1.3,1.9,0.0,1.4,48986,0.0010059796005000004,0.17204813515346076
35,New Mexico,NM,35001,Bernalillo County,35001001300,Census Tract 13; Bernalillo County; New Mexico,1.116157947374,4089,867,1585,280,1495,284,1799,674,207,161,476,164,907,273,345,165,543,183,867,387,625,220,252,136,471,206,3699,901,0,18,15,20,86,61,136,70,29,7,44.0,13.6,10.2,7.3,31.8,9.2,30.9,9.2,8.4,4.0,13.3,5.3,21.2,6.9,15.3,6.0,16.9,8.5,12.0,4.6,90.5,10.8,0.0,1.1,0.9,1.3,5.7,3.9,9.1,4.9,0.7,0.1,0.9086,0.8743,0.7066,0.9452,0.5961,4.0308,0.9134,0.3315,0.4722,0.6619,0.9463,0.9027,3.3146,0.9134,0.9112,0.9112,0.9112,0.0,0.5353,0.8057,0.7183,0.6376,2.6969,0.6829,10.9535,0.9204,1,0,0,1,0,2,0,0,0,1,1,2,1,1,0,0,0,0,0,0,5,3395,570,169,166,119,3091,809,0,13,198,147,0,13,225,228,19,32,38.1,9.3,4.1,2.9,75.6,11.6,0.0,1.0,4.8,3.6,0.0,1.0,5.5,5.3,0.5,0.8,48987,0.0002856661065000001,0.07032061286589719
35,New Mexico,NM,35001,Bernalillo County,35001001400,Census Tract 14; Bernalillo County; New Mexico,0.475964923888,2134,653,956,116,838,117,912,346,120,151,309,139,321,118,129,82,355,113,354,345,440,123,58,55,46,66,1695,672,97,94,9,13,22,23,120,69,199,27,42.7,9.6,11.5,12.1,36.9,15.8,20.0,8.2,6.0,4.5,16.6,8.0,16.6,12.2,20.6,7.9,6.9,6.5,2.3,3.3,79.4,20.0,10.1,9.8,0.9,1.4,2.7,2.7,14.3,7.6,9.3,3.1,0.8979,0.908,0.8055,0.8395,0.4443,3.8952,0.8862,0.5127,0.2151,0.8714,0.6455,0.6196,2.8643,0.7308,0.8439,0.8439,0.8439,0.6425,0.5353,0.6121,0.8388,0.9466,3.5753,0.9496,11.1787,0.9374,0,1,0,0,0,1,0,0,0,0,0,0,0,0,0,0,0,0,1,1,2,1703,255,96,66,61,1492,648,0,13,40,51,0,13,97,77,0,13,30.4,11.5,3.1,3.0,69.9,11.4,0.0,1.9,1.9,2.6,0.0,1.9,4.5,4.0,0.0,1.9,48988,0.00013555426650000004,0.055076437381473387
35,New Mexico,NM,35001,Bernalillo County,35001001500,Census Tract 15; Bernalillo County; New Mexico,0.575707811854,2874,399,1601,178,1512,185,1045,308,105,81,602,197,389,199,468,269,321,132,641,217,448,171,197,91,218,190,1951,462,356,123,0,13,53,73,258,134,9,2,36.8,9.6,6.6,5.0,39.8,12.1,18.9,9.4,16.3,9.1,11.2,4.4,22.3,5.7,15.6,5.9,13.0,5.8,8.1,7.0,67.9,13.0,22.3,7.3,0.0,2.5,3.5,4.8,17.1,8.0,0.3,0.1,0.8425,0.6898,0.8498,0.8216,0.8649,4.0686,0.9212,0.2259,0.5437,0.6783,0.8875,0.8477,3.1831,0.8735,0.779,0.779,0.779,0.8043,0.0,0.6838,0.8742,0.5038,2.8661,0.7512,10.8968,0.9162,0,0,0,0,0,0,0,0,0,0,0,0,0,0,0,0,0,0,0,0,0,2894,286,130,62,73,1746,454,19,21,84,67,0,13,40,50,0,13,18.9,7.7,2.2,2.6,60.8,10.9,0.7,0.7,2.9,2.3,0.0,1.4,1.4,1.8,0.0,1.4,48989,0.00014749219200000004,0.054075432234214925
35,New Mexico,NM,35001,Bernalillo County,35001001701,Census Tract 17.01; Bernalillo County; New Mexico,0.47829929658,1883,381,1183,184,959,194,275,141,19,20,253,103,39,58,90,78,564,311,223,75,108,67,58,61,0,52,200,533,18,30,0,13,0,18,8,14,0,13,14.6,6.9,1.8,1.9,26.4,9.3,2.5,3.8,4.8,4.1,30.0,12.4,11.8,4.0,5.7,3.5,6.0,6.2,0.0,2.8,10.6,28.2,1.5,2.5,0.0,3.3,0.0,1.9,0.8,1.5,0.0,0.7,0.3813,0.1463,0.5652,0.1265,0.3531,1.5724,0.231,0.9372,0.0838,0.0655,0.5809,0.0,1.6674,0.1028,0.1731,0.1731,0.1731,0.3656,0.0,0.0,0.1148,0.0,0.4804,0.0235,3.8933,0.0385,0,0,0,0,0,0,1,0,0,0,0,1,0,0,0,0,0,0,0,0,1,3535,49,42,0,13,113,84,36,33,0,13,0,13,0,13,51,81,5.1,4.3,0.0,2.1,6.0,4.6,1.9,1.7,0.0,2.1,0.0,2.1,0.0,2.1,2.7,4.3,48990,0.00012276231900000003,0.04535495266078156
35,New Mexico,NM,35001,Bernalillo County,35001001702,Census Tract 17.02; Bernalillo County; New Mexico,0.315249194184,2666,441,1872,199,1572,221,1188,346,72,42,792,249,71,69,354,204,121,83,164,59,362,176,29,32,44,76,1618,488,531,196,0,13,46,31,296,186,0,13,45.0,10.6,3.6,2.1,50.4,14.2,3.5,3.5,13.3,7.0,4.5,3.2,6.2,2.3,13.6,6.5,1.9,2.0,1.7,2.9,60.7,15.3,28.3,10.0,0.0,2.1,2.9,1.9,18.8,10.1,0.0,0.5,0.9155,0.3773,0.9517,0.1908,0.7932,3.2285,0.7225,0.0305,0.031,0.5602,0.1812,0.561,1.3639,0.0488,0.7343,0.7343,0.7343,0.8495,0.0,0.6321,0.8904,0.0,2.372,0.5408,7.6987,0.509,1,0,1,0,0,2,0,0,0,0,0,0,0,0,0,0,0,0,0,0,2,1900,172,91,8,14,1041,325,7,12,380,253,0,13,182,132,0,13,10.9,5.7,0.3,0.6,39.0,9.3,0.3,0.5,14.3,8.8,0.0,1.5,6.8,4.5,0.0,1.5,48991,7.998564600000002e-05,0.037010945377463016
35,New Mexico,NM,35001,Bernalillo County,35001001800,Census Tract 18; Bernalillo County; New Mexico,0.774228332786,2197,149,529,149,439,134,268,122,107,60,283,136,91,93,159,96,152,67,30,14,383,139,0,18,9,52,1333,244,413,134,0,13,10,19,155,85,1642,46,40.1,16.3,8.5,5.3,64.5,23.9,14.8,14.3,7.3,4.2,6.9,3.0,1.4,0.6,17.7,6.1,0.0,4.1,0.4,2.4,60.7,10.3,78.1,12.6,0.0,7.3,2.3,4.3,35.3,15.5,74.7,5.5,0.8767,0.808,0.9938,0.7327,0.5315,3.9427,0.8961,0.0738,0.0105,0.777,0.0,0.3184,1.1797,0.0317,0.7343,0.7343,0.7343,0.9765,0.0,0.5693,0.9594,0.9936,3.4988,0.9359,9.3555,0.7526,0,0,1,0,0,1,0,0,0,0,0,0,0,0,1,0,0,1,1,3,4,29213,146,89,148,100,865,177,157,91,67,53,0,13,96,58,0,13,33.3,15.8,6.7,4.4,39.4,8.1,7.1,4.2,3.0,2.4,0.0,1.8,4.4,2.7,0.0,1.8,48992,0.00020074555250000005,0.06764934039704287
35,New Mexico,NM,35001,Bernalillo County,35001002000,Census Tract 20; Bernalillo County; New Mexico,0.733589166776,2468,541,1310,118,1238,139,1231,474,83,90,487,180,271,120,198,111,302,87,585,349,508,170,98,86,66,73,1970,564,388,125,23,37,18,30,103,61,15,4,50.2,15.8,6.7,7.2,39.3,13.9,18.5,7.9,8.2,4.4,12.2,4.7,23.7,9.8,21.0,6.5,7.9,6.9,2.8,3.0,79.8,14.7,29.6,9.2,1.8,2.8,1.5,2.4,8.3,5.1,0.6,0.1,0.9445,0.6982,0.8426,0.8148,0.5851,3.8852,0.884,0.2742,0.6323,0.8813,0.7076,0.6588,3.1542,0.8626,0.8463,0.8463,0.8463,0.8574,0.5993,0.4622,0.6908,0.6146,3.2243,0.8703,11.11,0.9328,1,0,0,0,0,1,0,0,0,0,0,0,0,0,0,0,0,0,0,0,1,6280,210,81,56,51,1533,562,106,122,114,138,0,13,161,119,0,13,17.0,6.5,2.3,2.1,62.1,13.0,4.3,5.2,4.6,5.5,0.0,1.6,6.5,4.9,0.0,1.6,48993,0.00018790034750000006,0.06031156813430996
35,New Mexico,NM,35001,Bernalillo County,35001002100,Census Tract 21; Bernalillo County; New Mexico,0.492741055788,1735,276,1486,243,1266,260,923,250,90,64,747,232,91,85,100,72,147,69,98,98,420,140,64,57,0,52,1141,313,1246,247,9,14,9,11,469,214,198,12,56.6,11.9,8.2,5.9,59.0,13.7,7.0,6.3,5.8,4.1,8.5,4.3,5.6,5.5,24.3,7.4,5.1,4.4,0.0,3.0,65.8,14.7,83.9,9.4,0.6,0.9,0.7,0.9,37.0,12.4,11.4,1.9,0.9691,0.7925,0.9852,0.4157,0.43,3.5925,0.8177,0.1208,0.0278,0.9414,0.5067,0.0,1.5967,0.0863,0.7665,0.7665,0.7665,0.9823,0.4993,0.3188,0.9627,0.955,3.7181,0.9698,9.6738,0.791,1,0,1,0,0,2,0,0,1,0,0,1,0,0,1,0,0,1,1,3,6,19208,376,240,27,35,919,272,0,13,107,72,0,13,66,53,22,24,29.7,14.4,1.6,2.0,53.0,9.9,0.0,2.3,6.2,4.2,0.0,2.3,3.8,3.1,1.3,1.4,48994,0.00012615312650000003,0.0450888442350522
35,New Mexico,NM,35001,Bernalillo County,35001002200,Census Tract 22; Bernalillo County; New Mexico,1.019119317816,3106,454,2295,225,1938,251,1221,313,58,52,875,210,215,130,260,137,694,123,369,118,551,159,100,78,89,81,1736,519,709,145,18,21,20,24,366,172,0,13,39.3,8.3,3.5,3.0,45.1,9.1,9.0,5.3,8.4,4.2,22.3,4.9,11.9,3.3,17.9,5.6,5.1,4.0,2.9,2.6,55.9,14.6,30.9,5.5,0.8,0.9,1.0,1.2,18.9,8.7,0.0,0.4,0.8689,0.3642,0.9108,0.5217,0.5961,3.2617,0.7315,0.7842,0.0854,0.785,0.5067,0.6664,2.8277,0.7118,0.7019,0.7019,0.7019,0.8651,0.5252,0.3792,0.8914,0.0,2.6609,0.6673,9.4522,0.7644,0,0,1,0,0,1,0,0,0,0,0,0,0,0,0,0,0,0,0,0,1,3412,386,165,33,31,1402,420,36,41,19,29,0,13,182,118,64,63,19.9,7.6,1.1,1.0,45.1,9.6,1.2,1.3,0.6,0.9,0.0,1.3,5.9,3.6,2.1,2.1,48995,0.0003028343225000001,0.0706607046096928
35,New Mexico,NM,35001,Bernalillo County,35001002301,Census Tract 23.01; Bernalillo County; New Mexico,0.34849180418,2133,499,702,128,669,134,506,290,46,55,185,139,462,253,495,353,258,221,492,116,340,127,82,89,295,229,2125,499,0,18,52,71,33,35,91,86,0,13,23.7,12.4,5.6,6.1,27.7,20.0,36.7,20.0,23.2,13.5,12.1,9.7,23.1,4.9,15.9,6.9,12.3,13.1,14.6,10.8,99.6,2.1,0.0,2.6,7.4,9.5,4.9,5.1,13.6,12.8,0.0,0.6,0.6265,0.6041,0.6025,0.9688,0.9481,3.75,0.8551,0.2692,0.5942,0.6942,0.8722,0.9268,3.3566,0.9243,0.9912,0.9912,0.9912,0.0,0.7521,0.7706,0.8274,0.0,2.3501,0.5308,10.4479,0.8758,0,0,0,1,1,2,0,0,0,0,1,1,1,1,0,0,0,0,0,0,4,736,177,82,0,13,2125,498,0,13,0,13,0,13,0,13,0,13,26.5,12.8,0.0,1.9,99.6,0.6,0.0,1.9,0.0,1.9,0.0,1.9,0.0,1.9,0.0,1.9,48996,8.830347750000003e-05,0.04405500587519796
35,New Mexico,NM,35001,Bernalillo County,35001002302,Census Tract 23.02; Bernalillo County; New Mexico,0.887670505814,3044,545,1324,155,1088,138,1368,527,30,37,313,148,708,453,397,377,1131,476,508,263,601,349,0,18,396,380,2890,551,13,24,130,117,28,31,70,66,18,5,44.9,15.3,2.8,3.2,28.8,13.1,29.1,15.6,13.0,12.4,37.2,14.6,16.7,7.9,19.7,10.7,0.0,1.7,13.3,12.5,94.9,6.2,1.0,1.8,9.8,8.8,2.6,2.8,6.4,6.0,0.6,0.1,0.9148,0.2701,0.6329,0.9341,0.7842,3.5361,0.8038,0.9738,0.2188,0.8474,0.0,0.9156,2.9556,0.7784,0.9437,0.9437,0.9437,0.3303,0.7894,0.6023,0.6032,0.6146,2.9398,0.78,10.3752,0.8684,1,0,0,1,0,2,1,0,0,0,1,2,1,1,0,0,0,0,0,0,5,1919,314,155,56,69,2728,555,0,13,0,13,0,13,106,82,0,13,28.9,13.6,1.8,2.2,89.6,5.3,0.0,1.3,0.0,1.3,0.0,1.3,3.5,2.7,0.0,1.3,48997,0.00024547106200000006,0.07565537679367583
35,New Mexico,NM,35001,Bernalillo County,35001002303,Census Tract 23.03; Bernalillo County; New Mexico,0.810270182282,2667,532,1051,160,984,169,893,411,51,65,195,117,298,186,255,182,445,112,653,327,505,196,71,70,105,109,2403,562,0,18,149,134,28,43,21,45,12,4,33.5,13.9,4.0,4.8,19.8,11.4,15.9,10.1,9.6,6.0,16.7,5.0,24.5,8.7,18.9,6.8,7.2,7.0,4.1,4.2,90.1,11.0,0.0,1.7,14.2,12.5,2.8,4.3,2.1,4.5,0.4,0.1,0.8016,0.4267,0.3401,0.7607,0.6544,2.9835,0.6537,0.5181,0.68,0.8217,0.665,0.7319,3.4167,0.9369,0.9088,0.9088,0.9088,0.0,0.843,0.6221,0.2614,0.5488,2.2753,0.4973,9.5843,0.7808,0,0,0,0,0,0,0,0,0,0,0,0,1,1,0,0,0,0,0,0,1,1259,329,154,0,13,2376,518,0,13,0,13,0,13,27,43,0,13,33.4,13.7,0.0,1.5,89.1,6.9,0.0,1.5,0.0,1.5,0.0,1.5,1.0,1.7,0.0,1.5,48998,0.00021807525550000006,0.0830127744962847
35,New Mexico,NM,35001,Bernalillo County,35001002401,Census Tract 24.01; Bernalillo County; New Mexico,1.245783585732,5298,1062,2032,295,1898,306,2315,1167,163,127,463,143,878,327,738,290,945,204,1083,615,888,168,113,75,404,383,4710,1078,0,26,11,17,9,24,86,60,8,2,43.7,20.2,6.2,3.8,24.4,6.4,24.2,7.7,13.9,5.1,17.8,4.7,20.4,9.1,16.8,4.4,5.9,3.8,8.1,7.6,88.9,9.8,0.0,1.3,0.5,0.8,0.5,1.3,4.5,3.1,0.2,0.1,0.9062,0.6579,0.5025,0.895,0.8096,3.7712,0.8597,0.5793,0.423,0.7377,0.573,0.8477,3.1607,0.8652,0.9004,0.9004,0.9004,0.0,0.4864,0.2792,0.4826,0.4424,1.6906,0.2596,9.5229,0.7732,1,0,0,0,0,1,0,0,0,0,0,0,1,1,0,0,0,0,0,0,2,3273,351,116,30,36,4590,1056,0,19,44,63,0,19,46,60,0,19,18.5,6.2,0.6,0.7,86.6,4.3,0.0,0.8,0.8,1.2,0.0,0.8,0.9,1.1,0.0,0.8,48999,0.0003565444050000001,0.08924931188257922
35,New Mexico,NM,35001,Bernalillo County,35001002403,Census Tract 24.03; Bernalillo County; New Mexico,0.547258658188,4341,1169,1594,168,1477,187,2417,1241,182,124,661,253,372,195,424,195,506,118,1171,831,694,149,186,120,76,91,3221,1264,23,29,55,53,0,18,137,103,7,3,57.3,25.1,11.0,6.6,44.8,16.2,15.1,7.5,10.0,5.6,11.7,3.7,27.0,12.9,16.4,5.1,12.6,8.0,2.1,2.4,74.2,21.2,1.4,1.8,3.5,3.4,0.0,1.2,9.3,7.1,0.2,0.0,0.971,0.8961,0.908,0.7408,0.6723,4.1882,0.9417,0.249,0.8031,0.7193,0.879,0.6021,3.2525,0.8963,0.8142,0.8142,0.8142,0.3588,0.6671,0.0,0.725,0.4424,2.1933,0.4614,10.4482,0.8758,1,0,1,0,0,2,0,0,0,0,0,0,0,0,0,0,0,0,0,0,2,2288,283,191,9,18,3100,1135,23,40,0,13,0,13,89,74,0,13,19.2,11.7,0.2,0.4,71.4,11.8,0.5,0.9,0.0,0.9,0.0,0.9,2.1,1.7,0.0,0.9,49000,0.00014005132700000003,0.04871573764095353
35,New Mexico,NM,35001,Bernalillo County,35001002404,Census Tract 24.04; Bernalillo County; New Mexico,0.54618568073,3518,851,1209,168,1132,180,1330,779,41,50,415,191,494,166,450,248,346,136,979,333,536,183,131,87,339,180,3351,855,107,117,0,13,63,60,102,88,6,3,38.4,20.4,3.3,4.1,36.7,15.8,25.6,7.9,12.8,4.9,9.8,4.6,27.8,5.1,15.2,6.1,11.6,7.5,10.0,4.7,95.3,7.7,8.9,9.6,0.0,3.3,5.6,5.2,9.0,7.9,0.2,0.1,0.86,0.338,0.8024,0.9082,0.7781,3.6867,0.8397,0.1679,0.8344,0.6565,0.8542,0.8779,3.3909,0.9313,0.9469,0.9469,0.9469,0.6184,0.0,0.8017,0.7149,0.4424,2.5774,0.6311,10.6019,0.89,0,0,0,1,0,1,0,0,0,0,0,0,1,1,0,0,0,0,0,0,2,1962,225,102,41,51,2965,855,0,13,61,99,0,13,259,252,25,41,19.9,8.6,1.2,1.5,84.3,8.5,0.0,1.1,1.7,2.8,0.0,1.1,7.4,7.1,0.7,1.2,49001,0.00013974972300000003,0.0490526507635074
35,New Mexico,NM,35001,Bernalillo County,35001002700,Census Tract 27; Bernalillo County; New Mexico,1.151977402118,3716,773,2426,330,2110,358,1056,319,78,84,850,239,385,207,65,66,674,225,501,265,710,222,163,125,0,52,2288,889,470,180,38,62,31,48,264,124,30,7,28.4,6.2,4.2,4.6,40.3,9.0,13.1,7.2,1.7,1.8,18.1,6.3,13.5,5.8,19.1,5.2,7.8,5.8,0.0,1.4,61.6,20.2,19.4,6.9,1.6,2.6,1.5,2.3,12.5,6.1,0.8,0.1,0.7215,0.4522,0.8567,0.6835,0.0929,2.8068,0.6012,0.5954,0.1169,0.8285,0.702,0.0,2.2428,0.3539,0.7403,0.7403,0.7403,0.7759,0.5875,0.4622,0.8073,0.6574,3.2903,0.8875,9.0802,0.7161,0,0,0,0,0,0,0,0,0,0,0,0,0,0,0,0,0,0,0,0,0,6642,434,180,180,147,1753,557,16,26,148,110,17,23,174,149,0,13,20.6,8.8,4.8,3.7,47.2,9.6,0.4,0.7,4.0,3.0,0.5,0.6,4.7,4.1,0.0,1.1,49002,0.00029490557600000007,0.08017766871825428
35,New Mexico,NM,35001,Bernalillo County,35001002900,Census Tract 29; Bernalillo County; New Mexico,1.536643102678,3753,773,1781,254,1509,256,1370,711,121,84,611,265,477,218,317,191,731,193,669,195,536,214,91,67,135,90,2893,789,12,22,11,18,45,43,80,62,136,21,36.9,17.5,6.9,4.8,40.5,16.2,18.5,6.8,8.5,3.9,19.5,6.0,17.8,2.9,14.4,6.5,6.0,4.3,3.7,2.4,77.1,13.8,0.7,1.2,0.6,1.0,3.0,2.8,5.3,4.3,3.6,0.9,0.8438,0.7132,0.859,0.8148,0.6008,3.8316,0.8725,0.6658,0.2702,0.6099,0.5809,0.7132,2.84,0.7181,0.8313,0.8313,0.8313,0.302,0.4993,0.6415,0.5383,0.866,2.8471,0.744,10.35,0.8658,0,0,0,0,0,0,0,0,0,0,0,0,0,0,0,0,0,0,0,0,0,6974,308,176,40,40,2652,759,23,20,94,83,0,13,54,43,30,50,20.4,10.4,1.1,1.1,70.7,6.8,0.6,0.5,2.5,2.2,0.0,1.1,1.4,1.2,0.8,1.3,49003,0.0003919194120000001,0.08606196380208485
35,New Mexico,NM,35001,Bernalillo County,35001003001,Census Tract 30.01; Bernalillo County; New Mexico,1.152657713842,4744,730,2050,216,1971,224,1109,435,121,143,644,253,323,198,289,209,1075,243,1217,454,503,156,106,74,160,133,3090,801,236,143,0,13,47,46,419,216,72,11,23.4,8.4,5.5,6.4,32.7,12.3,10.1,5.9,6.1,4.5,22.7,5.2,25.7,6.6,10.6,3.6,5.4,3.7,3.5,2.9,65.1,13.6,11.5,6.9,0.0,1.9,2.4,2.3,21.3,9.5,1.5,0.0,0.6197,0.5943,0.7257,0.5724,0.451,2.9631,0.6477,0.7981,0.7442,0.3535,0.5324,0.703,3.1312,0.8543,0.7623,0.7623,0.7623,0.6679,0.0,0.5801,0.9085,0.7419,2.8984,0.7642,9.755,0.801,0,0,0,0,0,0,0,0,0,0,0,0,0,0,0,0,0,1,0,1,1,2843,408,234,53,58,2760,667,0,13,141,78,0,13,136,104,0,13,20.7,10.5,1.1,1.3,58.2,7.2,0.0,0.8,3.0,1.8,0.0,0.8,2.9,2.3,0.0,0.8,49004,0.0002954300770000001,0.06958301993180444
35,New Mexico,NM,35001,Bernalillo County,35001003002,Census Tract 30.02; Bernalillo County; New Mexico,1.446834619172,4025,632,1951,205,1785,198,700,356,30,33,411,166,136,115,152,99,996,249,907,348,507,152,135,91,0,52,2279,780,47,52,41,43,36,56,76,65,0,13,17.4,8.4,1.7,1.9,23.0,8.9,4.6,3.8,3.8,2.4,24.7,6.5,22.5,5.9,12.6,4.2,7.5,5.0,0.0,1.3,56.6,17.2,2.4,2.7,2.1,2.3,2.0,3.1,4.3,3.7,0.0,0.3,0.4642,0.135,0.4556,0.2642,0.2682,1.5872,0.2351,0.8547,0.5564,0.4944,0.6844,0.0,2.5899,0.5692,0.707,0.707,0.707,0.4159,0.6156,0.532,0.4676,0.0,2.0311,0.3916,6.9152,0.3819,0,0,0,0,0,0,0,0,0,0,0,0,0,0,0,0,0,0,0,0,0,1936,174,76,27,36,1975,464,37,40,15,16,0,13,138,108,87,123,9.7,4.1,0.7,0.9,49.1,9.0,0.9,1.0,0.4,0.4,0.0,1.0,3.4,2.7,2.2,3.0,49005,0.0003983057705000001,0.08557099528330886
35,New Mexico,NM,35001,Bernalillo County,35001003100,Census Tract 31; Bernalillo County; New Mexico,1.690981585648,2595,315,1322,153,1230,173,439,226,18,22,237,121,23,29,123,84,740,124,337,125,299,94,11,22,0,52,1181,393,29,46,0,13,0,18,137,157,0,13,16.9,8.5,1.4,1.7,19.3,9.5,1.1,1.3,4.7,3.3,28.5,4.6,13.0,4.4,11.5,3.4,0.9,1.8,0.0,2.1,45.5,14.1,2.2,3.5,0.0,3.0,0.0,1.5,11.1,11.6,0.0,0.5,0.4499,0.1044,0.3217,0.0461,0.3441,1.2662,0.1513,0.9216,0.1058,0.4186,0.0926,0.0,1.5386,0.0749,0.6232,0.6232,0.6232,0.4056,0.0,0.0,0.7761,0.0,1.1817,0.1176,4.6097,0.0861,0,0,0,0,0,0,1,0,0,0,0,1,0,0,0,0,0,0,0,0,1,1657,87,55,0,13,1099,266,19,22,12,18,0,13,51,40,0,13,7.1,4.0,0.0,1.5,42.4,7.8,0.7,0.8,0.5,0.7,0.0,1.5,2.0,1.5,0.0,1.5,49006,0.0004449843370000001,0.09865202995894531
35,New Mexico,NM,35001,Bernalillo County,35001003201,Census Tract 32.01; Bernalillo County; New Mexico,1.487638650736,3014,535,1388,192,1306,196,878,326,55,45,542,165,319,189,181,133,543,182,652,182,451,179,61,52,170,114,2093,611,0,18,29,33,13,23,74,69,53,8,29.6,9.6,3.5,2.9,41.5,11.0,15.6,6.6,6.1,4.2,18.0,4.6,21.6,5.4,15.2,4.9,4.6,3.9,6.2,4.0,69.4,16.1,0.0,1.3,2.1,2.3,1.0,1.8,5.7,5.0,1.8,0.4,0.7427,0.3642,0.8715,0.7538,0.451,3.1832,0.7103,0.5903,0.4975,0.6565,0.4598,0.8049,3.009,0.8035,0.7878,0.7878,0.7878,0.0,0.6156,0.3792,0.5646,0.7677,2.3271,0.5206,9.3071,0.7461,0,0,0,0,0,0,0,0,0,0,0,0,0,0,0,0,0,0,0,0,0,7005,198,99,83,80,1680,283,29,38,192,249,0,13,85,69,24,38,15.2,7.2,2.8,2.6,55.7,8.9,1.0,1.3,6.4,7.9,0.0,1.3,2.8,2.3,0.8,1.3,49007,0.0003821558955000001,0.10638549476442828
35,New Mexico,NM,35001,Bernalillo County,35001003202,Census Tract 32.02; Bernalillo County; New Mexico,1.751645545786,4782,668,2481,345,2282,371,1858,609,178,135,853,354,432,166,529,427,892,156,721,270,975,360,104,122,148,132,3116,857,368,319,13,20,0,18,160,102,397,63,40.5,11.9,6.6,4.9,37.4,14.3,12.1,4.6,11.5,8.4,18.7,3.8,15.1,4.6,21.2,6.9,4.5,5.3,3.3,2.9,65.2,15.4,14.8,12.7,0.5,0.8,0.0,0.8,7.0,4.7,8.3,0.6,0.8799,0.6898,0.8144,0.6506,0.7332,3.7679,0.8589,0.6267,0.1602,0.8864,0.4495,0.6916,2.8144,0.7043,0.7629,0.7629,0.7629,0.7198,0.4864,0.0,0.6338,0.9412,2.7812,0.7175,10.1264,0.8425,0,0,0,0,0,0,0,0,0,0,0,0,0,0,0,0,0,0,1,1,1,7212,308,137,87,80,2773,564,14,22,87,101,0,13,131,111,24,39,13.5,6.5,1.8,1.7,58.0,9.7,0.3,0.5,1.8,2.2,0.0,0.8,2.7,2.4,0.5,0.8,49008,0.0004484755840000001,0.10665941788492718
35,New Mexico,NM,35001,Bernalillo County,35001003400,Census Tract 34; Bernalillo County; New Mexico,1.78289934438,4179,681,2058,242,1865,265,2259,644,41,38,723,197,707,259,804,358,372,89,922,230,575,193,299,127,283,179,3141,742,791,259,288,108,29,51,296,110,172,17,56.1,12.8,2.1,1.9,38.8,9.0,24.2,7.1,20.0,7.3,8.9,2.6,22.1,4.5,14.3,5.0,16.0,6.4,7.3,4.5,75.2,12.8,38.5,11.7,14.0,5.3,1.6,2.7,15.9,5.7,4.1,0.8,0.9676,0.1818,0.8359,0.895,0.9201,3.8004,0.8661,0.1345,0.5304,0.6035,0.936,0.8316,3.036,0.8154,0.8199,0.8199,0.8199,0.9002,0.8409,0.4774,0.8605,0.8822,3.9612,0.9899,11.6175,0.9641,1,0,0,0,1,2,0,0,0,1,0,1,0,0,1,0,0,0,0,1,4,15167,433,151,112,103,2409,615,25,25,536,357,0,13,50,49,9,17,23.2,7.9,2.7,2.6,57.6,9.7,0.6,0.6,12.8,8.0,0.0,1.0,1.2,1.2,0.2,0.4,49009,0.0004681140820000001,0.09208603487495212
35,New Mexico,NM,35001,Bernalillo County,35001003501,Census Tract 35.01; Bernalillo County; New Mexico,2.536669290492,5092,984,2341,234,2130,240,997,362,163,92,708,233,109,109,360,276,1198,313,1071,458,840,303,158,139,0,76,3275,1109,268,111,151,109,24,44,58,54,0,19,19.7,6.1,6.6,3.5,33.2,10.3,3.0,2.8,7.1,5.1,23.5,7.3,21.0,7.4,16.5,5.3,7.4,6.5,0.0,1.6,64.3,17.9,11.4,4.6,6.5,4.6,1.1,2.1,2.7,2.6,0.0,0.4,0.5276,0.6898,0.7363,0.1583,0.5188,2.6308,0.5468,0.8234,0.4596,0.7241,0.6785,0.0,2.6856,0.6286,0.7576,0.7576,0.7576,0.6661,0.7358,0.3967,0.3229,0.0,2.1215,0.4297,8.1955,0.5879,0,0,0,0,0,0,0,0,0,0,0,0,0,0,0,0,0,0,0,0,0,7266,197,117,22,35,2964,633,17,28,0,19,0,19,82,88,190,193,9.2,5.3,0.4,0.7,58.2,7.0,0.3,0.5,0.0,0.8,0.0,0.8,1.6,1.8,3.7,3.7,49010,0.0006499722845000001,0.1144021865603975
35,New Mexico,NM,35001,Bernalillo County,35001003502,Census Tract 35.02; Bernalillo County; New Mexico,4.31943697409,4931,508,2128,201,2020,232,671,331,35,27,476,178,191,140,277,216,1220,194,559,153,912,301,98,70,0,52,2450,655,47,56,0,13,0,18,18,32,15,4,13.6,6.6,1.4,1.1,23.6,8.4,4.9,3.5,5.6,4.4,24.7,3.7,11.3,2.9,18.5,5.9,4.9,3.4,0.0,1.1,49.7,12.3,2.2,2.6,0.0,1.9,0.0,0.9,0.9,1.5,0.3,0.1,0.3486,0.1044,0.4759,0.2838,0.4148,1.6275,0.2462,0.8547,0.0761,0.8074,0.4881,0.0,2.2263,0.344,0.6571,0.6571,0.6571,0.4056,0.0,0.0,0.1264,0.5038,1.0358,0.0913,5.5467,0.1834,0,0,0,0,0,0,0,0,0,0,0,0,0,0,0,0,0,0,0,0,0,5339,133,89,83,79,2078,455,32,37,84,139,0,13,173,158,0,13,6.6,4.5,1.7,1.6,42.1,7.8,0.6,0.8,1.7,2.8,0.0,0.8,3.5,3.2,0.0,0.8,49011,0.0011351452695000004,0.15550258436246447
35,New Mexico,NM,35001,Bernalillo County,35001003600,Census Tract 36; Bernalillo County; New Mexico,4.012549977022,6676,1067,2730,331,2672,332,2195,1063,89,103,853,341,547,200,1255,589,1264,182,1245,381,925,400,291,203,145,143,4491,1128,0,26,843,350,0,26,89,87,8,4,33.0,15.1,3.1,3.7,31.9,12.1,11.4,4.3,18.8,8.1,18.9,4.3,18.6,3.8,13.9,4.8,10.9,7.5,2.2,2.2,67.3,13.0,0.0,1.0,30.9,10.0,0.0,1.0,3.3,3.2,0.1,0.1,0.7947,0.3112,0.709,0.6244,0.9054,3.3447,0.755,0.6368,0.3134,0.5787,0.8334,0.611,2.9733,0.7868,0.7754,0.7754,0.7754,0.0,0.9528,0.0,0.3833,0.3692,1.7053,0.2649,8.7987,0.6773,0,0,0,0,1,1,0,0,0,0,0,0,0,0,0,1,0,0,0,1,2,3117,481,265,305,427,3863,1018,0,19,268,263,0,19,55,82,0,19,18.0,9.5,4.6,6.2,57.9,9.0,0.0,0.6,4.0,4.0,0.0,0.6,0.8,1.2,0.0,0.6,49012,0.0010737774115000002,0.14030100531172648
35,New Mexico,NM,35001,Bernalillo County,35001003707,Census Tract 37.07; Bernalillo County; New Mexico,1.226172306846,4824,588,2427,249,2340,274,1982,409,240,118,867,292,201,118,83,84,1216,364,848,251,1376,376,132,115,0,52,2741,725,1016,283,0,13,119,109,233,197,17,5,41.1,6.9,10.3,4.5,37.1,11.7,5.9,3.1,1.7,1.8,25.2,7.2,17.6,4.4,28.6,7.1,5.6,4.9,0.0,1.1,56.8,13.3,41.8,10.8,0.0,1.6,5.1,4.6,10.0,8.1,0.4,0.1,0.8847,0.8771,0.809,0.3488,0.0929,3.0125,0.6624,0.8666,0.2606,0.9774,0.5491,0.0,2.6537,0.6089,0.7084,0.7084,0.7084,0.912,0.0,0.78,0.7466,0.5488,2.9874,0.7969,9.362,0.7533,0,0,0,0,0,0,0,0,1,0,0,1,0,0,1,0,0,0,0,1,2,3458,269,150,71,77,1446,475,128,167,654,404,0,13,442,246,0,13,11.5,6.6,1.5,1.6,30.0,9.8,2.7,3.5,13.6,7.8,0.0,0.8,9.2,4.9,0.0,0.8,49013,0.0003206362350000001,0.09730779040679877
35,New Mexico,NM,35001,Bernalillo County,35001003712,Census Tract 37.12; Bernalillo County; New Mexico,1.012673731028,5345,740,2356,368,2356,368,503,261,365,300,548,210,125,84,135,130,1364,249,709,167,1039,364,31,35,19,78,2451,932,148,66,14,23,0,26,179,103,94,6,9.5,4.8,12.4,8.4,23.3,8.1,2.9,2.0,2.6,2.4,25.5,4.5,13.3,3.1,19.7,5.6,1.3,1.5,0.4,1.5,45.9,16.2,6.3,2.6,0.6,1.0,0.0,1.1,7.6,4.6,1.8,0.3,0.2145,0.9242,0.4657,0.1518,0.1645,1.9207,0.3301,0.8735,0.1121,0.8474,0.1257,0.3184,2.2771,0.3742,0.6267,0.6267,0.6267,0.5564,0.4993,0.0,0.6617,0.7677,2.4851,0.5904,7.3096,0.4454,0,1,0,0,0,1,0,0,0,0,0,0,0,0,0,0,0,0,0,0,1,3816,182,98,13,21,2028,471,74,62,238,218,0,19,98,88,0,19,7.7,4.6,0.2,0.4,37.9,6.0,1.4,1.2,4.5,4.1,0.0,0.7,1.8,1.7,0.0,0.7,49014,0.00026004042000000007,0.06510772072479383
35,New Mexico,NM,35001,Bernalillo County,35001003715,Census Tract 37.15; Bernalillo County; New Mexico,1.530159291792,3797,446,2067,282,1941,291,189,87,78,47,441,152,63,46,147,111,1255,309,511,157,553,137,54,39,33,54,1264,650,107,82,0,13,0,18,84,50,0,13,5.0,2.2,4.1,2.5,22.7,7.1,2.0,1.5,3.9,2.9,33.1,6.4,13.5,3.7,14.6,3.7,2.8,2.0,0.9,1.5,33.3,16.7,5.1,3.9,0.0,1.9,0.0,0.9,4.3,2.8,0.0,0.3,0.0737,0.4399,0.446,0.0954,0.277,1.332,0.1671,0.9586,0.1169,0.6222,0.2742,0.4404,2.4123,0.4583,0.5046,0.5046,0.5046,0.5217,0.0,0.0,0.4676,0.0,0.9893,0.0827,5.2382,0.1476,0,0,0,0,0,0,1,0,0,0,0,1,0,0,0,0,0,0,0,0,1,3516,299,263,43,39,988,174,75,51,28,22,9,14,121,83,0,13,15.4,11.8,1.1,1.0,26.0,5.3,2.0,1.4,0.7,0.6,0.2,0.4,3.2,2.2,0.0,1.0,49015,0.0003932896385000001,0.09551618653292294
35,New Mexico,NM,35001,Bernalillo County,35001003717,Census Tract 37.17; Bernalillo County; New Mexico,0.880782446134,4882,660,2669,321,2546,347,795,398,51,50,816,328,37,38,109,108,1438,398,697,267,633,208,0,18,0,52,2382,819,529,277,0,13,109,143,396,259,20,6,16.3,7.9,2.0,1.9,32.1,12.1,0.9,0.9,2.2,2.1,29.5,8.0,14.3,4.9,13.1,4.1,0.0,0.7,0.0,1.1,48.8,15.4,19.8,10.1,0.0,1.5,4.3,5.6,15.6,9.7,0.4,0.1,0.4325,0.1698,0.7129,0.0368,0.1323,1.4843,0.2067,0.9328,0.1371,0.5272,0.0,0.0,1.5971,0.0864,0.6505,0.6505,0.6505,0.7804,0.0,0.738,0.8568,0.5488,2.924,0.7743,6.6559,0.3411,0,0,0,0,0,0,1,0,0,0,0,1,0,0,0,0,0,0,0,0,1,3383,322,200,33,38,1892,696,413,524,0,13,0,13,44,49,0,13,12.6,7.3,0.7,0.8,38.8,13.0,8.5,10.7,0.0,0.8,0.0,0.8,0.9,1.0,0.0,0.8,49016,0.00022730023950000007,0.06402771752154607
35,New Mexico,NM,35001,Bernalillo County,35001003718,Census Tract 37.18; Bernalillo County; New Mexico,0.470252544798,2858,439,1196,147,1142,151,412,183,114,96,420,159,136,69,224,118,610,182,531,118,578,180,42,35,7,52,1538,501,304,126,0,13,50,31,0,13,0,13,14.4,6.0,7.5,6.0,36.8,13.0,6.4,3.0,7.9,4.1,21.3,5.1,18.6,3.7,20.4,5.3,3.7,3.0,0.3,1.9,53.8,15.5,25.5,10.1,0.0,3.3,4.4,2.7,0.0,3.4,0.0,0.5,0.3748,0.7524,0.8039,0.38,0.5677,2.8788,0.6222,0.7469,0.3134,0.8667,0.3689,0.285,2.5809,0.5637,0.687,0.687,0.687,0.83,0.0,0.7439,0.0,0.0,1.5739,0.2205,7.7206,0.5126,0,0,0,0,0,0,0,0,0,0,0,0,0,0,0,0,0,0,0,0,0,2283,63,61,132,126,976,239,112,91,59,62,0,13,259,131,0,13,5.5,5.1,4.6,4.0,34.1,6.1,3.9,3.2,2.1,2.1,0.0,1.4,9.1,4.2,0.0,1.4,49017,0.00011953809550000003,0.04961179961736149
35,New Mexico,NM,35001,Bernalillo County,35001003719,Census Tract 37.19; Bernalillo County; New Mexico,1.014040146006,5313,583,3112,378,2880,366,685,367,22,35,501,214,133,64,136,108,1737,312,691,185,972,242,196,138,34,83,2056,824,858,291,0,19,38,36,295,144,135,18,13.2,6.9,0.8,1.3,17.4,7.1,3.1,1.5,2.6,2.1,32.7,5.7,13.0,3.5,18.8,4.8,6.8,4.7,0.7,1.6,38.7,14.9,27.6,8.7,0.0,1.3,1.3,1.2,10.2,4.9,2.5,0.2,0.336,0.0553,0.2521,0.1648,0.1645,0.9727,0.0864,0.9565,0.1058,0.818,0.6384,0.3984,2.9171,0.7584,0.5606,0.5606,0.5606,0.8446,0.0,0.4295,0.7525,0.816,2.8426,0.7425,7.293,0.4426,0,0,0,0,0,0,1,0,0,0,0,1,0,0,0,0,0,0,0,0,1,5428,765,342,99,158,1559,394,103,48,15,21,0,19,241,172,39,46,26.6,10.6,1.9,2.9,29.3,6.7,1.9,1.0,0.3,0.4,0.0,0.7,4.5,3.3,0.7,0.9,49018,0.0002578210310000001,0.08883235686058726
35,New Mexico,NM,35001,Bernalillo County,35001003722,Census Tract 37.22; Bernalillo County; New Mexico,2.139503537682,7019,1372,2590,333,2452,356,1111,1183,397,290,510,326,162,117,344,198,808,210,2108,758,453,166,165,89,162,121,4506,1462,159,132,27,43,10,25,27,43,2,17,16.0,16.7,10.8,6.7,20.8,12.9,3.7,2.6,4.9,2.9,11.5,3.6,30.0,5.9,6.5,2.7,6.7,3.5,2.5,1.8,64.2,16.6,6.1,5.0,1.0,1.7,0.4,1.0,1.1,1.8,0.0,0.2,0.4233,0.8912,0.3771,0.2039,0.361,2.2565,0.4308,0.24,0.8993,0.098,0.6312,0.636,2.5045,0.5168,0.7569,0.7569,0.7569,0.5509,0.5447,0.2644,0.149,0.0,1.509,0.2007,7.0269,0.3998,0,0,0,0,0,0,0,0,0,0,0,0,0,0,0,0,0,0,0,0,0,5031,227,166,132,140,1683,477,1597,418,0,19,0,19,1063,1176,31,49,9.3,6.5,1.9,2.0,24.0,6.9,22.8,7.4,0.0,0.6,0.0,0.6,15.1,14.5,0.4,0.7,49019,0.0005502411825000002,0.09478583490920303
35,New Mexico,NM,35001,Bernalillo County,35001003723,Census Tract 37.23; Bernalillo County; New Mexico,1.451821126502,6463,656,3764,449,3280,404,1988,755,148,168,1024,301,758,391,115,91,1691,298,996,245,1584,357,169,105,244,357,3827,817,540,194,1761,410,22,46,343,182,20,6,30.8,11.3,4.5,5.0,31.2,8.3,14.8,7.2,1.8,1.4,26.2,4.4,15.4,3.4,24.6,5.6,5.2,3.1,3.9,5.7,59.2,11.1,14.4,4.9,46.8,8.7,0.7,1.4,10.5,5.5,0.3,0.1,0.7624,0.4875,0.6926,0.7327,0.1009,2.7761,0.5918,0.8876,0.1701,0.9448,0.5155,0.7227,3.2407,0.8928,0.7242,0.7242,0.7242,0.7144,0.987,0.3188,0.7602,0.5038,3.2842,0.8858,10.0252,0.8322,0,0,0,0,0,0,0,0,1,0,0,1,0,0,0,1,0,0,0,1,2,8057,731,380,47,46,3022,585,410,273,278,163,0,19,70,75,0,19,22.3,9.9,0.7,0.7,46.8,6.2,6.3,4.3,4.3,2.5,0.0,0.6,1.1,1.2,0.0,0.6,49020,0.0003715378635000001,0.08112799996789354
35,New Mexico,NM,35001,Bernalillo County,35001003724,Census Tract 37.24; Bernalillo County; New Mexico,0.683978148592,3246,508,1579,186,1579,186,271,174,192,248,520,238,186,173,112,96,1056,234,570,253,478,115,92,74,16,55,1311,694,185,121,0,13,0,18,14,22,6,4,8.3,5.2,11.8,13.8,32.9,14.6,7.5,6.0,3.5,3.1,32.5,6.4,17.6,6.4,14.7,4.2,5.8,4.6,0.5,1.8,40.4,20.4,11.7,7.5,0.0,2.5,0.0,1.1,0.9,1.4,0.2,0.1,0.1747,0.9137,0.7301,0.4439,0.2423,2.5047,0.5071,0.9555,0.2606,0.6281,0.565,0.3495,2.7587,0.6724,0.5768,0.5768,0.5768,0.6715,0.0,0.0,0.1264,0.4424,1.2403,0.1306,7.0805,0.4087,0,1,0,0,0,1,1,0,0,0,0,1,0,0,0,0,0,0,0,0,2,3017,164,100,157,127,981,338,20,24,51,56,0,13,102,88,0,13,10.4,5.9,4.8,3.8,30.2,9.3,0.6,0.8,1.6,1.8,0.0,1.2,3.1,2.9,0.0,1.2,49021,0.00017513992650000006,0.06348071066598572
35,New Mexico,NM,35001,Bernalillo County,35001003725,Census Tract 37.25; Bernalillo County; New Mexico,0.864518671588,4057,496,2038,168,1971,194,1164,378,12,20,659,221,105,70,172,105,1383,431,621,176,747,279,23,33,21,61,2108,630,321,151,28,46,47,59,20,28,118,8,29.5,8.8,0.5,0.9,33.4,10.7,3.3,2.1,4.4,2.6,34.1,8.0,15.3,4.0,18.9,6.6,1.2,1.7,0.5,1.6,52.0,14.2,15.7,7.3,1.4,2.3,2.4,3.0,1.0,1.4,2.9,0.4,0.7409,0.0376,0.7403,0.1782,0.32,2.017,0.359,0.9635,0.1668,0.8217,0.1171,0.3495,2.4186,0.4626,0.6746,0.6746,0.6746,0.7317,0.5741,0.5801,0.1378,0.8365,2.8602,0.7488,7.9704,0.5525,0,0,0,0,0,0,1,0,0,0,0,1,0,0,0,0,0,0,0,0,1,3523,177,90,13,17,1473,329,34,94,275,263,0,13,313,258,0,13,9.0,4.3,0.3,0.4,36.3,7.7,0.8,2.3,6.8,6.5,0.0,1.0,7.7,6.1,0.0,1.0,49022,0.00022196191550000007,0.0613585653947188
35,New Mexico,NM,35001,Bernalillo County,35001003726,Census Tract 37.26; Bernalillo County; New Mexico,0.803052391494,2286,293,1017,90,982,100,77,54,22,35,136,65,6,12,35,43,591,111,465,139,105,58,51,40,0,52,653,387,89,45,6,11,8,17,5,9,0,13,3.4,2.3,1.9,2.9,13.8,6.5,0.3,0.7,1.5,1.9,25.9,4.1,20.3,4.9,4.6,2.4,5.2,4.0,0.0,2.4,28.6,16.5,8.8,4.4,0.6,1.1,0.8,1.7,0.5,0.9,0.0,0.6,0.0361,0.158,0.1353,0.0152,0.0777,0.4223,0.0121,0.8819,0.4162,0.0343,0.5155,0.0,1.8479,0.1578,0.4502,0.4502,0.4502,0.6161,0.4993,0.3391,0.0819,0.0,1.5364,0.209,4.2568,0.0595,0,0,0,0,0,0,0,0,0,0,0,0,0,0,0,0,0,0,0,0,0,1294,32,26,49,54,346,117,185,131,0,13,0,13,73,77,0,13,3.3,2.7,2.1,2.3,15.1,5.0,8.1,5.2,0.0,1.7,0.0,1.7,3.2,3.4,0.0,1.7,49023,0.00020590269400000004,0.069093216009825
35,New Mexico,NM,35001,Bernalillo County,35001003728,Census Tract 37.28; Bernalillo County; New Mexico,0.612179006774,4498,718,2369,316,2170,338,709,430,54,53,642,208,161,125,200,132,905,178,507,241,362,149,154,134,10,54,1787,946,668,345,7,13,289,303,41,44,140,7,16.2,9.5,1.8,1.8,29.6,8.4,4.5,3.5,4.6,3.2,20.1,5.0,11.3,4.3,8.3,3.7,7.1,6.1,0.2,1.3,39.7,20.1,28.2,14.1,0.3,0.6,13.3,13.8,1.9,2.0,3.1,0.5,0.4295,0.1463,0.654,0.2576,0.3358,1.8232,0.3012,0.6942,0.0761,0.1948,0.6586,0.2531,1.8768,0.1688,0.5703,0.5703,0.5703,0.8489,0.4688,0.9449,0.2397,0.8458,3.3481,0.9029,7.6184,0.4962,0,0,0,0,0,0,0,0,0,0,0,0,0,0,0,0,1,0,0,1,1,2800,149,92,41,44,1266,485,148,137,212,194,0,13,120,101,0,13,6.9,4.3,0.9,1.0,28.1,9.5,3.3,3.1,4.7,4.2,0.0,0.9,2.7,2.3,0.0,0.9,49024,0.00015634893300000004,0.048655440021336246
35,New Mexico,NM,35001,Bernalillo County,35001003729,Census Tract 37.29; Bernalillo County; New Mexico,1.651195318956,2093,328,797,94,752,91,89,43,120,101,87,42,69,59,156,185,468,97,349,76,360,220,0,18,21,48,725,430,0,18,0,13,0,18,10,11,0,13,4.3,1.9,11.4,7.4,11.6,5.4,4.4,3.5,7.5,8.0,22.4,4.8,16.7,3.1,17.2,8.4,0.0,2.4,1.0,2.4,34.6,19.8,0.0,2.3,0.0,4.9,0.0,2.4,1.3,1.5,0.0,0.6,0.0556,0.9054,0.0811,0.2509,0.5433,1.8363,0.3051,0.7877,0.2188,0.7555,0.0,0.4592,2.2212,0.3409,0.5187,0.5187,0.5187,0.0,0.0,0.0,0.1713,0.0,0.1713,0.0093,4.7475,0.098,0,1,0,0,0,1,0,0,0,0,0,0,0,0,0,0,0,0,0,0,1,772,59,39,7,11,544,198,81,68,70,72,0,13,18,17,5,8,7.8,5.1,0.3,0.6,26.0,8.3,3.9,3.2,3.3,3.5,0.0,1.9,0.9,0.8,0.2,0.4,49025,0.0004221121835000001,0.08662104093630552
35,New Mexico,NM,35001,Bernalillo County,35001003730,Census Tract 37.30; Bernalillo County; New Mexico,1.034796989526,4753,537,1777,134,1709,155,404,334,73,35,307,129,78,58,31,32,874,114,1220,340,392,108,87,74,79,72,1788,679,86,56,0,13,0,18,35,27,0,13,8.5,7.0,3.1,1.6,18.0,7.4,2.4,1.8,0.7,0.7,18.4,2.9,25.7,5.2,8.3,2.4,5.1,4.3,1.7,1.6,37.6,13.6,4.8,3.1,0.0,2.2,0.0,1.1,2.0,1.6,0.0,0.3,0.181,0.3112,0.274,0.1202,0.0291,0.9155,0.0753,0.6112,0.7442,0.1948,0.5067,0.561,2.6179,0.5861,0.5498,0.5498,0.5498,0.5125,0.0,0.0,0.2501,0.0,0.7626,0.0495,4.8458,0.1074,0,0,0,0,0,0,0,0,0,0,0,0,0,0,0,0,0,0,0,0,0,1581,137,71,42,50,1190,331,439,161,51,51,0,13,59,57,7,13,8.0,4.0,0.9,1.1,25.0,5.9,9.2,3.2,1.1,1.1,0.0,0.8,1.2,1.2,0.1,0.3,49026,0.0002670361550000001,0.06537894856931448
35,New Mexico,NM,35001,Bernalillo County,35001003731,Census Tract 37.31; Bernalillo County; New Mexico,2.723973934426,3756,445,1412,172,1384,156,67,55,61,40,90,54,23,30,8,13,802,150,939,184,310,87,21,27,0,52,1526,585,0,18,0,13,16,29,0,13,0,13,1.8,1.4,3.4,2.2,6.5,3.8,0.9,1.2,0.2,0.3,21.4,4.2,25.0,3.0,8.3,2.3,1.5,1.9,0.0,1.4,40.6,14.8,0.0,1.3,0.0,2.8,1.2,2.1,0.0,2.8,0.0,0.3,0.0109,0.351,0.0149,0.0368,0.0105,0.4241,0.0122,0.7507,0.707,0.1948,0.1435,0.0,1.796,0.1391,0.5787,0.5787,0.5787,0.0,0.0,0.4136,0.0,0.0,0.4136,0.0192,3.2124,0.0135,0,0,0,0,0,0,0,0,0,0,0,0,0,0,0,0,0,0,0,0,0,2238,52,60,40,47,1057,349,193,136,25,29,0,13,193,113,18,28,3.8,4.3,1.1,1.2,28.1,7.8,5.1,3.8,0.7,0.8,0.0,1.1,5.1,3.1,0.5,0.8,49027,0.0006982022065000001,0.11110299074081977
35,New Mexico,NM,35001,Bernalillo County,35001003733,Census Tract 37.33; Bernalillo County; New Mexico,0.866163466108,3464,554,1670,194,1490,208,2217,619,196,143,831,213,387,225,509,268,308,127,980,362,519,231,194,126,164,148,2568,624,1132,252,50,56,144,118,229,111,159,13,66.1,14.9,11.8,7.8,55.8,12.0,20.9,11.5,15.3,7.7,8.9,3.8,28.3,7.7,15.6,6.2,13.1,8.3,5.3,4.8,74.1,13.6,67.8,12.9,3.0,3.3,9.7,7.8,15.4,6.7,4.6,0.8,0.9883,0.9137,0.9767,0.854,0.8435,4.5762,0.9887,0.1345,0.8516,0.6783,0.89,0.7782,3.3326,0.9184,0.8137,0.8137,0.8137,0.9652,0.6519,0.9046,0.854,0.8949,4.2706,0.9982,12.9931,0.9982,1,1,1,0,0,3,0,0,0,0,0,0,0,0,1,0,1,0,0,2,5,8919,222,123,54,39,1969,554,44,55,412,243,0,13,89,77,0,13,14.9,8.0,1.6,1.1,56.8,10.9,1.3,1.6,11.9,6.8,0.0,1.1,2.6,2.2,0.0,1.1,49028,0.00022304343450000005,0.07757906598129499
35,New Mexico,NM,35001,Bernalillo County,35001003736,Census Tract 37.36; Bernalillo County; New Mexico,4.940847293582,2347,353,1158,146,1125,156,552,215,32,63,465,136,62,39,300,233,378,110,510,149,302,100,117,93,42,66,1479,412,389,125,254,90,13,14,87,52,41,14,23.7,8.5,2.5,4.7,41.3,10.6,3.7,2.3,12.8,8.9,16.1,4.7,21.7,4.2,12.9,4.4,10.4,8.1,1.9,2.9,63.0,14.8,33.6,9.9,21.9,6.8,1.1,1.2,7.7,4.5,1.7,0.5,0.6265,0.231,0.869,0.2039,0.7781,2.7085,0.5708,0.4849,0.5043,0.5144,0.8169,0.5824,2.9029,0.7511,0.7491,0.7491,0.7491,0.879,0.908,0.3967,0.6657,0.7595,3.6089,0.9551,9.9694,0.8254,0,0,0,0,0,0,0,0,0,0,0,0,0,0,0,1,0,0,0,1,1,42473,200,93,51,42,1040,245,73,68,244,237,0,13,71,62,0,13,17.8,7.9,2.2,1.8,44.3,9.4,3.1,2.9,10.4,9.2,0.0,1.7,3.0,2.6,0.0,1.7,49029,0.0012758683655000004,0.16873379020503285
35,New Mexico,NM,35001,Bernalillo County,35001003737,Census Tract 37.37; Bernalillo County; New Mexico,0.60439634876,2884,297,1315,205,1277,209,103,69,46,50,108,77,79,54,33,34,668,71,545,142,222,64,75,63,80,92,874,390,272,207,0,13,37,54,11,16,15,4,3.6,2.4,2.8,3.1,8.5,5.9,3.5,2.4,1.1,1.2,23.2,2.9,18.9,4.5,7.7,2.2,5.9,4.8,2.9,3.3,30.3,13.2,20.7,15.4,0.0,3.0,2.9,4.2,0.9,1.2,0.5,0.1,0.0401,0.2701,0.0312,0.1908,0.0514,0.5836,0.026,0.8141,0.3303,0.1584,0.573,0.6664,2.5422,0.5394,0.4706,0.4706,0.4706,0.7893,0.0,0.6321,0.1264,0.5852,2.133,0.4348,5.7294,0.2069,0,0,0,0,0,0,0,0,0,0,0,0,0,0,0,0,0,0,0,0,0,836,30,38,23,31,586,172,154,126,22,50,0,13,50,50,39,57,2.3,3.0,0.8,1.1,20.3,5.0,5.3,4.4,0.8,1.7,0.0,1.4,1.7,1.7,1.4,2.0,49030,0.00015595384650000005,0.06277993849361828
35,New Mexico,NM,35001,Bernalillo County,35001003738,Census Tract 37.38; Bernalillo County; New Mexico,0.549288396402,5266,786,2525,325,2525,325,928,527,54,53,994,379,66,63,184,194,917,142,839,244,544,266,70,110,19,79,2737,851,1171,415,0,19,66,100,57,45,86,6,18.0,9.9,2.1,2.1,39.4,14.1,1.8,1.7,3.9,3.8,17.4,3.8,15.9,3.9,11.4,5.1,2.8,4.3,0.4,1.6,52.0,14.2,46.4,15.3,0.0,1.6,2.6,3.9,2.3,1.8,1.6,0.3,0.4817,0.1818,0.844,0.0839,0.277,1.8684,0.3148,0.5575,0.1876,0.4116,0.2742,0.3184,1.7493,0.125,0.6746,0.6746,0.6746,0.9253,0.0,0.6023,0.2826,0.7508,2.561,0.6235,6.8533,0.3719,0,0,0,0,0,0,0,0,0,0,0,0,0,0,1,0,0,0,0,1,1,3529,197,156,29,40,1499,581,217,136,415,501,0,19,543,359,34,48,7.8,6.1,0.6,0.8,28.5,9.9,4.1,2.7,7.9,9.1,0.0,0.8,10.3,6.3,0.6,0.9,49031,0.00014291243150000004,0.05523339023456008
35,New Mexico,NM,35001,Bernalillo County,35001003739,Census Tract 37.39; Bernalillo County; New Mexico,0.326741906316,2240,479,1122,186,955,208,157,93,109,112,180,86,156,131,4,7,421,219,589,254,393,155,153,107,0,52,1443,570,300,114,4,7,109,99,14,13,0,13,7.0,3.9,9.7,8.8,18.8,8.0,10.1,7.3,0.2,0.3,18.8,9.9,26.3,9.5,17.7,6.9,16.1,10.6,0.0,2.4,64.4,21.4,26.7,9.1,0.4,0.6,11.4,10.1,1.5,1.4,0.0,0.6,0.1323,0.8571,0.3031,0.5724,0.0105,1.8754,0.3169,0.6314,0.7724,0.777,0.9372,0.0,3.118,0.8491,0.7582,0.7582,0.7582,0.8383,0.4752,0.927,0.1949,0.0,2.4354,0.5686,8.187,0.5867,0,0,0,0,0,0,0,0,0,1,0,1,0,0,0,0,1,0,0,1,2,744,8,9,0,13,1006,355,23,23,409,349,0,13,5,8,0,13,0.8,1.0,0.0,1.8,44.9,14.1,1.0,1.1,18.3,13.9,0.0,1.8,0.2,0.3,0.0,1.8,49032,8.473046700000003e-05,0.037367465995436985
35,New Mexico,NM,35001,Bernalillo County,35001003740,Census Tract 37.40; Bernalillo County; New Mexico,0.470596175578,5598,933,3177,356,2879,298,1879,689,154,122,1039,308,169,148,744,328,445,164,1287,562,1034,371,130,116,154,188,3200,1240,1557,378,0,19,147,123,303,149,0,19,33.6,11.0,4.6,3.5,36.1,10.0,5.0,4.4,13.3,6.0,7.9,3.3,23.0,7.3,18.5,5.3,4.5,4.0,3.0,3.6,57.2,20.0,49.0,10.6,0.0,1.2,5.1,4.2,10.5,5.4,0.0,0.3,0.8029,0.4994,0.7917,0.2904,0.7932,3.1776,0.7089,0.1016,0.5879,0.8074,0.4495,0.6734,2.6198,0.5873,0.7109,0.7109,0.7109,0.9315,0.0,0.78,0.7602,0.0,2.4717,0.5844,8.98,0.7023,0,0,0,0,0,0,0,0,0,0,0,0,0,0,1,0,0,0,0,1,1,4142,233,233,642,309,1968,508,44,70,546,302,0,19,0,19,0,19,8.1,7.6,11.5,5.3,35.2,8.0,0.8,1.2,9.8,5.3,0.0,0.7,0.0,0.7,0.0,0.7,49033,0.00012073026250000003,0.04480948878653955
35,New Mexico,NM,35001,Bernalillo County,35001003741,Census Tract 37.41; Bernalillo County; New Mexico,5.235911461308,1974,423,839,133,839,133,40,40,5,9,36,45,11,18,10,13,695,173,355,210,81,44,17,25,16,55,543,593,2,13,0,13,0,18,21,23,0,13,2.0,2.0,0.7,1.3,4.3,5.3,0.7,1.2,0.5,0.7,35.2,9.7,18.0,7.4,4.1,2.5,2.0,3.0,0.9,2.9,27.5,29.5,0.2,1.5,0.0,4.7,0.0,2.1,2.5,2.6,0.0,0.7,0.0132,0.0487,0.0058,0.0287,0.0202,0.1166,0.0008,0.9677,0.2803,0.0242,0.191,0.4404,1.9036,0.1796,0.4362,0.4362,0.4362,0.2601,0.0,0.0,0.302,0.0,0.5621,0.0298,3.0185,0.0094,0,0,0,0,0,0,1,0,0,0,0,1,0,0,0,0,0,0,0,0,1,657,0,13,0,13,371,163,98,95,10,13,0,13,64,51,0,13,0.0,4.7,0.0,2.0,18.8,8.2,5.0,4.9,0.5,0.7,0.0,2.0,3.2,2.8,0.0,2.0,49034,0.0013444288025000004,0.21697770559260124
35,New Mexico,NM,35001,Bernalillo County,35001003742,Census Tract 37.42; Bernalillo County; New Mexico,10.419475599558,4814,639,2184,224,2148,222,327,172,164,111,281,139,11,17,87,85,1561,246,1090,403,746,226,68,57,29,58,1264,862,191,117,0,13,0,18,69,67,2,1,6.9,3.5,8.5,5.5,13.1,6.3,0.3,0.5,1.8,1.8,32.4,5.6,22.6,5.9,15.6,4.4,3.2,2.6,0.6,1.2,26.3,17.6,8.7,5.3,0.0,1.8,0.0,0.8,3.2,3.2,0.0,0.0,0.1291,0.808,0.1169,0.0152,0.1009,1.1701,0.1291,0.9549,0.5634,0.6783,0.3164,0.3747,2.8877,0.743,0.4207,0.4207,0.4207,0.6139,0.0,0.0,0.3734,0.0,0.9873,0.0823,5.4658,0.1737,0,0,0,0,0,0,1,0,0,0,0,1,0,0,0,0,0,0,0,0,1,1729,140,153,145,173,808,218,162,135,0,13,0,13,149,103,0,13,6.5,6.9,3.0,3.6,16.8,4.2,3.4,2.8,0.0,0.8,0.0,0.8,3.1,2.1,0.0,0.8,49035,0.0026864384410000006,0.2552836140284427
35,New Mexico,NM,35001,Bernalillo County,35001003743,Census Tract 37.43; Bernalillo County; New Mexico,1.28214628599,6303,668,2324,260,2324,260,521,339,107,114,446,169,170,97,371,255,830,160,1405,261,381,186,123,90,133,115,3415,865,184,108,35,53,8,24,88,104,0,19,8.3,5.3,3.1,3.2,19.2,6.9,3.7,2.2,5.9,3.9,13.2,2.9,22.3,3.4,6.1,2.9,5.3,3.8,2.2,1.9,54.2,12.5,7.9,4.6,1.5,2.2,0.3,1.0,3.8,4.3,0.0,0.3,0.1747,0.3112,0.3179,0.2039,0.4371,1.4448,0.1961,0.3263,0.5437,0.081,0.5243,0.611,2.0863,0.2651,0.6898,0.6898,0.6898,0.5967,0.5806,0.253,0.4271,0.0,1.8574,0.3218,6.0783,0.2547,0,0,0,0,0,0,0,0,0,0,0,0,0,0,0,0,0,0,0,0,0,8058,80,85,61,86,1697,446,1415,559,50,85,0,19,192,143,0,19,3.4,3.7,1.0,1.4,26.9,5.8,22.4,8.2,0.8,1.3,0.0,0.6,3.0,2.3,0.0,0.6,49036,0.0003275200785000001,0.08762893342908983
35,New Mexico,NM,35001,Bernalillo County,35001003744,Census Tract 37.44; Bernalillo County; New Mexico,1.24366929118,1555,241,416,45,416,45,25,40,0,13,28,24,0,13,0,13,81,57,594,186,90,63,0,18,0,52,438,399,0,18,0,13,0,18,53,62,0,13,1.6,2.6,0.0,5.8,6.7,5.7,0.0,4.7,0.0,2.5,5.2,4.1,38.2,8.1,5.8,4.1,0.0,4.3,0.0,3.4,28.2,25.3,0.0,4.3,0.0,9.2,0.0,4.3,12.7,14.8,0.0,0.8,0.0089,0.0,0.016,0.0,0.0,0.0249,0.0004,0.0402,0.9881,0.0693,0.0,0.0,1.0976,0.0262,0.4452,0.4452,0.4452,0.0,0.0,0.0,0.8112,0.0,0.8112,0.0552,2.3789,0.0022,0,0,0,0,0,0,0,1,0,0,0,1,0,0,0,0,0,0,0,0,1,1146,0,13,0,13,345,219,66,84,0,13,0,13,27,33,0,13,0.0,9.2,0.0,2.5,22.2,14.6,4.2,5.4,0.0,2.5,0.0,2.5,1.7,2.2,0.0,2.5,49037,0.0003178821810000001,0.11266827596684106
35,New Mexico,NM,35001,Bernalillo County,35001003745,Census Tract 37.45; Bernalillo County; New Mexico,1.347333431058,1334,233,567,25,528,45,257,128,17,25,124,69,40,38,0,13,377,97,73,100,364,108,0,18,0,52,444,256,22,30,219,94,0,18,41,33,6,2,19.6,9.2,2.7,3.7,23.5,12.9,3.2,3.2,0.0,3.0,28.3,6.5,5.5,7.1,27.4,5.2,0.0,3.4,0.0,3.9,33.3,18.3,3.9,5.3,38.6,16.0,0.0,3.4,7.8,6.4,0.4,0.1,0.5249,0.2574,0.4724,0.1718,0.0,1.4265,0.191,0.9191,0.0274,0.9707,0.0,0.0,1.9172,0.185,0.5046,0.5046,0.5046,0.4801,0.9741,0.0,0.6698,0.5488,2.6728,0.6724,6.5211,0.3208,0,0,0,0,0,0,1,0,1,0,0,2,0,0,0,1,0,0,0,1,3,6518,64,45,0,13,347,164,0,13,75,78,0,13,8,12,14,20,12.1,8.6,0.0,3.0,26.0,8.8,0.0,3.0,5.6,5.4,0.0,3.0,0.6,0.9,1.0,1.6,49038,0.0003480626725000001,0.07695935423062163
35,New Mexico,NM,35001,Bernalillo County,35001003746,Census Tract 37.46; Bernalillo County; New Mexico,1.472682603664,4931,748,2142,152,2133,150,364,292,20,25,485,185,347,267,160,146,781,299,918,252,702,242,52,59,109,154,2966,824,61,73,207,116,0,18,29,32,2,3,7.4,5.8,0.7,0.8,22.7,8.5,9.4,6.5,3.3,3.0,15.8,6.1,18.6,3.7,14.3,4.0,2.4,2.8,2.4,3.3,60.2,14.0,2.8,3.4,9.7,5.4,0.0,0.8,1.4,1.5,0.0,0.1,0.1454,0.0487,0.446,0.5415,0.2246,1.4062,0.1859,0.4682,0.3134,0.6035,0.232,0.6284,2.2455,0.3557,0.731,0.731,0.731,0.4352,0.788,0.0,0.1834,0.0,1.4066,0.1717,5.7893,0.2149,0,0,0,0,0,0,0,0,0,0,0,0,0,0,0,0,0,0,0,0,0,4559,279,141,0,13,2491,620,435,246,0,13,0,13,40,42,0,13,13.1,6.7,0.0,0.8,50.5,7.4,8.8,4.8,0.0,0.8,0.0,0.8,0.8,0.9,0.0,0.8,49039,0.0003775347920000001,0.08976644890416628
35,New Mexico,NM,35001,Bernalillo County,35001003803,Census Tract 38.03; Bernalillo County; New Mexico,37.00683808562,3315,458,1578,153,1413,163,124,89,40,28,159,91,100,65,178,116,830,172,690,204,445,161,43,45,19,54,637,632,0,18,118,69,12,15,8,12,0,13,3.7,2.6,2.5,1.8,11.3,6.3,4.3,2.8,5.4,3.5,25.0,5.3,20.8,4.4,13.5,4.7,3.1,3.2,0.6,1.6,19.2,18.9,0.0,1.1,7.5,4.4,0.9,1.1,0.6,0.9,0.0,0.4,0.0421,0.231,0.0746,0.2443,0.3995,0.9915,0.0903,0.8621,0.4477,0.5538,0.3056,0.3747,2.5439,0.5404,0.3183,0.3183,0.3183,0.0,0.7537,0.3604,0.0912,0.0,1.2053,0.1225,5.059,0.128,0,0,0,0,0,0,0,0,0,0,0,0,0,0,0,0,0,0,0,0,0,1870,107,65,16,28,544,212,5,9,47,47,0,13,16,14,9,15,7.6,4.6,0.5,0.8,16.4,6.0,0.2,0.3,1.4,1.4,0.0,1.2,0.5,0.4,0.3,0.5,49040,0.009479777534500003,0.4894414516110767
35,New Mexico,NM,35001,Bernalillo County,35001003804,Census Tract 38.04; Bernalillo County; New Mexico,23.69314343847,5437,620,2452,276,2289,258,690,393,81,95,523,209,242,198,305,174,1212,267,1066,308,676,227,0,26,150,147,1967,833,0,26,402,183,119,74,0,19,18,3,12.7,7.1,3.0,3.4,22.8,8.8,5.7,4.6,5.6,3.3,22.3,4.8,19.6,4.2,12.5,4.1,0.0,1.1,2.9,2.8,36.2,14.8,0.0,1.1,16.4,7.2,5.2,3.2,0.0,1.7,0.3,0.0,0.3196,0.2974,0.4492,0.336,0.4148,1.817,0.2994,0.7842,0.3716,0.4877,0.0,0.6664,2.3099,0.3945,0.5352,0.5352,0.5352,0.0,0.8645,0.785,0.0,0.5038,2.1533,0.4437,6.8154,0.3657,0,0,0,0,0,0,0,0,0,0,0,0,0,0,0,0,0,0,0,0,0,2048,156,126,0,19,1833,582,16,24,0,19,0,19,118,120,0,19,6.8,5.4,0.0,0.7,33.7,9.0,0.3,0.4,0.0,0.7,0.0,0.7,2.2,2.3,0.0,0.7,49041,0.006072950343500002,0.41177200748356707
35,New Mexico,NM,35001,Bernalillo County,35001003805,Census Tract 38.05; Bernalillo County; New Mexico,40.439860543702,2437,464,1185,210,1044,237,499,275,50,45,176,86,73,46,149,86,575,134,503,173,371,159,17,30,0,52,686,634,0,18,184,91,35,34,52,42,0,13,20.5,10.6,4.6,3.9,16.9,7.3,3.9,2.5,6.1,3.6,23.6,6.5,20.6,5.9,15.3,6.5,1.6,2.9,0.0,2.2,28.1,25.5,0.0,1.5,15.5,9.1,3.4,3.2,5.0,4.0,0.0,0.5,0.5486,0.4994,0.2343,0.2179,0.451,1.9512,0.3393,0.8262,0.4351,0.6619,0.1526,0.0,2.0758,0.2597,0.444,0.444,0.444,0.0,0.8559,0.6761,0.5185,0.0,2.0505,0.3994,6.5215,0.3209,0,0,0,0,0,0,0,0,0,0,0,0,0,0,0,0,0,0,0,0,0,1077,87,49,0,13,546,182,26,38,0,13,0,13,113,83,1,2,8.3,4.7,0.0,1.6,22.4,7.4,1.1,1.5,0.0,1.6,0.0,1.6,4.6,3.3,0.0,0.1,49042,0.010378373124500002,0.6152544783598032
35,New Mexico,NM,35001,Bernalillo County,35001003806,Census Tract 38.06; Bernalillo County; New Mexico,38.007033772212,3536,579,1557,158,1438,173,545,358,43,33,296,106,53,37,95,50,760,214,625,247,382,124,29,27,0,52,1525,639,0,18,178,80,37,51,10,16,0,13,15.4,9.8,2.6,2.0,20.6,6.9,1.9,1.3,2.7,1.5,21.5,6.9,17.7,5.2,10.8,3.1,2.0,1.9,0.0,1.5,43.1,16.6,0.0,1.2,11.4,5.0,2.6,3.5,0.7,1.1,0.0,0.4,0.4058,0.2441,0.3696,0.0894,0.1721,1.281,0.1548,0.7545,0.2655,0.368,0.191,0.0,1.579,0.0823,0.6026,0.6026,0.6026,0.0,0.8106,0.6023,0.1028,0.0,1.5157,0.2027,4.9783,0.1198,0,0,0,0,0,0,0,0,0,0,0,0,0,0,0,0,0,0,0,0,0,1956,182,79,0,13,1432,527,0,13,33,34,0,13,60,48,0,13,12.7,5.4,0.0,1.1,40.5,9.5,0.0,1.1,0.9,1.0,0.0,1.1,1.7,1.3,0.0,1.1,49043,0.009726072626000002,0.42083105891212197
35,New Mexico,NM,35001,Bernalillo County,35001003807,Census Tract 38.07; Bernalillo County; New Mexico,138.615901419768,5030,735,2311,272,2133,267,1149,548,83,64,480,245,65,62,298,241,1376,418,757,222,799,460,55,75,18,78,1651,1023,0,26,624,225,155,217,0,19,16,4,22.8,10.4,4.1,3.1,22.5,11.1,1.7,1.6,5.9,4.2,27.4,7.0,15.0,4.0,15.9,7.6,2.6,3.5,0.4,1.7,32.8,19.8,0.0,1.1,27.0,7.9,7.3,10.1,0.0,1.9,0.3,0.1,0.6057,0.4399,0.4385,0.0783,0.4371,1.9995,0.3537,0.9072,0.157,0.6942,0.2535,0.3184,2.3303,0.4068,0.4994,0.4994,0.4994,0.0,0.9366,0.8564,0.0,0.5038,2.2968,0.5072,7.126,0.4163,0,0,0,0,0,0,1,0,0,0,0,1,0,0,0,1,0,0,0,1,2,2449,183,131,0,19,1175,504,28,31,66,96,0,19,336,249,46,52,8.6,6.0,0.0,0.8,23.4,9.6,0.6,0.6,1.3,1.9,0.0,0.8,6.7,4.9,0.9,1.0,49044,0.03545306541250001,1.1493021162932318
35,New Mexico,NM,35001,Bernalillo County,35001004001,Census Tract 40.01; Bernalillo County; New Mexico,37.637992461286,4997,724,1753,190,1566,190,1702,601,157,98,512,176,535,168,790,498,741,144,1345,407,689,165,249,180,300,168,3815,789,42,69,391,121,51,57,11,16,191,27,34.3,11.0,6.9,4.7,32.7,10.5,17.2,5.2,15.8,9.2,14.8,3.4,26.9,5.4,13.8,3.2,15.9,11.3,6.4,3.5,76.3,11.3,2.4,3.9,22.3,7.0,3.3,3.6,0.7,1.0,3.8,0.8,0.8125,0.7132,0.7257,0.789,0.8544,3.8948,0.886,0.4133,0.799,0.5727,0.9348,0.8101,3.5299,0.9587,0.8262,0.8262,0.8262,0.4159,0.9106,0.6683,0.1028,0.8728,2.9704,0.7907,11.2213,0.9405,0,0,0,0,0,0,0,0,0,1,0,1,0,0,0,1,0,0,0,1,2,12601,265,155,60,123,3642,723,25,44,13,24,0,13,75,97,0,13,16.9,8.8,1.2,2.5,72.9,6.7,0.5,0.9,0.3,0.5,0.0,0.8,1.5,1.9,0.0,0.8,49045,0.009820631848500003,0.49182861653448834
35,New Mexico,NM,35001,Bernalillo County,35001004300,Census Tract 43; Bernalillo County; New Mexico,1.438567403148,5616,767,2293,260,2094,271,2855,681,359,184,942,295,666,284,664,310,1029,253,1196,271,1075,442,264,210,365,206,4506,836,180,116,69,63,58,68,245,159,59,3,51.4,10.0,14.5,7.3,45.0,12.8,16.5,6.9,11.9,5.4,18.3,4.3,21.3,4.1,19.3,6.5,12.6,9.9,7.1,3.9,80.2,10.1,7.8,5.0,3.0,2.8,2.8,3.2,11.7,7.1,1.1,0.2,0.9503,0.9526,0.9099,0.7735,0.7478,4.3341,0.9631,0.6062,0.4788,0.8348,0.879,0.8272,3.626,0.9717,0.8487,0.8487,0.8487,0.5944,0.6519,0.6221,0.7902,0.7006,3.3592,0.9055,12.168,0.9854,1,1,1,0,0,3,0,0,0,0,0,0,0,0,0,0,0,0,0,0,3,2776,543,213,94,111,4348,758,0,19,42,45,0,19,22,24,0,19,25.9,9.4,1.7,1.9,77.4,6.3,0.0,0.7,0.7,0.8,0.0,0.7,0.4,0.4,0.0,0.7,49046,0.0003918146785000001,0.08634122003134073
35,New Mexico,NM,35001,Bernalillo County,35001004401,Census Tract 44.01; Bernalillo County; New Mexico,1.135103972514,3146,779,1077,146,983,152,1281,385,21,25,360,116,742,249,367,140,474,123,575,195,709,215,97,77,374,161,2864,793,0,18,145,64,84,55,19,20,0,13,40.7,6.9,1.5,1.9,36.6,10.4,32.8,8.4,11.7,4.7,15.1,5.2,18.3,7.8,22.5,4.8,9.9,7.7,12.0,4.2,91.0,11.3,0.0,1.7,13.5,6.2,8.5,5.4,1.9,2.0,0.0,0.4,0.8815,0.1141,0.8004,0.9539,0.7406,3.4905,0.7927,0.4299,0.2968,0.9129,0.7988,0.9027,3.3411,0.9205,0.9146,0.9146,0.9146,0.0,0.8353,0.8841,0.2397,0.0,1.9591,0.3631,9.7053,0.7947,0,0,0,1,0,1,0,0,1,0,1,2,1,1,0,0,0,0,0,0,4,1804,167,72,17,28,2847,783,0,13,0,13,0,13,0,13,0,13,17.0,7.6,0.5,0.9,90.5,5.4,0.0,1.3,0.0,1.3,0.0,1.3,0.0,1.3,0.0,1.3,49047,0.00029204715250000007,0.07164001770504752
35,New Mexico,NM,35001,Bernalillo County,35001004402,Census Tract 44.02; Bernalillo County; New Mexico,1.970439510534,3580,570,1380,158,1274,166,1049,476,42,41,371,170,409,181,317,213,722,149,740,217,714,251,136,83,91,93,2839,668,35,54,72,61,30,41,60,45,27,5,29.4,12.5,2.6,2.5,29.1,12.8,17.2,7.0,8.9,5.7,20.2,4.6,20.7,4.8,20.1,6.4,10.6,6.4,2.7,2.8,79.3,13.7,2.5,3.9,5.2,4.5,2.4,3.2,4.7,3.7,0.8,0.1,0.7392,0.2441,0.6407,0.789,0.6208,3.0338,0.6685,0.6987,0.4414,0.8591,0.8239,0.6511,3.4742,0.9489,0.8434,0.8434,0.8434,0.421,0.7098,0.5801,0.4971,0.6574,2.8654,0.7509,10.2168,0.8524,0,0,0,0,0,0,0,0,0,0,0,0,0,0,0,0,0,0,0,0,0,4989,279,133,2,3,2702,383,0,13,15,14,21,28,90,93,9,15,21.9,9.3,0.1,0.1,75.5,8.4,0.0,1.1,0.4,0.4,0.6,0.8,2.5,2.5,0.3,0.4,49048,0.0005043309140000001,0.09990728355628203
35,New Mexico,NM,35001,Bernalillo County,35001004501,Census Tract 45.01; Bernalillo County; New Mexico,0.864705158854,3584,625,1245,248,1209,266,2017,540,93,78,596,273,666,244,682,372,653,332,1144,341,915,354,120,78,489,217,3378,637,6,17,348,247,156,103,16,19,0,13,56.8,11.6,7.1,6.1,49.3,19.8,32.6,10.6,19.0,9.9,18.2,8.3,31.9,6.5,25.5,7.6,10.0,6.1,15.0,6.1,94.3,6.7,0.5,1.4,28.0,15.8,12.9,8.0,1.3,1.6,0.0,0.4,0.9696,0.7272,0.9446,0.953,0.908,4.5024,0.982,0.6011,0.9368,0.9552,0.8026,0.9298,4.2255,0.999,0.9392,0.9392,0.9392,0.2806,0.9416,0.9417,0.1713,0.0,2.3352,0.5241,12.0023,0.9801,1,0,1,1,1,4,0,1,1,0,1,3,1,1,0,1,1,0,0,2,10,1242,424,276,0,13,3353,644,0,13,25,39,0,13,0,13,0,13,35.1,16.9,0.0,1.1,93.6,4.0,0.0,1.1,0.7,1.1,0.0,1.1,0.0,1.1,0.0,1.1,49049,0.00025429146650000006,0.07535670483624969
35,New Mexico,NM,35001,Bernalillo County,35001004502,Census Tract 45.02; Bernalillo County; New Mexico,1.133741418556,3375,1085,1253,167,1167,172,905,317,48,48,302,110,554,219,495,232,487,109,827,681,551,202,184,176,206,140,3060,1112,5,16,48,48,58,65,188,74,7,2,26.8,3.7,2.9,3.0,25.9,8.6,26.9,8.2,14.8,5.6,14.4,5.2,24.5,13.3,16.5,7.8,15.8,14.9,6.2,3.7,90.7,15.3,0.4,1.3,3.8,4.0,5.0,5.5,16.1,7.0,0.2,0.1,0.6918,0.2836,0.5498,0.919,0.8323,3.2765,0.7359,0.3905,0.68,0.7241,0.9336,0.8049,3.5331,0.9592,0.9127,0.9127,0.9127,0.2723,0.6754,0.7756,0.8631,0.4424,3.0288,0.8111,10.7511,0.9036,0,0,0,1,0,1,0,0,0,1,0,1,1,1,0,0,0,0,0,0,3,3253,190,77,9,18,2780,1042,0,13,211,184,5,10,55,38,0,13,16.3,6.7,0.3,0.6,82.4,8.4,0.0,1.2,6.3,5.5,0.1,0.3,1.6,1.1,0.0,1.2,49050,0.0002889511745000001,0.07853979901976173
35,New Mexico,NM,35001,Bernalillo County,35001004602,Census Tract 46.02; Bernalillo County; New Mexico,4.70510847036,3879,674,1551,164,1395,181,829,269,92,70,289,120,284,168,163,140,804,168,1050,340,518,191,42,40,0,52,3084,692,0,18,266,101,31,36,82,75,7,2,21.4,5.9,5.8,4.7,20.7,8.2,11.2,6.0,4.2,3.7,20.7,4.4,27.1,5.9,13.4,4.7,3.0,2.8,0.0,1.4,79.5,11.3,0.0,1.2,17.2,6.5,2.2,2.6,5.9,5.4,0.2,0.0,0.571,0.6232,0.3733,0.617,0.3028,2.4873,0.5016,0.7219,0.807,0.5471,0.2947,0.0,2.3707,0.432,0.8444,0.8444,0.8444,0.0,0.8716,0.5567,0.5759,0.4424,2.4466,0.5733,8.149,0.5808,0,0,0,0,0,0,0,0,0,0,0,0,0,0,0,0,0,0,0,0,0,2073,266,139,17,24,2988,685,0,13,27,31,0,13,45,44,7,12,19.1,9.7,0.4,0.6,77.0,5.5,0.0,1.0,0.7,0.8,0.0,1.0,1.2,1.2,0.2,0.3,49051,0.0012806616360000003,0.15184614313437436
35,New Mexico,NM,35001,Bernalillo County,35001004603,Census Tract 46.03; Bernalillo County; New Mexico,2.276185576192,3569,700,1292,149,1236,158,783,410,28,33,167,92,411,177,297,224,611,182,797,213,774,266,48,40,238,174,3206,716,0,18,173,114,65,70,36,46,69,12,22.1,10.7,1.9,2.3,13.5,7.2,16.8,8.2,8.4,6.3,17.1,6.2,22.3,4.5,21.8,6.1,3.9,3.2,7.0,4.9,89.8,9.6,0.0,1.4,13.4,8.8,5.3,5.6,2.9,3.9,1.9,0.5,0.5883,0.158,0.1271,0.7806,0.5961,2.2501,0.4289,0.5402,0.5437,0.8996,0.3894,0.8248,3.1977,0.8789,0.9066,0.9066,0.9066,0.0,0.8342,0.7893,0.3433,0.7754,2.7422,0.7016,9.0966,0.7186,0,0,0,0,0,0,0,0,0,0,0,0,1,1,0,0,0,0,0,0,1,3859,153,90,13,7,3047,686,0,13,146,175,0,13,0,13,0,13,12.4,7.3,0.4,0.2,85.4,6.0,0.0,1.1,4.1,4.9,0.0,1.1,0.0,1.1,0.0,1.1,49052,0.0006083851680000001,0.11600598620615145
35,New Mexico,NM,35001,Bernalillo County,35001004604,Census Tract 46.04; Bernalillo County; New Mexico,3.047841311352,4816,817,1559,152,1442,163,1039,374,28,30,436,167,757,300,333,226,849,182,1004,438,891,482,140,77,371,202,4007,841,13,25,188,105,31,35,43,42,160,24,21.6,6.9,1.3,1.3,30.2,11.1,22.3,9.3,6.9,4.5,17.6,4.7,20.8,7.3,18.6,9.0,9.7,5.2,8.0,4.1,83.2,10.3,0.8,1.6,12.1,6.5,2.2,2.4,3.0,2.9,3.3,0.7,0.5758,0.0949,0.6694,0.8734,0.5058,2.7193,0.574,0.5683,0.4477,0.8108,0.7909,0.8462,3.4639,0.9467,0.8653,0.8653,0.8653,0.3121,0.8193,0.5567,0.3532,0.8548,2.8961,0.7631,9.9446,0.8226,0,0,0,0,0,0,0,0,0,0,0,0,0,0,0,0,0,0,0,0,0,3026,265,94,36,39,3848,755,0,13,0,13,0,13,53,56,70,102,18.4,6.6,0.7,0.8,79.9,5.0,0.0,0.8,0.0,0.8,0.0,0.8,1.1,1.2,1.5,2.1,49053,0.0008514736420000002,0.13594928011031762
35,New Mexico,NM,35001,Bernalillo County,35001004712,Census Tract 47.12; Bernalillo County; New Mexico,2.6842760850919998,6966,1017,2345,198,2241,234,2308,865,142,123,806,330,702,328,699,367,485,224,1759,503,858,297,220,161,627,377,6623,1029,0,26,162,112,21,39,0,19,0,19,33.1,11.4,4.1,3.6,36.0,14.2,15.7,6.2,10.1,4.7,7.0,3.3,25.3,5.2,12.4,4.4,9.8,7.1,9.6,5.6,95.1,5.0,0.0,1.1,6.9,4.7,0.9,1.7,0.0,1.8,0.0,0.3,0.7963,0.4399,0.7897,0.756,0.6767,3.4586,0.7847,0.0761,0.7229,0.4813,0.7949,0.872,2.9472,0.7738,0.9454,0.9454,0.9454,0.0,0.7428,0.3604,0.0,0.0,1.1032,0.1031,8.4544,0.6267,0,0,0,0,0,0,0,0,0,0,0,0,1,1,0,0,0,0,0,0,1,2588,272,200,63,74,5596,1010,403,531,458,349,0,19,94,98,9,15,12.1,8.8,0.9,1.1,80.3,8.8,5.8,7.6,6.6,4.9,0.0,0.6,1.3,1.4,0.1,0.2,49054,0.0006867622035000002,0.14282614181976716
35,New Mexico,NM,35001,Bernalillo County,35001004713,Census Tract 47.13; Bernalillo County; New Mexico,1.090007258914,7853,1272,2260,263,2234,272,1950,944,133,85,847,266,745,300,901,537,632,202,2750,794,1083,318,233,156,127,123,7461,1282,0,26,84,87,142,116,33,36,0,19,25.0,11.4,4.0,2.8,37.9,11.0,16.7,6.9,11.5,5.9,8.0,2.9,35.0,6.2,13.8,5.1,10.4,6.9,1.8,1.7,95.0,5.5,0.0,1.2,3.7,3.7,6.4,5.1,1.5,1.7,0.0,0.2,0.6546,0.4267,0.8222,0.778,0.7332,3.4147,0.7735,0.1047,0.9718,0.5727,0.8169,0.572,3.0381,0.8163,0.9445,0.9445,0.9445,0.0,0.6724,0.83,0.1949,0.0,1.6973,0.2619,9.0946,0.7182,0,0,0,0,0,0,0,1,0,0,0,1,1,1,0,0,0,0,0,0,2,2818,242,138,99,101,6998,1278,10,20,242,212,0,19,112,115,0,19,10.8,6.2,1.3,1.3,89.1,3.1,0.1,0.3,3.1,2.7,0.0,0.5,1.4,1.5,0.0,0.5,49055,0.0002779252090000001,0.06892318298694856
35,New Mexico,NM,35001,Bernalillo County,35001004715,Census Tract 47.15; Bernalillo County; New Mexico,21.948407960178,4358,844,1555,232,1388,233,1886,679,86,55,621,272,977,446,911,479,468,302,1259,315,1229,404,179,122,591,343,3786,880,0,18,618,155,95,78,39,33,30,5,43.3,13.1,5.1,3.5,44.7,18.1,34.6,11.3,20.9,8.4,10.7,6.3,28.9,5.5,28.2,8.8,12.9,8.5,14.4,7.9,86.9,11.2,0.0,1.2,39.7,10.3,6.9,5.5,2.8,2.4,0.7,0.2,0.903,0.5535,0.9071,0.9615,0.9289,4.254,0.952,0.2043,0.8705,0.9752,0.8855,0.9254,3.8609,0.9904,0.887,0.887,0.887,0.0,0.9766,0.8449,0.3337,0.6376,2.7928,0.7221,11.7947,0.9721,1,0,1,1,1,4,0,0,1,0,1,2,0,0,0,1,0,0,0,1,7,5827,250,117,6,11,3752,813,17,19,0,13,0,13,11,17,0,13,18.0,8.8,0.1,0.3,86.1,5.7,0.4,0.4,0.0,0.9,0.0,0.9,0.3,0.4,0.0,0.9,49056,0.005627485269000002,0.3374142740401256
35,New Mexico,NM,35001,Bernalillo County,35001004716,Census Tract 47.16; Bernalillo County; New Mexico,1.42503684466,1947,666,1256,225,1192,220,478,162,25,25,496,169,61,50,542,651,383,100,341,335,488,233,64,81,8,52,1251,688,664,161,26,30,0,18,116,73,0,13,24.6,11.8,2.1,2.4,41.6,11.9,4.4,3.9,27.8,25.1,19.7,9.6,17.5,11.8,25.1,7.0,5.4,6.7,0.4,2.7,64.3,27.7,52.8,8.7,2.1,2.4,0.0,1.5,9.7,6.8,0.0,0.7,0.6459,0.1818,0.8725,0.2509,0.9719,2.923,0.6357,0.6753,0.2556,0.9509,0.5324,0.3184,2.7326,0.6576,0.7576,0.7576,0.7576,0.9407,0.6156,0.0,0.7374,0.0,2.2937,0.5058,8.7069,0.6639,0,0,0,0,1,1,0,0,1,0,0,1,0,0,1,0,0,0,0,1,3,10608,183,114,67,61,1082,588,20,25,49,63,0,13,33,41,0,13,15.4,8.6,3.4,3.3,55.6,13.0,1.0,1.4,2.5,3.3,0.0,2.0,1.7,2.2,0.0,2.0,49057,0.0003927818950000001,0.09407733799070676
35,New Mexico,NM,35001,Bernalillo County,35001004720,Census Tract 47.20; Bernalillo County; New Mexico,1.05112022378,3398,561,1746,251,1658,248,798,462,194,111,548,227,142,100,199,121,1025,228,641,329,576,145,148,183,27,64,1650,668,266,124,0,13,45,39,97,69,2,1,23.6,13.1,13.0,7.0,33.1,12.8,5.5,3.7,5.9,3.4,30.2,7.5,18.9,7.1,17.0,4.4,8.9,11.0,0.8,1.9,48.6,17.9,15.2,6.8,0.0,2.3,2.7,2.3,5.9,4.0,0.1,0.0,0.6242,0.9341,0.7341,0.3231,0.4371,3.0526,0.6739,0.9389,0.3303,0.7466,0.7577,0.4204,3.1939,0.8773,0.6488,0.6488,0.6488,0.7248,0.0,0.6121,0.5759,0.3692,2.282,0.5002,9.1773,0.729,0,1,0,0,0,1,1,0,0,0,0,1,0,0,0,0,0,0,0,0,2,1530,260,205,67,55,1424,388,4,9,58,54,0,13,97,74,0,13,15.7,11.2,2.0,1.7,41.9,7.4,0.1,0.3,1.7,1.6,0.0,1.2,2.9,2.2,0.0,1.2,49058,0.00027343593550000004,0.07256155387921208
35,New Mexico,NM,35001,Bernalillo County,35001004722,Census Tract 47.22; Bernalillo County; New Mexico,2.23890318097,5468,839,2596,513,2453,522,701,383,109,108,547,241,119,122,345,227,764,192,1051,309,449,237,161,125,79,133,3458,1025,316,168,0,19,22,43,134,134,243,14,13.4,7.0,3.4,3.4,22.3,8.6,3.2,3.2,6.3,4.2,14.0,3.9,19.2,4.6,8.2,4.1,6.5,4.9,1.5,2.6,63.2,16.0,12.1,6.0,0.0,1.5,0.9,1.7,5.5,5.5,4.4,0.7,0.3422,0.351,0.431,0.1718,0.4654,1.7614,0.2836,0.3684,0.3474,0.1887,0.6174,0.5368,2.0587,0.2512,0.7506,0.7506,0.7506,0.6778,0.0,0.3604,0.5518,0.89,2.48,0.5881,7.0507,0.4037,0,0,0,0,0,0,0,0,0,0,0,0,0,0,0,0,0,0,0,0,0,4843,177,123,67,71,2365,665,448,275,527,433,0,19,51,74,0,19,7.2,5.1,1.2,1.4,43.3,10.5,8.2,5.2,9.6,7.4,0.0,0.7,0.9,1.3,0.0,0.7,49059,0.0006167940110000001,0.12444148810422512
35,New Mexico,NM,35001,Bernalillo County,35001004723,Census Tract 47.23; Bernalillo County; New Mexico,1.7469764143,7087,1142,2697,356,2622,370,596,274,161,105,351,153,545,347,306,191,1173,152,1472,576,590,204,91,68,55,88,4293,1230,0,26,66,89,0,26,243,282,57,5,8.5,3.7,4.1,2.8,13.4,5.5,10.3,5.8,4.4,2.6,16.6,3.1,20.8,5.5,8.4,3.4,3.5,2.5,0.8,1.3,60.6,14.3,0.0,1.0,2.4,3.4,0.0,1.0,9.3,9.9,0.8,0.1,0.181,0.4399,0.1244,0.581,0.32,1.6463,0.2515,0.5127,0.4477,0.2011,0.3476,0.4204,1.9295,0.1904,0.7337,0.7337,0.7337,0.0,0.6291,0.0,0.725,0.6574,2.0115,0.384,6.321,0.2907,0,0,0,0,0,0,0,0,0,0,0,0,0,0,0,0,0,0,0,0,0,3336,264,294,366,247,3347,1002,198,165,0,19,0,19,192,105,190,279,10.1,10.2,5.2,3.5,47.2,8.5,2.8,2.3,0.0,0.6,0.0,0.6,2.7,1.5,2.7,3.9,49060,0.0004544545745000001,0.09019638950626646
35,New Mexico,NM,35001,Bernalillo County,35001004724,Census Tract 47.24; Bernalillo County; New Mexico,0.648542865338,3269,365,1266,176,1210,161,403,281,34,35,257,93,143,84,274,212,708,190,725,154,285,104,42,40,51,80,2115,450,0,18,0,13,6,16,20,22,16,4,12.4,8.5,2.0,2.0,21.2,7.1,6.2,3.4,8.4,6.1,21.7,5.0,22.2,4.1,8.8,3.0,3.5,3.3,1.7,2.6,64.7,11.7,0.0,1.4,0.0,3.1,0.5,1.3,1.7,1.8,0.5,0.1,0.3095,0.1698,0.3922,0.3674,0.5961,1.835,0.3047,0.762,0.537,0.2264,0.3476,0.561,2.434,0.4721,0.7598,0.7598,0.7598,0.0,0.0,0.2792,0.2177,0.5852,1.0821,0.0995,6.1109,0.2596,0,0,0,0,0,0,0,0,0,0,0,0,0,0,0,0,0,0,0,0,0,2130,62,56,12,21,1839,323,147,137,20,28,50,67,0,13,47,44,5.1,4.6,0.4,0.6,56.3,7.4,4.5,4.2,0.6,0.9,1.5,2.0,0.0,1.2,1.4,1.4,49061,0.00016584401700000005,0.07663131289094076
35,New Mexico,NM,35001,Bernalillo County,35001004725,Census Tract 47.25; Bernalillo County; New Mexico,0.70144694748,3578,550,1582,298,1568,297,610,492,122,103,258,131,399,365,78,66,684,227,590,129,434,292,134,108,157,125,2674,618,0,18,0,13,38,72,6,9,49,8,17.2,13.6,6.3,5.3,16.5,7.7,15.2,12.9,2.2,1.8,19.1,5.5,16.5,3.9,12.2,7.4,8.5,6.7,4.4,3.5,74.7,12.9,0.0,1.1,0.0,2.5,2.4,4.6,0.4,0.5,1.4,0.1,0.4585,0.6664,0.22,0.7435,0.1323,2.2207,0.4199,0.6468,0.2108,0.4672,0.7387,0.745,2.8085,0.701,0.8168,0.8168,0.8168,0.0,0.0,0.5801,0.0757,0.7326,1.3884,0.1667,7.2344,0.433,0,0,0,0,0,0,0,0,0,0,0,0,0,0,0,0,0,0,0,0,0,2457,163,154,1,3,2569,582,53,68,1,4,0,13,39,38,11,17,10.4,10.4,0.0,0.1,71.8,8.8,1.5,1.9,0.0,0.1,0.0,1.1,1.1,1.1,0.3,0.5,49062,0.00018156474500000006,0.06733634496973762
35,New Mexico,NM,35001,Bernalillo County,35001004726,Census Tract 47.26; Bernalillo County; New Mexico,0.439105696458,2111,415,1126,242,998,230,206,104,24,22,157,71,78,71,213,107,290,61,409,129,241,71,60,43,31,64,1421,423,0,18,0,13,0,18,4,6,0,13,9.8,4.6,2.1,1.9,15.7,6.1,4.9,4.3,10.3,5.0,13.7,3.4,19.4,4.4,11.6,4.1,6.0,4.1,1.5,3.1,67.3,15.0,0.0,1.6,0.0,3.5,0.0,1.8,0.4,0.7,0.0,0.6,0.2243,0.1818,0.1929,0.2838,0.6859,1.5687,0.2299,0.3526,0.3591,0.4257,0.5809,0.5368,2.2551,0.361,0.7754,0.7754,0.7754,0.0,0.0,0.0,0.0757,0.0,0.0757,0.0058,4.6749,0.0917,0,0,0,0,0,0,0,0,0,0,0,0,0,0,0,0,0,0,0,0,0,653,44,47,54,48,1241,401,63,93,30,33,0,13,33,30,0,13,4.4,5.0,2.6,2.3,58.8,8.6,3.0,4.3,1.4,1.6,0.0,1.9,1.6,1.4,0.0,1.9,49063,0.00011164306850000003,0.058215041075933456
35,New Mexico,NM,35001,Bernalillo County,35001004727,Census Tract 47.27; Bernalillo County; New Mexico,0.366718907396,1979,415,738,74,710,80,502,413,11,13,215,96,43,32,131,98,414,93,407,139,344,86,59,36,49,62,1363,441,0,18,0,13,10,19,20,20,14,3,25.4,20.2,1.2,1.5,30.3,13.1,3.0,2.4,6.6,4.3,20.9,4.3,20.6,3.5,17.4,5.7,8.3,5.0,2.6,3.3,68.9,17.0,0.0,2.4,0.0,5.3,1.4,2.7,2.8,2.8,0.7,0.0,0.6631,0.0859,0.6716,0.1583,0.4856,2.0645,0.3733,0.7305,0.4351,0.7642,0.7286,0.6439,3.3023,0.9102,0.7848,0.7848,0.7848,0.0,0.0,0.4461,0.3337,0.6376,1.4174,0.1745,7.569,0.4878,0,0,0,0,0,0,0,0,0,0,0,0,0,0,0,0,0,0,0,0,0,707,78,55,21,27,996,165,0,13,308,396,0,13,38,39,0,13,11.0,7.5,1.1,1.4,50.3,12.5,0.0,2.0,15.6,17.5,0.0,2.0,1.9,2.0,0.0,2.0,49064,9.577958000000002e-05,0.045152566821922493
35,New Mexico,NM,35001,Bernalillo County,35001004728,Census Tract 47.28; Bernalillo County; New Mexico,1.018046340358,5103,798,2074,287,2074,287,1027,495,78,93,369,181,129,103,288,253,1535,386,668,217,543,194,110,120,149,142,2922,1133,0,26,0,19,33,50,50,55,33,6,20.2,9.2,3.2,4.0,17.8,8.4,3.2,2.6,5.7,4.9,30.1,6.1,13.1,3.9,10.7,4.2,5.3,5.7,3.1,2.9,57.3,20.3,0.0,1.3,0.0,1.9,1.6,2.4,2.4,2.7,0.6,0.1,0.5411,0.3249,0.2668,0.1718,0.4224,1.727,0.2739,0.9381,0.1079,0.3607,0.5243,0.6797,2.6107,0.5817,0.7116,0.7116,0.7116,0.0,0.0,0.4774,0.2925,0.6146,1.3845,0.1657,6.4338,0.3074,0,0,0,0,0,0,1,0,0,0,0,1,0,0,0,0,0,0,0,0,1,2348,86,80,143,159,2404,522,0,19,268,189,0,19,107,84,0,19,4.1,3.8,2.8,3.1,47.1,10.5,0.0,0.8,5.3,3.7,0.0,0.8,2.1,1.6,0.0,0.8,49065,0.00026025569700000007,0.08352885203501856
35,New Mexico,NM,35001,Bernalillo County,35001004729,Census Tract 47.29; Bernalillo County; New Mexico,1.78617348934,3938,543,2004,187,1821,219,788,434,201,177,439,166,121,66,237,190,1143,279,619,294,406,215,148,106,31,58,2292,706,141,83,0,13,0,18,87,68,120,17,20.6,11.0,10.9,8.6,24.1,8.6,3.9,2.1,6.2,4.5,29.0,6.2,15.7,6.9,10.7,5.3,8.1,5.7,0.8,1.5,58.2,16.0,7.0,4.1,0.0,2.0,0.0,1.0,4.8,3.6,3.0,0.1,0.5512,0.8937,0.4925,0.2179,0.458,2.6133,0.5414,0.9274,0.1802,0.3607,0.7185,0.4204,2.6072,0.5797,0.7177,0.7177,0.7177,0.5747,0.0,0.0,0.5047,0.8415,1.9209,0.3473,7.8591,0.5351,0,0,0,0,0,0,1,0,0,0,0,1,0,0,0,0,0,0,0,0,1,5133,164,141,92,78,1966,409,61,73,149,71,0,13,1,2,23,37,9.0,7.3,2.3,2.0,49.9,8.4,1.5,1.8,3.8,1.8,0.0,1.0,0.0,0.1,0.6,0.9,49066,0.0004973653915000001,0.11559348829262307
35,New Mexico,NM,35001,Bernalillo County,35001004733,Census Tract 47.33; Bernalillo County; New Mexico,0.9499460557,6810,1088,2420,356,2368,371,2037,764,265,185,954,407,870,282,793,362,451,151,1652,501,890,307,234,167,634,321,6009,1158,0,26,42,67,102,83,149,115,0,19,30.3,10.2,6.8,4.2,40.3,16.0,20.2,6.1,11.6,4.6,6.6,2.5,24.3,5.1,13.1,4.9,9.9,6.9,9.7,4.6,88.2,9.5,0.0,1.1,1.7,2.8,4.3,3.4,6.3,5.0,0.0,0.3,0.7544,0.7063,0.8567,0.8429,0.7368,3.8971,0.8865,0.0664,0.6685,0.5272,0.7988,0.8736,2.9345,0.7673,0.896,0.896,0.896,0.0,0.5935,0.738,0.5982,0.0,1.9297,0.3508,9.6573,0.7891,0,0,0,0,0,0,0,0,0,0,0,0,0,0,0,0,0,0,0,0,0,4233,202,151,184,287,5825,1115,0,19,0,19,0,19,0,19,0,19,8.5,6.2,2.7,4.1,85.5,6.5,0.0,0.6,0.0,0.6,0.0,0.6,0.0,0.6,0.0,0.6,49067,0.00024347149950000005,0.0649069670833444
35,New Mexico,NM,35001,Bernalillo County,35001004734,Census Tract 47.34; Bernalillo County; New Mexico,0.631530052912,6873,1349,2310,277,2232,304,1849,586,182,112,809,229,1268,401,1835,587,545,189,1908,561,781,238,214,118,1104,360,6554,1361,0,26,688,153,178,96,29,35,5,7,26.9,6.7,4.9,3.3,36.2,9.0,31.4,7.9,26.8,6.1,7.9,3.0,27.8,4.0,11.4,4.0,9.6,5.1,16.9,4.3,95.4,6.4,0.0,1.1,29.8,6.3,8.0,4.2,1.3,1.5,0.1,0.1,0.6939,0.5322,0.7934,0.9478,0.9682,3.9355,0.8945,0.1016,0.8344,0.4116,0.7872,0.9428,3.0776,0.8329,0.9478,0.9478,0.9478,0.0,0.9488,0.8733,0.1713,0.3692,2.3626,0.5367,10.3235,0.8633,0,0,0,1,1,2,0,0,0,0,1,1,1,1,0,1,0,0,0,1,5,2021,219,99,80,56,6321,1372,0,19,128,76,0,19,25,42,0,19,9.8,4.5,1.2,0.8,92.0,3.1,0.0,0.6,1.9,1.2,0.0,0.6,0.4,0.6,0.0,0.6,49068,0.00016149420700000005,0.061515141649713126
35,New Mexico,NM,35001,Bernalillo County,35001004735,Census Tract 47.35; Bernalillo County; New Mexico,0.74170966404,1873,481,649,65,572,85,844,296,52,52,134,64,303,141,595,276,122,69,657,274,203,84,50,38,352,167,1716,492,0,18,256,75,56,52,19,13,0,13,45.1,10.8,7.0,5.7,23.4,10.6,28.7,12.1,31.8,12.5,6.5,3.7,35.1,7.2,10.9,5.0,8.7,6.5,19.7,7.9,91.6,11.7,0.0,2.8,39.4,10.1,9.7,9.0,3.3,2.4,0.0,0.7,0.9162,0.7204,0.469,0.9313,0.9838,4.0207,0.9114,0.064,0.9726,0.3753,0.7482,0.9587,3.1188,0.8495,0.919,0.919,0.919,0.0,0.9759,0.9046,0.3833,0.0,2.2638,0.4924,10.3223,0.8632,1,0,0,1,1,3,0,1,0,0,1,2,1,1,0,1,1,0,0,2,8,1406,78,53,28,46,1596,459,5,10,34,40,0,13,4,6,49,72,13.6,9.8,1.5,2.4,85.2,8.3,0.3,0.5,1.8,2.2,0.0,2.1,0.2,0.3,2.6,3.9,49069,0.00019008993250000004,0.06691181009759181
35,New Mexico,NM,35001,Bernalillo County,35001004736,Census Tract 47.36; Bernalillo County; New Mexico,4.940295553824,1452,267,471,86,457,88,789,280,30,35,181,85,320,110,645,250,63,54,415,149,148,78,29,43,314,186,1350,282,0,18,416,87,11,20,0,13,0,13,54.3,16.5,4.1,4.9,39.6,17.0,36.0,11.7,44.4,12.7,4.3,3.4,28.6,7.4,10.2,5.8,6.3,9.3,23.8,13.3,93.0,9.2,0.0,3.8,88.3,8.5,2.4,4.4,0.0,8.4,0.0,0.9,0.9614,0.4399,0.8469,0.9664,0.9971,4.2117,0.9454,0.0282,0.8614,0.3246,0.6033,0.9746,2.7921,0.6913,0.9295,0.9295,0.9295,0.0,0.9996,0.5801,0.0,0.0,1.5797,0.2221,9.513,0.7716,1,0,0,1,1,3,0,0,0,0,1,1,1,1,0,1,0,0,0,1,6,1565,42,34,0,13,1297,310,0,13,53,73,0,13,0,13,0,13,9.2,7.4,0.0,2.7,89.3,8.9,0.0,2.7,3.7,5.1,0.0,2.7,0.0,2.7,0.0,2.7,49070,0.0012840755550000004,0.14788226623855327
35,New Mexico,NM,35001,Bernalillo County,35001004737,Census Tract 47.37; Bernalillo County; New Mexico,1.036258385596,9052,953,2910,334,2845,341,2363,1005,186,141,898,336,367,137,424,337,269,80,3170,612,755,292,567,228,184,146,7229,1179,0,26,47,63,141,112,0,19,0,19,26.2,10.8,4.3,3.2,31.6,11.2,7.7,2.7,4.7,3.8,3.0,1.0,35.0,4.2,8.4,3.1,20.0,7.6,2.2,1.8,79.9,9.9,0.0,0.9,1.6,2.1,4.9,3.9,0.0,1.4,0.0,0.2,0.6794,0.4642,0.7016,0.4547,0.3441,2.644,0.5511,0.0176,0.9718,0.2011,0.9698,0.611,2.7713,0.6799,0.8468,0.8468,0.8468,0.0,0.5875,0.7706,0.0,0.0,1.3581,0.1587,7.6202,0.4965,0,0,0,0,0,0,0,1,0,1,0,2,0,0,0,0,0,0,0,0,2,2444,70,55,282,199,6031,961,224,314,370,257,0,19,307,199,15,27,2.5,2.0,3.1,2.3,66.6,7.9,2.5,3.6,4.1,2.8,0.0,0.4,3.4,2.2,0.2,0.3,49071,0.00026540894200000005,0.06675292529283729
35,New Mexico,NM,35001,Bernalillo County,35001004738,Census Tract 47.38; Bernalillo County; New Mexico,1.401755280162,6354,740,2447,321,2343,330,2462,746,343,203,533,197,691,223,1331,411,378,183,1562,327,742,301,231,120,462,203,5738,759,133,97,549,275,74,67,49,46,0,19,38.7,10.8,9.8,5.1,22.7,7.8,17.6,5.6,21.1,5.9,5.9,2.8,24.6,4.0,11.8,4.5,9.9,4.9,7.7,3.2,90.3,5.7,5.4,3.9,22.4,9.2,3.2,2.8,2.1,2.0,0.0,0.3,0.8631,0.8607,0.446,0.7975,0.9309,3.8982,0.8868,0.0521,0.6858,0.4395,0.7988,0.84,2.8162,0.7054,0.91,0.91,0.91,0.5303,0.9112,0.6597,0.2614,0.0,2.3626,0.5367,9.987,0.8275,0,0,0,0,1,1,0,0,0,0,0,0,1,1,0,1,0,0,0,1,3,3686,522,313,270,196,5174,714,96,103,11,17,0,19,187,154,0,19,22.3,11.1,4.2,3.0,81.4,4.9,1.5,1.6,0.2,0.3,0.0,0.6,2.9,2.4,0.0,0.6,49072,0.0003588233665000001,0.08343905757794548
35,New Mexico,NM,35001,Bernalillo County,35001004739,Census Tract 47.39; Bernalillo County; New Mexico,0.7817793296,7000,1432,2289,373,2222,372,2263,793,179,163,943,383,933,350,868,367,588,215,2204,461,1063,514,317,150,598,353,6507,1447,0,26,329,133,88,91,20,33,0,19,32.4,9.2,5.5,5.0,42.4,15.7,23.7,9.6,12.4,6.1,8.4,3.5,31.5,4.2,15.2,5.3,14.3,6.3,9.2,5.1,93.0,8.1,0.0,1.1,14.4,6.2,3.9,4.0,0.9,1.5,0.0,0.3,0.7858,0.5943,0.8826,0.8898,0.7649,3.9174,0.8909,0.1172,0.9302,0.6565,0.9122,0.8664,3.4825,0.9505,0.9295,0.9295,0.9295,0.0,0.8452,0.7126,0.1264,0.0,1.6842,0.2572,10.0136,0.8307,0,0,0,0,0,0,0,1,0,1,0,2,1,1,0,0,0,0,0,0,3,3703,162,71,77,72,6043,1334,44,73,112,107,0,19,231,184,0,19,7.3,3.5,1.1,1.0,86.3,3.6,0.6,1.1,1.6,1.6,0.0,0.6,3.3,2.8,0.0,0.6,49073,0.00019997277850000006,0.06015713255741369
35,New Mexico,NM,35001,Bernalillo County,35001004742,Census Tract 47.42; Bernalillo County; New Mexico,1.681820929596,6078,787,3023,534,2964,545,1473,486,157,86,736,242,629,230,541,303,959,217,1255,289,792,237,190,122,28,78,4334,862,56,49,40,46,14,29,50,50,66,15,24.6,7.4,4.7,2.8,24.8,6.8,14.5,5.4,9.0,4.8,15.8,3.9,20.6,4.5,13.1,4.0,6.4,3.9,0.5,1.4,71.3,10.8,1.9,1.6,1.3,1.5,0.5,1.0,1.7,1.7,1.1,0.2,0.6459,0.5102,0.5149,0.7247,0.6261,3.0218,0.6653,0.4682,0.4351,0.5272,0.6102,0.3495,2.3902,0.444,0.7982,0.7982,0.7982,0.3894,0.5671,0.2792,0.2177,0.7006,2.154,0.4439,8.3642,0.6125,0,0,0,0,0,0,0,0,0,0,0,0,0,0,0,0,0,0,0,0,0,4863,234,116,195,190,3588,688,159,109,211,144,0,19,181,149,0,19,7.9,4.0,3.2,3.1,59.0,6.5,2.6,1.9,3.5,2.4,0.0,0.7,3.0,2.4,0.0,0.7,49074,0.0004396992005000001,0.09481666167911465
35,New Mexico,NM,35001,Bernalillo County,35001004743,Census Tract 47.43; Bernalillo County; New Mexico,0.57985956666,4131,728,1468,174,1427,182,823,503,94,66,392,151,271,140,212,114,327,110,992,312,293,125,180,93,125,125,3086,786,0,18,0,13,13,23,7,11,0,13,19.9,11.7,4.1,2.8,27.5,10.0,10.1,5.5,5.1,2.8,7.9,3.0,24.0,5.4,7.1,2.9,12.6,6.3,3.2,3.1,74.7,13.7,0.0,1.2,0.0,2.7,0.9,1.6,0.5,0.8,0.0,0.3,0.533,0.4399,0.5969,0.5724,0.3768,2.519,0.5118,0.1016,0.6507,0.1261,0.879,0.6858,2.4432,0.4783,0.8168,0.8168,0.8168,0.0,0.0,0.3604,0.0819,0.0,0.4423,0.0206,6.2213,0.2756,0,0,0,0,0,0,0,0,0,0,0,0,0,0,0,0,0,0,0,0,0,2302,169,74,5,13,2688,763,74,108,214,219,0,13,94,74,11,17,11.8,5.3,0.1,0.3,65.1,9.1,1.8,2.6,5.2,5.2,0.0,1.0,2.3,1.9,0.3,0.4,49075,0.00014853212750000003,0.059861939777597115
35,New Mexico,NM,35001,Bernalillo County,35001004744,Census Tract 47.44; Bernalillo County; New Mexico,7.950227054204,7373,825,2599,191,2510,207,668,301,67,58,453,158,448,232,923,442,1086,133,1800,409,896,236,85,70,58,84,5396,880,0,26,48,51,16,30,54,59,0,19,9.1,4.0,1.9,1.6,18.0,6.1,8.7,4.4,12.6,5.9,14.7,2.4,24.4,3.8,12.2,3.5,3.4,2.8,0.8,1.2,73.2,8.7,0.0,1.0,1.8,2.0,0.6,1.2,2.2,2.4,0.0,0.3,0.2013,0.158,0.274,0.5057,0.7712,1.9102,0.3271,0.4079,0.6746,0.4672,0.3371,0.4204,2.3072,0.3931,0.8086,0.8086,0.8086,0.0,0.5993,0.2983,0.2719,0.0,1.1695,0.1151,6.1955,0.2718,0,0,0,0,0,0,0,0,0,0,0,0,0,0,0,0,0,0,0,0,0,2233,165,93,198,127,4400,706,260,128,156,147,38,48,236,144,108,165,6.6,3.9,2.7,1.7,59.7,5.4,3.5,1.8,2.1,1.9,0.5,0.6,3.2,1.9,1.5,2.2,49076,0.0020606799550000007,0.23591136190091755
35,New Mexico,NM,35001,Bernalillo County,35001004745,Census Tract 47.45; Bernalillo County; New Mexico,1.153110611488,6350,1047,2355,298,2281,319,867,476,50,79,572,196,329,240,194,126,876,189,1560,365,498,308,39,38,13,74,4002,1173,106,64,0,19,53,59,14,26,112,4,13.9,7.3,1.6,2.4,25.1,7.8,7.2,4.7,3.2,2.1,13.8,3.8,24.6,3.5,8.1,4.7,1.7,1.6,0.2,1.2,63.0,15.3,4.5,2.7,0.0,1.7,2.3,2.6,0.6,1.1,1.8,0.3,0.3584,0.1241,0.5252,0.4274,0.2162,1.6513,0.2531,0.3581,0.6858,0.1826,0.1619,0.2531,1.6415,0.0961,0.7491,0.7491,0.7491,0.5019,0.0,0.5693,0.0912,0.7677,1.9301,0.351,5.972,0.2399,0,0,0,0,0,0,0,0,0,0,0,0,0,0,0,0,0,0,0,0,0,2787,251,132,96,89,3585,931,45,59,98,70,0,19,178,126,0,19,11.0,6.0,1.5,1.4,56.5,8.4,0.7,1.0,1.5,1.0,0.0,0.6,2.8,2.0,0.0,0.6,49077,0.0003032786900000001,0.07749034567833693
35,New Mexico,NM,35001,Bernalillo County,35001004747,Census Tract 47.47; Bernalillo County; New Mexico,1.090710350656,4553,565,2011,268,1963,252,1387,660,32,29,588,221,53,46,109,72,928,380,1130,361,671,163,290,146,27,59,2646,742,196,94,23,35,91,76,89,70,0,13,30.5,14.0,1.5,1.3,30.0,10.6,1.6,1.5,2.4,1.6,20.4,6.8,24.8,6.3,14.7,3.5,14.8,7.2,0.6,1.4,58.1,14.6,9.8,4.5,1.1,1.7,4.6,3.8,4.5,3.5,0.0,0.3,0.7578,0.1141,0.6642,0.0725,0.1479,1.7565,0.2822,0.708,0.6964,0.6281,0.9202,0.3747,3.3274,0.9171,0.717,0.717,0.717,0.6369,0.5525,0.7553,0.4826,0.0,2.4273,0.5652,8.2282,0.5928,0,0,0,0,0,0,0,0,0,1,0,1,0,0,0,0,0,0,0,0,1,2732,191,154,197,165,2166,520,46,59,208,241,0,13,16,43,13,21,9.7,7.4,4.3,3.5,47.6,9.2,1.0,1.3,4.6,5.3,0.0,0.9,0.4,0.9,0.3,0.5,49078,0.00028048693400000005,0.07456400696104128
35,New Mexico,NM,35001,Bernalillo County,35001004749,Census Tract 47.49; Bernalillo County; New Mexico,0.476364539458,4746,729,2143,230,1992,236,2207,620,140,91,1055,277,366,239,518,247,802,229,1015,330,441,164,180,89,212,151,3537,784,857,251,0,13,121,124,266,174,112,8,47.6,11.1,5.8,3.8,53.0,12.4,10.8,6.6,11.2,4.5,16.9,5.1,21.4,4.6,9.5,3.3,9.1,4.3,4.8,3.3,74.5,11.9,40.0,10.9,0.0,1.8,6.1,6.2,13.4,7.9,2.4,0.4,0.9312,0.6232,0.9656,0.6015,0.7227,3.8442,0.8752,0.5294,0.4849,0.2743,0.7667,0.761,2.8163,0.7054,0.8158,0.8158,0.8158,0.9059,0.0,0.8198,0.8237,0.81,3.3594,0.9055,10.8357,0.9108,1,0,1,0,0,2,0,0,0,0,0,0,0,0,1,0,0,0,0,1,3,2618,358,181,331,255,2953,659,31,26,121,107,10,17,91,79,0,13,18.0,8.2,7.0,5.3,62.2,7.0,0.7,0.6,2.5,2.3,0.2,0.4,1.9,1.8,0.0,0.8,49079,0.00012263003550000003,0.055240409996232955
35,New Mexico,NM,35001,Bernalillo County,35001004750,Census Tract 47.50; Bernalillo County; New Mexico,0.931217792088,6209,908,2557,212,2447,246,1123,516,87,73,644,222,183,141,572,468,798,222,1383,410,676,196,161,137,0,76,4687,970,145,125,0,19,68,61,0,19,12,4,18.2,7.9,2.4,2.1,26.3,8.7,4.1,3.1,9.2,6.7,12.9,4.2,22.3,4.9,10.9,3.8,6.6,5.6,0.0,1.3,75.5,11.1,5.7,4.9,0.0,1.5,2.8,2.5,0.0,1.6,0.2,0.1,0.4874,0.2186,0.5619,0.2312,0.6356,2.1347,0.3945,0.3099,0.5437,0.3753,0.6241,0.0,1.853,0.1597,0.8215,0.8215,0.8215,0.5397,0.0,0.6221,0.0,0.4424,1.6042,0.2305,6.4134,0.3042,0,0,0,0,0,0,0,0,0,0,0,0,0,0,0,0,0,0,0,0,0,3516,187,140,302,212,3784,734,24,40,417,370,0,19,123,97,37,60,7.6,5.7,4.9,3.4,60.9,7.5,0.4,0.6,6.7,5.7,0.0,0.6,2.0,1.6,0.6,0.9,49080,0.00023872758550000007,0.07483718376266696
35,New Mexico,NM,35001,Bernalillo County,35001004752,Census Tract 47.52; Bernalillo County; New Mexico,0.741585339196,3847,548,1561,164,1485,163,825,317,141,121,400,148,243,97,440,209,637,134,789,194,392,134,104,79,8,53,2201,641,163,84,0,13,62,54,42,66,9,3,21.4,7.7,7.1,5.5,26.9,9.5,9.3,3.6,11.5,4.8,16.6,3.1,20.5,4.3,10.3,3.6,7.0,5.3,0.2,1.4,57.2,14.5,10.5,5.3,0.0,2.5,4.1,3.6,2.8,4.3,0.2,0.1,0.571,0.7272,0.5804,0.5369,0.7332,3.1487,0.7014,0.5127,0.4294,0.3319,0.6522,0.2531,2.1793,0.3168,0.7109,0.7109,0.7109,0.6501,0.0,0.7254,0.3337,0.4424,2.1516,0.443,8.1905,0.5873,0,0,0,0,0,0,0,0,0,0,0,0,0,0,0,0,0,0,0,0,0,3548,70,68,74,56,1385,414,155,151,347,261,0,13,229,141,11,18,4.7,4.3,1.9,1.4,36.0,8.8,4.0,3.8,9.0,6.8,0.0,1.0,6.0,3.6,0.3,0.5,49081,0.00018944768700000005,0.06254350466311892
35,New Mexico,NM,35001,Bernalillo County,35001004753,Census Tract 47.53; Bernalillo County; New Mexico,1.068223384074,4149,1004,1675,222,1664,225,476,270,70,47,380,133,170,174,314,216,469,90,981,546,373,124,67,66,76,98,2596,1070,286,159,121,104,57,64,9,14,7,3,11.5,5.9,3.0,2.0,22.8,7.4,6.0,6.1,7.6,5.1,11.3,3.2,23.6,7.9,9.0,3.8,4.0,3.9,2.0,2.5,62.6,20.9,17.1,9.2,7.2,6.4,3.4,3.8,0.5,0.9,0.2,0.1,0.2799,0.2974,0.4492,0.3546,0.5493,1.9304,0.3328,0.2307,0.6264,0.2399,0.3995,0.5928,2.0893,0.2666,0.7463,0.7463,0.7463,0.7498,0.7484,0.6761,0.0819,0.4424,2.6986,0.6838,7.4646,0.4709,0,0,0,0,0,0,0,0,0,0,0,0,0,0,0,0,0,0,0,0,0,2873,74,76,173,145,2173,993,41,47,195,183,0,13,14,27,0,13,4.4,4.6,4.2,3.6,52.4,13.3,1.0,1.2,4.7,4.5,0.0,1.0,0.3,0.7,0.0,1.0,49082,0.00028240912400000006,0.0918650445323369
35,New Mexico,NM,35001,Bernalillo County,35001004754,Census Tract 47.54; Bernalillo County; New Mexico,0.83196486756,4602,959,1745,213,1745,213,499,264,150,100,349,167,80,68,192,198,431,86,1528,590,274,126,116,84,42,76,3279,1020,0,18,0,13,0,18,21,34,2,2,11.0,5.3,6.3,4.3,20.0,9.3,2.8,2.3,4.2,4.5,9.4,2.7,33.2,6.7,6.0,3.1,6.7,4.7,1.0,1.7,71.3,16.4,0.0,1.0,0.0,2.3,0.0,1.0,1.2,2.0,0.0,0.0,0.2636,0.6664,0.3473,0.1453,0.3028,1.7254,0.2735,0.1529,0.9545,0.0772,0.6312,0.4592,2.275,0.3729,0.7982,0.7982,0.7982,0.0,0.0,0.0,0.1602,0.0,0.1602,0.0089,4.9588,0.1179,0,0,0,0,0,0,0,1,0,0,0,1,0,0,0,0,0,0,0,0,1,1280,97,66,304,280,2601,913,0,13,265,228,0,13,88,67,21,33,5.6,4.1,6.6,6.1,56.5,9.2,0.0,0.9,5.8,5.3,0.0,0.9,1.9,1.5,0.5,0.7,49083,0.00021428502200000006,0.069178978307473
35,New Mexico,NM,35001,Bernalillo County,35001004755,Census Tract 47.55; Bernalillo County; New Mexico,2.015779854496,3775,578,1419,142,1389,152,178,123,114,90,182,102,108,124,303,191,436,143,996,258,278,115,78,57,33,57,2490,645,0,18,0,13,17,29,10,24,0,13,4.7,3.2,5.8,4.5,13.1,7.2,4.1,4.3,8.2,4.7,11.5,4.1,26.4,4.8,7.6,3.3,5.6,4.1,0.9,1.6,66.0,13.8,0.0,1.3,0.0,2.8,1.2,2.1,0.7,1.7,0.0,0.3,0.066,0.6232,0.1169,0.2312,0.5851,1.6224,0.2449,0.24,0.7771,0.1527,0.5491,0.4404,2.1593,0.3057,0.7678,0.7678,0.7678,0.0,0.0,0.4136,0.1028,0.0,0.5164,0.0261,5.0659,0.1287,0,0,0,0,0,0,0,0,0,0,0,0,0,0,0,0,0,0,0,0,0,3240,47,54,60,62,1796,561,142,90,368,321,0,13,124,94,0,13,3.4,3.9,1.6,1.7,47.6,10.2,3.8,2.5,9.7,8.0,0.0,1.1,3.3,2.7,0.0,1.1,49084,0.0005247683985000001,0.15119104858866178
35,New Mexico,NM,35001,Bernalillo County,35001004756,Census Tract 47.56; Bernalillo County; New Mexico,1.548247398288,4394,594,1566,104,1502,123,548,261,146,63,345,117,135,100,147,98,470,84,1063,189,720,380,145,75,39,57,2788,729,65,73,0,13,0,18,0,13,5,4,12.5,5.7,5.9,2.9,23.0,7.6,4.7,3.3,3.3,2.2,10.7,2.2,24.2,4.2,16.4,6.9,9.6,4.9,0.9,1.4,63.5,14.2,4.2,4.7,0.0,2.5,0.0,1.2,0.0,2.6,0.1,0.1,0.3128,0.6328,0.4556,0.2706,0.2246,1.8964,0.3228,0.2043,0.6627,0.7193,0.7872,0.4404,2.8139,0.704,0.7524,0.7524,0.7524,0.4912,0.0,0.0,0.0,0.3692,0.8604,0.0617,6.3231,0.291,0,0,0,0,0,0,0,0,0,0,0,0,0,0,0,0,0,0,0,0,0,3778,125,71,185,129,2084,545,84,62,144,113,0,13,185,105,106,102,8.3,4.7,4.2,2.8,47.4,8.9,1.9,1.4,3.3,2.6,0.0,0.9,4.2,2.4,2.4,2.3,49085,0.0004005081115000001,0.14799291669313186
35,New Mexico,NM,35001,Bernalillo County,35001004757,Census Tract 47.57; Bernalillo County; New Mexico,0.651775311282,5434,738,1984,338,1934,350,796,463,85,62,507,290,40,42,20,32,788,267,1402,289,735,433,285,217,71,95,2775,960,0,26,0,19,14,30,192,224,0,19,14.6,8.3,2.7,2.0,26.2,14.2,1.1,1.2,0.4,0.6,14.5,4.5,25.8,4.5,13.6,7.1,14.8,10.9,1.4,1.8,51.1,16.2,0.0,1.3,0.0,2.0,0.7,1.5,9.9,10.7,0.0,0.3,0.3813,0.2574,0.5588,0.0461,0.0164,1.26,0.1497,0.3961,0.7492,0.5602,0.9202,0.5229,3.1486,0.8606,0.6674,0.6674,0.6674,0.0,0.0,0.3188,0.7436,0.0,1.0624,0.0955,6.1384,0.2634,0,0,0,0,0,0,0,0,0,1,0,1,0,0,0,0,0,0,0,0,1,1462,204,221,9,19,2541,435,62,67,33,52,0,19,89,99,41,74,10.5,10.5,0.2,0.3,46.8,6.8,1.1,1.2,0.6,1.0,0.0,0.7,1.6,1.8,0.8,1.4,49086,0.00016952641900000004,0.05644999012731322
35,New Mexico,NM,35001,Bernalillo County,35001004758,Census Tract 47.58; Bernalillo County; New Mexico,0.665235599206,3846,477,1363,193,1363,193,636,343,183,134,265,128,78,104,221,203,357,116,1197,187,404,225,344,209,11,53,2347,553,0,18,0,13,19,32,35,39,0,13,16.5,8.7,9.5,6.0,19.4,9.0,3.4,4.5,5.7,4.8,9.3,3.2,31.1,3.2,10.5,5.5,25.2,14.9,0.3,1.4,61.0,12.2,0.0,1.3,0.0,2.9,1.4,2.3,2.6,2.9,0.0,0.3,0.4383,0.8503,0.3255,0.1848,0.4224,2.2213,0.4201,0.149,0.9229,0.3463,0.9884,0.285,2.6916,0.6325,0.7362,0.7362,0.7362,0.0,0.0,0.4461,0.312,0.0,0.7581,0.049,6.4072,0.3034,0,0,0,0,0,0,0,1,0,1,0,2,0,0,0,0,0,0,0,0,2,3099,57,49,0,13,1681,256,85,118,284,307,0,13,297,194,0,13,4.2,3.6,0.0,1.0,43.7,8.2,2.2,3.1,7.4,7.4,0.0,1.0,7.7,4.5,0.0,1.0,49087,0.00017272803550000005,0.060327031824597824
35,New Mexico,NM,35001,Bernalillo County,35001004759,Census Tract 47.59; Bernalillo County; New Mexico,1.195505383292,3251,736,1229,238,1199,244,1478,626,185,168,330,239,469,249,247,173,176,50,832,389,505,265,126,95,298,186,2997,749,134,123,707,263,52,62,0,13,5,2,45.5,16.3,10.5,9.0,27.5,19.1,23.7,12.6,7.6,5.2,5.4,2.0,25.6,7.2,15.5,7.7,10.5,7.6,9.7,5.7,92.2,9.8,10.9,9.8,57.5,14.8,4.3,5.1,0.0,3.3,0.2,0.0,0.9189,0.8829,0.5969,0.8898,0.5493,3.8378,0.8737,0.0432,0.7391,0.6728,0.8205,0.8736,3.1492,0.8608,0.9231,0.9231,0.9231,0.6577,0.995,0.738,0.0,0.4424,2.8331,0.7384,10.7432,0.903,1,0,0,0,0,1,0,0,0,0,0,0,1,1,0,1,0,0,0,1,3,3665,290,211,0,13,2858,697,8,74,131,199,0,13,0,13,0,13,24.2,14.4,0.0,1.2,87.9,7.4,0.2,2.3,4.0,5.9,0.0,1.2,0.0,1.2,0.0,1.2,49088,0.0003061015670000001,0.07193607431900803
35,New Mexico,NM,35001,Bernalillo County,35001004760,Census Tract 47.60; Bernalillo County; New Mexico,1.516856919586,4031,573,1780,252,1780,252,1935,530,8,22,732,333,349,163,174,194,719,304,1078,309,859,449,365,130,102,128,3592,599,993,326,8,22,38,55,134,102,0,13,48.0,11.2,0.5,1.3,41.1,17.8,14.2,6.7,4.3,4.8,17.8,6.6,26.7,5.8,21.3,9.5,20.5,6.7,2.7,3.4,89.1,7.8,55.8,16.5,0.4,1.2,2.1,3.1,7.5,5.9,0.0,0.3,0.9332,0.0376,0.8666,0.7161,0.3115,2.865,0.6179,0.5793,0.7905,0.8887,0.9725,0.6511,3.8821,0.9913,0.9016,0.9016,0.9016,0.9465,0.4752,0.5447,0.6571,0.0,2.6235,0.6507,10.2722,0.8582,1,0,0,0,0,1,0,0,0,1,0,1,1,1,1,0,0,0,0,1,4,6617,400,218,32,36,3090,532,129,198,78,164,0,13,105,85,158,245,22.5,11.8,0.8,0.9,76.7,8.8,3.2,4.9,1.9,4.1,0.0,1.0,2.6,2.2,3.9,5.8,49089,0.00038900413900000007,0.08725574227107805
35,New Mexico,NM,35001,Bernalillo County,35001004761,Census Tract 47.61; Bernalillo County; New Mexico,0.873436855584,2557,1261,879,424,879,424,345,378,36,44,125,69,65,70,313,159,90,58,688,414,186,150,3,15,80,94,2462,1263,7,19,0,13,5,18,0,13,0,13,13.5,13.2,2.8,3.7,14.2,3.8,4.8,5.2,12.4,8.5,3.5,3.2,26.9,5.6,7.4,7.1,0.3,1.7,3.3,3.5,96.3,13.6,0.8,2.1,0.0,4.4,0.6,2.0,0.0,4.4,0.0,0.5,0.3455,0.2701,0.1463,0.2773,0.7649,1.8041,0.2959,0.0207,0.799,0.1415,0.0586,0.6916,1.7114,0.1146,0.9567,0.9567,0.9567,0.3121,0.0,0.2983,0.0,0.0,0.6104,0.0337,5.0826,0.1305,0,0,0,0,0,0,0,0,0,0,0,0,1,1,0,0,0,0,0,0,1,1050,54,52,106,112,2286,1270,0,13,61,63,0,13,9,23,0,13,6.1,7.0,4.1,5.0,89.4,8.1,0.0,1.5,2.4,2.9,0.0,1.5,0.4,1.0,0.0,1.5,49090,0.00022338293550000005,0.06307458246634222
35,New Mexico,NM,35001,Bernalillo County,35001004762,Census Tract 47.62; Bernalillo County; New Mexico,0.954271556406,4540,886,1898,233,1725,264,1237,609,39,61,607,265,427,266,161,99,355,144,1544,457,596,204,144,115,243,168,4192,901,157,109,50,58,61,60,204,113,0,13,27.4,12.4,1.7,2.8,35.2,14.4,15.7,7.9,3.6,2.2,7.8,3.5,34.0,5.4,13.2,5.4,8.3,6.5,5.7,3.8,92.3,8.3,8.3,5.7,2.6,3.1,3.5,3.4,11.8,6.4,0.0,0.3,0.7033,0.135,0.775,0.756,0.2509,2.6202,0.5435,0.0984,0.9632,0.5338,0.7286,0.7909,3.1149,0.8478,0.9237,0.9237,0.9237,0.6052,0.6374,0.6838,0.7923,0.0,2.7187,0.6923,9.3775,0.7552,0,0,0,0,0,0,0,1,0,0,0,1,1,1,0,0,0,0,0,0,2,2258,231,118,157,200,3960,870,0,13,63,76,0,13,12,19,0,13,13.4,7.0,3.5,4.2,87.2,5.8,0.0,0.9,1.4,1.7,0.0,0.9,0.3,0.4,0.0,0.9,49091,0.00024405033350000007,0.08600370590939037
35,New Mexico,NM,35001,Bernalillo County,35001004763,Census Tract 47.63; Bernalillo County; New Mexico,0.737122386178,4697,704,2033,239,1914,259,918,240,120,82,747,276,138,94,708,334,540,114,1051,239,669,259,259,121,125,107,2777,843,629,257,0,13,194,220,95,73,2,4,19.5,4.2,4.9,3.3,39.0,13.4,4.6,3.2,15.1,6.3,11.5,3.0,22.4,4.1,14.2,4.7,13.5,6.1,2.7,2.3,59.1,15.6,31.0,12.1,0.0,1.9,10.2,11.4,5.0,3.7,0.0,0.1,0.5222,0.5322,0.8386,0.2642,0.8389,2.9961,0.6575,0.24,0.5501,0.5971,0.8977,0.6511,2.936,0.7682,0.7235,0.7235,0.7235,0.8658,0.0,0.9123,0.5185,0.0,2.2966,0.5071,8.9522,0.6987,0,0,0,0,0,0,0,0,0,0,0,0,0,0,0,0,1,0,0,1,1,1566,88,58,150,112,1719,522,54,95,699,275,124,114,31,40,0,13,4.6,3.1,3.2,2.4,36.6,8.4,1.1,2.1,14.9,5.6,2.6,2.5,0.7,0.8,0.0,0.8,49092,0.00018936633500000005,0.05744749563664388
35,New Mexico,NM,35001,Bernalillo County,35001004764,Census Tract 47.64; Bernalillo County; New Mexico,0.571729802948,3194,546,1555,214,1555,214,629,324,147,137,554,209,85,93,478,305,314,257,386,162,306,198,82,104,71,95,2073,632,662,213,0,13,22,40,104,108,0,13,19.7,9.6,6.5,6.0,35.6,12.5,3.6,3.9,15.0,8.6,9.8,7.3,12.1,4.7,9.6,5.4,5.3,6.6,2.3,3.0,64.9,16.4,42.5,12.4,0.0,2.5,1.4,2.6,6.7,6.8,0.0,0.4,0.5276,0.6825,0.7821,0.1972,0.8366,3.026,0.6663,0.1679,0.0888,0.2816,0.5243,0.6196,1.6822,0.1066,0.761,0.761,0.761,0.914,0.0,0.4461,0.6188,0.0,1.9789,0.3713,7.4481,0.468,0,0,0,0,0,0,0,0,0,0,0,0,0,0,1,0,0,0,0,1,1,4606,236,150,251,212,1660,492,43,69,37,58,0,13,68,87,14,23,15.2,9.5,7.9,6.7,52.0,10.7,1.3,2.1,1.2,1.8,0.0,1.2,2.1,2.7,0.4,0.7,49093,0.00014915547650000004,0.062387289989461234
35,New Mexico,NM,35001,Bernalillo County,35001004800,Census Tract 48; Bernalillo County; New Mexico,1.59443716665,3865,596,2044,278,1873,277,1341,406,78,43,681,165,243,98,299,179,830,229,684,239,694,243,94,84,79,79,2844,620,251,106,138,82,72,68,145,81,0,13,34.7,9.0,3.7,2.6,36.4,7.0,8.2,3.4,7.7,4.5,21.5,6.4,17.7,6.2,18.0,6.4,5.0,4.4,2.1,2.1,73.6,11.3,12.3,4.9,6.8,4.1,3.8,3.6,7.7,4.2,0.0,0.3,0.8178,0.3898,0.7972,0.4808,0.5554,3.041,0.6706,0.7545,0.2655,0.7888,0.4973,0.6021,2.9082,0.7538,0.8108,0.8108,0.8108,0.6811,0.741,0.7057,0.6657,0.0,2.7935,0.7224,9.5535,0.7768,0,0,0,0,0,0,0,0,0,0,0,0,0,0,0,0,0,0,0,0,0,6756,192,88,180,196,2553,560,18,21,24,22,0,13,69,73,0,13,10.3,4.8,4.7,5.0,66.1,6.2,0.5,0.6,0.6,0.6,0.0,1.0,1.8,1.7,0.0,1.0,49094,0.0004313655765000001,0.1065799943955645
35,New Mexico,NM,35001,Bernalillo County,35001004900,Census Tract 49; Bernalillo County; New Mexico,0.657515103614,3375,407,2601,272,2224,307,1376,341,141,74,1210,300,159,92,266,98,486,152,282,89,609,160,71,51,23,57,1837,483,1026,248,0,13,30,28,591,231,124,9,42.0,9.0,6.5,3.3,54.4,11.2,6.6,3.8,7.9,3.0,14.4,4.3,8.4,2.4,18.0,4.2,3.2,2.3,0.7,1.7,54.4,12.7,39.4,8.6,0.0,1.5,1.3,1.2,26.6,8.6,3.7,0.5,0.8923,0.6825,0.9715,0.3921,0.5677,3.5061,0.7964,0.3905,0.0458,0.7888,0.3164,0.3984,1.9399,0.195,0.6914,0.6914,0.6914,0.9037,0.0,0.4295,0.9357,0.8693,3.1382,0.8455,9.2756,0.7417,0,0,1,0,0,1,0,0,0,0,0,0,0,0,1,0,0,1,0,2,3,16580,510,248,52,77,1178,226,255,120,130,120,38,54,166,103,18,21,22.9,8.9,1.5,2.2,34.9,4.7,7.6,3.3,3.9,3.5,1.1,1.6,4.9,3.1,0.5,0.6,49095,0.00016831164500000003,0.06122103371533048
35,New Mexico,NM,35001,Bernalillo County,35001940500,Census Tract 9405; Bernalillo County; New Mexico,16.65321053677,3065,418,1366,142,1325,148,250,131,15,18,148,70,118,80,41,31,1301,314,443,143,457,167,0,18,2,50,959,591,19,24,28,13,7,15,2,4,0,13,8.2,4.1,1.4,1.6,11.2,5.1,4.7,3.1,1.3,1.0,42.4,8.1,14.5,3.6,14.9,4.5,0.0,1.4,0.1,1.7,31.3,18.8,1.4,1.8,2.0,1.0,0.5,1.1,0.2,0.3,0.0,0.4,0.1714,0.1044,0.0728,0.2706,0.0642,0.6834,0.0385,0.9837,0.1425,0.6396,0.0,0.229,1.9948,0.2199,0.4821,0.4821,0.4821,0.3588,0.6101,0.2792,0.0697,0.0,1.3178,0.1485,4.4781,0.0752,0,0,0,0,0,0,1,0,0,0,0,1,0,0,0,0,0,0,0,0,1,4125,88,42,59,61,511,143,139,109,20,23,0,13,55,39,175,157,6.6,3.1,1.9,2.0,16.7,5.0,4.5,3.6,0.7,0.8,0.0,1.3,1.8,1.3,5.7,5.1,49096,0.004329173746500001,0.4207120327862552
35,New Mexico,NM,35001,Bernalillo County,35001940601,Census Tract 9406.01; Bernalillo County; New Mexico,4.907156805266,10519,1167,3479,385,3402,412,732,488,250,144,634,215,131,78,427,314,569,113,2936,535,998,348,327,200,30,89,7027,1464,46,56,0,21,8,24,16,27,0,21,7.0,4.6,4.4,2.5,18.6,5.9,2.0,1.1,4.1,3.0,5.4,1.2,27.9,3.3,9.5,3.0,9.6,5.8,0.3,0.9,66.8,11.8,1.3,1.6,0.0,1.1,0.2,0.7,0.5,0.8,0.0,0.2,0.1323,0.4757,0.2958,0.0954,0.2947,1.2939,0.1577,0.0432,0.8382,0.2743,0.7872,0.285,2.2279,0.3449,0.7726,0.7726,0.7726,0.3522,0.0,0.245,0.0819,0.0,0.6791,0.0404,4.9735,0.1194,0,0,0,0,0,0,0,0,0,0,0,0,0,0,0,0,0,0,0,0,0,5586,181,96,522,231,4850,693,378,202,260,203,0,21,489,176,528,551,5.3,2.9,5.0,2.3,46.1,6.1,3.6,1.9,2.5,2.0,0.0,0.4,4.6,1.7,5.0,5.0,49097,0.0012580613445000003,0.2585513615901246
35,New Mexico,NM,35001,Bernalillo County,35001940602,Census Tract 9406.02; Bernalillo County; New Mexico,352.001594140436,1820,395,664,108,601,107,855,233,194,99,114,80,433,136,316,175,319,161,315,160,533,158,54,42,9,52,1724,399,0,18,104,82,47,34,71,64,100,16,47.0,7.7,23.8,9.5,19.0,12.9,32.3,7.0,17.4,7.4,17.5,7.9,17.3,6.9,29.3,7.2,9.0,6.8,0.5,2.9,94.7,7.6,0.0,2.7,15.7,12.1,7.8,5.5,11.8,10.0,5.5,1.5,0.9281,0.9925,0.3106,0.9519,0.8844,4.0675,0.9209,0.5627,0.246,0.9806,0.7623,0.3495,2.9011,0.7502,0.9423,0.9423,0.9423,0.0,0.8577,0.869,0.7923,0.9125,3.4315,0.922,11.3424,0.9486,1,1,0,1,0,3,0,0,1,0,0,1,1,1,0,0,0,0,1,1,6,1294,301,109,10,2,350,275,0,13,1317,424,0,13,47,31,0,13,50.1,13.3,0.5,0.2,19.2,14.9,0.0,2.2,72.4,14.9,0.0,2.2,2.6,1.4,0.0,2.2,49098,0.09037334798400003,1.8444635885941554
35,New Mexico,NM,35001,Bernalillo County,35001940700,Census Tract 9407; Bernalillo County; New Mexico,178.458278384918,2928,492,1158,119,985,117,834,249,66,47,88,47,209,91,508,194,596,123,678,243,614,156,57,39,0,52,2868,493,0,18,174,57,29,26,63,39,0,13,29.4,7.7,5.4,3.5,8.9,4.7,10.1,3.6,17.3,5.1,20.4,5.7,23.2,5.6,21.0,5.0,5.8,3.9,0.0,1.9,98.0,3.5,0.0,1.6,15.0,5.2,2.9,2.6,6.4,3.9,0.0,0.4,0.7392,0.5847,0.036,0.5724,0.8827,2.815,0.6038,0.708,0.6007,0.8813,0.565,0.0,2.755,0.6701,0.9732,0.9732,0.9732,0.0,0.8513,0.6321,0.6032,0.0,2.0866,0.4145,8.6298,0.6524,0,0,0,0,0,0,0,0,0,0,0,0,1,1,0,0,0,0,0,0,1,1643,196,67,0,13,515,168,0,13,2211,374,0,13,142,145,0,13,19.9,6.3,0.0,1.4,17.6,5.6,0.0,1.4,75.5,5.3,0.0,1.4,4.8,4.4,0.0,1.4,49099,0.04573258920650001,1.6813769642128435
35,New Mexico,NM,35001,Bernalillo County,35001940800,Census Tract 9408; Bernalillo County; New Mexico,8.939151651212,0,13,0,13,0,13,0,13,0,13,0,26,0,13,0,13,0,13,0,13,0,13,0,18,0,52,0,18,0,18,0,13,0,18,0,13,0,13,-999.0,-999.0,-999.0,-999.0,-999.0,-999.0,-999.0,-999.0,-999.0,-999.0,-999.0,-999.0,-999.0,-999.0,-999.0,-999.0,-999.0,-999.0,-999.0,-999.0,-999.0,-999.0,-999.0,-999.0,-999.0,-999.0,-999.0,-999.0,-999.0,-999.0,-999.0,-999.0,-999.0,-999.0,-999.0,-999.0,-999.0,-999.0,-999.0,-999.0,-999.0,-999.0,-999.0,-999.0,-999.0,-999.0,-999.0,-999.0,-999.0,-999.0,-999.0,-999.0,-999.0,-999.0,-999.0,-999.0,-999.0,-999.0,-999,-999,-999,-999,-999,-999,-999,-999,-999,-999,-999,-999,-999,-999,-999,-999,-999,-999,-999,-999,-999,62,0,13,0,13,0,13,0,13,0,13,0,13,0,13,0,13,-999.0,-999.0,-999.0,-999.0,-999.0,-999.0,-999.0,-999.0,-999.0,-999.0,-999.0,-999.0,-999.0,-999.0,-999.0,-999.0,49100,0.0022842235325000004,0.3022560627858358
35,New Mexico,NM,35001,Bernalillo County,35001980000,Census Tract 9800; Bernalillo County; New Mexico,48.109167504746,4409,454,1421,243,1359,237,763,390,138,74,452,164,33,33,78,73,247,109,1345,300,318,129,81,79,7,52,2082,670,0,18,10,16,20,27,15,18,726,57,20.7,10.3,13.3,7.7,33.3,10.6,1.7,1.7,2.7,2.4,5.6,2.4,30.5,5.1,10.9,3.8,6.0,5.7,0.2,1.3,47.2,14.4,0.0,1.3,0.7,1.1,1.5,2.0,1.1,1.3,16.5,2.1,0.5538,0.9381,0.7382,0.0783,0.1721,2.4805,0.4996,0.0468,0.9106,0.3753,0.5809,0.2531,2.1667,0.3097,0.6372,0.6372,0.6372,0.0,0.5131,0.4622,0.149,0.9666,2.0909,0.4165,7.3753,0.456,0,1,0,0,0,1,0,1,0,0,0,1,0,0,0,0,0,0,1,1,3,25234,85,90,329,188,1197,405,287,241,7,19,18,24,244,102,0,13,6.3,6.2,7.5,3.8,27.1,9.0,6.5,5.2,0.2,0.4,0.4,0.6,5.5,2.4,0.0,0.9,49101,0.012384379766500003,0.5548250952361745
35,New Mexico,NM,35001,Bernalillo County,35001980300,Census Tract 9803; Bernalillo County; New Mexico,0.33569831441,0,13,0,13,0,13,0,13,0,13,0,26,0,13,0,13,0,13,0,13,0,13,0,18,0,52,0,18,0,18,0,13,0,18,0,13,0,13,-999.0,-999.0,-999.0,-999.0,-999.0,-999.0,-999.0,-999.0,-999.0,-999.0,-999.0,-999.0,-999.0,-999.0,-999.0,-999.0,-999.0,-999.0,-999.0,-999.0,-999.0,-999.0,-999.0,-999.0,-999.0,-999.0,-999.0,-999.0,-999.0,-999.0,-999.0,-999.0,-999.0,-999.0,-999.0,-999.0,-999.0,-999.0,-999.0,-999.0,-999.0,-999.0,-999.0,-999.0,-999.0,-999.0,-999.0,-999.0,-999.0,-999.0,-999.0,-999.0,-999.0,-999.0,-999.0,-999.0,-999.0,-999.0,-999,-999,-999,-999,-999,-999,-999,-999,-999,-999,-999,-999,-999,-999,-999,-999,-999,-999,-999,-999,-999,548,0,13,0,13,0,13,0,13,0,13,0,13,0,13,0,13,-999.0,-999.0,-999.0,-999.0,-999.0,-999.0,-999.0,-999.0,-999.0,-999.0,-999.0,-999.0,-999.0,-999.0,-999.0,-999.0,49102,8.576668400000002e-05,0.03989891121732471
35,New Mexico,NM,35001,Bernalillo County,35001980500,Census Tract 9805; Bernalillo County; New Mexico,0.240258147132,1261,82,0,13,0,13,0,13,0,13,0,26,341,129,0,13,0,13,0,13,0,13,0,18,18,52,959,136,0,18,0,13,0,18,0,13,1261,82,-999.0,-999.0,-999.0,-999.0,-999.0,-999.0,31.5,10.2,-999.0,-999.0,0.0,3.1,0.0,3.1,-999.0,-999.0,-999.0,-999.0,1.4,4.1,76.1,9.6,-999.0,-999.0,-999.0,-999.0,-999.0,-999.0,-999.0,-999.0,100.0,0.0,-999.0,-999.0,-999.0,0.9482,-999.0,-999.0,-999.0,0.0,0.0,-999.0,-999.0,0.5229,-999.0,-999.0,0.8252,0.8252,0.8252,-999.0,-999.0,-999.0,-999.0,0.9969,-999.0,-999.0,-999.0,-999.0,-999,-999,-999,1,-999,-999,0,0,-999,-999,0,-999,0,0,-999,-999,-999,-999,1,-999,-999,2573,0,13,87,38,745,124,0,13,63,36,0,13,58,56,6,13,-999.0,-999.0,6.9,3.0,59.1,8.9,0.0,3.1,5.0,2.8,0.0,3.1,4.6,4.5,0.5,1.0,49103,6.0665354500000016e-05,0.03275705683012227
35,New Mexico,NM,35001,Bernalillo County,35001980600,Census Tract 9806; Bernalillo County; New Mexico,15.910914383791999,8,11,4,5,4,5,0,13,0,13,0,26,4,6,4,5,8,11,0,13,4,6,0,18,0,52,8,17,0,18,4,5,0,18,0,13,0,13,0.0,100.0,0.0,100.0,0.0,100.0,50.0,19.1,50.0,19.1,100.0,100.0,0.0,100.0,50.0,19.1,0.0,100.0,0.0,100.0,100.0,100.0,0.0,100.0,100.0,100.0,0.0,100.0,0.0,100.0,0.0,100.0,0.0,0.0,0.0,0.9934,0.9987,1.9921,0.3515,0.9998,0.0,0.9992,0.0,0.0,1.999,0.2221,0.9954,0.9954,0.9954,0.0,0.9999,0.0,0.0,0.0,0.9999,0.0855,5.9864,0.2417,0,0,0,1,1,2,1,0,1,0,0,2,1,1,0,1,0,0,0,1,6,134,0,13,0,13,0,13,0,13,0,13,0,13,8,11,0,13,0.0,100.0,0.0,100.0,0.0,100.0,0.0,100.0,0.0,100.0,0.0,100.0,100.0,100.0,0.0,100.0,49104,0.0040820890405000015,0.5277476156747433
35,New Mexico,NM,35003,Catron County,35003976401,Census Tract 9764.01; Catron County; New Mexico,1973.003600788532,1680,242,1434,154,655,143,880,247,17,21,178,96,29,40,42,55,596,189,269,116,530,168,47,50,14,54,560,319,0,18,556,129,0,18,0,13,92,14,53.7,12.8,4.1,4.7,27.2,13.4,2.4,3.3,2.5,3.2,35.5,11.6,16.0,6.1,31.7,9.0,7.2,7.5,0.8,3.2,33.3,18.4,0.0,1.3,38.8,7.5,0.0,2.7,0.0,5.9,5.5,0.3,0.9593,0.4399,0.5885,0.1202,0.1562,2.2641,0.4334,0.9687,0.1908,0.9886,0.665,0.4204,3.2335,0.8906,0.5046,0.5046,0.5046,0.0,0.9746,0.0,0.0,0.9125,1.8871,0.3335,7.8893,0.5397,1,0,0,0,0,1,1,0,1,0,0,2,0,0,0,1,0,0,1,2,5,1366,272,109,0,13,476,215,0,13,25,45,0,13,59,76,0,13,41.5,14.3,0.0,2.3,28.3,11.0,0.0,2.3,1.5,2.7,0.0,2.3,3.5,4.6,0.0,2.3,49105,0.4966476375023995,4.164222015929556
35,New Mexico,NM,35003,Catron County,35003976402,Census Tract 9764.02; Catron County; New Mexico,4951.180420944176,1955,242,1771,127,954,136,580,206,41,68,74,71,73,65,285,151,976,188,153,54,964,233,0,18,0,52,191,358,0,18,469,136,0,18,91,80,89,6,29.7,9.9,6.8,11.7,7.8,7.4,4.2,3.7,14.6,7.4,49.9,7.4,7.8,2.5,49.3,10.4,0.0,1.9,0.0,2.7,9.8,18.3,0.0,1.0,26.5,7.4,0.0,1.9,9.5,8.5,4.6,0.6,0.7445,0.7063,0.0243,0.2378,0.8278,2.5407,0.5186,0.9908,0.0414,0.9992,0.0,0.0,2.0314,0.2378,0.158,0.158,0.158,0.0,0.9339,0.0,0.7313,0.8949,2.5601,0.6232,7.2902,0.4421,0,0,0,0,0,0,1,0,1,0,0,2,0,0,0,1,0,0,0,1,3,1513,324,129,17,47,87,89,0,13,56,82,0,13,31,38,0,13,34.0,12.0,0.9,2.4,4.5,4.6,0.0,2.0,2.9,4.2,0.0,2.0,1.6,1.9,0.0,2.0,49106,1.2533625349213138,6.407530541925811
35,New Mexico,NM,35005,Chaves County,35005000201,Census Tract 2.01; Chaves County; New Mexico,1.21808424215,3396,720,1530,169,1215,178,1051,391,99,78,281,142,466,220,312,205,333,85,1075,461,532,183,130,93,183,147,2214,763,76,69,0,13,0,18,36,40,40,49,35.0,12.0,6.7,5.2,23.1,11.2,23.0,9.5,9.3,6.0,9.8,3.1,31.7,8.0,15.9,5.7,10.7,7.5,6.0,4.7,65.2,17.7,5.0,4.5,0.0,2.6,0.0,1.5,3.0,3.3,1.2,1.4,0.8215,0.6982,0.4589,0.8821,0.6408,3.5015,0.7952,0.1679,0.9336,0.6942,0.827,0.7998,3.4225,0.9382,0.7629,0.7629,0.7629,0.5185,0.0,0.0,0.3532,0.7124,1.5841,0.2236,9.271,0.7411,0,0,0,0,0,0,0,1,0,0,0,1,0,0,0,0,0,0,0,0,1,6621,285,167,66,86,2067,623,0,13,0,13,0,13,41,65,40,62,23.5,13.2,1.9,2.6,60.9,7.9,0.0,1.2,0.0,1.2,0.0,1.2,1.2,1.9,1.2,1.8,49107,0.0003053894200000001,0.08028760074751187
35,New Mexico,NM,35005,Chaves County,35005000202,Census Tract 2.02; Chaves County; New Mexico,1.270633882656,3670,569,1647,197,1518,217,1823,569,229,157,546,180,792,265,201,126,704,201,633,238,1295,350,132,89,145,108,2215,731,228,132,0,13,32,31,298,144,0,13,50.0,13.6,13.8,8.6,36.0,10.7,29.9,8.7,5.5,3.3,19.2,6.1,17.2,5.2,35.3,6.8,8.7,5.7,4.2,3.0,60.4,17.6,13.9,7.8,0.0,2.4,2.2,2.0,19.6,8.5,0.0,0.4,0.9436,0.9446,0.7897,0.9393,0.4072,4.0244,0.9121,0.6516,0.2415,0.9948,0.7482,0.7365,3.3726,0.9278,0.7324,0.7324,0.7324,0.7069,0.0,0.5567,0.897,0.0,2.1606,0.447,10.29,0.8599,1,1,0,1,0,3,0,0,1,0,0,1,0,0,0,0,0,0,0,0,4,3225,540,169,82,98,2035,350,0,13,10,18,0,13,80,69,8,12,35.6,10.0,2.2,2.7,55.4,8.1,0.0,1.1,0.3,0.5,0.0,1.1,2.2,1.9,0.2,0.3,49108,0.00031673800950000007,0.07760837157358202
35,New Mexico,NM,35005,Chaves County,35005000301,Census Tract 3.01; Chaves County; New Mexico,1.713475115964,3065,610,1543,189,1237,197,1155,357,16,26,317,162,350,203,98,78,674,231,953,465,619,371,144,128,94,92,1907,678,23,40,0,13,73,75,162,126,6,3,38.7,9.5,1.3,2.1,25.6,12.4,18.4,9.6,3.2,2.6,22.0,9.0,31.1,11.0,20.2,11.8,11.6,10.2,3.4,3.3,62.2,18.3,1.5,2.6,0.0,2.6,5.9,6.0,13.1,10.2,0.2,0.1,0.8631,0.0949,0.5403,0.813,0.2162,2.5275,0.5143,0.7735,0.9229,0.8619,0.8542,0.6972,4.1097,0.9977,0.7439,0.7439,0.7439,0.3656,0.0,0.8131,0.8186,0.4424,2.4397,0.5702,9.8208,0.8087,0,0,0,0,0,0,0,1,0,0,0,1,0,0,0,0,0,0,0,0,1,1614,344,159,20,29,1765,531,122,116,0,13,0,13,0,13,0,13,27.8,11.9,0.7,1.0,57.6,9.9,4.0,3.6,0.0,1.3,0.0,1.3,0.0,1.3,0.0,1.3,49109,0.00043413786700000013,0.09654391780360513
35,New Mexico,NM,35005,Chaves County,35005000302,Census Tract 3.02; Chaves County; New Mexico,2.716050735284,3039,476,1146,151,969,177,858,286,67,51,278,113,332,132,433,226,326,87,516,205,675,202,72,72,68,86,1897,540,148,126,381,133,2,21,64,73,795,35,37.5,9.8,5.2,4.0,28.7,10.4,19.1,8.7,14.3,7.2,10.7,3.5,17.0,6.5,22.3,6.8,7.4,7.3,2.3,2.9,62.4,14.8,12.9,10.9,33.2,11.0,0.2,2.2,6.6,7.6,26.2,4.3,0.8504,0.5643,0.6303,0.8249,0.8201,3.69,0.8407,0.2043,0.2321,0.9095,0.6785,0.6196,2.644,0.603,0.7452,0.7452,0.7452,0.6906,0.9607,0.245,0.6138,0.9781,3.4882,0.9338,10.5674,0.8866,0,0,0,0,0,0,0,0,1,0,0,1,0,0,0,1,0,0,1,2,3,5005,227,90,68,36,1497,450,252,110,2,7,6,12,72,55,0,13,23.4,9.8,2.2,1.2,49.3,9.4,8.3,3.8,0.1,0.2,0.2,0.4,2.4,1.8,0.0,1.3,49110,0.0006830397415000002,0.16461461338014358
35,New Mexico,NM,35005,Chaves County,35005000400,Census Tract 4; Chaves County; New Mexico,6.470211601356,5257,752,2041,255,1917,266,2886,657,135,134,623,192,721,249,516,209,469,82,1299,381,805,236,145,106,123,131,3961,816,21,36,164,102,78,47,165,91,27,4,55.1,9.7,5.2,4.9,32.5,8.9,23.7,7.1,9.9,3.8,8.9,2.0,24.7,5.4,15.4,4.2,7.6,5.4,2.6,2.7,75.3,11.2,1.0,1.8,8.0,5.0,4.1,2.4,8.6,5.0,0.5,0.0,0.9643,0.5643,0.7213,0.8898,0.6681,3.8078,0.8675,0.1345,0.6912,0.6671,0.6903,0.6439,2.827,0.7115,0.8204,0.8204,0.8204,0.3303,0.7616,0.7254,0.7018,0.5852,3.1043,0.8352,10.5595,0.8859,1,0,0,0,0,1,0,0,0,0,0,0,0,0,0,0,0,0,0,0,1,2722,684,197,0,19,3899,771,0,19,62,96,0,19,0,19,0,19,35.7,10.4,0.0,0.8,74.2,6.7,0.0,0.8,1.2,1.8,0.0,0.8,0.0,0.8,0.0,0.8,49111,0.0016369608770000004,0.18882260785178134
35,New Mexico,NM,35005,Chaves County,35005000500,Census Tract 5; Chaves County; New Mexico,0.63525555111,1957,424,940,129,787,153,781,317,81,62,393,185,200,86,123,91,111,51,703,307,616,319,131,76,109,72,1561,445,0,18,17,28,3,13,64,53,31,6,40.0,13.7,9.9,7.4,49.9,21.4,18.0,8.6,6.3,4.6,5.7,3.0,35.9,9.4,31.5,15.7,16.7,9.1,5.7,3.5,79.8,14.8,0.0,1.9,1.8,3.0,0.4,1.7,8.1,6.5,1.6,0.5,0.8759,0.8645,0.9484,0.8058,0.4654,3.96,0.8997,0.0484,0.9779,0.988,0.9443,0.7909,3.7495,0.9841,0.8463,0.8463,0.8463,0.0,0.5993,0.2644,0.6825,0.7508,2.297,0.5073,10.8528,0.9124,0,0,1,0,0,1,0,1,1,1,0,3,0,0,0,0,0,0,0,0,4,1844,193,94,4,8,1546,463,0,13,2,4,0,13,0,13,9,14,24.5,12.1,0.2,0.4,79.0,8.8,0.0,2.0,0.1,0.2,0.0,2.0,0.0,2.0,0.5,0.7,49112,0.00015909184150000004,0.056410730023596284
35,New Mexico,NM,35005,Chaves County,35005000600,Census Tract 6; Chaves County; New Mexico,7.7743865508539995,4797,685,1731,202,1460,165,2471,673,50,49,423,168,974,206,744,359,597,184,1206,391,947,318,142,78,333,188,4153,705,0,18,311,139,35,41,47,48,297,30,54.9,12.4,2.7,2.5,29.0,11.0,30.0,6.1,16.5,7.1,12.4,4.0,25.1,6.3,21.0,7.2,9.7,5.2,7.5,4.1,86.6,7.9,0.0,1.0,18.0,7.1,2.4,2.8,3.2,3.3,6.2,1.1,0.9636,0.2574,0.6384,0.94,0.8685,3.6679,0.8355,0.2841,0.7128,0.8813,0.7909,0.8361,3.5052,0.9547,0.8853,0.8853,0.8853,0.0,0.8784,0.5801,0.3734,0.9222,2.7541,0.7061,10.8125,0.9089,1,0,0,1,0,2,0,0,0,0,0,0,0,0,0,0,0,0,1,1,3,3872,598,182,13,23,4080,708,0,13,22,38,0,13,22,36,16,25,41.0,9.8,0.3,0.5,85.1,4.4,0.0,0.8,0.5,0.8,0.0,0.8,0.5,0.8,0.3,0.5,49113,0.0019558630655000003,0.20602204562469514
35,New Mexico,NM,35005,Chaves County,35005000700,Census Tract 7; Chaves County; New Mexico,3.795710074496,4719,621,1951,237,1666,251,1697,620,123,80,487,209,479,149,628,347,946,280,1229,262,943,234,194,111,176,137,3296,728,38,45,189,83,41,54,53,54,87,6,36.6,12.5,6.4,4.1,29.2,11.7,16.3,5.7,13.6,8.1,20.0,5.5,26.0,4.6,20.4,4.8,11.6,6.4,3.9,3.0,69.8,12.4,1.9,2.3,9.7,4.2,2.5,3.2,3.2,3.3,1.8,0.3,0.84,0.6748,0.6432,0.7691,0.8016,3.7287,0.8504,0.6892,0.7587,0.8667,0.8542,0.7227,3.8915,0.9919,0.7898,0.7898,0.7898,0.3894,0.788,0.5915,0.3734,0.7677,2.91,0.7688,11.32,0.9472,0,0,0,0,0,0,0,0,0,0,0,0,0,0,0,0,0,0,0,0,0,5024,493,242,92,66,3078,602,0,13,0,13,0,13,113,104,13,21,29.6,12.6,1.9,1.4,65.2,7.9,0.0,0.8,0.0,0.8,0.0,0.8,2.4,2.1,0.3,0.4,49114,0.0009513359395000002,0.14582310933239861
35,New Mexico,NM,35005,Chaves County,35005000800,Census Tract 8; Chaves County; New Mexico,2.908463508678,6065,658,2544,286,2503,294,1439,576,203,236,358,187,534,284,1152,596,1251,362,1500,269,1320,344,328,233,155,196,3847,815,214,139,160,95,0,26,90,81,43,3,23.9,9.2,7.4,8.1,14.3,7.3,13.2,6.7,19.1,10.4,20.6,6.1,24.7,4.0,21.9,5.5,13.1,9.2,2.7,3.3,63.4,11.5,8.4,5.4,6.3,3.9,0.0,1.0,3.6,3.3,0.7,0.1,0.631,0.7468,0.1491,0.6865,0.9093,3.1227,0.6937,0.7171,0.6912,0.9019,0.89,0.6511,3.8513,0.9899,0.7517,0.7517,0.7517,0.6071,0.7316,0.0,0.4096,0.6376,2.3859,0.5467,10.1116,0.841,0,0,0,0,1,1,0,0,1,0,0,1,0,0,0,0,0,0,0,0,2,3424,606,299,59,70,3665,660,0,19,0,19,0,19,55,60,68,105,24.2,10.7,1.0,1.1,60.4,7.7,0.0,0.7,0.0,0.7,0.0,0.7,0.9,1.0,1.1,1.7,49115,0.0007319475705000002,0.13595130384592646
35,New Mexico,NM,35005,Chaves County,35005000900,Census Tract 9; Chaves County; New Mexico,6.245273595482,3507,532,1354,187,1289,199,997,548,92,77,199,113,292,158,100,69,554,213,911,297,746,268,77,95,39,61,2322,576,100,70,201,86,44,52,41,53,2,3,28.4,15.0,5.8,4.7,15.4,8.4,12.5,6.5,2.9,2.1,15.8,5.8,26.0,6.1,21.3,6.3,6.0,7.3,1.2,1.8,66.2,13.0,7.3,5.1,14.8,6.1,3.4,4.0,3.2,4.2,0.1,0.1,0.7215,0.6232,0.1829,0.6643,0.1896,2.3815,0.4693,0.4682,0.7587,0.8887,0.5809,0.4936,3.1901,0.8761,0.7689,0.7689,0.7689,0.5825,0.8494,0.6761,0.3734,0.3692,2.8506,0.7454,9.1911,0.7308,0,0,0,0,0,0,0,0,0,0,0,0,0,0,0,0,0,0,0,0,0,2164,87,96,329,220,1902,486,58,82,27,33,0,13,6,10,0,13,6.7,7.3,9.4,6.2,54.2,8.5,1.7,2.4,0.8,0.9,0.0,1.1,0.2,0.3,0.0,1.1,49116,0.0015665955680000004,0.15902598279565158
35,New Mexico,NM,35005,Chaves County,35005001001,Census Tract 10.01; Chaves County; New Mexico,3.294421878734,5440,717,2013,226,1761,205,406,179,56,55,294,109,225,136,129,87,984,184,1490,307,585,170,66,49,39,75,2877,845,0,26,34,51,17,22,58,50,116,7,7.7,3.2,2.3,2.2,16.7,5.9,6.2,3.8,2.4,1.6,18.1,3.9,27.4,3.8,11.0,3.2,3.7,2.7,0.8,1.5,52.9,13.9,0.0,1.3,1.7,2.5,1.0,1.2,3.3,2.9,2.1,0.3,0.155,0.2063,0.2274,0.3674,0.1479,1.104,0.1146,0.5954,0.8189,0.3827,0.3689,0.4204,2.5863,0.5669,0.6809,0.6809,0.6809,0.0,0.5935,0.3792,0.3833,0.7903,2.1463,0.4406,6.5175,0.3203,0,0,0,0,0,0,0,0,0,0,0,0,0,0,0,0,0,0,0,0,0,5090,120,59,37,39,2608,598,125,102,0,19,0,19,73,68,34,47,6.8,3.5,0.7,0.7,47.9,7.0,2.3,1.9,0.0,0.7,0.0,0.7,1.3,1.3,0.6,0.9,49117,0.0008251545775000002,0.12084974924902264
35,New Mexico,NM,35005,Chaves County,35005001002,Census Tract 10.02; Chaves County; New Mexico,4.489778612756,3864,534,2105,236,1801,248,730,284,48,49,672,188,168,110,37,45,1058,179,809,291,886,235,175,115,43,70,1377,659,442,149,103,119,0,18,200,107,55,8,18.9,6.9,3.2,3.3,37.3,9.1,5.9,3.8,1.0,1.2,27.4,6.0,20.9,5.9,23.0,6.3,9.8,6.2,1.1,1.9,35.6,16.3,21.0,6.7,4.9,5.5,0.0,1.0,11.1,5.7,1.4,0.1,0.5061,0.3249,0.8125,0.3488,0.0451,2.0374,0.3653,0.9072,0.4536,0.922,0.7949,0.4774,3.5551,0.9624,0.529,0.529,0.529,0.7924,0.703,0.0,0.7761,0.7326,3.0041,0.8027,9.1256,0.7223,0,0,0,0,0,0,1,0,1,0,0,2,0,0,0,0,0,0,0,0,2,4217,439,135,15,20,1206,506,48,49,1,3,22,42,85,120,0,13,24.4,7.5,0.4,0.5,31.2,10.7,1.2,1.3,0.0,0.1,0.6,1.1,2.2,3.0,0.0,1.0,49118,0.0011279660945000003,0.14715684586089312
35,New Mexico,NM,35005,Chaves County,35005001101,Census Tract 11.01; Chaves County; New Mexico,44.352833656618,4620,557,1691,221,1470,213,1579,466,97,68,212,125,582,211,407,192,554,208,1086,250,615,194,116,90,415,207,3084,692,10,21,493,178,42,43,12,19,416,45,35.3,9.5,4.4,3.1,14.4,8.2,19.4,6.7,8.9,4.0,12.0,4.4,23.5,4.3,13.4,3.8,7.9,6.0,9.7,4.7,66.8,12.6,0.6,1.2,29.2,8.7,2.9,2.9,0.8,1.3,9.0,1.5,0.825,0.4757,0.1521,0.8299,0.6208,2.9035,0.6297,0.264,0.6202,0.5471,0.7076,0.8736,3.0125,0.8052,0.7726,0.7726,0.7726,0.2912,0.9464,0.6321,0.1148,0.9451,2.9296,0.7764,9.6182,0.7849,0,0,0,0,0,0,0,0,0,0,0,0,0,0,0,1,0,0,1,2,2,6032,368,135,103,114,2780,599,26,27,73,94,0,13,102,143,0,13,25.0,8.6,2.2,2.4,60.2,9.8,0.6,0.6,1.6,2.0,0.0,0.9,2.2,3.1,0.0,0.9,49119,0.011130233312000002,0.5263740070442853
35,New Mexico,NM,35005,Chaves County,35005001102,Census Tract 11.02; Chaves County; New Mexico,3019.070558272222,3728,644,1647,207,1344,204,619,428,77,66,197,104,242,129,234,187,651,151,940,351,534,216,20,31,70,86,1541,833,0,18,497,185,57,54,12,16,0,13,16.9,11.3,4.5,3.6,14.7,7.4,9.9,5.1,6.3,4.7,17.5,4.9,25.2,6.4,14.3,5.6,1.5,2.3,2.0,2.5,41.3,21.2,0.0,1.1,30.2,10.1,4.3,4.0,0.9,1.2,0.0,0.3,0.4499,0.4875,0.1618,0.5641,0.4654,2.1287,0.3929,0.5627,0.7177,0.6035,0.1435,0.5928,2.6202,0.5876,0.5854,0.5854,0.5854,0.0,0.9503,0.738,0.1264,0.0,1.8147,0.3053,7.149,0.4198,0,0,0,0,0,0,0,0,0,0,0,0,0,0,0,1,0,0,0,1,1,3305,188,94,0,13,1372,437,0,13,11,22,0,13,158,131,0,13,14.0,7.2,0.0,1.1,36.8,8.9,0.0,1.1,0.3,0.6,0.0,1.1,4.2,3.7,0.0,1.1,49120,0.7580067611734996,5.820091872159578
35,New Mexico,NM,35005,Chaves County,35005001200,Census Tract 12; Chaves County; New Mexico,2164.209163731008,1302,341,677,111,491,123,342,147,10,16,101,62,155,79,118,131,147,62,421,164,225,87,5,15,61,67,763,366,0,18,274,116,37,40,14,16,0,13,26.5,9.0,1.8,2.8,20.6,11.5,18.7,8.4,9.1,8.3,11.3,5.2,32.3,6.4,17.3,6.4,1.0,3.0,4.9,5.2,58.6,23.6,0.0,2.7,40.5,12.5,7.5,7.9,2.9,3.3,0.0,1.0,0.6858,0.1463,0.3696,0.8183,0.6309,2.6509,0.5531,0.2307,0.943,0.7602,0.1,0.7644,2.7983,0.6952,0.7204,0.7204,0.7204,0.0,0.9781,0.8615,0.3433,0.0,2.1829,0.4566,8.3525,0.611,0,0,0,0,0,0,0,1,0,0,0,1,0,0,0,1,0,0,0,1,2,1417,179,98,0,13,705,311,0,13,0,13,0,13,53,52,5,9,36.5,14.0,0.0,3.0,54.1,12.5,0.0,3.0,0.0,3.0,0.0,3.0,4.1,4.1,0.4,0.7,49121,0.5450029670314995,4.196437363457027
35,New Mexico,NM,35005,Chaves County,35005001300,Census Tract 13; Chaves County; New Mexico,196.929430497486,3556,525,1076,183,987,167,1122,323,43,52,289,133,858,218,233,92,558,166,861,218,557,182,65,54,322,125,2526,586,0,18,410,170,82,49,14,16,614,64,36.6,8.5,3.7,4.5,29.3,12.5,38.4,7.6,7.6,2.9,15.7,4.8,24.2,4.2,18.1,5.4,6.6,5.4,9.6,3.5,71.0,12.7,0.0,1.7,38.1,12.7,8.3,4.8,1.4,1.6,17.3,3.1,0.84,0.3898,0.6459,0.9737,0.5493,3.3987,0.7696,0.4627,0.6627,0.7925,0.6241,0.872,3.414,0.9363,0.7963,0.7963,0.7963,0.0,0.973,0.8798,0.1834,0.9678,3.004,0.8026,10.613,0.891,0,0,0,1,0,1,0,0,0,0,0,0,0,0,0,1,0,0,1,2,3,3211,249,121,34,36,2376,490,32,51,45,41,0,13,39,48,0,13,25.2,11.3,1.0,1.0,66.8,7.0,0.9,1.5,1.3,1.1,0.0,1.1,1.1,1.3,0.0,1.1,49122,0.04942086115050001,1.3447712967408134
35,New Mexico,NM,35005,Chaves County,35005001400,Census Tract 14; Chaves County; New Mexico,600.081130722464,2719,386,1091,126,865,121,883,328,53,32,118,53,462,114,273,117,341,89,770,230,347,79,83,68,147,103,1749,505,0,18,378,90,14,19,56,41,0,13,32.7,11.2,4.0,2.5,13.6,5.8,26.8,5.5,10.0,4.3,12.5,3.6,28.3,5.8,12.8,3.4,9.6,7.7,5.7,3.9,64.3,16.2,0.0,1.6,34.6,7.2,1.6,2.2,6.5,4.7,0.0,0.5,0.7903,0.4267,0.1297,0.9182,0.6723,2.9372,0.6403,0.289,0.8516,0.5075,0.7872,0.7909,3.2262,0.8881,0.7576,0.7576,0.7576,0.0,0.9648,0.4774,0.6087,0.0,2.0509,0.3997,8.9719,0.7011,0,0,0,1,0,1,0,0,0,0,0,0,0,0,0,1,0,0,0,1,2,2306,154,65,28,32,1625,276,6,9,44,48,0,13,46,44,0,13,17.8,7.3,1.0,1.2,59.8,8.9,0.2,0.3,1.6,1.8,0.0,1.5,1.7,1.7,0.0,1.5,49123,0.15021789473050004,2.613246162071939
35,New Mexico,NM,35006,Cibola County,35006941500,Census Tract 9415; Cibola County; New Mexico,878.978419674282,3017,619,1139,140,723,149,1203,405,34,28,71,62,206,81,637,271,397,122,748,238,537,156,8,18,3,53,2928,623,0,18,218,67,95,72,48,37,28,4,40.2,10.7,2.8,2.2,9.8,8.3,10.0,3.8,21.3,6.9,13.2,4.1,24.8,5.0,18.0,4.9,1.1,2.5,0.1,1.9,97.1,5.4,0.0,1.6,19.1,5.5,13.1,9.6,6.6,4.7,0.9,0.2,0.8776,0.2701,0.0484,0.5686,0.9328,2.6975,0.568,0.3263,0.6964,0.7888,0.1084,0.229,2.1489,0.3,0.9643,0.9643,0.9643,0.0,0.8878,0.9433,0.6138,0.6733,3.1182,0.8397,8.9289,0.6953,0,0,0,0,1,1,0,0,0,0,0,0,1,1,0,0,1,0,0,1,3,2576,340,92,0,13,246,210,0,13,2528,584,6,11,148,84,0,13,47.0,11.4,0.0,1.3,8.2,6.5,0.0,1.3,83.8,7.4,0.2,0.4,4.9,2.9,0.0,1.3,49124,0.22438288072700005,2.596492813051369
35,New Mexico,NM,35006,Cibola County,35006945800,Census Tract 9458; Cibola County; New Mexico,343.488294076226,2073,380,1040,124,666,118,993,201,152,64,101,48,293,74,198,79,308,92,507,145,321,91,73,33,100,69,1848,401,0,18,151,47,50,23,68,25,4,2,48.1,4.0,20.1,5.7,15.2,6.7,21.8,4.9,9.6,3.6,14.9,4.4,24.5,5.3,15.5,3.4,11.0,4.6,5.4,3.5,89.1,10.4,0.0,1.7,14.5,4.1,7.5,3.2,10.2,3.8,0.2,0.1,0.9337,0.985,0.1768,0.8668,0.6544,3.6167,0.8233,0.419,0.68,0.6728,0.8365,0.7815,3.3898,0.9311,0.9016,0.9016,0.9016,0.0,0.846,0.8615,0.7525,0.4424,2.9024,0.7658,10.8105,0.9087,1,1,0,0,0,2,0,0,0,0,0,0,1,1,0,0,0,0,0,0,3,1330,378,83,0,13,185,170,13,15,1646,311,0,13,4,2,0,13,56.8,8.6,0.0,1.9,8.9,7.3,0.6,0.7,79.4,8.7,0.0,1.9,0.2,0.1,0.0,1.9,49125,0.08774002136050002,1.8643493142104732
35,New Mexico,NM,35006,Cibola County,35006946100,Census Tract 9461; Cibola County; New Mexico,465.477923681866,4646,700,1324,148,1000,138,1795,528,125,92,104,81,260,150,778,331,641,168,1246,292,978,244,124,75,20,57,4503,705,0,18,157,70,194,99,132,92,91,5,39.3,9.9,7.6,5.3,10.4,8.0,9.1,4.9,17.0,6.5,13.8,3.7,26.8,4.4,21.4,5.3,12.4,7.3,0.4,1.3,96.9,4.1,0.0,1.4,11.9,5.0,19.4,9.5,13.2,9.2,2.0,0.3,0.8689,0.7585,0.0585,0.5272,0.8778,3.0909,0.6845,0.3581,0.7945,0.8909,0.8746,0.3184,3.2365,0.8914,0.9625,0.9625,0.9625,0.0,0.8169,0.9756,0.8203,0.7829,3.3957,0.9141,10.6856,0.8977,0,0,0,0,0,0,0,0,0,0,0,0,1,1,0,0,1,0,0,1,2,3189,537,130,2,5,217,202,1,3,4148,710,0,13,135,156,0,13,53.7,12.5,0.0,0.1,4.7,4.4,0.0,0.1,89.3,5.7,0.0,0.9,2.9,3.3,0.0,0.9,49126,0.11912765676450003,1.9217272434557906
35,New Mexico,NM,35006,Cibola County,35006974201,Census Tract 9742.01; Cibola County; New Mexico,10.581727243018,5393,456,1607,157,1231,159,1832,617,99,80,438,168,744,210,239,197,607,177,1513,274,867,219,150,82,594,367,4515,515,117,83,459,114,80,74,129,74,750,77,39.1,12.6,7.1,5.5,35.6,12.8,21.9,6.5,5.1,4.4,11.3,3.5,28.1,4.4,18.5,4.1,12.2,6.5,11.6,7.1,83.7,6.4,7.3,5.1,28.6,6.6,6.5,6.0,10.5,5.9,13.9,0.8,0.8667,0.7272,0.7821,0.8681,0.3768,3.6209,0.8242,0.2307,0.8448,0.8074,0.8697,0.8981,3.6507,0.9745,0.8684,0.8684,0.8684,0.5825,0.9442,0.833,0.7602,0.9615,4.0814,0.9944,12.2214,0.987,0,0,0,0,0,0,0,0,0,0,0,0,0,0,0,1,0,0,1,2,2,5440,211,104,96,62,3459,587,0,19,771,292,0,19,165,123,24,33,17.1,7.7,1.8,1.2,64.1,8.1,0.0,0.7,14.3,5.5,0.0,0.7,3.1,2.3,0.4,0.6,49127,0.002711944380500001,0.3575255370312591
35,New Mexico,NM,35006,Cibola County,35006974202,Census Tract 9742.02; Cibola County; New Mexico,0.830021616194,2584,406,1268,234,1081,233,831,366,53,40,296,136,245,159,84,82,453,149,595,212,557,211,90,89,71,77,1739,479,38,47,101,69,25,49,10,12,0,13,32.2,13.2,4.3,3.3,27.4,11.1,14.1,8.7,3.3,3.2,17.5,5.4,23.0,7.3,21.7,7.5,8.3,8.0,3.2,3.4,67.3,15.2,3.0,3.7,8.0,5.1,2.3,4.5,0.9,1.1,0.0,0.5,0.7831,0.4642,0.594,0.7133,0.2246,2.7792,0.5927,0.5627,0.5879,0.8973,0.7286,0.6858,3.4623,0.9464,0.7754,0.7754,0.7754,0.444,0.7616,0.5693,0.1264,0.0,1.9013,0.3393,8.9182,0.6941,0,0,0,0,0,0,0,0,0,0,0,0,0,0,0,0,0,0,0,0,0,2395,282,152,0,13,1341,322,12,21,301,184,0,13,85,76,0,13,26.1,12.0,0.0,1.5,51.9,11.1,0.5,0.8,11.6,6.5,0.0,1.5,3.3,3.0,0.0,1.5,49128,0.00021211845200000005,0.07175203643730665
35,New Mexico,NM,35006,Cibola County,35006974401,Census Tract 9744.01; Cibola County; New Mexico,3.395886009416,674,174,376,81,332,81,194,115,0,13,46,33,107,70,137,56,129,97,28,41,252,139,0,18,0,52,450,234,0,18,26,28,0,18,4,7,31,6,28.8,15.4,0.0,10.1,13.9,9.3,17.6,11.7,20.3,9.1,19.1,12.9,4.2,5.9,37.4,14.7,0.0,5.4,0.0,7.8,66.8,30.1,0.0,4.8,6.9,7.7,0.0,5.4,1.2,2.2,4.6,1.5,0.7285,0.0,0.138,0.7975,0.9231,2.5871,0.5334,0.6468,0.0213,0.9965,0.0,0.0,1.6646,0.1021,0.7726,0.7726,0.7726,0.0,0.7428,0.0,0.1602,0.8949,1.7979,0.2986,6.8222,0.3669,0,0,0,0,1,1,0,0,1,0,0,1,0,0,0,0,0,0,0,0,2,2879,139,77,0,13,285,127,0,13,116,51,6,11,43,67,0,13,41.9,18.3,0.0,5.8,42.3,17.9,0.0,5.8,17.2,8.3,0.9,1.7,6.4,9.3,0.0,5.8,49129,0.0008619939820000002,0.17681085167728236
35,New Mexico,NM,35006,Cibola County,35006974402,Census Tract 9744.02; Cibola County; New Mexico,8.816940715662,2689,721,1222,239,1016,245,915,405,152,152,250,132,382,242,329,238,411,193,576,368,622,305,43,44,10,52,2202,741,44,54,551,145,44,51,8,11,0,13,34.0,12.0,13.9,9.7,24.6,11.6,19.3,11.3,12.2,7.9,15.3,7.6,21.4,10.7,23.1,10.5,4.2,4.2,0.4,2.0,81.9,16.6,3.6,4.4,45.1,10.8,4.4,4.9,0.8,1.1,0.0,0.5,0.8084,0.9459,0.5085,0.8282,0.7579,3.8489,0.8763,0.4409,0.4849,0.9236,0.4194,0.3184,2.5872,0.5675,0.8582,0.8582,0.8582,0.4686,0.9851,0.7439,0.1148,0.0,2.3124,0.5141,9.6067,0.7835,0,1,0,0,0,1,0,0,1,0,0,1,0,0,0,1,0,0,0,1,3,2840,231,110,0,13,1587,693,0,13,533,286,0,13,82,77,0,13,22.7,11.7,0.0,1.5,59.0,13.9,0.0,1.5,19.8,10.6,0.0,1.5,3.0,2.9,0.0,1.5,49130,0.0022627762815000006,0.2475108180519207
35,New Mexico,NM,35006,Cibola County,35006974701,Census Tract 9747.01; Cibola County; New Mexico,2361.62431749433,4515,1379,2460,338,1490,320,2051,1332,33,51,163,125,574,237,603,330,1143,323,1039,644,1011,377,0,18,55,92,2759,1428,34,41,763,231,46,59,46,58,156,93,47.1,26.8,2.4,4.2,10.9,8.1,18.2,6.5,13.8,8.7,25.3,10.8,23.0,9.2,23.2,7.1,0.0,1.2,1.3,2.2,61.1,25.5,1.4,1.7,31.0,9.3,3.1,3.9,3.1,4.1,3.5,1.8,0.9286,0.2186,0.0672,0.8096,0.8069,2.8309,0.608,0.8689,0.5879,0.9254,0.0,0.5089,2.8911,0.7449,0.7369,0.7369,0.7369,0.3588,0.9531,0.6505,0.3633,0.8626,3.1883,0.8602,9.6472,0.788,1,0,0,0,0,1,0,0,1,0,0,1,0,0,0,1,0,0,0,1,3,3705,102,96,21,33,2352,1309,44,62,342,172,0,13,0,13,0,13,6.8,6.7,0.5,0.8,52.1,16.3,1.0,1.3,7.6,3.9,0.0,0.9,0.0,0.9,0.0,0.9,49131,0.6034891478912403,6.136242962123065
35,New Mexico,NM,35006,Cibola County,35006974702,Census Tract 9747.02; Cibola County; New Mexico,466.78883147804,1620,520,705,221,585,240,280,129,49,104,36,50,91,55,49,104,517,241,207,162,457,259,0,18,15,55,1341,538,0,18,377,249,25,48,0,13,330,30,21.6,4.9,9.9,18.1,6.2,8.2,7.3,4.8,3.8,7.1,31.9,14.3,12.8,8.3,35.3,15.3,0.0,3.1,1.0,3.5,82.8,19.9,0.0,2.6,53.5,24.3,4.3,8.0,0.0,6.6,20.4,6.8,0.5758,0.8645,0.0134,0.4328,0.2682,2.1547,0.4008,0.9519,0.1016,0.9948,0.0,0.4592,2.5075,0.5186,0.863,0.863,0.863,0.0,0.9928,0.738,0.0,0.9723,2.7031,0.6856,8.2283,0.5928,0,0,0,0,0,0,1,0,1,0,0,2,0,0,0,1,0,0,1,2,4,1713,390,251,235,196,789,449,0,13,311,229,0,13,6,14,0,13,66.7,24.6,14.5,11.3,48.7,20.6,0.0,2.4,19.2,13.0,0.0,2.4,0.4,0.9,0.0,2.4,49132,0.11981673257500003,2.0418523240515145
35,New Mexico,NM,35007,Colfax County,35007950500,Census Tract 9505; Colfax County; New Mexico,839.539403854634,4019,442,2031,198,1760,208,1456,400,27,44,541,156,331,135,224,120,986,216,654,202,1002,207,63,49,0,52,2327,534,0,18,286,121,35,38,133,82,123,13,37.4,9.3,1.5,2.4,30.7,8.1,10.5,4.1,5.7,3.2,24.5,5.3,16.3,4.2,25.7,5.0,3.5,2.8,0.0,1.4,57.9,11.7,0.0,0.9,14.1,5.6,2.0,2.1,7.6,4.4,3.1,0.5,0.8492,0.1141,0.6809,0.5891,0.4224,2.6557,0.5547,0.85,0.2026,0.9573,0.3476,0.0,2.3575,0.4237,0.7157,0.7157,0.7157,0.0,0.842,0.532,0.6617,0.8458,2.8815,0.7575,8.6104,0.6496,0,0,0,0,0,0,0,0,1,0,0,1,0,0,0,0,0,0,0,0,1,3513,566,172,9,22,2213,346,0,13,0,13,0,13,105,75,0,13,32.2,8.4,0.2,0.6,55.1,5.7,0.0,1.0,0.0,1.0,0.0,1.0,2.6,1.9,0.0,1.0,49133,0.21976320105511676,2.199727628405226
35,New Mexico,NM,35007,Colfax County,35007950600,Census Tract 9506; Colfax County; New Mexico,587.894927660796,2950,367,1790,161,1495,173,1181,385,22,36,490,179,184,110,168,140,818,162,576,233,741,182,104,77,0,52,1665,446,16,28,253,127,20,35,270,151,69,3,41.5,12.5,1.8,3.0,32.8,11.4,8.9,5.0,5.8,5.0,27.7,6.6,19.5,6.6,25.7,6.6,6.9,5.1,0.0,1.8,56.4,13.4,0.9,1.6,14.1,6.8,1.3,2.3,18.1,9.3,2.3,0.3,0.8882,0.1463,0.728,0.5168,0.43,2.7093,0.571,0.9114,0.365,0.9573,0.6455,0.0,2.8792,0.739,0.7055,0.7055,0.7055,0.3217,0.842,0.4295,0.8843,0.8039,3.2814,0.8851,9.5754,0.7797,0,0,0,0,0,0,1,0,1,0,0,2,0,0,0,0,0,0,0,0,2,3363,306,147,16,25,1439,348,66,69,102,105,0,13,42,41,0,13,20.5,8.8,0.5,0.8,48.8,8.3,2.2,2.4,3.5,3.5,0.0,1.3,1.4,1.4,0.0,1.3,49134,0.15383310247545384,2.02090824751086
35,New Mexico,NM,35007,Colfax County,35007950700,Census Tract 9507; Colfax County; New Mexico,2330.540169802518,5401,256,5733,345,2294,288,1279,277,120,67,438,107,359,281,497,179,1600,229,942,181,1259,275,83,39,62,86,2676,392,365,100,950,214,48,33,80,56,373,526,25.4,4.8,5.3,2.9,19.1,4.0,8.9,6.8,9.9,3.3,29.6,4.1,17.4,3.2,25.0,4.3,3.6,1.6,1.2,1.7,49.5,6.9,6.3,1.7,16.6,3.5,2.1,1.4,3.5,2.4,6.9,9.7,0.6631,0.5746,0.3141,0.5168,0.6681,2.7367,0.5793,0.9335,0.2506,0.9497,0.3577,0.4936,2.9851,0.7924,0.6556,0.6556,0.6556,0.5564,0.8662,0.5447,0.401,0.9296,3.2979,0.8896,9.6753,0.7912,0,0,0,0,0,0,1,0,1,0,0,2,0,0,0,0,0,0,1,1,3,4591,517,133,46,39,2432,274,10,12,73,60,0,19,97,93,18,20,22.5,5.1,0.9,0.7,45.0,4.7,0.2,0.2,1.4,1.1,0.0,0.7,1.8,1.7,0.3,0.4,49135,0.6093934289043892,4.935574614533501
35,New Mexico,NM,35009,Curry County,35009000100,Census Tract 1; Curry County; New Mexico,2.254468110896,4717,801,1949,208,1548,210,2570,610,87,74,630,217,1266,297,684,329,395,156,1501,390,1033,258,189,123,841,350,4238,840,116,77,95,84,110,85,60,55,228,17,57.4,8.6,5.0,4.0,40.7,12.9,44.5,7.5,15.2,6.4,8.4,3.3,31.8,4.8,23.0,6.8,12.2,7.8,18.8,7.1,89.8,9.2,5.9,3.9,4.9,4.2,7.1,5.4,3.9,3.5,4.8,0.9,0.9714,0.5424,0.8615,0.9871,0.841,4.2034,0.9442,0.1172,0.9353,0.922,0.8697,0.9543,3.7985,0.9874,0.9066,0.9066,0.9066,0.5456,0.703,0.8511,0.4355,0.8992,3.4344,0.9225,12.3429,0.9899,1,0,0,1,0,2,0,1,1,0,1,3,1,1,0,0,0,0,0,0,6,3688,305,120,391,130,3738,771,47,42,37,61,0,13,25,30,0,13,19.7,7.2,8.3,3.1,79.2,5.9,1.0,0.9,0.8,1.3,0.0,0.8,0.5,0.6,0.0,0.8,49136,0.0005713612245000001,0.12883007199255858
35,New Mexico,NM,35009,Curry County,35009000201,Census Tract 2.01; Curry County; New Mexico,2.05474604054,4011,634,1621,160,1494,195,1083,380,50,52,338,109,459,134,466,225,635,68,942,274,586,179,58,48,169,97,2507,686,50,39,0,13,61,53,40,35,160,5,28.1,8.7,2.7,2.7,22.6,6.7,17.8,4.9,12.4,5.2,15.8,2.7,23.5,4.5,15.5,4.6,3.8,3.2,4.6,2.5,62.5,14.0,3.1,2.4,0.0,2.4,4.0,3.5,2.7,2.3,4.0,0.6,0.7158,0.2574,0.4421,0.8015,0.7649,2.9817,0.653,0.4682,0.6202,0.6728,0.3793,0.7533,2.8938,0.7464,0.7457,0.7457,0.7457,0.4483,0.0,0.7195,0.3229,0.8791,2.3698,0.5399,8.991,0.7038,0,0,0,0,0,0,0,0,0,0,0,0,0,0,0,0,0,0,0,0,0,3789,129,60,324,247,1791,534,123,67,16,22,10,18,194,186,49,82,8.6,3.9,8.1,5.8,44.7,9.0,3.1,1.7,0.4,0.5,0.2,0.4,4.8,4.4,1.2,2.0,49137,0.0005214420240000001,0.09991901908622805
35,New Mexico,NM,35009,Curry County,35009000202,Census Tract 2.02; Curry County; New Mexico,0.920397283538,4185,685,1972,237,1771,237,1576,404,270,154,700,229,703,317,496,306,613,186,1154,377,921,312,132,75,90,121,2773,778,27,39,131,92,27,34,34,32,27,6,37.7,7.4,16.0,8.5,39.5,11.8,28.3,10.4,12.2,6.6,14.6,4.8,27.6,5.7,22.6,6.0,7.4,4.1,2.5,3.3,66.3,15.1,1.4,2.0,6.6,4.8,1.5,1.9,1.9,1.8,0.6,0.1,0.8526,0.9662,0.8455,0.9289,0.7579,4.3511,0.9655,0.402,0.8269,0.9146,0.6785,0.636,3.458,0.9455,0.7697,0.7697,0.7697,0.3588,0.7376,0.4622,0.2397,0.6146,2.4129,0.5583,10.9917,0.9237,0,1,0,1,0,2,0,0,1,0,0,1,0,0,0,0,0,0,0,0,3,3704,224,123,235,132,2173,614,11,18,29,26,0,13,325,216,0,13,12.6,6.8,5.6,3.3,51.9,9.4,0.3,0.4,0.7,0.6,0.0,0.9,7.8,5.0,0.0,0.9,49138,0.00023556958850000007,0.06767012303894253
35,New Mexico,NM,35009,Curry County,35009000303,Census Tract 3.03; Curry County; New Mexico,1.768494650964,3961,493,1782,181,1678,184,824,458,48,42,531,211,234,153,80,83,611,204,994,289,700,286,71,75,0,52,2295,581,0,18,118,75,61,68,59,70,8,3,20.8,11.3,3.0,2.6,31.6,12.1,8.6,5.4,2.1,2.2,15.4,5.3,25.1,5.1,18.7,6.4,4.2,4.4,0.0,1.5,57.9,12.8,0.0,1.0,6.6,4.2,3.6,4.0,3.5,4.1,0.2,0.1,0.5562,0.2974,0.7016,0.5009,0.124,2.1801,0.4081,0.4461,0.7128,0.8147,0.4194,0.0,2.393,0.4458,0.7157,0.7157,0.7157,0.0,0.7376,0.691,0.401,0.4424,2.272,0.4961,7.5608,0.4865,0,0,0,0,0,0,0,0,0,0,0,0,0,0,0,0,0,0,0,0,0,3128,177,119,103,90,1858,602,26,32,2,5,0,13,300,175,6,10,10.5,6.7,2.6,2.2,46.9,11.7,0.7,0.8,0.1,0.1,0.0,1.0,7.6,4.5,0.2,0.3,49139,0.0004514505280000001,0.10020868447213009
35,New Mexico,NM,35009,Curry County,35009000305,Census Tract 3.05; Curry County; New Mexico,0.594211364102,2161,447,880,156,789,147,986,319,135,124,363,147,258,117,265,166,105,92,684,240,423,133,138,126,6,51,946,612,45,56,63,92,30,37,122,84,59,8,46.6,11.5,11.7,10.8,46.0,16.5,19.5,8.3,12.6,6.8,4.9,3.8,31.7,7.4,20.0,6.5,17.5,15.6,0.3,2.6,43.8,26.8,5.1,6.3,7.2,10.1,3.8,4.6,15.5,9.9,2.7,0.7,0.926,0.9118,0.9196,0.8315,0.7712,4.3601,0.9667,0.0356,0.9336,0.8561,0.9524,0.285,3.0627,0.8268,0.6085,0.6085,0.6085,0.5217,0.7484,0.7057,0.8554,0.8263,3.6575,0.9622,11.6888,0.9676,1,1,1,0,0,3,0,1,0,1,0,2,0,0,0,0,0,0,0,0,5,2480,182,105,179,138,715,357,0,13,0,13,0,13,52,53,0,13,23.1,13.4,8.3,6.2,33.1,15.2,0.0,1.8,0.0,1.8,0.0,1.8,2.4,2.6,0.0,1.8,49140,0.00015557236150000003,0.06032482319222859
35,New Mexico,NM,35009,Curry County,35009000306,Census Tract 3.06; Curry County; New Mexico,2.002183658668,4056,549,1976,228,1678,213,1472,559,276,214,623,244,327,182,129,114,566,113,991,355,684,181,296,186,0,52,2541,597,80,73,70,95,0,18,33,56,0,13,36.6,13.0,13.7,9.4,37.1,13.8,13.0,6.7,3.2,2.9,14.0,3.1,24.4,7.2,17.1,4.8,17.6,10.9,0.0,1.4,62.6,12.0,4.1,3.7,3.5,4.7,0.0,1.1,2.0,3.4,0.0,0.3,0.84,0.9434,0.809,0.6803,0.2162,3.4889,0.7922,0.3684,0.6746,0.751,0.9532,0.0,2.7472,0.6657,0.7463,0.7463,0.7463,0.4877,0.6671,0.0,0.2501,0.0,1.4049,0.1713,8.3873,0.6162,0,1,0,0,0,1,0,0,0,1,0,1,0,0,0,0,0,0,0,0,2,4079,197,97,235,172,2229,605,19,44,0,13,0,13,43,67,15,27,11.7,5.7,5.8,4.3,55.0,8.9,0.5,1.1,0.0,1.0,0.0,1.0,1.1,1.7,0.4,0.7,49141,0.0005116384400000001,0.0933657705008694
35,New Mexico,NM,35009,Curry County,35009000307,Census Tract 3.07; Curry County; New Mexico,1.019482639798,3699,708,1632,273,1610,278,273,160,96,75,371,168,224,167,101,69,532,199,1048,440,528,239,124,124,0,52,995,902,45,52,23,45,34,55,34,54,0,13,7.5,4.1,5.9,4.6,23.0,9.6,9.5,7.0,3.1,2.1,14.4,5.8,28.3,8.5,16.1,7.6,7.7,7.6,0.0,1.5,26.9,23.8,2.8,3.2,1.4,2.7,2.1,3.4,2.1,3.3,0.0,0.4,0.1486,0.6328,0.4556,0.5462,0.2073,1.9905,0.351,0.3905,0.8516,0.7042,0.696,0.0,2.6423,0.6018,0.4281,0.4281,0.4281,0.4352,0.5741,0.5447,0.2614,0.0,1.8154,0.3056,6.8763,0.3758,0,0,0,0,0,0,0,0,0,0,0,0,0,0,0,0,0,0,0,0,0,1482,38,40,101,83,810,421,0,13,3,5,40,63,41,54,0,13,2.4,2.5,2.7,2.4,21.9,9.5,0.0,1.1,0.1,0.1,1.1,1.7,1.1,1.4,0.0,1.1,49142,0.0002599675070000001,0.06486240004733519
35,New Mexico,NM,35009,Curry County,35009000308,Census Tract 3.08; Curry County; New Mexico,2.023606528138,3194,481,1333,138,1219,171,342,320,130,128,276,124,187,137,90,103,510,129,779,230,394,130,0,18,21,66,1033,701,0,18,0,13,0,18,14,23,0,13,10.7,9.9,11.6,10.9,22.6,9.7,8.8,6.1,3.2,3.6,16.0,4.2,24.4,4.7,14.0,4.6,0.0,1.5,0.7,2.3,32.3,21.4,0.0,1.4,0.0,3.0,0.0,1.5,1.1,2.0,0.0,0.4,0.2536,0.91,0.4421,0.5114,0.2162,2.3333,0.4549,0.4795,0.6746,0.5851,0.0,0.3984,2.1376,0.2929,0.4937,0.4937,0.4937,0.0,0.0,0.0,0.149,0.0,0.149,0.0086,5.1136,0.1337,0,1,0,0,0,1,0,0,0,0,0,0,0,0,0,0,0,0,0,0,1,3504,47,47,144,127,762,402,33,63,17,25,0,13,77,97,0,13,3.9,3.8,4.5,3.9,23.9,11.5,1.0,1.9,0.5,0.8,0.0,1.2,2.4,3.1,0.0,1.2,49143,0.0005177763275000002,0.10031877098541667
35,New Mexico,NM,35009,Curry County,35009000400,Census Tract 4; Curry County; New Mexico,2.793567275518,3652,662,2000,216,1571,234,2343,614,188,160,665,203,741,199,627,305,459,180,756,341,829,240,122,89,155,143,2736,728,133,103,164,112,90,90,206,115,3,2,64.8,12.1,11.4,9.0,42.3,11.3,30.9,8.0,17.4,7.1,12.6,5.6,20.7,7.2,23.0,6.5,7.8,5.5,4.5,4.0,74.9,14.6,6.7,5.1,8.2,5.4,5.7,5.7,13.1,7.3,0.1,0.1,0.9865,0.9054,0.8814,0.9452,0.8844,4.6029,0.9907,0.2945,0.4414,0.922,0.702,0.7492,3.1091,0.8452,0.8182,0.8182,0.8182,0.5669,0.7647,0.8057,0.8186,0.3692,3.3251,0.8969,11.8553,0.9747,1,1,0,1,0,3,0,0,1,0,0,1,0,0,0,0,0,0,0,0,4,6438,411,177,108,87,2433,680,83,93,44,48,0,13,68,67,0,13,26.2,9.8,3.0,2.4,66.6,10.7,2.3,2.4,1.2,1.3,0.0,1.1,1.9,1.8,0.0,1.1,49144,0.0007091694385000001,0.15752370492198897
35,New Mexico,NM,35009,Curry County,35009000500,Census Tract 5; Curry County; New Mexico,6.574060684092,2114,568,798,120,595,95,855,549,41,38,130,62,426,173,505,309,193,85,678,237,473,205,63,51,229,124,1800,576,24,36,283,80,97,64,14,24,0,13,40.4,23.6,4.5,3.9,21.8,9.8,34.0,12.5,24.0,12.7,9.1,4.8,32.1,5.6,22.5,6.7,10.6,8.4,11.4,5.3,85.1,14.8,3.0,4.5,35.5,10.1,16.3,10.4,2.4,3.8,0.0,0.6,0.8793,0.4875,0.4133,0.9593,0.9536,3.693,0.8415,0.1418,0.9401,0.9129,0.8239,0.8959,3.7146,0.9812,0.8763,0.8763,0.8763,0.444,0.9671,0.9634,0.2925,0.0,2.667,0.6701,10.9509,0.9202,0,0,0,1,1,2,0,1,1,0,0,2,0,0,0,1,1,0,0,2,6,1584,114,63,40,36,1603,462,0,13,0,13,0,13,157,148,0,13,19.2,9.5,1.9,1.7,75.8,5.5,0.0,1.9,0.0,1.9,0.0,1.9,7.4,6.0,0.0,1.9,49145,0.0017324294795000004,0.20647258256241982
35,New Mexico,NM,35009,Curry County,35009000601,Census Tract 6.01; Curry County; New Mexico,536.672315867776,876,160,516,85,385,71,262,117,15,11,56,29,81,72,34,19,228,80,151,60,189,60,11,7,30,70,169,216,3,13,115,38,2,13,10,9,0,13,29.9,12.2,4.4,2.9,14.5,7.0,11.8,9.1,4.0,2.2,26.0,7.7,17.2,5.6,22.0,5.9,2.9,1.7,3.6,8.3,19.3,24.4,0.6,2.5,22.3,6.7,0.5,3.4,2.6,2.2,0.0,1.5,0.7478,0.4757,0.1556,0.6399,0.2862,2.3052,0.4463,0.8839,0.2415,0.9035,0.2843,0.7082,3.0214,0.8093,0.3197,0.3197,0.3197,0.2912,0.9106,0.2792,0.312,0.0,1.793,0.2966,7.4393,0.4667,0,0,0,0,0,0,0,0,1,0,0,1,0,0,0,1,0,0,0,1,2,690,63,35,0,13,119,81,0,13,0,13,0,13,50,34,0,13,16.4,8.5,0.0,4.5,13.6,8.3,0.0,4.5,0.0,4.5,0.0,4.5,5.7,3.9,0.0,4.5,49146,0.13660752806100004,1.6503542705145353
35,New Mexico,NM,35009,Curry County,35009000602,Census Tract 6.02; Curry County; New Mexico,733.194924973636,5919,764,2325,261,2220,271,1009,362,121,87,492,187,289,141,363,201,807,177,1495,363,593,189,105,77,134,116,1830,963,224,194,156,81,69,54,66,73,15,15,17.1,5.7,5.2,3.6,22.2,8.0,8.2,3.9,7.2,3.9,13.6,2.7,25.3,4.1,11.7,3.3,4.8,3.4,2.4,2.0,30.9,15.8,9.6,8.3,6.7,3.4,3.1,2.4,3.0,3.4,0.3,0.3,0.4558,0.5643,0.4275,0.4808,0.5253,2.4537,0.4913,0.3477,0.7229,0.4323,0.4789,0.6284,2.6102,0.5815,0.4773,0.4773,0.4773,0.6328,0.7393,0.6505,0.3532,0.5038,2.8796,0.7567,8.4208,0.6215,0,0,0,0,0,0,0,0,0,0,0,0,0,0,0,0,0,0,0,0,0,3649,161,86,199,161,1208,450,265,206,21,18,0,19,136,109,1,2,7.3,3.9,3.4,2.8,20.4,6.3,4.5,3.5,0.4,0.3,0.0,0.7,2.3,1.8,0.0,0.1,49147,0.18727197654258665,2.0326042099013377
35,New Mexico,NM,35009,Curry County,35009000603,Census Tract 6.03; Curry County; New Mexico,107.78745441068,3100,307,1543,178,1273,166,856,303,42,41,267,116,490,150,238,94,531,154,789,213,516,168,69,46,210,95,1496,426,2,13,479,169,49,46,82,77,0,13,27.8,9.5,3.0,3.0,21.0,8.7,23.5,6.3,7.8,3.0,17.1,5.0,25.5,5.8,17.0,5.4,5.4,3.5,7.5,3.3,48.3,12.9,0.1,0.8,31.0,9.7,3.9,3.6,6.4,5.5,0.0,0.4,0.7105,0.2974,0.3846,0.8873,0.5615,2.8413,0.6111,0.5402,0.7342,0.7466,0.5324,0.8361,3.3895,0.9311,0.6464,0.6464,0.6464,0.2553,0.9531,0.7126,0.6032,0.0,2.5242,0.6073,9.4014,0.7582,0,0,0,0,0,0,0,0,0,0,0,0,0,0,0,1,0,0,0,1,1,3405,311,121,53,77,1356,269,0,13,16,19,0,13,71,61,0,13,24.4,8.0,1.7,2.5,43.7,7.6,0.0,1.3,0.5,0.6,0.0,1.3,2.3,2.0,0.0,1.3,49148,0.02744258301887015,0.9758935120825052
35,New Mexico,NM,35009,Curry County,35009000900,Census Tract 9; Curry County; New Mexico,5.863278562456,2682,257,828,113,704,104,259,137,83,66,144,74,0,13,14,17,0,13,837,167,12,20,75,69,0,52,1344,371,91,61,0,13,0,18,19,31,599,31,12.4,6.4,15.6,11.9,20.5,10.1,0.0,4.3,0.9,1.1,0.0,1.5,31.2,4.7,0.8,1.4,10.7,9.7,0.0,2.3,50.1,13.0,11.0,7.2,0.0,4.7,0.0,2.6,2.7,4.4,22.3,2.4,0.3095,0.9631,0.3659,0.0,0.0396,1.6781,0.2601,0.0,0.9248,0.0016,0.827,0.0,1.7534,0.1263,0.6602,0.6602,0.6602,0.6591,0.0,0.0,0.3229,0.9744,1.9564,0.3621,6.0481,0.2502,0,1,0,0,0,1,0,1,0,0,0,1,0,0,0,0,0,0,1,1,3,5698,0,13,266,250,680,245,116,87,27,38,0,13,255,178,0,13,0.0,5.5,9.9,9.1,25.4,8.8,4.3,3.2,1.0,1.4,0.0,1.5,9.5,6.8,0.0,1.5,49149,0.0014905498090000003,0.17475581146433786
35,New Mexico,NM,35011,De Baca County,35011960100,Census Tract 9601; De Baca County; New Mexico,2323.105828688492,1695,173,1154,143,741,159,450,150,68,68,135,73,175,112,150,171,358,106,431,116,231,85,10,11,10,50,1102,232,0,18,256,82,0,18,41,42,16,3,26.8,8.5,8.5,8.2,18.2,9.0,15.4,9.9,8.9,10.6,21.1,7.0,25.4,5.8,13.8,5.9,1.3,1.5,0.7,3.4,65.0,12.0,0.0,1.6,22.2,7.0,0.0,2.4,5.5,5.4,0.9,0.2,0.6918,0.808,0.2813,0.749,0.6208,3.1509,0.7019,0.7391,0.7286,0.5727,0.1257,0.3984,2.5645,0.5539,0.7617,0.7617,0.7617,0.0,0.9099,0.0,0.5518,0.6733,2.135,0.4357,8.6121,0.6498,0,0,0,0,0,0,0,0,0,0,0,0,0,0,0,1,0,0,0,1,1,1123,186,84,1,2,1076,260,0,13,1,12,0,13,24,47,0,13,25.1,10.5,0.1,0.1,63.5,11.1,0.0,2.3,0.1,0.7,0.0,2.3,1.4,2.9,0.0,2.3,49150,0.5922572600795002,3.454682295653867
35,New Mexico,NM,35013,Doña Ana County,35013000102,Census Tract 1.02; Doña Ana County; New Mexico,1.203088812674,5225,1199,1825,282,1810,278,2276,1169,35,32,645,284,795,368,963,537,929,252,1422,680,613,162,157,87,270,202,4313,1222,124,161,26,38,146,167,207,191,0,19,43.6,20.0,1.6,1.6,35.6,14.7,25.0,9.2,18.4,9.5,17.8,5.8,27.2,7.9,11.7,4.0,8.7,4.6,5.6,4.0,82.5,13.7,6.8,8.8,1.4,2.1,8.0,9.1,11.4,9.6,0.0,0.4,0.9055,0.1241,0.7821,0.9026,0.8998,3.6141,0.8226,0.5793,0.8111,0.4323,0.7482,0.7876,3.3585,0.9247,0.8614,0.8614,0.8614,0.5698,0.5741,0.8733,0.7832,0.0,2.8004,0.7251,10.6344,0.893,1,0,0,1,0,2,0,0,0,0,0,0,0,0,0,0,0,0,0,0,2,2520,380,202,66,77,4001,1192,207,189,0,19,0,19,30,46,9,13,21.0,10.1,1.3,1.5,76.6,7.9,4.0,3.6,0.0,0.8,0.0,0.8,0.6,0.9,0.2,0.3,49151,0.0002972178750000001,0.07801796004005644
35,New Mexico,NM,35013,Doña Ana County,35013000103,Census Tract 1.03; Doña Ana County; New Mexico,1.629566271018,4413,512,1669,204,1560,204,1660,491,172,94,455,208,591,199,710,287,581,113,961,295,781,255,231,102,406,191,3892,545,0,18,849,214,46,41,109,69,2,2,37.9,10.3,8.6,4.4,29.2,12.8,22.6,7.3,16.1,6.4,13.2,3.0,21.8,5.5,17.7,5.6,14.8,6.2,9.8,4.5,88.2,6.9,0.0,1.1,50.9,9.7,3.0,2.6,7.0,4.4,0.0,0.0,0.8546,0.8128,0.6432,0.8771,0.8607,4.0484,0.917,0.3263,0.5107,0.777,0.9202,0.8751,3.4093,0.9355,0.896,0.896,0.896,0.0,0.9909,0.6415,0.6338,0.0,2.2662,0.4933,10.6199,0.8916,0,0,0,0,0,0,0,0,0,1,0,1,0,0,0,1,0,0,0,1,2,1850,292,114,314,210,3498,550,11,20,36,53,0,13,33,33,0,13,18.7,7.2,7.1,4.9,79.3,6.1,0.2,0.5,0.8,1.2,0.0,0.9,0.7,0.7,0.0,0.9,49152,0.0004057530270000001,0.10041148755241654
35,New Mexico,NM,35013,Doña Ana County,35013000104,Census Tract 1.04; Doña Ana County; New Mexico,1.375037793966,4537,622,2103,230,1802,237,1125,473,119,75,576,236,271,125,350,151,1005,212,951,331,602,239,133,101,39,66,2964,718,153,146,345,123,14,25,27,34,0,13,25.0,9.9,6.1,3.5,32.0,12.4,9.6,4.0,7.7,3.4,22.2,5.3,21.0,5.6,13.3,5.2,7.4,5.5,0.9,1.6,65.3,13.0,7.3,6.9,16.4,6.2,0.8,1.4,1.5,1.9,0.0,0.3,0.6546,0.6498,0.7108,0.5507,0.5554,3.1213,0.6933,0.7807,0.4596,0.5405,0.6785,0.4404,2.8997,0.7495,0.7634,0.7634,0.7634,0.5825,0.8645,0.3391,0.1949,0.0,1.981,0.3721,8.7654,0.6725,0,0,0,0,0,0,0,0,0,0,0,0,0,0,0,0,0,0,0,0,0,2629,228,97,17,34,2745,628,0,13,0,13,0,13,202,162,0,13,12.7,5.4,0.4,0.7,60.5,8.8,0.0,0.9,0.0,0.9,0.0,0.9,4.5,3.4,0.0,0.9,49153,0.0003394280085000001,0.0872013337345416
35,New Mexico,NM,35013,Doña Ana County,35013000203,Census Tract 2.03; Doña Ana County; New Mexico,1.565247469348,3199,692,1153,139,1119,136,1225,802,134,134,437,218,289,163,143,97,560,171,947,522,715,265,110,155,15,57,2501,730,0,18,28,31,107,90,30,38,4,1,38.3,23.7,10.3,7.9,39.1,18.9,15.8,7.7,4.5,3.2,17.5,7.4,29.6,11.3,22.4,7.5,9.9,13.8,0.5,2.0,78.2,15.3,0.0,1.6,2.4,2.7,9.6,8.0,2.7,3.4,0.1,0.0,0.8589,0.8771,0.8399,0.7583,0.3281,3.6623,0.8342,0.5627,0.8897,0.9114,0.7988,0.3495,3.5121,0.9559,0.8375,0.8375,0.8375,0.0,0.6291,0.903,0.3229,0.3692,2.2242,0.4751,10.2361,0.8542,0,0,0,0,0,0,0,0,1,0,0,1,0,0,0,0,1,0,0,1,2,3078,48,46,0,13,2461,581,0,13,0,13,0,13,40,55,0,13,4.3,4.1,0.0,1.2,76.9,5.7,0.0,1.2,0.0,1.2,0.0,1.2,1.3,1.7,0.0,1.2,49154,0.0003876708190000001,0.10199888538876484
35,New Mexico,NM,35013,Doña Ana County,35013000204,Census Tract 2.04; Doña Ana County; New Mexico,3.59532970023,4671,977,1576,204,1446,221,1379,710,117,83,340,183,222,160,540,359,283,113,1370,509,515,165,114,102,201,198,3545,1095,0,18,576,236,12,24,0,13,0,13,29.5,13.9,5.1,3.9,23.5,12.1,8.6,6.2,11.6,7.0,6.1,3.1,29.3,7.1,11.0,3.8,7.9,6.9,4.5,4.3,75.9,17.2,0.0,1.1,36.5,14.1,0.8,1.7,0.0,2.7,0.0,0.3,0.7409,0.5535,0.4724,0.5009,0.7368,3.0045,0.66,0.0557,0.8821,0.3827,0.7076,0.7492,2.7773,0.6833,0.8239,0.8239,0.8239,0.0,0.9694,0.3391,0.0,0.0,1.3085,0.1463,7.9142,0.544,0,0,0,0,0,0,0,0,0,0,0,0,0,0,0,1,0,0,0,1,1,3368,158,118,0,13,3435,886,0,13,23,43,0,13,87,108,0,13,10.9,8.4,0.0,0.9,73.5,9.7,0.0,0.9,0.5,0.9,0.0,0.9,1.9,2.4,0.0,0.9,49155,0.0008920938305000002,0.16297361656512227
35,New Mexico,NM,35013,Doña Ana County,35013000205,Census Tract 2.05; Doña Ana County; New Mexico,1.715810646962,2089,375,990,186,869,213,368,175,78,96,375,142,347,286,37,63,736,222,83,73,469,258,13,26,4,47,1044,491,151,121,400,138,0,18,45,51,564,108,24.1,9.9,14.1,15.9,43.2,12.4,19.7,14.6,2.4,4.1,35.2,8.8,4.0,3.2,30.8,13.4,1.5,3.0,0.2,2.3,50.0,21.7,15.3,11.9,40.4,15.1,0.0,2.1,5.2,5.9,27.0,1.8,0.6352,0.9485,0.8914,0.8349,0.1479,3.4579,0.7845,0.9677,0.0205,0.9862,0.1435,0.2531,2.371,0.4322,0.6593,0.6593,0.6593,0.7261,0.978,0.0,0.532,0.9788,3.2149,0.8679,9.7031,0.7945,0,1,0,0,0,1,1,0,1,0,0,2,0,0,0,1,0,0,1,2,5,5427,203,108,34,39,926,236,1,3,33,49,0,13,31,38,19,46,23.4,11.1,1.6,1.9,44.3,9.6,0.0,0.1,1.6,2.3,0.0,1.9,1.5,1.8,0.9,2.2,49156,0.0004268235160000001,0.12007428783148409
35,New Mexico,NM,35013,Doña Ana County,35013000206,Census Tract 2.06; Doña Ana County; New Mexico,1.53793499997,2575,558,1069,339,1039,341,1110,439,94,82,291,169,227,120,490,228,338,99,664,174,457,227,219,123,131,103,2107,583,0,18,331,145,30,48,265,321,14,4,43.2,14.3,7.2,6.5,28.0,13.4,17.4,9.7,19.1,8.3,13.1,4.3,25.8,6.5,17.8,9.0,21.1,9.6,5.3,4.0,81.8,14.1,0.0,1.7,31.0,15.5,2.9,4.5,25.5,23.8,0.5,0.1,0.9023,0.7343,0.6114,0.7934,0.9093,3.9507,0.8977,0.3205,0.7492,0.781,0.9756,0.7782,3.6045,0.969,0.8576,0.8576,0.8576,0.0,0.9531,0.6321,0.9312,0.5852,3.1016,0.8341,11.5144,0.9587,1,0,0,0,1,2,0,0,0,1,0,1,0,0,0,1,0,1,0,2,5,5449,175,113,16,32,2030,602,11,23,50,66,0,13,0,13,0,13,16.8,12.1,0.6,1.3,78.8,8.5,0.4,0.9,1.9,2.7,0.0,1.5,0.0,1.5,0.0,1.5,49157,0.0003871865565000001,0.09812581823505787
35,New Mexico,NM,35013,Doña Ana County,35013000300,Census Tract 3; Doña Ana County; New Mexico,0.903553583788,3677,658,1858,346,1645,322,1449,421,216,114,716,260,242,99,503,195,442,101,696,235,677,177,272,193,65,77,2316,739,185,130,0,13,120,144,163,107,0,13,39.4,9.0,11.5,6.2,43.5,13.3,11.0,4.6,13.7,4.7,12.0,3.4,18.9,4.9,18.4,5.4,16.5,11.3,1.9,2.2,63.0,16.6,10.0,6.7,0.0,2.1,7.3,8.6,9.9,6.4,0.0,0.4,0.8698,0.908,0.8948,0.6092,0.8046,4.0864,0.9244,0.264,0.3303,0.8035,0.9422,0.5824,2.9224,0.761,0.7491,0.7491,0.7491,0.6406,0.0,0.8564,0.7436,0.0,2.2406,0.4822,9.9985,0.8289,0,1,0,0,0,1,0,0,0,1,0,1,0,0,0,0,0,0,0,0,2,3689,273,134,113,119,2063,515,14,19,24,46,0,13,102,139,0,13,16.6,8.4,3.1,3.3,56.1,7.7,0.4,0.5,0.7,1.2,0.0,1.1,2.8,3.6,0.0,1.1,49158,0.00022360800400000007,0.06834379969711891
35,New Mexico,NM,35013,Doña Ana County,35013000401,Census Tract 4.01; Doña Ana County; New Mexico,0.588407092736,2467,539,1402,254,1159,259,1690,480,87,61,467,149,435,146,146,97,401,127,491,256,634,173,34,45,150,117,2164,558,85,55,8,12,60,69,194,92,3,2,68.5,12.4,7.6,5.2,40.3,9.2,26.0,8.4,5.9,4.1,16.3,5.7,19.9,7.8,25.7,7.4,2.9,3.8,6.4,4.8,87.7,12.0,6.0,3.8,0.6,0.9,5.2,5.8,16.7,8.7,0.1,0.1,0.9909,0.7585,0.8567,0.9118,0.4371,3.955,0.8988,0.4959,0.3904,0.9573,0.2843,0.8101,2.938,0.7692,0.8926,0.8926,0.8926,0.5485,0.4993,0.785,0.8702,0.3692,3.0722,0.8252,10.8578,0.9129,1,0,0,1,0,2,0,0,1,0,0,1,0,0,0,0,0,0,0,0,3,1726,317,124,167,213,1944,501,32,51,21,43,0,13,0,13,0,13,27.4,11.6,6.8,8.1,78.8,9.0,1.3,2.2,0.9,1.9,0.0,1.6,0.0,1.6,0.0,1.6,49159,0.00014588735150000004,0.06203828321835173
35,New Mexico,NM,35013,Doña Ana County,35013000402,Census Tract 4.02; Doña Ana County; New Mexico,1.396644447988,5906,1145,2142,320,2065,322,2707,561,250,125,866,246,667,194,628,351,708,128,1814,508,547,144,363,129,372,209,4688,1199,99,104,324,155,50,55,36,48,40,16,46.1,3.2,9.8,5.6,41.9,10.0,20.7,6.8,10.6,6.1,12.0,2.9,30.7,4.8,9.3,3.0,17.6,5.6,6.9,3.6,79.4,13.2,4.7,4.8,15.1,7.4,2.4,2.6,1.7,2.3,0.7,0.2,0.9229,0.8607,0.8766,0.8512,0.6987,4.2101,0.9452,0.264,0.9149,0.2605,0.9532,0.8225,3.2151,0.8847,0.8439,0.8439,0.8439,0.5089,0.8521,0.5801,0.2177,0.6376,2.7964,0.7236,11.0655,0.9296,1,0,0,0,0,1,0,1,0,1,0,2,0,0,0,0,0,0,0,0,3,7304,256,126,15,20,4673,1139,0,19,0,19,0,19,0,19,0,19,12.4,6.1,0.3,0.4,79.1,6.8,0.0,0.7,0.0,0.7,0.0,0.7,0.0,0.7,0.0,0.7,49160,0.00034846589350000007,0.09235416589432655
35,New Mexico,NM,35013,Doña Ana County,35013000500,Census Tract 5; Doña Ana County; New Mexico,0.961559617758,2005,526,1186,136,956,149,1042,347,406,359,422,178,235,124,453,366,414,144,154,129,355,148,133,164,132,120,1533,552,65,60,87,90,0,18,36,47,145,29,52.0,10.6,35.9,22.6,44.1,17.3,14.8,7.3,22.6,15.1,20.6,7.5,7.7,5.3,17.7,8.9,14.0,17.0,6.6,5.7,76.5,18.8,5.5,5.0,7.3,7.5,0.0,1.9,3.8,5.0,7.2,2.4,0.9528,0.999,0.9013,0.7327,0.9437,4.5295,0.9844,0.7171,0.0407,0.777,0.9072,0.8153,3.2573,0.8976,0.8274,0.8274,0.8274,0.5335,0.7502,0.0,0.4271,0.9324,2.6432,0.6596,11.2574,0.9429,1,1,1,0,1,4,0,0,0,1,0,1,0,0,0,0,0,0,1,1,6,5781,232,96,0,13,1469,590,0,13,1,2,0,13,59,61,4,7,24.3,10.6,0.0,2.0,73.3,12.6,0.0,2.0,0.0,0.1,0.0,2.0,2.9,3.1,0.2,0.3,49161,0.00023874997750000007,0.07295694911286758
35,New Mexico,NM,35013,Doña Ana County,35013000600,Census Tract 6; Doña Ana County; New Mexico,0.971946533762,2555,529,1315,127,1135,153,1581,490,207,132,483,180,228,118,380,233,409,100,529,270,571,200,99,63,90,73,2214,546,66,57,126,112,31,52,142,103,0,13,61.9,14.3,15.7,8.6,42.6,14.8,13.2,6.5,14.9,8.1,16.0,4.7,20.7,8.0,22.3,7.0,8.7,5.4,3.7,2.9,86.7,11.6,5.0,4.3,9.6,8.1,2.7,4.6,12.5,8.1,0.0,0.5,0.9819,0.964,0.8848,0.6865,0.8344,4.3516,0.9656,0.4795,0.4414,0.9095,0.7482,0.7132,3.2918,0.9074,0.8858,0.8858,0.8858,0.5185,0.7864,0.6121,0.8073,0.0,2.7243,0.6944,11.2535,0.9426,1,1,0,0,0,2,0,0,1,0,0,1,0,0,0,0,0,0,0,0,3,8557,288,121,86,78,2024,513,104,130,0,13,0,13,0,13,0,13,25.4,9.3,3.4,2.9,79.2,7.7,4.1,5.1,0.0,1.6,0.0,1.6,0.0,1.6,0.0,1.6,49162,0.00024182478300000006,0.07907992815878746
35,New Mexico,NM,35013,Doña Ana County,35013000700,Census Tract 7; Doña Ana County; New Mexico,0.940640225296,6556,1328,2433,229,2334,242,2573,867,352,203,988,331,613,195,577,313,652,186,2107,868,1539,517,299,246,177,188,5847,1358,303,175,39,50,166,198,395,193,5,2,39.2,10.6,12.1,6.4,42.3,13.5,16.4,5.4,8.8,5.2,9.9,3.2,32.1,7.9,23.5,5.8,12.9,10.5,3.0,3.2,89.2,10.1,12.4,7.1,1.6,2.1,7.1,8.5,16.9,8.0,0.1,0.0,0.8677,0.9193,0.8814,0.7713,0.6156,4.0553,0.9183,0.1722,0.9401,0.9304,0.8855,0.6734,3.6016,0.9686,0.9024,0.9024,0.9024,0.6826,0.5875,0.8511,0.8723,0.3692,3.3627,0.9064,11.922,0.977,0,1,0,0,0,1,0,1,1,0,0,2,1,1,0,0,0,0,0,0,4,5310,456,171,250,178,5290,1303,22,30,155,122,17,32,113,129,0,19,19.5,7.6,3.8,2.7,80.7,6.3,0.3,0.5,2.4,2.0,0.3,0.5,1.7,2.0,0.0,0.6,49163,0.00023060146200000006,0.06717202769355284
35,New Mexico,NM,35013,Doña Ana County,35013000800,Census Tract 8; Doña Ana County; New Mexico,0.615636550184,4406,823,2256,428,2125,434,2682,762,84,55,1141,444,225,160,387,196,241,110,514,281,771,443,190,127,59,93,3645,858,626,222,0,13,54,83,57,51,0,13,60.9,13.0,3.9,2.5,53.7,17.8,11.6,6.0,8.9,5.2,5.5,2.6,11.7,5.3,17.7,8.1,8.9,5.7,1.4,2.2,82.7,11.9,27.8,8.3,0.0,1.8,2.5,3.9,2.7,2.3,0.0,0.3,0.9798,0.4146,0.9686,0.6321,0.6208,3.6159,0.8231,0.0449,0.0822,0.777,0.7577,0.5229,2.1847,0.3199,0.8624,0.8624,0.8624,0.8462,0.0,0.5915,0.3229,0.0,1.7606,0.2847,8.4236,0.6219,1,0,1,0,0,2,0,0,0,0,0,0,0,0,0,0,0,0,0,0,2,2727,164,117,162,137,3142,807,203,119,0,13,55,92,83,82,0,13,7.7,5.3,3.7,2.8,71.3,8.1,4.6,2.8,0.0,0.9,1.2,2.1,1.9,1.9,0.0,0.9,49164,0.00015270890000000005,0.05596839237616022
35,New Mexico,NM,35013,Doña Ana County,35013000901,Census Tract 9.01; Doña Ana County; New Mexico,0.705782100736,2331,384,1174,162,1174,162,1508,599,153,141,664,197,473,171,177,132,654,212,758,312,696,273,172,77,208,150,1917,419,511,220,40,51,141,92,280,161,37,6,65.4,23.6,23.6,18.4,56.6,14.9,33.7,11.4,7.6,6.1,28.1,8.2,32.5,9.7,30.0,10.5,14.7,6.2,9.8,7.0,82.2,11.8,43.6,17.7,3.4,4.5,12.0,7.7,23.9,12.5,1.6,0.4,0.9873,0.9921,0.9792,0.958,0.5493,4.4659,0.9784,0.9167,0.9461,0.9834,0.9186,0.8751,4.6399,1.0,0.8598,0.8598,0.8598,0.9174,0.6641,0.9335,0.9238,0.7508,4.1896,0.997,14.1552,1.0,1,1,1,1,0,4,1,1,1,1,0,4,0,0,1,0,1,1,0,3,11,5461,424,146,142,166,1598,363,0,13,140,175,0,13,26,34,11,18,36.1,11.3,6.1,7.1,68.6,9.9,0.0,1.7,6.0,7.3,0.0,1.7,1.1,1.5,0.5,0.8,49165,0.00017567743900000004,0.07087161834899877
35,New Mexico,NM,35013,Doña Ana County,35013000902,Census Tract 9.02; Doña Ana County; New Mexico,0.73883899567,5257,838,2886,454,2795,442,2418,614,206,176,1267,423,238,158,462,280,314,87,635,212,1010,345,145,125,200,165,4084,911,653,290,31,53,78,68,482,267,45,9,46.4,9.1,6.4,5.6,45.3,13.3,8.1,5.6,8.9,5.0,6.0,1.8,12.1,4.4,19.4,6.4,5.2,4.4,3.8,3.1,77.7,12.1,22.6,9.4,1.1,1.9,2.8,2.4,17.2,9.0,0.9,0.1,0.9248,0.6748,0.9127,0.4757,0.6208,3.6088,0.8214,0.0539,0.0888,0.8381,0.5155,0.7178,2.2141,0.3369,0.8344,0.8344,0.8344,0.8069,0.5525,0.6221,0.8752,0.6733,3.53,0.9418,10.1873,0.8493,1,0,1,0,0,2,0,0,0,0,0,0,0,0,0,0,0,0,0,0,2,2759,494,268,186,163,3407,777,252,139,74,66,0,19,165,162,0,19,17.7,9.1,3.5,3.1,64.8,7.6,4.8,2.6,1.4,1.2,0.0,0.8,3.1,3.2,0.0,0.8,49166,0.00018221252100000004,0.08748640287027956
35,New Mexico,NM,35013,Doña Ana County,35013001000,Census Tract 10; Doña Ana County; New Mexico,1.720091745938,2744,93,545,104,129,58,232,81,300,93,100,57,0,13,203,107,0,13,99,35,136,81,12,10,24,53,1474,215,20,25,18,21,9,23,5,8,2473,33,85.6,12.5,22.1,6.7,77.5,27.2,0.0,17.2,7.4,3.9,0.0,1.4,3.6,1.2,5.0,2.9,9.3,6.5,0.9,1.9,53.7,7.6,3.7,4.5,3.3,3.8,7.0,17.5,3.9,5.8,90.1,3.3,0.9985,0.9897,0.9991,0.0,0.5379,3.5252,0.8012,0.0,0.019,0.0434,0.7751,0.4404,1.2779,0.0397,0.6864,0.6864,0.6864,0.4724,0.661,0.8483,0.4355,0.995,3.4122,0.918,8.9017,0.6917,1,1,1,0,0,3,0,0,0,0,0,0,0,0,0,0,0,0,1,1,4,16168,39,24,51,35,1243,192,37,29,71,45,0,13,43,27,29,40,30.2,18.4,1.9,1.3,45.3,6.8,1.3,1.1,2.6,1.6,0.0,1.4,1.6,1.0,1.1,1.5,49167,0.0004272905035000001,0.10025157982910571
35,New Mexico,NM,35013,Doña Ana County,35013001102,Census Tract 11.02; Doña Ana County; New Mexico,4.995113929682,2614,430,1317,145,1157,139,721,248,17,19,347,121,217,96,238,107,502,153,487,146,509,172,136,74,33,61,1577,569,0,18,63,54,8,17,169,95,0,13,27.6,8.3,1.4,1.6,30.0,9.8,12.3,5.6,9.1,4.1,19.2,5.7,18.6,4.2,19.5,6.1,11.8,6.2,1.3,2.4,60.3,19.4,0.0,1.4,4.8,4.1,0.7,1.5,14.6,8.0,0.0,0.5,0.7069,0.1044,0.6642,0.6573,0.6309,2.7637,0.5878,0.6516,0.3134,0.8415,0.8596,0.5089,3.175,0.8705,0.7318,0.7318,0.7318,0.0,0.7006,0.3188,0.8432,0.0,1.8626,0.3237,8.5331,0.6382,0,0,0,0,0,0,0,0,0,0,0,0,0,0,0,0,0,0,0,0,0,3767,197,79,22,35,1447,311,35,47,0,13,0,13,73,47,0,13,17.0,7.1,0.8,1.3,55.4,10.7,1.3,1.8,0.0,1.5,0.0,1.5,2.8,1.9,0.0,1.5,49168,0.0012369523145000004,0.18985340178611163
35,New Mexico,NM,35013,Doña Ana County,35013001103,Census Tract 11.03; Doña Ana County; New Mexico,11.965309860346,5141,916,1968,295,1776,291,1528,376,163,98,392,166,348,127,833,786,858,266,1166,266,658,183,127,78,73,115,3448,996,106,67,466,127,19,35,79,57,3,2,29.7,5.0,5.8,3.8,22.1,8.6,12.6,4.6,16.2,13.7,16.7,5.1,22.7,4.0,12.8,4.3,7.2,4.2,1.5,2.3,67.1,15.2,5.4,3.3,23.7,7.6,1.1,2.0,4.4,3.3,0.1,0.0,0.7445,0.6232,0.4241,0.6676,0.8627,3.3221,0.7484,0.5181,0.5693,0.5075,0.665,0.5368,2.7967,0.6942,0.7745,0.7745,0.7745,0.5303,0.919,0.3967,0.4755,0.3692,2.6907,0.6802,9.584,0.7808,0,0,0,0,0,0,0,0,0,0,0,0,0,0,0,1,0,0,0,1,1,2639,244,134,56,91,3232,810,0,19,12,17,0,19,147,149,1,4,13.7,7.4,1.1,1.8,62.9,8.5,0.0,0.8,0.2,0.3,0.0,0.8,2.9,2.9,0.0,0.1,49169,0.002979132724000001,0.2857558434477786
35,New Mexico,NM,35013,Doña Ana County,35013001105,Census Tract 11.05; Doña Ana County; New Mexico,0.687561175152,2319,570,1053,202,909,250,1221,505,0,13,130,145,329,193,352,211,444,229,560,268,331,188,123,100,87,147,1911,620,94,140,381,162,24,42,0,13,0,13,53.0,17.7,0.0,3.6,14.3,15.5,23.4,12.4,15.2,7.8,19.1,10.3,24.1,8.5,14.3,8.3,13.5,10.4,4.0,6.7,82.4,17.5,8.9,13.2,36.2,15.8,2.6,4.6,0.0,4.3,0.0,0.6,0.9568,0.0,0.1491,0.8864,0.841,2.8333,0.6087,0.6468,0.6571,0.6035,0.8977,0.7277,3.5328,0.9591,0.8608,0.8608,0.8608,0.6184,0.9689,0.6023,0.0,0.0,2.1896,0.4598,9.4165,0.76,1,0,0,0,0,1,0,0,0,0,0,0,0,0,0,1,0,0,0,1,2,1471,121,125,0,13,1911,569,0,13,0,13,0,13,0,13,0,13,13.3,13.4,0.0,1.7,82.4,10.5,0.0,1.7,0.0,1.7,0.0,1.7,0.0,1.7,0.0,1.7,49170,0.00016897694400000004,0.0674468568336739
35,New Mexico,NM,35013,Doña Ana County,35013001106,Census Tract 11.06; Doña Ana County; New Mexico,5.725649029638,2472,515,1191,218,1035,198,769,402,74,89,195,141,254,127,179,174,343,175,417,280,287,167,118,122,164,116,1742,545,0,18,483,182,1,14,0,13,0,13,31.1,14.9,4.6,5.7,18.8,13.1,17.4,9.5,7.2,7.6,13.9,8.3,16.9,10.2,11.6,7.5,11.4,11.6,7.2,4.9,70.5,16.4,0.0,1.5,40.6,12.8,0.1,1.4,0.0,3.8,0.0,0.5,0.7666,0.4994,0.3031,0.7934,0.5253,2.8878,0.6247,0.3632,0.2277,0.4257,0.8483,0.8293,2.6942,0.6338,0.7937,0.7937,0.7937,0.0,0.9783,0.2396,0.0,0.0,1.2179,0.1256,7.5936,0.492,0,0,0,0,0,0,0,0,0,0,0,0,0,0,0,1,0,0,0,1,1,975,261,128,0,13,1658,538,0,13,44,63,0,13,40,63,0,13,25.2,12.5,0.0,1.6,67.1,10.5,0.0,1.6,1.8,2.5,0.0,1.6,1.6,2.6,0.0,1.6,49171,0.0014203022025000003,0.2212883974415628
35,New Mexico,NM,35013,Doña Ana County,35013001203,Census Tract 12.03; Doña Ana County; New Mexico,1.078633466198,4149,850,2218,232,2124,235,1505,550,30,48,926,282,283,155,240,190,592,160,662,347,375,197,231,170,0,52,2504,963,597,201,30,42,17,32,121,113,4,3,36.3,11.0,1.3,2.1,43.6,12.4,11.0,5.5,5.8,4.6,14.3,5.4,16.0,6.1,9.1,5.0,10.9,7.9,0.0,1.3,60.4,19.6,26.9,8.6,1.4,1.9,0.8,1.5,5.7,5.4,0.1,0.1,0.8366,0.0949,0.8959,0.6092,0.43,2.8666,0.6184,0.385,0.1908,0.2465,0.8334,0.0,1.6557,0.1001,0.7324,0.7324,0.7324,0.8396,0.5741,0.3391,0.5646,0.3692,2.6866,0.6784,7.9413,0.5482,0,0,0,0,0,0,0,0,0,0,0,0,0,0,0,0,0,0,0,0,0,6169,367,173,58,81,2309,797,69,60,0,13,0,13,68,60,0,13,17.3,8.3,1.4,1.9,55.7,11.3,1.7,1.5,0.0,1.0,0.0,1.0,1.6,1.4,0.0,1.0,49172,0.0002690832600000001,0.07480796589725155
35,New Mexico,NM,35013,Doña Ana County,35013001204,Census Tract 12.04; Doña Ana County; New Mexico,76.121930543552,4055,718,1680,169,1583,179,357,183,75,96,246,121,178,180,146,184,1236,172,809,400,477,108,35,56,124,181,1681,764,0,18,55,50,7,18,7,10,0,13,9.0,4.3,4.8,6.0,15.5,7.4,6.0,5.5,3.6,4.3,30.5,6.1,20.0,7.1,11.8,3.0,2.2,3.5,3.1,4.5,41.5,17.3,0.0,1.1,3.3,3.0,0.4,1.1,0.4,0.7,0.0,0.3,0.1981,0.5216,0.1859,0.3546,0.2509,1.5111,0.2138,0.9413,0.3968,0.4395,0.2111,0.6797,2.6684,0.6181,0.5871,0.5871,0.5871,0.0,0.661,0.2644,0.0757,0.0,1.0011,0.0857,5.7677,0.2119,0,0,0,0,0,0,1,0,0,0,0,1,0,0,0,0,0,0,0,0,1,1474,74,66,18,32,1521,722,24,40,28,44,0,13,90,91,0,13,4.7,4.2,0.4,0.8,37.5,11.9,0.6,1.0,0.7,1.1,0.0,1.0,2.2,2.2,0.0,1.0,49173,0.018871185763000006,0.5958568559219117
35,New Mexico,NM,35013,Doña Ana County,35013001205,Census Tract 12.05; Doña Ana County; New Mexico,2.550651974422,4757,965,2580,452,2474,469,733,372,109,100,621,219,115,90,359,237,1980,675,215,205,968,410,3,20,85,97,1867,1240,391,165,80,96,0,18,123,81,138,6,15.8,7.3,5.5,5.1,25.1,7.5,3.0,2.5,7.8,4.9,41.6,12.1,4.5,4.0,20.9,7.6,0.1,0.8,1.8,2.0,39.2,24.8,15.2,5.8,3.1,3.8,0.0,0.7,5.0,3.5,2.9,0.6,0.4175,0.5943,0.5252,0.1583,0.5615,2.2568,0.431,0.9826,0.0226,0.8788,0.0566,0.572,2.5126,0.5215,0.5655,0.5655,0.5655,0.7248,0.6549,0.0,0.5185,0.8365,2.7347,0.6985,8.0696,0.5683,0,0,0,0,0,0,1,0,0,0,0,1,0,0,0,0,0,0,0,0,1,5408,222,122,24,37,1757,583,27,45,9,25,0,13,50,72,0,13,9.0,5.7,0.5,0.8,36.9,9.9,0.6,1.0,0.2,0.5,0.0,0.8,1.1,1.5,0.0,0.8,49174,0.0006318070815000002,0.13086851846596412
35,New Mexico,NM,35013,Doña Ana County,35013001206,Census Tract 12.06; Doña Ana County; New Mexico,2.291749733914,3015,659,1853,338,1575,360,210,165,25,41,554,300,143,128,105,67,867,299,310,209,377,263,42,69,0,52,1694,795,713,358,0,13,51,74,103,87,129,13,7.2,5.4,1.6,2.6,35.2,17.3,5.9,5.1,3.6,2.5,28.8,10.4,10.3,6.7,12.9,9.1,2.7,4.3,0.0,1.8,56.2,23.3,38.5,18.0,0.0,2.1,3.2,4.6,6.5,5.4,4.3,1.0,0.139,0.1241,0.775,0.3488,0.2509,1.6378,0.2491,0.9253,0.0636,0.5144,0.2641,0.0,1.7674,0.1305,0.7041,0.7041,0.7041,0.9002,0.0,0.6597,0.6087,0.8877,3.0563,0.8202,7.1656,0.4221,0,0,0,0,0,0,1,0,0,0,0,1,0,0,1,0,0,0,0,1,2,8964,177,154,121,112,1178,501,297,261,5,8,0,13,93,71,0,13,11.2,10.0,4.0,3.9,39.1,11.9,9.9,8.5,0.2,0.3,0.0,1.3,3.1,2.4,0.0,1.3,49175,0.0005686654950000002,0.1285905221468662
35,New Mexico,NM,35013,Doña Ana County,35013001207,Census Tract 12.07; Doña Ana County; New Mexico,53.873517082252,2641,654,1223,183,1165,177,281,172,80,124,319,235,343,236,246,95,408,236,678,247,438,207,14,36,145,199,1207,763,0,18,602,202,9,24,187,230,0,13,10.6,6.0,7.6,10.6,27.4,19.7,18.9,12.7,9.3,4.2,15.4,10.1,25.7,5.3,16.6,8.3,1.2,3.1,5.5,7.5,45.7,26.6,0.0,1.5,49.2,18.8,0.8,2.1,16.1,19.3,0.0,0.5,0.2502,0.7585,0.594,0.8216,0.6408,3.0651,0.6776,0.4461,0.7442,0.7286,0.1171,0.7847,2.8207,0.7082,0.6249,0.6249,0.6249,0.0,0.9896,0.3391,0.8631,0.0,2.1918,0.4608,8.7025,0.6632,0,0,0,0,0,0,0,0,0,0,0,0,0,0,0,1,0,0,0,1,1,1852,26,42,0,13,1131,709,0,13,0,13,0,13,32,74,44,152,2.2,3.6,0.0,1.5,42.8,18.7,0.0,1.5,0.0,1.5,0.0,1.5,1.2,2.6,1.7,5.6,49176,0.013384000737000003,0.5836152081534347
35,New Mexico,NM,35013,Doña Ana County,35013001208,Census Tract 12.08; Doña Ana County; New Mexico,8.352461167968,6447,1019,2407,269,2038,323,468,355,55,64,302,169,120,120,190,152,1144,364,2122,552,675,267,0,26,103,124,2746,1418,59,88,15,26,56,77,0,19,0,19,7.3,5.4,2.4,2.7,14.8,8.0,2.9,2.9,2.9,2.5,17.7,6.0,32.9,5.1,10.5,4.4,0.0,1.3,1.8,2.2,42.6,20.9,2.5,3.6,0.6,1.1,2.7,3.8,0.0,1.9,0.0,0.3,0.1423,0.2186,0.1647,0.1518,0.1896,0.867,0.0665,0.5735,0.9509,0.3463,0.0,0.572,2.4427,0.4778,0.5978,0.5978,0.5978,0.421,0.4993,0.6121,0.0,0.0,1.5324,0.2077,5.4399,0.1705,0,0,0,0,0,0,0,1,0,0,0,1,0,0,0,0,0,0,0,0,1,9251,0,19,0,19,2443,607,303,314,0,19,0,19,0,19,0,19,0.0,1.9,0.0,0.6,37.9,8.5,4.7,4.9,0.0,0.6,0.0,0.6,0.0,0.6,0.0,0.6,49177,0.0020775502670000007,0.1825530775263478
35,New Mexico,NM,35013,Doña Ana County,35013001209,Census Tract 12.09; Doña Ana County; New Mexico,0.9712337894699999,2867,534,1423,197,1423,197,654,303,32,59,463,296,0,13,124,116,524,234,347,84,111,70,0,18,109,163,1591,835,380,286,0,13,0,18,15,26,0,13,22.8,9.7,2.2,3.8,32.5,20.3,0.0,2.4,4.3,4.1,18.3,7.0,12.1,3.7,3.9,2.6,0.0,1.3,3.8,5.6,55.5,27.2,26.7,19.8,0.0,2.8,0.0,1.3,1.1,1.9,0.0,0.5,0.6057,0.1938,0.7213,0.0,0.3115,1.8323,0.304,0.6062,0.0888,0.0213,0.0,0.7178,1.4341,0.0578,0.6991,0.6991,0.6991,0.8383,0.0,0.0,0.149,0.0,0.9873,0.0823,4.9528,0.1172,0,0,0,0,0,0,0,0,0,0,0,0,0,0,0,0,0,0,0,0,0,3619,65,73,151,149,1347,384,4,10,0,13,0,13,89,103,0,13,4.6,5.0,5.3,5.3,47.0,15.7,0.1,0.3,0.0,1.4,0.0,1.4,3.1,3.5,0.0,1.4,49178,0.00023961868300000007,0.07670494215148053
35,New Mexico,NM,35013,Doña Ana County,35013001210,Census Tract 12.10; Doña Ana County; New Mexico,1.839572940348,2900,697,1263,347,1263,347,210,149,66,77,239,166,6,17,105,100,631,269,750,331,451,334,66,89,0,52,1113,881,32,33,0,13,0,18,12,17,68,14,7.4,5.0,5.7,6.0,18.9,12.1,0.3,0.9,3.8,3.8,21.8,9.7,25.9,6.9,16.1,10.3,5.2,6.9,0.0,2.0,38.4,28.9,2.5,2.5,0.0,3.1,0.0,1.4,1.0,1.3,2.3,0.7,0.1454,0.6138,0.3068,0.0152,0.2682,1.3494,0.1714,0.7655,0.7541,0.7042,0.5155,0.0,2.7393,0.6612,0.5576,0.5576,0.5576,0.421,0.0,0.0,0.1378,0.8039,1.3627,0.1598,6.009,0.245,0,0,0,0,0,0,0,0,0,0,0,0,0,0,0,0,0,0,0,0,0,3537,56,64,356,339,719,508,19,66,0,13,0,13,19,41,0,13,4.4,5.2,12.3,10.8,24.8,16.0,0.7,2.3,0.0,1.4,0.0,1.4,0.7,1.4,0.0,1.4,49179,0.00045661040900000013,0.10615429852878969
35,New Mexico,NM,35013,Doña Ana County,35013001308,Census Tract 13.08; Doña Ana County; New Mexico,319.495717339798,5920,988,2376,451,2094,390,1314,794,298,221,587,367,326,156,322,212,489,88,1923,596,644,261,77,83,220,152,4144,1218,0,26,716,245,122,146,0,19,0,19,22.2,12.9,10.4,7.4,28.0,16.7,9.1,4.4,5.4,3.6,8.3,1.6,32.5,5.9,10.9,4.1,3.7,3.9,3.9,2.6,70.0,16.9,0.0,1.1,30.1,9.6,5.8,6.9,0.0,1.9,0.0,0.3,0.5907,0.8802,0.6114,0.5272,0.3995,3.009,0.6613,0.1141,0.9461,0.3753,0.3689,0.7227,2.5271,0.5296,0.7911,0.7911,0.7911,0.0,0.9499,0.8094,0.0,0.0,1.7593,0.2841,8.0865,0.5712,0,0,0,0,0,0,0,1,0,0,0,1,0,0,0,1,0,0,0,1,2,3211,476,346,100,92,3660,650,239,182,0,19,0,19,120,135,25,41,22.7,14.2,1.7,1.7,61.8,8.2,4.0,3.0,0.0,0.7,0.0,0.7,2.0,2.3,0.4,0.7,49180,0.07959049567250003,1.3651404107846032
35,New Mexico,NM,35013,Doña Ana County,35013001309,Census Tract 13.09; Doña Ana County; New Mexico,20.620721715492,2742,521,1116,199,1008,193,1082,499,126,67,462,236,372,252,324,205,489,139,641,222,250,100,202,175,194,139,1792,608,0,18,641,217,20,26,54,64,0,13,39.5,16.6,10.1,4.7,45.8,21.7,20.3,13.3,11.8,6.9,17.8,6.2,23.4,5.8,9.1,4.3,20.0,16.9,7.4,5.1,65.4,18.4,0.0,1.6,57.4,14.0,2.0,2.6,5.4,6.5,0.0,0.5,0.871,0.8713,0.9178,0.8447,0.7442,4.249,0.9513,0.5793,0.6136,0.2465,0.9698,0.834,3.2432,0.8936,0.764,0.764,0.764,0.0,0.9949,0.532,0.5453,0.0,2.0722,0.4083,10.3284,0.8638,0,0,1,0,0,1,0,0,0,1,0,1,0,0,0,1,0,0,0,1,3,1572,194,100,0,13,1748,473,14,29,0,13,0,13,6,8,24,31,19.2,10.8,0.0,1.4,63.7,10.9,0.5,1.0,0.0,1.4,0.0,1.4,0.2,0.3,0.9,1.1,49181,0.005154192689000001,0.4350430227063457
35,New Mexico,NM,35013,Doña Ana County,35013001310,Census Tract 13.10; Doña Ana County; New Mexico,1.849400394554,7112,969,2329,437,2268,443,1595,831,189,131,544,384,305,181,258,199,555,196,2207,433,506,204,126,123,139,142,3830,1413,0,26,71,75,292,372,0,19,0,19,22.4,11.3,5.0,3.6,24.0,16.3,7.8,4.7,3.6,2.8,7.8,3.0,31.0,4.1,7.2,2.9,5.6,5.3,2.2,2.2,53.9,18.5,0.0,1.1,3.0,3.4,12.9,16.2,0.0,1.7,0.0,0.3,0.5955,0.5424,0.4896,0.46,0.2509,2.3384,0.4567,0.0984,0.9209,0.1311,0.5491,0.611,2.3105,0.3949,0.6878,0.6878,0.6878,0.0,0.6519,0.9417,0.0,0.0,1.5936,0.2269,6.9303,0.3845,0,0,0,0,0,0,0,1,0,0,0,1,0,0,0,0,1,0,0,1,2,3094,25,33,139,154,3559,955,26,41,54,52,0,19,52,52,0,19,1.1,1.5,2.0,2.2,50.0,12.5,0.4,0.6,0.8,0.7,0.0,0.6,0.7,0.7,0.0,0.6,49182,0.0004604621655000001,0.09262209564497388
35,New Mexico,NM,35013,Doña Ana County,35013001311,Census Tract 13.11; Doña Ana County; New Mexico,4.495363192084,4882,507,2019,225,1960,226,1100,552,141,144,447,182,221,129,380,235,784,183,1178,381,729,236,114,124,179,150,2914,715,35,58,41,64,51,73,62,96,18,2,22.6,11.1,6.4,6.4,22.8,8.9,7.7,4.6,7.8,4.9,16.1,3.8,24.1,6.7,15.1,4.9,5.8,6.3,3.9,3.3,59.7,13.3,1.7,2.9,2.0,3.1,2.6,3.7,3.2,4.9,0.4,0.1,0.6004,0.6748,0.4492,0.4547,0.5615,2.7406,0.5807,0.4849,0.6571,0.6512,0.565,0.7227,3.0809,0.8341,0.7276,0.7276,0.7276,0.3776,0.6101,0.6023,0.3734,0.5488,2.5122,0.6021,9.0613,0.7139,0,0,0,0,0,0,0,0,0,0,0,0,0,0,0,0,0,0,0,0,0,3404,222,148,125,131,2723,639,66,72,0,13,0,13,0,13,0,13,11.3,7.4,2.6,2.7,55.8,10.5,1.4,1.5,0.0,0.8,0.0,0.8,0.0,0.8,0.0,0.8,49183,0.0011186371595000002,0.1914489537840107
35,New Mexico,NM,35013,Doña Ana County,35013001312,Census Tract 13.12; Doña Ana County; New Mexico,0.267401117732,1487,246,515,97,515,97,699,255,59,69,223,120,204,133,25,33,294,103,439,137,156,110,9,24,4,51,1162,286,61,67,37,31,0,18,3,17,0,13,47.0,15.3,8.7,9.7,43.3,21.8,23.1,14.6,1.7,2.2,19.8,7.7,29.5,6.9,10.5,7.0,1.7,4.6,0.3,3.8,78.1,14.2,11.8,12.8,7.2,6.0,0.0,3.5,0.6,3.3,0.0,0.9,0.9281,0.8177,0.8925,0.8831,0.0929,3.6143,0.8227,0.6801,0.8874,0.3463,0.1619,0.285,2.3607,0.4256,0.8369,0.8369,0.8369,0.6732,0.7484,0.0,0.0912,0.0,1.5128,0.2019,8.3247,0.6068,1,0,0,0,0,1,0,0,0,0,0,0,0,0,0,0,0,0,0,0,1,710,134,93,0,13,695,229,0,13,419,217,0,13,48,69,0,13,26.0,14.7,0.0,2.7,46.7,11.0,0.0,2.7,28.2,15.5,0.0,2.7,3.2,4.5,0.0,2.7,49184,6.304381500000002e-05,0.03354671130922354
35,New Mexico,NM,35013,Doña Ana County,35013001313,Census Tract 13.13; Doña Ana County; New Mexico,6.914650138638,2491,305,944,171,790,107,1016,302,22,35,229,97,442,143,321,158,335,74,686,168,489,173,61,51,158,104,1856,337,0,18,659,170,25,27,6,12,0,13,41.2,11.2,2.0,3.1,29.0,11.6,33.1,8.7,12.9,6.1,13.4,3.0,27.5,4.5,19.6,6.9,7.7,6.4,6.5,4.2,74.5,10.0,0.0,1.9,69.8,10.3,3.2,3.4,0.8,1.5,0.0,0.5,0.8855,0.1698,0.6384,0.9555,0.781,3.4302,0.7776,0.337,0.8228,0.8445,0.696,0.8129,3.5132,0.9562,0.8158,0.8158,0.8158,0.0,0.9981,0.6597,0.1148,0.0,1.7726,0.289,9.5318,0.7742,0,0,0,1,0,1,0,0,0,0,0,0,0,0,0,1,0,0,0,1,2,873,90,54,0,13,1698,367,26,30,0,13,0,13,132,125,0,13,11.4,6.9,0.0,1.6,68.2,9.2,1.0,1.2,0.0,1.6,0.0,1.6,5.3,5.1,0.0,1.6,49185,0.0017197616100000004,0.1781807650886579
35,New Mexico,NM,35013,Doña Ana County,35013001314,Census Tract 13.14; Doña Ana County; New Mexico,95.288789039064,1581,434,913,110,710,150,774,383,46,61,192,103,256,160,52,48,264,99,363,278,376,126,14,24,115,100,1018,473,0,18,674,128,0,18,32,32,0,13,49.0,20.1,6.5,8.2,27.0,13.3,23.3,12.7,3.3,3.0,16.7,7.3,23.0,13.5,23.8,8.3,2.0,3.4,8.7,7.2,64.4,24.1,0.0,2.0,73.8,10.6,0.0,2.5,4.5,4.5,0.0,0.8,0.9388,0.6825,0.5832,0.8852,0.2246,3.3143,0.7464,0.5181,0.5879,0.9348,0.191,0.8583,3.0901,0.8378,0.7582,0.7582,0.7582,0.0,0.9986,0.0,0.4826,0.0,1.4812,0.1924,8.6438,0.6546,1,0,0,0,0,1,0,0,1,0,0,1,0,0,0,1,0,0,0,1,3,784,154,100,0,13,1018,381,0,13,0,13,0,13,0,13,0,13,21.7,11.7,0.0,2.5,64.4,11.3,0.0,2.5,0.0,2.5,0.0,2.5,0.0,2.5,0.0,2.5,49186,0.023689246807500005,0.8073072425226376
35,New Mexico,NM,35013,Doña Ana County,35013001315,Census Tract 13.15; Doña Ana County; New Mexico,6.641723515184,3632,755,1283,173,1200,151,1488,657,101,93,193,124,563,238,585,315,460,161,920,370,449,218,113,101,387,205,2731,839,0,18,551,182,137,122,39,49,0,13,41.0,16.0,5.8,5.7,16.1,10.1,26.3,9.9,16.1,8.0,12.7,4.7,25.3,7.6,12.4,5.1,9.4,8.3,10.7,5.2,75.2,17.0,0.0,1.4,42.9,12.2,11.4,10.1,3.3,4.2,0.0,0.4,0.8839,0.6232,0.2063,0.9144,0.8607,3.4885,0.7921,0.3,0.7229,0.4813,0.7789,0.8874,3.1705,0.8687,0.8199,0.8199,0.8199,0.0,0.982,0.927,0.3833,0.0,2.2923,0.5053,9.7712,0.8028,0,0,0,1,0,1,0,0,0,0,0,0,0,0,0,1,1,0,0,2,3,2376,289,145,0,13,2649,620,0,13,17,23,0,13,65,89,0,13,24.1,12.1,0.0,1.1,72.9,8.6,0.0,1.1,0.5,0.7,0.0,1.1,1.8,2.3,0.0,1.1,49187,0.0016490791090000003,0.21989712481659227
35,New Mexico,NM,35013,Doña Ana County,35013001316,Census Tract 13.16; Doña Ana County; New Mexico,1.927673694708,4793,1212,1872,356,1539,360,1385,926,278,209,311,176,778,611,661,377,649,471,1176,672,493,205,13,25,549,348,4144,1241,8,19,563,260,67,95,97,141,0,13,29.1,18.0,10.5,7.7,20.2,10.4,24.8,16.6,13.8,6.4,13.5,9.4,24.5,10.7,10.3,4.8,0.8,1.6,12.4,7.3,86.5,13.9,0.4,1.0,30.1,12.8,4.4,6.1,6.3,9.0,0.0,0.3,0.7338,0.8829,0.3548,0.9005,0.8069,3.6789,0.838,0.3423,0.68,0.3319,0.0846,0.9069,2.3457,0.4163,0.8847,0.8847,0.8847,0.2723,0.9499,0.7439,0.5982,0.0,2.5643,0.625,9.4736,0.7669,0,0,0,1,0,1,0,0,0,0,1,1,0,0,0,1,0,0,0,1,3,1652,200,165,66,75,3908,1197,39,43,25,41,0,13,63,69,43,62,13.0,10.1,1.4,1.6,81.5,7.5,0.8,0.9,0.5,0.9,0.0,0.8,1.3,1.6,0.9,1.3,49188,0.0004788720740000001,0.0926640895740192
35,New Mexico,NM,35013,Doña Ana County,35013001317,Census Tract 13.17; Doña Ana County; New Mexico,3.797245988252,3991,781,1655,392,1581,396,1009,629,0,13,249,129,353,207,263,188,933,251,1014,384,351,135,95,81,237,166,2987,983,0,18,487,226,35,43,24,25,0,13,25.6,15.1,0.0,2.3,15.7,7.1,12.6,7.5,6.6,4.8,23.4,6.3,25.4,8.1,8.8,3.3,6.0,4.9,6.2,4.2,74.8,19.8,0.0,1.1,29.4,13.0,2.2,2.7,1.5,1.8,0.0,0.3,0.6671,0.0,0.1929,0.6676,0.4856,2.0132,0.358,0.8202,0.7286,0.2264,0.5809,0.8049,3.161,0.8653,0.8176,0.8176,0.8176,0.0,0.9473,0.5567,0.1949,0.0,1.6989,0.2625,7.6907,0.5078,0,0,0,0,0,0,0,0,0,0,0,0,0,0,0,1,0,0,0,1,1,2968,272,129,0,13,2982,539,5,11,0,13,0,13,0,13,0,13,17.2,8.7,0.0,1.0,74.7,12.3,0.1,0.3,0.0,1.0,0.0,1.0,0.0,1.0,0.0,1.0,49189,0.0009419500900000003,0.13465285192065454
35,New Mexico,NM,35013,Doña Ana County,35013001318,Census Tract 13.18; Doña Ana County; New Mexico,11.492701321144,3697,548,1189,110,1131,139,298,262,179,191,125,95,250,221,126,173,652,226,785,291,634,246,174,139,65,98,2117,674,58,85,169,119,0,18,0,13,151,7,8.4,7.3,10.2,10.0,11.1,8.3,11.0,8.7,3.6,4.8,17.6,6.7,21.2,6.4,18.0,6.2,15.4,12.1,1.8,2.7,57.3,16.1,4.9,7.1,14.2,9.7,0.0,1.6,0.0,3.5,4.1,0.6,0.1778,0.8743,0.071,0.6092,0.2509,1.9832,0.3489,0.5683,0.4722,0.7888,0.9287,0.572,3.33,0.9178,0.7116,0.7116,0.7116,0.5154,0.843,0.0,0.0,0.8822,2.2406,0.4822,8.2654,0.5979,0,0,0,0,0,0,0,0,0,1,0,1,0,0,0,0,0,0,0,0,1,2337,142,112,10,20,1967,432,20,37,36,40,0,13,84,108,0,13,12.6,9.2,0.3,0.5,53.2,9.0,0.5,1.0,1.0,1.1,0.0,1.1,2.3,2.9,0.0,1.1,49190,0.0028658289735000006,0.3349301836276487
35,New Mexico,NM,35013,Doña Ana County,35013001401,Census Tract 14.01; Doña Ana County; New Mexico,375.44798056291,2675,744,902,158,792,152,1512,578,147,103,121,85,762,215,209,134,347,208,696,396,404,192,16,29,445,215,2358,764,0,18,497,146,116,127,25,38,31,9,58.4,15.2,11.6,8.6,15.3,10.3,45.7,10.9,7.8,5.6,13.0,9.0,26.0,10.8,15.1,7.5,2.0,3.6,17.2,6.9,88.1,14.7,0.0,2.0,55.1,14.5,14.6,15.8,3.2,4.7,1.2,0.0,0.9739,0.91,0.1797,0.9889,0.5615,3.614,0.8225,0.3151,0.7587,0.6512,0.191,0.945,2.861,0.7289,0.8952,0.8952,0.8952,0.0,0.9938,0.954,0.3734,0.7124,3.0336,0.8128,10.4038,0.8713,1,1,0,1,0,3,0,0,0,0,1,1,0,0,0,1,1,0,0,2,6,1507,286,130,0,13,2358,702,0,13,0,13,0,13,0,13,0,13,36.1,16.9,0.0,1.5,88.1,6.4,0.0,1.5,0.0,1.5,0.0,1.5,0.0,1.5,0.0,1.5,49191,0.09381711809500003,1.922156766423654
35,New Mexico,NM,35013,Doña Ana County,35013001402,Census Tract 14.02; Doña Ana County; New Mexico,46.958732580118,2374,542,826,87,740,85,1086,424,162,87,173,81,551,151,212,109,407,175,659,283,189,99,92,77,370,150,2064,566,10,20,144,64,75,53,106,95,0,13,45.7,14.5,15.7,6.7,23.4,10.6,40.2,10.7,8.9,3.9,17.1,8.7,27.8,7.6,8.0,5.2,12.5,10.3,16.7,5.7,86.9,13.2,1.2,2.4,17.4,8.0,10.1,7.1,14.3,12.9,0.0,0.5,0.9203,0.964,0.469,0.9784,0.6208,3.9525,0.8981,0.5402,0.8344,0.176,0.8768,0.9416,3.369,0.927,0.887,0.887,0.887,0.345,0.8733,0.9108,0.8388,0.0,2.9679,0.79,11.1764,0.9372,1,1,0,1,0,3,0,0,0,0,1,1,0,0,0,0,1,0,0,1,5,2824,240,109,0,13,2064,560,0,13,0,13,0,13,0,13,0,13,32.4,15.0,0.0,1.7,86.9,7.4,0.0,1.7,0.0,1.7,0.0,1.7,0.0,1.7,0.0,1.7,49192,0.011852954819500003,0.7402744280677697
35,New Mexico,NM,35013,Doña Ana County,35013001501,Census Tract 15.01; Doña Ana County; New Mexico,604.090298445966,3960,490,1440,122,1272,141,343,237,23,26,153,95,246,114,96,105,1312,185,285,94,270,171,38,42,14,58,1290,672,0,18,57,57,2,16,50,74,1082,131,12.0,8.1,2.0,2.4,12.0,7.3,7.2,3.2,3.3,3.6,33.1,3.7,7.2,2.4,9.4,5.6,2.9,3.3,0.4,1.5,32.6,16.5,0.0,1.3,4.0,4.0,0.2,1.3,3.9,5.7,27.3,4.7,0.2962,0.1698,0.09,0.4274,0.2246,1.208,0.1376,0.9586,0.0373,0.2674,0.2843,0.3184,1.866,0.1649,0.497,0.497,0.497,0.0,0.6806,0.245,0.4355,0.979,2.3401,0.5263,5.9111,0.2314,0,0,0,0,0,0,1,0,0,0,0,1,0,0,0,0,0,0,1,1,2,3327,103,91,65,60,1046,264,61,74,67,52,0,13,51,62,0,13,8.1,6.9,1.6,1.6,26.4,6.3,1.5,1.9,1.7,1.3,0.0,1.0,1.3,1.6,0.0,1.0,49193,0.14989290629400004,1.8778671004295477
35,New Mexico,NM,35013,Doña Ana County,35013001502,Census Tract 15.02; Doña Ana County; New Mexico,8.277063169408,2529,765,942,206,877,216,657,371,116,79,240,125,364,275,247,254,667,306,694,460,545,286,144,146,167,197,1594,872,0,18,301,122,4,15,50,39,0,13,26.0,12.4,13.0,8.5,27.4,12.6,22.2,15.4,9.8,9.3,26.4,11.5,27.4,12.1,21.6,10.0,16.4,16.2,7.3,8.3,63.0,28.7,0.0,1.9,32.0,13.9,0.5,1.7,5.7,4.7,0.0,0.5,0.6755,0.9341,0.594,0.8721,0.6638,3.7395,0.8529,0.8909,0.8189,0.8951,0.9411,0.8316,4.3776,0.9997,0.7491,0.7491,0.7491,0.0,0.9567,0.2792,0.5646,0.0,1.8005,0.2996,10.6667,0.8959,0,1,0,0,0,1,0,0,0,1,0,1,0,0,0,1,0,0,0,1,3,1775,204,94,59,94,1339,652,0,13,35,63,77,81,65,55,19,42,23.3,11.6,2.3,3.7,52.9,16.7,0.0,1.6,1.4,2.5,3.0,3.0,2.6,2.3,0.8,1.7,49194,0.0020515649520000006,0.34738959901652927
35,New Mexico,NM,35013,Doña Ana County,35013001600,Census Tract 16; Doña Ana County; New Mexico,92.608887875734,2160,509,1103,194,744,127,729,282,28,44,102,94,372,161,248,174,570,153,632,330,517,159,84,57,330,185,1931,536,0,18,345,97,26,30,0,13,0,13,33.8,10.3,3.6,5.7,13.7,12.4,26.1,9.5,11.5,7.4,26.4,8.7,29.3,9.8,23.9,8.4,11.3,7.4,16.2,8.2,89.4,13.1,0.0,1.6,31.3,10.7,3.5,4.0,0.0,5.2,0.0,0.6,0.8056,0.3773,0.1325,0.9126,0.7332,2.9612,0.6471,0.8909,0.8821,0.936,0.8454,0.9384,4.4928,0.9999,0.9039,0.9039,0.9039,0.0,0.9543,0.6838,0.0,0.0,1.6381,0.2418,9.996,0.8285,0,0,0,1,0,1,0,0,1,0,1,2,1,1,0,1,0,0,0,1,5,1515,202,93,0,13,1920,475,0,13,11,17,0,13,0,13,0,13,27.2,13.0,0.0,1.8,88.9,7.4,0.0,1.8,0.5,0.8,0.0,1.8,0.0,1.8,0.0,1.8,49195,0.023000469608000007,0.661286041853
35,New Mexico,NM,35013,Doña Ana County,35013001701,Census Tract 17.01; Doña Ana County; New Mexico,754.923088383852,11590,1278,4388,455,4189,466,3848,1170,96,96,1130,324,588,194,1655,564,998,275,3448,647,1434,770,242,167,1078,441,10293,1331,151,124,13,21,265,186,87,97,14,4,33.8,9.5,1.7,1.8,27.0,7.1,8.5,3.1,14.3,4.5,8.6,2.4,29.7,4.4,12.4,6.3,5.8,3.9,10.7,4.2,88.8,6.0,3.4,2.8,0.3,0.5,6.4,4.4,2.1,2.3,0.1,0.0,0.8056,0.135,0.5832,0.4958,0.8201,2.8397,0.6106,0.1239,0.8921,0.4813,0.565,0.8874,2.9497,0.7754,0.8998,0.8998,0.8998,0.4611,0.4688,0.83,0.2614,0.3692,2.3905,0.5487,9.0797,0.716,0,0,0,0,0,0,0,0,0,0,0,0,0,0,0,0,0,0,0,0,0,8668,143,95,170,151,9936,1255,0,21,0,21,0,21,187,180,0,21,3.4,2.3,1.5,1.3,85.7,3.4,0.0,0.3,0.0,0.3,0.0,0.3,1.6,1.5,0.0,0.3,49196,0.18658031479669518,2.160617473934683
35,New Mexico,NM,35013,Doña Ana County,35013001702,Census Tract 17.02; Doña Ana County; New Mexico,134.82319483273,1595,389,601,114,517,118,587,307,33,28,72,46,191,98,225,120,320,140,354,180,267,140,2,13,219,142,1499,392,0,18,235,98,37,36,29,33,0,13,37.2,17.1,4.8,4.2,13.9,8.3,18.3,7.5,14.1,6.5,20.1,8.1,22.2,8.3,16.7,8.2,0.4,2.5,14.1,8.5,94.0,8.9,0.0,3.0,39.1,12.5,7.2,6.8,5.6,6.5,0.0,0.8,0.8471,0.5216,0.138,0.8114,0.815,3.1331,0.6968,0.6942,0.537,0.7332,0.0612,0.9227,2.9483,0.7745,0.9369,0.9369,0.9369,0.0,0.9753,0.854,0.5579,0.0,2.3872,0.5472,9.4055,0.7588,0,0,0,0,0,0,0,0,0,0,1,1,1,1,0,1,0,0,0,1,3,2324,112,62,0,13,1499,390,0,13,0,13,0,13,0,13,0,13,21.7,11.5,0.0,2.5,94.0,3.6,0.0,2.5,0.0,2.5,0.0,2.5,0.0,2.5,0.0,2.5,49197,0.03338215272150001,0.83089931844416
35,New Mexico,NM,35013,Doña Ana County,35013001703,Census Tract 17.03; Doña Ana County; New Mexico,34.686364293416,2799,683,1099,170,1022,183,713,427,58,59,202,125,261,153,339,222,575,168,512,207,393,160,16,22,214,131,2452,689,0,18,281,116,33,32,0,13,0,13,25.5,13.9,4.2,4.4,19.8,11.7,14.8,7.9,12.1,8.0,20.5,6.9,18.3,4.7,14.0,6.2,1.6,2.1,8.0,4.5,87.6,12.2,0.0,1.6,25.6,10.6,3.3,3.1,0.0,3.8,0.0,0.5,0.6651,0.4522,0.3401,0.7327,0.7545,2.9446,0.6424,0.7126,0.2968,0.5851,0.1526,0.8462,2.5933,0.5714,0.8919,0.8919,0.8919,0.0,0.9294,0.6683,0.0,0.0,1.5977,0.2282,8.0275,0.5618,0,0,0,0,0,0,0,0,0,0,0,0,0,0,0,1,0,0,0,1,1,1561,307,165,13,22,2413,710,7,12,19,22,0,13,0,13,0,13,30.0,13.3,0.5,0.8,86.2,5.3,0.3,0.4,0.7,0.8,0.0,1.4,0.0,1.4,0.0,1.4,49198,0.00857063117046254,0.555710218465346
35,New Mexico,NM,35013,Doña Ana County,35013001705,Census Tract 17.05; Doña Ana County; New Mexico,4.643529448482,2838,488,1055,142,884,122,1300,343,34,34,238,90,550,168,489,217,374,111,802,251,357,127,92,69,651,196,2772,489,0,18,384,99,26,30,47,44,0,13,45.8,9.2,2.9,2.9,26.9,9.5,33.4,7.0,17.2,7.4,13.2,4.2,28.3,5.8,12.6,4.0,10.4,7.7,24.0,5.8,97.7,3.8,0.0,1.7,36.4,9.4,2.9,3.4,5.3,4.9,0.0,0.5,0.9211,0.2836,0.5804,0.9567,0.8812,3.623,0.8247,0.3263,0.8516,0.4944,0.8169,0.9752,3.4644,0.9469,0.9698,0.9698,0.9698,0.0,0.9692,0.6321,0.5383,0.0,2.1396,0.4376,10.1968,0.8502,1,0,0,1,0,2,0,0,0,0,1,1,1,1,0,1,0,0,0,1,5,2354,321,90,0,13,2772,494,0,13,0,13,0,13,0,13,0,13,36.3,10.0,0.0,1.4,97.7,1.6,0.0,1.4,0.0,1.4,0.0,1.4,0.0,1.4,0.0,1.4,49199,0.0011931196240989642,0.2150161343404337
35,New Mexico,NM,35013,Doña Ana County,35013001706,Census Tract 17.06; Doña Ana County; New Mexico,0.736361379136,3731,541,1388,165,1226,171,1893,497,36,43,461,148,696,224,549,204,578,185,1012,233,574,184,133,83,1006,256,3679,547,31,40,301,142,15,21,95,71,0,13,50.7,11.1,2.4,2.8,37.6,10.9,30.1,9.0,14.7,5.4,15.5,4.7,27.1,4.8,15.4,4.8,10.8,6.6,28.5,5.9,98.6,3.2,2.2,2.9,21.7,9.6,1.2,1.7,7.7,5.7,0.0,0.3,0.947,0.2186,0.8174,0.9406,0.8302,3.7538,0.8557,0.4515,0.807,0.6671,0.8302,0.9857,3.7415,0.9836,0.9797,0.9797,0.9797,0.4056,0.9064,0.4136,0.6657,0.0,2.3913,0.549,10.8663,0.9135,1,0,0,1,0,2,0,0,0,0,1,1,1,1,0,1,0,0,0,1,5,1383,354,129,0,13,3650,540,0,13,29,48,0,13,0,13,0,13,28.9,9.8,0.0,1.1,97.8,2.5,0.0,1.1,0.8,1.3,0.0,1.1,0.0,1.1,0.0,1.1,49200,0.00018112675850000005,0.06347937355980353
35,New Mexico,NM,35013,Doña Ana County,35013001707,Census Tract 17.07; Doña Ana County; New Mexico,2.228243676954,5010,708,1955,276,1881,270,2509,601,23,23,693,261,1113,286,1130,340,851,237,1384,416,612,194,167,82,1601,335,4634,842,27,36,528,141,90,59,146,109,0,19,50.1,9.7,1.2,1.3,36.8,12.8,39.0,8.5,22.6,6.4,17.0,5.0,27.6,5.5,12.2,4.0,8.9,4.2,34.3,5.6,92.5,10.6,1.4,1.8,27.0,7.6,4.8,3.1,7.8,5.4,0.0,0.4,0.9441,0.0859,0.8039,0.9755,0.9437,3.7531,0.8557,0.5351,0.8269,0.4672,0.7577,0.9928,3.5797,0.9658,0.9252,0.9252,0.9252,0.3588,0.9366,0.7656,0.6698,0.0,2.7308,0.6968,10.9888,0.9234,1,0,0,1,1,3,0,0,0,0,1,1,1,1,0,1,0,0,0,1,6,3419,694,196,0,19,4634,668,0,19,0,19,0,19,0,19,0,19,36.9,9.7,0.0,0.8,92.5,8.6,0.0,0.8,0.0,0.8,0.0,0.8,0.0,0.8,0.0,0.8,49201,0.0005504446700000001,0.14265978260590165
35,New Mexico,NM,35013,Doña Ana County,35013001805,Census Tract 18.05; Doña Ana County; New Mexico,0.611233442976,3957,597,1458,213,1361,227,2344,718,205,162,233,103,1204,340,1320,717,710,277,1161,485,372,136,70,60,912,359,3957,597,0,18,563,284,86,77,0,13,0,13,59.2,15.8,11.6,7.8,17.1,7.0,50.8,13.8,33.4,15.2,17.9,7.4,29.3,9.7,9.4,4.0,5.1,4.3,24.5,8.8,100.0,0.0,0.0,1.2,38.6,16.7,6.3,5.6,0.0,2.9,0.0,0.3,0.976,0.91,0.2413,0.9941,0.9869,4.1083,0.9283,0.5846,0.8821,0.2674,0.5067,0.9764,3.2172,0.8854,0.9954,0.9954,0.9954,0.0,0.9741,0.8266,0.0,0.0,1.8007,0.2997,10.1216,0.8421,1,1,0,1,1,4,0,0,0,0,1,1,1,1,0,1,0,0,0,1,7,3779,394,116,0,13,3957,597,0,13,0,13,0,13,0,13,0,13,28.9,9.0,0.0,1.0,100.0,1.0,0.0,1.0,0.0,1.0,0.0,1.0,0.0,1.0,0.0,1.0,49202,0.00014933823584368353,0.05052208456023486
35,New Mexico,NM,35013,Doña Ana County,35013001807,Census Tract 18.07; Doña Ana County; New Mexico,0.891545811588,1672,481,692,104,651,112,1362,486,66,66,281,121,511,149,398,329,256,105,436,278,290,164,106,83,507,188,1672,481,18,23,23,39,32,38,166,86,0,13,81.5,17.2,12.3,12.6,43.2,17.0,59.2,13.6,23.8,17.4,15.3,7.8,26.1,12.7,17.3,9.2,16.3,12.4,32.3,8.1,100.0,0.0,2.6,3.3,3.3,5.7,4.9,5.8,25.5,12.8,0.0,0.8,0.9978,0.9226,0.8914,0.9982,0.952,4.762,0.9982,0.4409,0.7636,0.7602,0.9396,0.991,3.8953,0.992,0.9954,0.9954,0.9954,0.4259,0.661,0.7706,0.9312,0.0,2.7887,0.7206,12.4414,0.9917,1,1,0,1,1,4,0,0,0,1,1,2,1,1,0,0,0,1,0,1,8,2476,247,121,0,13,1662,482,1,2,9,15,0,13,0,13,0,13,37.9,15.6,0.0,2.4,99.4,0.9,0.1,0.1,0.5,0.9,0.0,2.4,0.0,2.4,0.0,2.4,49203,0.00022042876296050006,0.06679906493105181
35,New Mexico,NM,35013,Doña Ana County,35013001808,Census Tract 18.08; Doña Ana County; New Mexico,2.5670956725,3287,508,1131,229,1094,225,1895,529,129,85,396,156,798,314,458,231,612,296,987,243,228,104,246,125,960,305,3243,511,0,18,195,90,40,52,56,63,0,13,57.7,13.4,11.4,7.1,36.2,12.2,42.2,12.4,14.1,6.7,18.6,7.9,30.0,5.6,7.0,2.9,22.5,10.4,32.2,8.8,98.7,3.0,0.0,1.6,17.2,7.8,3.7,4.7,5.1,6.1,0.0,0.4,0.972,0.9054,0.7934,0.9828,0.815,4.4686,0.9787,0.6215,0.8993,0.121,0.9807,0.9909,3.6134,0.9702,0.9808,0.9808,0.9808,0.0,0.8716,0.6985,0.5255,0.0,2.0956,0.4183,11.1584,0.9363,1,1,0,1,0,3,0,0,0,1,1,2,1,1,0,0,0,0,0,0,6,2245,306,189,0,13,3243,501,0,13,0,13,0,13,0,13,0,13,28.0,13.5,0.0,1.2,98.7,1.8,0.0,1.2,0.0,1.2,0.0,1.2,0.0,1.2,0.0,1.2,49204,0.0006333966795000001,0.12137809806489361
35,New Mexico,NM,35013,Doña Ana County,35013001809,Census Tract 18.09; Doña Ana County; New Mexico,12.206710869398,1669,483,645,127,495,100,739,341,36,39,104,66,294,211,97,95,316,133,600,282,344,290,30,51,194,169,1479,492,8,18,393,156,30,51,32,40,16,7,44.3,15.9,6.1,6.7,21.0,12.6,31.5,19.2,5.8,5.4,18.9,7.5,35.9,8.5,20.6,13.6,6.1,10.2,12.4,10.2,88.6,14.5,1.2,2.8,60.9,17.6,6.1,10.2,6.5,7.7,1.0,0.3,0.9107,0.6498,0.3846,0.9482,0.43,3.3233,0.7489,0.6368,0.9779,0.8714,0.5886,0.9069,3.9816,0.9953,0.8984,0.8984,0.8984,0.345,0.9962,0.8198,0.6087,0.6877,3.4574,0.9274,11.6607,0.9663,1,0,0,1,0,2,0,1,0,0,1,2,0,0,0,1,0,0,0,1,5,851,84,75,13,17,1461,508,0,13,0,13,0,13,5,9,0,13,17.0,14.2,0.8,1.1,87.5,8.2,0.0,2.4,0.0,2.4,0.0,2.4,0.3,0.6,0.0,2.4,49205,0.0030120195349070357,0.26681451158721675
35,New Mexico,NM,35013,Doña Ana County,35013001810,Census Tract 18.10; Doña Ana County; New Mexico,26.547845332464,4710,1111,2030,332,1589,341,1767,858,85,74,280,160,870,326,581,356,662,289,1182,624,733,290,209,257,1028,372,4086,1162,4,14,1369,386,112,124,54,105,12,3,37.5,15.9,4.2,3.5,17.6,9.3,27.2,8.8,12.3,7.3,14.1,5.8,25.1,9.5,15.6,6.2,13.2,15.9,22.8,6.2,86.8,13.8,0.2,0.7,67.4,12.2,7.0,7.7,3.4,6.5,0.3,0.1,0.8504,0.4522,0.2596,0.9213,0.7613,3.2448,0.7269,0.3743,0.7128,0.6783,0.8919,0.971,3.6283,0.972,0.8866,0.8866,0.8866,0.2601,0.9977,0.8483,0.3925,0.5038,3.0024,0.8021,10.7621,0.9045,0,0,0,1,0,1,0,0,0,0,1,1,0,0,0,1,0,0,0,1,3,5058,256,171,74,98,3693,1160,45,91,0,13,0,13,141,102,133,126,16.1,10.5,1.6,2.1,78.4,10.0,1.0,1.9,0.0,0.8,0.0,0.8,3.0,2.3,2.8,2.7,49206,0.006563187303000002,0.409439012611938
35,New Mexico,NM,35013,Doña Ana County,35013001811,Census Tract 18.11; Doña Ana County; New Mexico,10.006381208738,1892,275,678,85,624,87,738,303,14,25,52,38,340,102,281,96,304,69,432,162,299,93,41,31,168,91,1761,281,0,18,262,74,59,44,0,13,0,13,39.0,15.0,1.7,2.9,8.3,6.0,27.4,6.9,14.9,5.4,16.1,4.0,22.8,7.5,15.9,5.4,6.6,4.9,9.8,5.1,93.1,6.1,0.0,2.7,38.6,10.9,9.5,6.9,0.0,6.2,0.0,0.7,0.8657,0.135,0.0292,0.9227,0.8344,2.787,0.5951,0.4849,0.5755,0.6942,0.6241,0.8751,3.2538,0.8967,0.9304,0.9304,0.9304,0.0,0.9741,0.9015,0.0,0.0,1.8756,0.3293,8.8468,0.684,0,0,0,1,0,1,0,0,0,0,0,0,1,1,0,1,1,0,0,2,4,1366,100,46,0,13,1731,299,0,13,10,18,0,13,20,29,0,13,16.0,7.2,0.0,2.1,91.5,4.5,0.0,2.1,0.5,1.0,0.0,2.1,1.1,1.6,0.0,2.1,49207,0.002502887019912494,0.30990270141374926
35,New Mexico,NM,35013,Doña Ana County,35013001812,Census Tract 18.12; Doña Ana County; New Mexico,75.600906357958,4040,608,1486,198,1306,208,2035,474,147,91,276,183,1186,261,692,270,598,203,1089,283,740,190,45,57,980,272,3882,616,0,18,971,109,179,116,79,71,0,13,50.4,9.0,11.7,6.7,21.1,13.6,46.4,8.1,17.1,5.7,14.8,5.1,27.0,4.9,18.3,4.3,3.4,4.3,25.4,5.9,96.1,4.8,0.0,1.2,65.3,8.5,13.7,8.6,6.0,5.4,0.0,0.3,0.9454,0.9118,0.3884,0.9898,0.8796,4.115,0.9291,0.4133,0.8031,0.7997,0.3371,0.9791,3.3323,0.9184,0.9548,0.9548,0.9548,0.0,0.9973,0.948,0.5819,0.0,2.5272,0.6088,10.9293,0.9185,1,1,0,1,0,3,0,0,0,0,1,1,1,1,0,1,1,0,0,2,7,2733,281,100,0,13,3874,618,0,13,8,15,0,13,0,13,0,13,21.5,7.5,0.0,1.0,95.9,2.6,0.0,1.0,0.2,0.4,0.0,1.0,0.0,1.0,0.0,1.0,49208,0.018736164656139004,0.8101481732055802
35,New Mexico,NM,35013,Doña Ana County,35013001813,Census Tract 18.13; Doña Ana County; New Mexico,4.615097669406,3124,737,858,136,845,135,1417,743,58,57,128,117,704,229,578,341,233,99,1194,496,460,323,62,63,735,286,2968,762,0,18,534,164,89,88,0,13,0,13,45.4,21.2,4.6,4.7,15.1,13.6,42.0,12.6,18.5,9.1,7.5,4.1,38.2,9.6,14.7,9.7,7.3,7.4,25.3,8.0,95.0,9.6,0.0,2.1,62.2,14.5,10.5,10.3,0.0,4.6,0.0,0.4,0.9182,0.4994,0.1738,0.9825,0.9015,3.4754,0.7888,0.0896,0.9881,0.6281,0.6716,0.9788,3.3562,0.9242,0.9445,0.9445,0.9445,0.0,0.9966,0.9163,0.0,0.0,1.9129,0.3441,9.689,0.7928,1,0,0,1,1,3,0,1,0,0,1,2,1,1,0,1,1,0,0,2,8,1020,183,98,14,29,2935,708,0,13,19,30,0,13,0,13,0,13,21.7,11.8,0.4,0.9,94.0,6.2,0.0,1.3,0.6,0.9,0.0,1.3,0.0,1.3,0.0,1.3,49209,0.0011483604520000003,0.149918560961459
35,New Mexico,NM,35013,Doña Ana County,35013001814,Census Tract 18.14; Doña Ana County; New Mexico,16.796472139462,2476,793,1202,319,1039,323,910,635,69,72,350,287,626,409,82,126,532,260,439,340,943,655,111,105,434,384,2124,813,0,18,390,290,0,18,37,59,0,13,36.8,22.8,4.9,5.4,33.7,25.6,33.9,13.5,3.3,4.8,21.5,12.8,17.7,12.1,38.2,18.0,10.7,9.5,17.8,14.7,85.8,18.0,0.0,1.5,32.4,18.1,0.0,1.7,3.6,6.0,0.0,0.5,0.8425,0.5322,0.7466,0.9588,0.2246,3.3047,0.7437,0.7545,0.2655,0.997,0.827,0.9484,3.7924,0.987,0.8805,0.8805,0.8805,0.0,0.958,0.0,0.4096,0.0,1.3676,0.1612,9.3452,0.7511,0,0,0,1,0,1,0,0,1,0,1,2,0,0,0,1,0,0,0,1,4,2011,181,107,0,13,2058,806,0,13,66,106,0,13,0,13,0,13,17.4,11.5,0.0,1.6,83.1,9.9,0.0,1.6,2.7,4.3,0.0,1.6,0.0,1.6,0.0,1.6,49210,0.004185976594000001,0.3455559675088593
35,New Mexico,NM,35013,Doña Ana County,35013001900,Census Tract 19; Doña Ana County; New Mexico,933.510371555112,1464,354,446,109,341,102,48,39,0,13,40,31,11,14,67,75,20,31,400,191,36,34,0,18,6,51,541,476,0,18,0,13,26,27,5,8,410,35,4.8,3.6,0.0,11.3,11.7,8.4,2.2,2.9,7.7,7.6,1.4,2.0,27.3,8.7,4.1,3.4,0.0,5.3,0.5,4.1,37.0,31.3,0.0,4.0,0.0,8.6,7.6,7.6,1.5,2.3,28.0,7.2,0.0685,0.0,0.0837,0.1077,0.5554,0.8153,0.0579,0.0097,0.8152,0.0242,0.0,0.3495,1.1986,0.0332,0.5438,0.5438,0.5438,0.0,0.0,0.864,0.1949,0.9797,2.0386,0.3946,4.5963,0.0849,0,0,0,0,0,0,0,0,0,0,0,0,0,0,0,0,0,0,1,1,1,2021,14,23,171,161,138,97,84,76,2,6,0,13,146,149,0,13,4.1,6.7,11.7,11.4,9.4,6.3,5.7,5.1,0.1,0.4,0.0,2.7,10.0,9.0,0.0,2.7,49211,0.23297912004100005,2.787510887190506
35,New Mexico,NM,35015,Eddy County,35015000100,Census Tract 1; Eddy County; New Mexico,0.868180076854,1720,377,779,159,631,165,253,151,27,29,135,90,181,70,147,90,272,94,322,159,186,105,34,43,50,68,1145,403,95,72,14,21,29,26,5,9,309,22,17.7,9.5,3.8,4.3,21.4,13.1,15.5,7.0,10.4,6.7,15.8,5.7,18.7,6.2,13.1,5.9,5.4,6.7,3.0,4.0,66.6,18.3,12.2,8.9,1.8,2.6,4.6,3.9,0.8,1.4,18.0,4.1,0.473,0.4016,0.3987,0.7515,0.6903,2.7151,0.5728,0.4682,0.3189,0.5272,0.5324,0.6734,2.5201,0.5257,0.7715,0.7715,0.7715,0.6795,0.5993,0.7553,0.1148,0.969,3.1179,0.8396,9.1246,0.7221,0,0,0,0,0,0,0,0,0,0,0,0,0,0,0,0,0,0,1,1,1,4023,92,87,14,31,1057,350,0,13,62,69,0,13,12,17,0,13,14.6,13.1,0.8,1.8,61.5,9.8,0.0,2.3,3.6,3.9,0.0,2.3,0.7,1.0,0.0,2.3,49212,0.00023409856900000005,0.08149155870843455
35,New Mexico,NM,35015,Eddy County,35015000200,Census Tract 2; Eddy County; New Mexico,12.358127718534,6529,928,3108,333,2702,308,918,552,110,99,485,210,565,298,454,336,1042,350,1362,483,755,221,66,76,95,131,3443,1007,14,32,118,111,3,20,104,90,133,15,14.1,8.2,3.5,3.2,17.9,7.5,12.4,6.0,7.1,5.2,16.0,5.8,20.9,5.5,11.8,3.7,2.4,2.8,1.5,2.1,52.7,13.5,0.5,1.0,3.8,3.6,0.1,0.7,3.8,3.4,2.0,0.4,0.365,0.3642,0.2702,0.661,0.5188,2.1792,0.4079,0.4795,0.4536,0.4395,0.232,0.5368,2.1414,0.2956,0.6795,0.6795,0.6795,0.2806,0.6754,0.2396,0.4271,0.7829,2.4056,0.5551,7.4057,0.4612,0,0,0,0,0,0,0,0,0,0,0,0,0,0,0,0,0,0,0,0,0,3521,130,78,31,50,2702,920,289,119,40,51,0,19,40,63,341,323,4.8,2.9,0.5,0.8,41.4,9.5,4.4,2.0,0.6,0.8,0.0,0.6,0.6,1.0,5.2,4.9,49213,0.003142110783000001,0.3001083468693923
35,New Mexico,NM,35015,Eddy County,35015000300,Census Tract 3; Eddy County; New Mexico,1.517941094002,5649,831,2547,251,2151,281,889,349,80,82,248,149,746,340,779,379,742,183,1621,423,1079,365,199,143,206,174,3195,992,83,99,0,19,80,103,216,158,117,7,16.0,5.8,2.7,2.8,11.5,6.8,19.8,9.6,14.1,6.2,13.1,3.4,28.7,5.3,19.5,6.8,9.2,6.5,3.9,3.2,56.6,15.5,3.3,3.9,0.0,1.6,3.7,4.8,10.0,7.3,2.1,0.3,0.4233,0.2574,0.0789,0.8367,0.815,2.4113,0.4784,0.3205,0.8644,0.8415,0.7709,0.7227,3.52,0.9572,0.707,0.707,0.707,0.4569,0.0,0.6985,0.7466,0.7903,2.6923,0.6809,9.3306,0.7491,0,0,0,0,0,0,0,0,0,0,0,0,0,0,0,0,0,0,0,0,0,5700,442,230,230,183,2922,691,4,7,4,12,0,19,35,40,0,19,20.5,10.6,4.1,3.1,51.7,8.1,0.1,0.1,0.1,0.2,0.0,0.7,0.6,0.7,0.0,0.7,49214,0.0003858382085000001,0.10099119739950213
35,New Mexico,NM,35015,Eddy County,35015000401,Census Tract 4.01; Eddy County; New Mexico,33.279044125128,3425,542,1498,171,1303,192,933,346,179,109,182,79,180,84,237,143,571,143,989,312,611,215,130,90,9,52,1639,639,49,53,212,122,0,18,38,43,12,3,27.2,9.1,12.4,6.7,14.0,5.7,8.0,3.5,6.9,4.0,16.7,4.4,28.9,6.1,17.8,5.7,10.0,6.7,0.3,1.6,47.9,17.0,3.3,3.5,14.2,7.6,0.0,1.4,2.9,3.2,0.4,0.1,0.6996,0.9242,0.1409,0.4705,0.5058,2.741,0.5808,0.5181,0.8705,0.781,0.8026,0.285,3.2572,0.8976,0.6432,0.6432,0.6432,0.4569,0.843,0.0,0.3433,0.5488,2.192,0.4609,8.8334,0.6821,0,1,0,0,0,1,0,0,0,0,0,0,0,0,0,0,0,0,0,0,1,6502,199,93,4,11,1563,380,7,13,13,22,0,13,41,40,11,20,15.3,6.9,0.1,0.3,45.6,7.0,0.2,0.4,0.4,0.6,0.0,1.2,1.2,1.2,0.3,0.6,49215,0.008257291774000003,0.5672916730370777
35,New Mexico,NM,35015,Eddy County,35015000402,Census Tract 4.02; Eddy County; New Mexico,1.35031259409,4845,854,2042,247,1830,254,1992,579,119,107,430,155,705,281,774,511,728,222,1191,371,940,321,96,88,133,127,2918,960,9,21,160,114,92,74,261,152,5,3,41.3,9.5,5.6,4.6,23.5,7.8,23.1,7.7,16.0,8.5,15.0,4.8,24.6,5.6,19.4,5.7,5.2,4.8,3.1,2.9,60.2,16.7,0.4,1.0,7.8,5.6,5.0,4.0,14.3,7.8,0.1,0.1,0.8865,0.6041,0.4724,0.8831,0.8584,3.7045,0.8442,0.4245,0.6858,0.8381,0.5155,0.6797,3.1436,0.8588,0.731,0.731,0.731,0.2723,0.7583,0.7756,0.8388,0.3692,3.0142,0.8061,10.5933,0.8891,0,0,0,0,0,0,0,0,0,0,0,0,0,0,0,0,0,0,0,0,0,1621,488,165,47,56,2783,697,0,13,1,3,0,13,87,123,0,13,26.7,8.7,1.0,1.1,57.4,8.3,0.0,0.8,0.0,0.1,0.0,0.8,1.8,2.4,0.0,0.8,49216,0.0003381466555000001,0.09969353793047021
35,New Mexico,NM,35015,Eddy County,35015000500,Census Tract 5; Eddy County; New Mexico,1.524131081266,3727,676,1632,220,1256,189,1176,556,8,14,144,93,518,264,217,105,659,196,780,138,990,343,55,77,187,140,2655,743,55,65,53,69,109,90,33,36,0,13,32.1,13.9,0.5,0.9,11.5,7.2,21.0,9.8,5.8,2.5,17.7,5.5,20.9,4.2,26.6,7.3,4.4,6.1,5.2,3.8,71.2,15.2,3.4,4.0,3.2,4.2,8.7,7.0,2.6,2.9,0.0,0.3,0.7817,0.0376,0.0789,0.8554,0.43,2.1836,0.409,0.5735,0.4536,0.965,0.4396,0.7749,3.2066,0.8819,0.7976,0.7976,0.7976,0.4611,0.658,0.8877,0.312,0.0,2.3188,0.5168,8.5066,0.6343,0,0,0,0,0,0,0,0,1,0,0,1,0,0,0,0,0,0,0,0,1,3128,312,171,73,68,2545,659,0,13,17,34,0,13,20,49,0,13,24.8,12.3,2.0,1.9,68.3,8.7,0.0,1.1,0.5,0.9,0.0,1.1,0.5,1.4,0.0,1.1,49217,0.0003785119485000001,0.09051506244996146
35,New Mexico,NM,35015,Eddy County,35015000600,Census Tract 6; Eddy County; New Mexico,13.931999934358,7651,902,3079,354,2778,309,1345,636,73,71,236,163,741,245,408,222,1354,328,1998,504,1108,382,161,138,101,146,4626,1132,0,26,657,261,25,51,53,66,65,18,17.6,8.1,2.1,2.1,8.5,5.8,15.3,5.3,5.3,2.7,17.7,4.9,26.1,5.0,14.5,5.1,5.8,4.9,1.4,2.0,60.5,13.0,0.0,0.8,21.3,8.1,0.9,1.8,1.9,2.4,0.8,0.2,0.4699,0.1818,0.0312,0.7463,0.3921,1.8213,0.3007,0.5735,0.7636,0.6163,0.565,0.5229,3.0413,0.8177,0.733,0.733,0.733,0.0,0.9035,0.3604,0.2397,0.6574,2.161,0.4471,7.7566,0.5185,0,0,0,0,0,0,0,0,0,0,0,0,0,0,0,1,0,0,0,1,1,8041,465,230,215,127,4220,920,35,48,98,67,0,19,0,19,58,59,16.7,7.9,2.8,1.7,55.2,8.4,0.5,0.6,1.3,0.9,0.0,0.5,0.0,0.5,0.8,0.8,49218,0.0034831133310000008,0.32912272517508645
35,New Mexico,NM,35015,Eddy County,35015000700,Census Tract 7; Eddy County; New Mexico,1720.871161937258,6177,1055,2449,272,2188,303,714,276,85,75,138,113,363,205,736,438,914,196,1671,577,734,268,202,174,142,146,2795,1275,0,26,1317,311,155,115,71,94,33,8,11.6,4.0,2.7,2.5,6.3,5.1,9.6,5.1,11.9,6.7,14.8,4.0,27.1,6.3,11.9,4.0,9.2,7.8,2.5,2.6,45.2,19.1,0.0,1.1,53.8,10.7,7.1,5.2,3.2,4.2,0.5,0.1,0.2834,0.2574,0.0138,0.5507,0.7478,1.8531,0.3101,0.4133,0.807,0.4465,0.7709,0.636,3.0737,0.8312,0.6204,0.6204,0.6204,0.0,0.9931,0.8511,0.3734,0.5852,2.8028,0.7261,8.35,0.6106,0,0,0,0,0,0,0,0,0,0,0,0,0,0,0,1,0,0,0,1,1,7482,429,196,110,134,2490,935,0,19,82,85,0,19,113,105,0,19,19.6,8.8,1.8,2.2,40.3,11.1,0.0,0.6,1.3,1.4,0.0,0.6,1.8,1.7,0.0,0.6,49219,0.42732336353515044,4.192477210031809
35,New Mexico,NM,35015,Eddy County,35015000800,Census Tract 8; Eddy County; New Mexico,714.149825288232,2344,513,950,154,781,123,576,259,51,45,117,67,282,127,266,145,386,116,673,242,262,126,31,33,48,62,1651,562,0,18,355,109,40,33,31,29,0,13,24.8,9.7,5.5,4.1,15.0,8.2,19.3,7.4,11.3,5.7,16.5,5.5,28.7,6.0,11.2,4.6,4.0,4.2,2.2,2.9,70.4,18.4,0.0,1.9,37.4,9.1,5.1,4.1,4.0,3.7,0.0,0.6,0.6504,0.5943,0.1706,0.8282,0.7263,2.9698,0.6496,0.5068,0.8644,0.3969,0.3995,0.611,2.7786,0.684,0.7931,0.7931,0.7931,0.0,0.9714,0.78,0.4441,0.0,2.1955,0.4624,8.737,0.6682,0,0,0,0,0,0,0,0,0,0,0,0,0,0,0,1,0,0,0,1,1,2371,229,82,0,13,1643,477,0,13,8,14,0,13,0,13,0,13,29.3,9.4,0.0,1.7,70.1,9.3,0.0,1.7,0.3,0.6,0.0,1.7,0.0,1.7,0.0,1.7,49220,0.17845724333240154,1.8957909897527445
35,New Mexico,NM,35015,Eddy County,35015000900,Census Tract 9; Eddy County; New Mexico,1652.622420288054,5947,781,2476,304,2093,318,604,325,185,179,196,116,630,269,653,317,883,238,1506,352,844,214,0,26,389,230,2484,1053,92,66,793,260,127,120,56,45,0,19,10.2,5.3,6.4,6.0,9.4,5.4,15.5,6.0,11.0,4.7,14.8,4.4,25.3,4.0,14.2,3.8,0.0,1.2,7.0,4.0,41.8,16.8,3.7,2.6,32.0,9.5,6.1,5.7,2.7,2.2,0.0,0.3,0.2368,0.6748,0.0425,0.7515,0.7151,2.4207,0.4812,0.4133,0.7229,0.5971,0.0,0.8248,2.5581,0.5499,0.59,0.59,0.59,0.4724,0.9567,0.8198,0.3229,0.0,2.5718,0.6286,8.1406,0.5795,0,0,0,0,0,0,0,0,0,0,0,0,0,0,0,1,0,0,0,1,1,6110,496,209,0,19,2343,754,0,19,36,47,0,19,105,98,0,19,23.7,9.2,0.0,0.7,39.4,10.7,0.0,0.7,0.6,0.8,0.0,0.7,1.8,1.6,0.0,0.7,49221,0.41484229533150013,3.7084195725406426
35,New Mexico,NM,35015,Eddy County,35015001001,Census Tract 10.01; Eddy County; New Mexico,6.825512700408,2868,515,1370,223,1164,243,299,241,138,155,219,143,123,77,155,256,110,84,973,229,338,178,39,48,36,71,1407,675,0,18,353,194,53,65,0,13,3,7,10.4,8.2,10.4,10.7,18.8,11.6,6.6,4.0,5.4,9.0,3.8,3.0,33.9,5.2,11.8,5.8,3.4,4.1,1.4,2.8,49.1,21.8,0.0,1.3,25.8,13.8,4.6,5.5,0.0,3.4,0.1,0.2,0.2436,0.8802,0.3031,0.3921,0.3995,2.2185,0.4193,0.0232,0.9623,0.4395,0.3371,0.5229,2.285,0.3791,0.6528,0.6528,0.6528,0.0,0.9304,0.7553,0.0,0.3692,2.0549,0.4013,7.2112,0.4293,0,0,0,0,0,0,0,1,0,0,0,1,0,0,0,1,0,0,0,1,2,5086,116,140,0,13,1296,423,0,13,6,12,0,13,105,122,0,13,10.0,11.4,0.0,1.4,45.2,12.5,0.0,1.4,0.2,0.4,0.0,1.4,3.7,4.1,0.0,1.4,49222,0.0017051183320000004,0.22447114494381382
35,New Mexico,NM,35015,Eddy County,35015001002,Census Tract 10.02; Eddy County; New Mexico,8.211086059648,3659,711,1305,213,1212,227,1766,717,93,64,139,107,509,229,297,274,435,99,1344,452,803,415,212,164,263,158,3241,748,0,18,82,88,61,66,125,98,73,13,49.6,17.6,6.5,4.4,11.5,8.6,24.5,10.2,8.3,7.0,11.9,3.5,36.7,8.0,22.4,10.6,17.5,13.1,7.6,4.3,88.6,11.0,0.0,1.4,6.3,6.7,5.0,5.4,10.3,8.6,2.0,0.5,0.9418,0.6825,0.0789,0.8981,0.5908,3.1921,0.7128,0.259,0.982,0.9114,0.9524,0.838,3.9428,0.994,0.8984,0.8984,0.8984,0.0,0.7316,0.7756,0.7551,0.7829,3.0452,0.8168,11.0785,0.9304,1,0,0,0,0,1,0,1,1,1,0,3,0,0,0,0,0,0,0,0,4,4589,260,99,32,35,2966,755,26,73,202,152,0,13,15,20,0,13,21.5,8.4,0.9,1.0,81.1,7.9,0.7,2.0,5.5,4.3,0.0,1.1,0.4,0.5,0.0,1.1,49223,0.0020519079060000007,0.23162400046774867
35,New Mexico,NM,35015,Eddy County,35015001100,Census Tract 11; Eddy County; New Mexico,8.835128822576,6723,695,3026,384,2614,366,1225,540,44,60,378,227,788,344,466,285,812,220,1644,356,763,241,296,216,164,143,3439,884,157,163,47,53,110,105,73,102,0,19,18.2,7.8,1.3,1.8,14.5,8.4,18.2,7.0,6.9,4.2,12.1,3.1,24.5,4.3,11.3,3.4,11.3,8.1,2.7,2.3,51.2,12.0,5.2,5.3,1.6,1.7,4.2,4.0,2.8,3.8,0.0,0.3,0.4874,0.0949,0.1556,0.8096,0.5058,2.0533,0.3699,0.2692,0.68,0.4046,0.8454,0.6511,2.8503,0.7234,0.6685,0.6685,0.6685,0.5247,0.5875,0.7321,0.3337,0.0,2.178,0.4546,7.7501,0.5174,0,0,0,0,0,0,0,0,0,0,0,0,0,0,0,0,0,0,0,0,0,4875,484,296,31,33,3022,739,82,68,89,86,0,19,215,211,0,19,18.5,9.9,0.5,0.5,45.0,8.4,1.2,1.0,1.3,1.3,0.0,0.6,3.2,3.2,0.0,0.6,49224,0.0022045886565000006,0.2644037506667849
35,New Mexico,NM,35017,Grant County,35017964100,Census Tract 9641; Grant County; New Mexico,1141.57055938978,2617,456,1516,227,1049,158,811,341,79,76,348,138,30,48,199,120,923,201,262,172,687,241,0,18,0,52,900,576,0,18,321,122,0,18,30,48,67,8,31.4,12.0,10.1,9.4,33.2,12.2,1.4,2.1,7.6,4.5,35.3,8.6,10.0,5.8,26.3,8.4,0.0,1.7,0.0,2.0,34.4,21.2,0.0,1.2,21.2,7.3,0.0,1.7,2.9,4.6,2.6,0.5,0.7714,0.8713,0.7363,0.0615,0.5493,2.9898,0.6554,0.968,0.0602,0.9627,0.0,0.0,1.9909,0.218,0.5165,0.5165,0.5165,0.0,0.9029,0.0,0.3433,0.8212,2.0674,0.4064,7.5646,0.4871,0,0,0,0,0,0,1,0,1,0,0,2,0,0,0,1,0,0,0,1,3,1218,167,92,0,13,846,355,0,13,0,13,0,13,54,62,0,13,15.9,8.3,0.0,1.5,32.3,10.9,0.0,1.5,0.0,1.5,0.0,1.5,2.1,2.4,0.0,1.5,49225,0.28577920162450005,3.0721853978916505
35,New Mexico,NM,35017,Grant County,35017964200,Census Tract 9642; Grant County; New Mexico,1288.340070953272,1763,432,1050,147,783,141,529,298,54,50,156,79,76,53,176,160,579,167,339,263,285,85,18,38,21,60,534,528,0,18,236,83,5,15,0,13,26,5,30.0,15.2,9.2,8.4,19.9,9.4,5.6,3.9,10.0,7.8,32.8,10.9,19.2,11.3,16.2,6.0,2.3,4.8,1.3,3.7,30.3,29.0,0.0,1.7,22.5,7.6,0.6,1.9,0.0,5.0,1.5,0.5,0.7492,0.8387,0.3438,0.3296,0.6723,2.9336,0.6392,0.9571,0.3474,0.7092,0.2216,0.5089,2.7442,0.6637,0.4706,0.4706,0.4706,0.0,0.9119,0.2983,0.0,0.7419,1.9521,0.3601,8.1005,0.5732,0,0,0,0,0,0,1,0,0,0,0,1,0,0,0,1,0,0,0,1,2,1559,107,65,21,32,492,292,0,13,0,13,0,13,21,22,0,13,13.7,7.3,1.2,1.9,27.9,12.4,0.0,2.2,0.0,2.2,0.0,2.2,1.2,1.3,0.0,2.2,49226,0.32168624618728886,2.8529269424449586
35,New Mexico,NM,35017,Grant County,35017964300,Census Tract 9643; Grant County; New Mexico,8.662464394278,5739,692,2870,280,2247,290,1839,653,315,179,463,171,428,190,268,166,1104,254,1465,398,1313,351,94,107,0,76,3302,834,370,186,535,227,25,37,56,50,0,19,32.3,10.8,11.8,5.8,20.6,7.1,10.8,4.9,4.7,2.8,19.2,4.3,25.5,5.4,22.9,5.4,4.2,4.7,0.0,1.4,57.5,12.8,12.9,6.4,18.6,7.7,1.1,1.6,2.5,2.2,0.0,0.3,0.7845,0.9137,0.3696,0.6015,0.3441,3.0134,0.6627,0.6516,0.7342,0.9204,0.4194,0.0,2.7256,0.6534,0.7129,0.7129,0.7129,0.6906,0.8836,0.3967,0.302,0.0,2.2729,0.4964,8.7248,0.6664,0,1,0,0,0,1,0,0,1,0,0,1,0,0,0,0,0,0,0,0,2,5546,448,179,65,59,3166,617,0,19,31,47,0,19,40,36,0,19,19.9,8.1,1.1,1.0,55.2,7.3,0.0,0.7,0.5,0.8,0.0,0.7,0.7,0.6,0.0,0.7,49227,0.0021623227455000006,0.29450329797241775
35,New Mexico,NM,35017,Grant County,35017964401,Census Tract 9644.01; Grant County; New Mexico,2.326590420088,1327,305,1073,149,670,146,573,203,65,56,295,122,204,87,79,62,430,113,192,126,351,159,19,28,35,64,852,341,9,19,236,104,7,19,30,34,29,6,43.8,11.7,10.6,8.3,44.0,15.5,20.6,7.4,6.0,4.8,32.4,9.3,14.5,7.4,26.9,10.6,2.8,4.1,2.8,5.0,64.2,21.0,0.8,1.8,22.0,9.3,1.0,2.8,4.5,4.9,2.2,0.7,0.9069,0.8858,0.9002,0.8497,0.4443,3.9869,0.905,0.9549,0.1425,0.9673,0.2742,0.6588,2.9977,0.7983,0.7569,0.7569,0.7569,0.3121,0.9085,0.3792,0.4826,0.7972,2.8796,0.7567,10.6211,0.8918,1,0,1,0,0,2,1,0,1,0,0,2,0,0,0,1,0,0,0,1,5,4181,122,68,23,30,710,244,87,84,0,13,0,13,32,45,0,13,18.2,9.6,1.7,2.3,53.5,10.1,6.6,6.3,0.0,3.0,0.0,3.0,2.4,3.4,0.0,3.0,49228,0.0005815893405000001,0.13297257984952507
35,New Mexico,NM,35017,Grant County,35017964402,Census Tract 9644.02; Grant County; New Mexico,3.292458550064,3918,631,1524,200,1278,209,1701,670,28,28,383,149,394,172,183,132,805,153,937,385,493,153,14,25,48,80,2475,713,0,18,550,173,19,29,132,97,311,22,47.2,16.6,1.9,1.8,30.0,10.6,16.2,6.6,4.7,3.2,20.5,5.2,23.9,7.4,12.6,4.5,1.1,1.9,1.3,2.2,63.2,15.1,0.0,1.2,36.1,10.4,1.5,2.3,10.3,7.5,7.9,1.4,0.9292,0.158,0.6642,0.7672,0.3441,2.8627,0.6174,0.7126,0.6444,0.4944,0.1084,0.5089,2.4687,0.4947,0.7506,0.7506,0.7506,0.0,0.9687,0.4622,0.7551,0.9381,3.1241,0.8415,9.2061,0.7328,1,0,0,0,0,1,0,0,0,0,0,0,0,0,0,1,0,0,1,2,3,2943,128,82,21,27,2215,581,122,76,8,17,0,13,109,79,0,13,10.0,5.9,0.5,0.7,56.5,8.7,3.1,1.9,0.2,0.4,0.0,1.0,2.8,2.0,0.0,1.0,49229,0.0008221110610000002,0.16294873992209208
35,New Mexico,NM,35017,Grant County,35017964500,Census Tract 9645; Grant County; New Mexico,23.191661805606,2568,430,1235,155,870,148,763,327,51,40,183,75,360,191,88,94,932,176,406,215,606,217,19,27,49,61,1932,472,76,38,585,151,19,26,69,44,313,14,33.8,13.0,5.9,4.3,21.0,7.8,18.5,9.3,3.9,3.9,36.3,7.7,15.8,6.8,26.9,8.8,2.2,3.1,2.0,2.5,75.2,13.4,6.2,3.0,47.4,8.7,2.2,3.0,7.9,5.1,12.2,2.1,0.8056,0.6328,0.3846,0.8148,0.277,2.9148,0.6331,0.9713,0.1839,0.9673,0.2111,0.5928,2.9264,0.7631,0.8199,0.8199,0.8199,0.5537,0.9878,0.5567,0.6742,0.9574,3.7298,0.971,10.3909,0.8699,0,0,0,0,0,0,1,0,1,0,0,2,0,0,0,1,0,0,1,2,4,1752,218,69,1,4,1827,400,0,13,95,85,0,13,9,11,0,13,25.1,8.2,0.0,0.2,71.1,7.1,0.0,1.5,3.7,3.3,0.0,1.5,0.4,0.4,0.0,1.5,49230,0.0057966454850000015,0.4560671031746479
35,New Mexico,NM,35017,Grant County,35017964600,Census Tract 9646; Grant County; New Mexico,408.37028033971,2794,437,1631,228,1249,227,1273,435,46,45,160,84,143,76,51,47,739,170,557,206,699,173,58,47,0,52,2023,495,159,138,248,103,10,21,82,62,0,13,45.6,13.8,5.9,5.5,12.8,6.3,7.8,4.3,1.8,1.6,26.4,6.6,19.9,6.6,25.0,6.6,4.6,3.7,0.0,1.9,72.4,13.6,9.7,8.4,15.2,6.3,0.8,1.7,6.6,5.0,0.0,0.5,0.9196,0.6328,0.1095,0.46,0.1009,2.2228,0.4205,0.8909,0.3904,0.9497,0.4598,0.0,2.6908,0.632,0.8044,0.8044,0.8044,0.6349,0.8531,0.3391,0.6138,0.0,2.4409,0.5708,8.1589,0.5823,1,0,0,0,0,1,0,0,1,0,0,1,0,0,0,0,0,0,0,0,2,3991,251,112,0,13,2004,423,19,31,0,13,0,13,0,13,0,13,20.1,8.9,0.0,1.4,71.7,8.1,0.7,1.1,0.0,1.4,0.0,1.4,0.0,1.4,0.0,1.4,49231,0.10190023333700003,1.826170258448619
35,New Mexico,NM,35017,Grant County,35017964701,Census Tract 9647.01; Grant County; New Mexico,30.292654808096,2914,429,1598,251,1349,213,413,253,10,16,129,87,152,70,58,62,1166,216,396,189,700,247,47,68,28,61,799,614,28,46,327,109,19,35,34,38,115,7,14.6,8.7,0.9,1.6,9.6,6.3,6.5,3.1,2.1,2.2,40.0,6.0,13.6,6.2,24.8,7.3,3.5,5.0,1.0,2.1,27.4,20.7,1.8,2.9,20.5,7.3,1.4,2.6,2.5,2.8,3.9,0.6,0.3813,0.0624,0.0454,0.3859,0.124,0.999,0.0918,0.9797,0.119,0.9473,0.3476,0.4592,2.8528,0.7248,0.4348,0.4348,0.4348,0.3837,0.8981,0.4461,0.302,0.876,2.9059,0.7673,7.1925,0.4264,0,0,0,0,0,0,1,0,1,0,0,2,0,0,0,0,0,0,0,0,2,2065,172,95,0,13,777,193,0,13,5,8,0,13,17,28,0,13,12.8,7.6,0.0,1.4,26.7,7.2,0.0,1.4,0.2,0.3,0.0,1.4,0.6,1.0,0.0,1.4,49232,0.007565833932500002,0.5797384796442269
35,New Mexico,NM,35017,Grant County,35017964702,Census Tract 9647.02; Grant County; New Mexico,31.876724749944,2580,544,1167,195,1047,204,643,332,126,170,186,125,415,194,171,148,854,216,309,217,622,245,43,58,112,126,1013,672,0,18,562,182,0,18,0,13,81,14,25.7,12.0,13.2,17.0,17.8,11.4,19.3,8.3,6.8,5.7,33.1,7.6,12.0,7.7,24.9,8.4,4.1,5.5,4.4,4.9,39.3,24.7,0.0,1.5,48.2,12.8,0.0,1.7,0.0,3.7,3.1,0.8,0.6693,0.9367,0.2668,0.8282,0.4992,3.2002,0.7151,0.9586,0.087,0.9486,0.4095,0.745,3.1487,0.8606,0.5667,0.5667,0.5667,0.0,0.9887,0.0,0.0,0.8458,1.8345,0.3128,8.7501,0.6703,0,1,0,0,0,1,1,0,1,0,0,2,0,0,0,1,0,0,0,1,4,2777,65,55,85,51,809,379,0,13,119,160,0,13,0,13,0,13,6.2,5.1,3.3,2.2,31.4,12.2,0.0,1.5,4.6,6.1,0.0,1.5,0.0,1.5,0.0,1.5,49233,0.007954885274500003,0.5833643796332519
35,New Mexico,NM,35017,Grant County,35017964800,Census Tract 9648; Grant County; New Mexico,1023.281807029804,1786,369,961,122,750,110,480,180,40,31,149,66,131,67,117,47,420,106,435,186,414,168,64,42,11,53,1379,382,0,18,224,75,25,18,22,27,0,13,27.6,8.6,5.3,4.4,19.9,8.3,11.1,5.4,6.6,3.0,23.5,7.1,24.4,6.9,23.2,8.2,8.5,5.5,0.6,3.1,77.2,14.3,0.0,1.9,23.3,7.6,3.4,2.3,2.9,3.5,0.0,0.7,0.7069,0.5746,0.3438,0.6131,0.4856,2.724,0.5754,0.8234,0.6746,0.9254,0.7387,0.3747,3.5368,0.9598,0.8317,0.8317,0.8317,0.0,0.9167,0.6761,0.3433,0.0,1.9361,0.3535,9.0286,0.7091,0,0,0,0,0,0,0,0,1,0,0,1,0,0,0,1,0,0,0,1,2,895,185,78,0,13,1193,326,0,13,11,21,0,13,139,111,36,52,24.7,9.7,0.0,2.2,66.8,9.0,0.0,2.2,0.6,1.2,0.0,2.2,7.8,5.8,2.0,2.9,49234,0.2540653228515001,2.9285472548811824
35,New Mexico,NM,35019,Guadalupe County,35019961600,Census Tract 9616; Guadalupe County; New Mexico,3029.770244309464,4413,0,2162,186,1295,175,1253,302,178,122,272,99,662,210,265,150,859,189,819,188,763,206,70,42,252,132,3778,167,29,24,565,123,37,27,51,28,614,63,32.3,7.8,9.8,6.7,21.0,7.1,19.5,5.7,6.8,3.9,19.5,4.3,18.6,4.3,19.7,5.3,5.4,3.2,6.0,3.1,85.6,3.8,1.3,1.1,26.1,5.7,2.9,2.0,3.9,2.0,13.9,1.4,0.7845,0.8607,0.3846,0.8315,0.4992,3.3605,0.7591,0.6658,0.3134,0.8474,0.5324,0.7998,3.1588,0.8645,0.8792,0.8792,0.8792,0.3522,0.9317,0.6321,0.4355,0.9615,3.313,0.8937,10.7115,0.9,0,0,0,0,0,0,0,0,0,0,0,0,0,0,0,1,0,0,1,2,2,4506,355,101,87,64,3321,206,4,13,284,131,0,13,82,92,0,13,27.4,6.6,2.0,1.4,75.3,4.7,0.1,0.3,6.4,3.0,0.0,0.9,1.9,2.1,0.0,0.9,49235,0.7738700941774999,4.112427011518021
35,New Mexico,NM,35021,Harding County,35021000100,Census Tract 1; Harding County; New Mexico,2125.477271330444,671,173,457,67,243,56,219,92,22,23,32,18,62,29,38,35,163,51,142,80,123,42,3,13,11,50,377,195,0,18,104,32,9,12,22,17,0,13,32.6,10.8,7.2,6.8,13.2,6.8,13.2,4.6,5.7,4.8,24.3,7.7,21.2,9.4,18.4,5.3,1.2,5.3,1.7,7.8,56.2,25.2,0.0,3.9,22.8,5.4,3.7,4.9,9.1,6.1,0.0,1.9,0.7888,0.7343,0.1195,0.6865,0.4224,2.7515,0.5841,0.8451,0.4722,0.8035,0.1171,0.561,2.7989,0.6956,0.7041,0.7041,0.7041,0.0,0.9136,0.6985,0.7183,0.0,2.3304,0.522,8.5849,0.6461,0,0,0,0,0,0,0,0,0,0,0,0,0,0,0,1,0,0,0,1,1,563,88,38,1,2,288,128,0,13,0,13,7,14,19,19,62,58,36.2,11.1,0.1,0.3,42.9,12.2,0.0,5.8,0.0,5.8,1.0,2.0,2.8,2.6,9.2,8.3,49236,0.5492556587540002,4.0333618807819525
35,New Mexico,NM,35023,Hidalgo County,35023970000,Census Tract 9700; Hidalgo County; New Mexico,3433.398413707542,2077,206,1069,68,742,96,575,179,35,29,81,37,194,60,173,79,442,68,446,100,349,92,35,30,108,67,1069,246,0,18,452,72,19,19,17,16,48,36,28.3,8.3,3.7,3.0,10.9,4.8,13.5,4.1,8.5,4.0,21.3,3.0,21.5,3.9,17.2,4.5,4.7,4.0,5.5,3.3,51.5,10.7,0.0,1.7,42.3,6.8,2.6,2.5,2.3,2.2,2.3,1.7,0.7197,0.3898,0.0672,0.6958,0.6008,2.4733,0.4975,0.7469,0.4912,0.7555,0.4694,0.7847,3.2477,0.8951,0.6709,0.6709,0.6709,0.0,0.9809,0.6023,0.2826,0.8039,2.6697,0.6711,9.0616,0.7139,0,0,0,0,0,0,0,0,0,0,0,0,0,0,0,1,0,0,0,1,1,1414,136,45,7,14,942,168,0,13,14,21,0,13,106,27,0,13,18.3,6.2,0.3,0.7,45.4,5.7,0.0,1.9,0.7,1.0,0.0,1.9,5.1,1.3,0.0,1.9,49237,0.8496330021513591,4.7466266455847
35,New Mexico,NM,35023,Hidalgo County,35023970200,Census Tract 9702; Hidalgo County; New Mexico,5.134020301814,2083,206,1146,79,815,90,849,234,38,31,240,80,299,87,168,67,466,72,471,100,358,94,29,22,68,61,1557,244,133,54,245,71,28,24,95,51,67,41,42.1,10.8,5.3,4.2,29.4,9.3,20.3,5.6,8.3,3.2,22.4,3.2,22.6,3.7,17.8,4.5,3.5,2.7,3.5,3.2,74.7,9.1,11.6,4.6,21.4,5.9,3.4,2.9,11.7,5.8,3.2,1.9,0.8931,0.5746,0.6486,0.8447,0.5908,3.5518,0.8075,0.7877,0.5634,0.781,0.3476,0.703,3.1827,0.8734,0.8168,0.8168,0.8168,0.6696,0.9042,0.6761,0.7902,0.8506,3.8907,0.9858,11.442,0.9548,0,0,0,0,0,0,0,0,0,0,0,0,0,0,0,1,0,0,0,1,1,2475,243,67,0,13,1527,168,0,13,0,13,0,13,10,14,20,31,29.8,6.9,0.0,1.9,73.3,5.6,0.0,1.9,0.0,1.9,0.0,1.9,0.5,0.7,1.0,1.5,49238,0.0012725969555000003,0.17710590023853978
35,New Mexico,NM,35025,Lea County,35025000100,Census Tract 1; Lea County; New Mexico,0.94451360056,2873,822,1364,275,993,305,745,425,205,105,151,107,436,188,291,188,250,170,974,398,206,143,38,34,381,192,2396,854,86,80,328,131,45,68,97,93,107,18,26.1,12.9,14.6,7.6,15.2,9.7,25.2,11.6,10.2,6.9,8.7,6.4,33.9,7.8,7.2,5.3,3.8,3.2,15.2,6.6,83.4,17.7,6.3,5.7,24.0,10.3,4.5,6.7,9.8,9.4,3.7,1.2,0.6774,0.9538,0.1768,0.9048,0.6815,3.3943,0.7683,0.1276,0.9623,0.1311,0.3793,0.9312,2.5315,0.5326,0.8667,0.8667,0.8667,0.5564,0.9209,0.75,0.7406,0.8693,3.8372,0.9816,10.6297,0.8926,0,1,0,1,0,2,0,1,0,0,1,2,0,0,0,1,0,0,0,1,5,4686,218,120,30,43,2303,809,1,6,2,12,0,13,60,44,0,13,22.0,12.4,1.0,1.6,80.2,9.0,0.0,0.2,0.1,0.4,0.0,1.4,2.1,1.7,0.0,1.4,49239,0.00023527347600000006,0.06141956738949324
35,New Mexico,NM,35025,Lea County,35025000200,Census Tract 2; Lea County; New Mexico,6.094204238146,4218,938,1483,297,1280,270,1285,447,79,65,206,91,1081,411,1008,410,328,155,1308,358,575,274,79,62,790,267,3679,997,0,18,248,112,33,42,19,24,19,3,30.5,8.1,3.9,3.8,16.1,6.2,45.7,11.1,23.9,10.2,7.8,4.0,31.0,5.4,13.6,6.5,6.2,4.7,20.4,4.8,87.2,13.5,0.0,1.2,16.7,8.0,2.6,3.2,1.5,1.9,0.5,0.1,0.7578,0.4146,0.2063,0.9889,0.9527,3.3203,0.748,0.0984,0.9209,0.5602,0.5959,0.962,3.1374,0.8565,0.8891,0.8891,0.8891,0.0,0.8671,0.6023,0.1949,0.5852,2.2495,0.486,9.5963,0.7823,0,0,0,1,1,2,0,1,0,0,1,2,0,0,0,0,0,0,0,0,4,6104,128,82,128,154,3546,1028,0,13,5,10,0,13,0,13,0,13,10.0,7.0,3.0,3.9,84.1,9.6,0.0,0.9,0.1,0.2,0.0,0.9,0.0,0.9,0.0,0.9,49240,0.0015185895170000004,0.23262606848193196
35,New Mexico,NM,35025,Lea County,35025000300,Census Tract 3; Lea County; New Mexico,2.514819006108,4026,584,1755,319,1619,311,1697,512,4,7,466,245,1097,270,1028,380,383,154,1109,292,402,209,313,224,538,263,3778,610,15,34,269,116,52,55,168,137,18,5,42.2,11.1,0.2,0.4,28.8,14.1,49.1,8.1,25.5,7.8,9.5,3.6,27.5,6.2,10.0,5.2,19.3,13.3,14.3,6.7,93.8,6.7,0.9,1.9,15.3,6.5,3.2,3.3,10.4,7.8,0.4,0.1,0.8938,0.0288,0.6329,0.9928,0.9619,3.5102,0.7975,0.1565,0.8228,0.3103,0.9655,0.9244,3.1795,0.8721,0.9353,0.9353,0.9353,0.3217,0.8541,0.6597,0.7576,0.5488,3.1419,0.8466,10.7669,0.905,0,0,0,1,1,2,0,0,0,1,1,2,1,1,0,0,0,0,0,0,5,3101,651,188,365,209,3395,603,18,33,0,13,0,13,0,13,0,13,40.2,11.4,9.1,5.1,84.3,6.9,0.4,0.9,0.0,1.0,0.0,1.0,0.0,1.0,0.0,1.0,49241,0.0006284121875000002,0.11640994299253779
35,New Mexico,NM,35025,Lea County,35025000400,Census Tract 4; Lea County; New Mexico,2.007395263464,4333,977,1279,215,1117,212,1882,696,334,275,333,144,686,245,938,464,314,258,1603,476,387,162,111,73,904,420,4030,1006,174,113,330,125,183,170,184,83,0,13,43.4,12.7,17.8,13.4,29.8,11.6,31.6,8.8,21.6,8.9,7.2,5.9,37.0,6.2,8.9,4.1,10.0,6.3,22.5,9.1,93.0,10.0,13.6,8.5,25.8,10.2,16.3,14.9,16.5,7.6,0.0,0.3,0.9038,0.9765,0.6589,0.9487,0.9352,4.4231,0.9736,0.0811,0.9832,0.2331,0.8026,0.97,3.07,0.8297,0.9295,0.9295,0.9295,0.7024,0.9304,0.9634,0.8679,0.0,3.4641,0.9288,11.8867,0.9757,1,1,0,1,1,4,0,1,0,0,1,2,1,1,0,1,1,0,0,2,9,6094,247,102,326,224,3674,930,24,28,0,13,0,13,6,9,0,13,22.1,9.6,7.5,5.1,84.8,7.4,0.6,0.7,0.0,0.9,0.0,0.9,0.1,0.2,0.0,0.9,49242,0.0004999835630000001,0.09792122252158172
35,New Mexico,NM,35025,Lea County,35025000502,Census Tract 5.02; Lea County; New Mexico,5.71904707154,8020,1075,3261,315,2814,318,2801,674,339,241,903,318,731,212,858,374,641,171,2949,615,853,289,368,176,152,135,5410,1221,560,231,140,115,36,56,66,86,42,8,34.9,7.0,10.3,6.4,32.1,10.7,17.6,4.4,10.7,4.5,8.0,2.2,36.8,4.7,10.6,3.6,13.0,6.1,2.2,1.9,67.5,12.2,17.2,6.9,4.3,3.6,1.3,2.0,2.3,3.0,0.5,0.1,0.8201,0.8771,0.7129,0.7975,0.7031,3.9107,0.8898,0.1047,0.9825,0.3535,0.8875,0.611,2.9392,0.7698,0.7767,0.7767,0.7767,0.7508,0.6883,0.4295,0.2826,0.5852,2.7364,0.6993,10.363,0.8671,0,0,0,0,0,0,0,1,0,0,0,1,0,0,0,0,0,0,0,0,1,5475,465,195,297,205,4595,1052,205,110,102,74,0,19,101,122,110,133,16.5,6.9,3.7,2.7,57.3,7.6,2.6,1.5,1.3,0.9,0.0,0.5,1.3,1.6,1.4,1.7,49243,0.0014273032676270004,0.23220279942059116
35,New Mexico,NM,35025,Lea County,35025000503,Census Tract 5.03; Lea County; New Mexico,1.395420504648,4151,712,1847,316,1651,327,746,278,54,57,460,203,232,134,400,244,404,119,1141,316,441,161,124,86,51,77,2567,811,149,120,283,266,28,37,66,65,0,13,18.0,5.9,2.4,2.5,27.9,11.0,9.0,5.3,9.7,5.5,9.7,2.6,27.5,4.9,10.6,3.5,7.5,5.0,1.3,2.0,61.8,16.4,8.0,6.4,15.3,12.5,1.7,2.2,4.0,3.9,0.0,0.3,0.4817,0.2186,0.6085,0.5217,0.6589,2.4894,0.5024,0.164,0.8228,0.3535,0.6844,0.5089,2.5336,0.5339,0.7414,0.7414,0.7414,0.5988,0.8541,0.4919,0.4441,0.0,2.3889,0.548,8.1533,0.5813,0,0,0,0,0,0,0,0,0,0,0,0,0,0,0,0,0,0,0,0,0,3414,209,102,290,193,2094,614,32,24,70,64,0,13,81,104,0,13,12.7,6.7,7.0,4.8,50.4,9.1,0.8,0.6,1.7,1.4,0.0,1.0,2.0,2.5,0.0,1.0,49244,0.00034677308750000007,0.08500831350945039
35,New Mexico,NM,35025,Lea County,35025000504,Census Tract 5.04; Lea County; New Mexico,2.086735749546,4210,656,1787,277,1674,268,527,369,81,72,155,105,293,222,18,34,720,157,1159,384,564,229,108,97,24,55,1703,816,110,80,0,13,25,30,42,54,0,13,12.6,8.6,3.6,3.3,9.3,6.1,10.3,6.6,0.4,0.8,17.1,5.0,27.5,7.1,13.4,5.8,6.5,5.7,0.6,1.4,40.5,18.3,6.1,4.4,0.0,2.2,1.5,1.8,2.5,3.3,0.0,0.3,0.3161,0.3773,0.0412,0.581,0.0164,1.332,0.1671,0.5402,0.8228,0.5471,0.6174,0.3747,2.9022,0.7507,0.5778,0.5778,0.5778,0.5509,0.0,0.4622,0.302,0.0,1.3151,0.1479,6.1271,0.2618,0,0,0,0,0,0,0,0,0,0,0,0,0,0,0,0,0,0,0,0,0,5448,195,129,239,210,1325,606,81,112,21,44,0,13,37,47,0,13,11.6,8.2,5.7,5.1,31.5,11.4,1.9,2.7,0.5,1.1,0.0,0.9,0.9,1.2,0.0,0.9,49245,0.0005249725560000001,0.12175088311483924
35,New Mexico,NM,35025,Lea County,35025000600,Census Tract 6; Lea County; New Mexico,5.632121611668,6399,889,2457,305,2266,305,1586,905,305,233,356,176,598,285,719,392,1198,316,1476,450,921,332,137,112,374,311,3853,1187,55,53,70,88,34,71,55,50,146,9,25.7,14.2,9.4,6.5,15.7,7.5,14.7,6.6,11.4,5.9,18.7,4.6,23.1,5.1,14.6,4.6,6.0,4.9,6.4,5.2,60.2,16.6,2.2,2.1,2.8,3.6,1.5,3.1,2.4,2.3,2.3,0.3,0.6693,0.8465,0.1929,0.7299,0.73,3.1686,0.7066,0.6267,0.5942,0.6222,0.5809,0.8101,3.2341,0.8907,0.731,0.731,0.731,0.4056,0.6448,0.4622,0.2925,0.8039,2.609,0.6444,9.7427,0.7994,0,0,0,0,0,0,0,0,0,0,0,0,0,0,0,0,0,0,0,0,0,9167,416,155,281,217,3466,675,0,19,11,26,0,19,95,100,0,19,18.4,7.7,4.4,3.3,54.2,9.5,0.0,0.6,0.2,0.4,0.0,0.6,1.5,1.6,0.0,0.6,49246,0.0014053245905000004,0.1880733946854941
35,New Mexico,NM,35025,Lea County,35025000701,Census Tract 7.01; Lea County; New Mexico,55.071927883094,1629,326,637,87,583,95,416,258,110,72,162,91,283,153,490,272,298,80,359,157,172,78,34,51,90,87,941,381,0,18,267,93,19,26,39,39,0,13,25.5,15.0,16.3,10.2,27.8,14.9,27.1,12.4,30.1,14.1,18.3,5.9,22.0,7.2,10.6,5.2,5.8,8.7,5.6,5.3,57.8,20.3,0.0,2.8,41.9,14.8,3.3,4.4,6.7,6.6,0.0,0.8,0.6651,0.9681,0.6055,0.9205,0.9794,4.1386,0.9331,0.6062,0.5242,0.3535,0.565,0.7876,2.8365,0.7164,0.715,0.715,0.715,0.0,0.9803,0.6683,0.6188,0.0,2.2674,0.4938,9.9575,0.8241,0,1,0,1,1,3,0,0,0,0,0,0,0,0,0,1,0,0,0,1,4,663,137,84,0,13,930,330,0,13,0,13,0,13,3,8,8,13,23.5,13.2,0.0,2.4,57.1,12.9,0.0,2.4,0.0,2.4,0.0,2.4,0.2,0.5,0.5,0.8,49247,0.013754834844699776,0.6730328607359645
35,New Mexico,NM,35025,Lea County,35025000702,Census Tract 7.02; Lea County; New Mexico,457.208433130984,4584,627,1018,154,894,155,706,370,57,61,218,124,757,215,480,403,261,66,1268,391,219,115,0,18,153,103,3164,733,0,18,391,108,93,74,0,13,1473,96,22.7,11.0,4.0,4.2,24.4,13.2,26.6,6.8,14.3,10.0,5.7,1.5,27.7,5.3,6.5,3.3,0.0,2.0,3.7,2.4,69.0,12.9,0.0,1.8,38.4,9.2,10.4,8.1,0.0,4.4,32.1,4.9,0.603,0.4267,0.5025,0.9167,0.8201,3.269,0.7336,0.0484,0.8308,0.098,0.0,0.7132,1.6904,0.1088,0.7854,0.7854,0.7854,0.0,0.9737,0.9151,0.0,0.9824,2.8712,0.7533,8.616,0.6502,0,0,0,1,0,1,0,0,0,0,0,0,0,0,0,1,1,0,1,3,4,6616,131,75,116,81,2818,617,28,34,100,84,0,13,102,104,0,13,14.7,8.1,2.5,1.8,61.5,8.5,0.6,0.8,2.2,1.9,0.0,0.9,2.2,2.2,0.0,0.9,49248,0.11382623863387951,2.2787238252047266
35,New Mexico,NM,35025,Lea County,35025000703,Census Tract 7.03; Lea County; New Mexico,6.04506773932,3428,489,1108,154,1015,133,358,156,104,97,196,102,186,130,354,213,262,59,912,277,391,134,58,62,56,93,1751,558,0,18,149,82,0,18,24,31,291,22,11.6,4.7,5.9,5.0,19.3,9.7,9.0,6.1,10.5,6.5,7.6,1.9,26.6,6.1,11.6,3.6,5.7,6.1,1.7,2.9,51.1,14.6,0.0,1.6,13.4,6.9,0.0,1.8,2.4,3.0,8.5,1.4,0.2834,0.6328,0.3217,0.5217,0.6946,2.4542,0.4915,0.0926,0.7861,0.4257,0.5574,0.561,2.4228,0.4654,0.6674,0.6674,0.6674,0.0,0.8342,0.0,0.2925,0.9423,2.069,0.407,7.6134,0.4953,0,0,0,0,0,0,0,0,0,0,0,0,0,0,0,0,0,0,1,1,1,2151,80,58,24,27,1604,447,0,13,29,23,0,13,50,40,44,53,7.9,5.6,0.7,0.8,46.8,8.3,0.0,1.2,0.8,0.7,0.0,1.2,1.5,1.2,1.3,1.5,49249,0.0015065574950000004,0.18893105540725155
35,New Mexico,NM,35025,Lea County,35025000704,Census Tract 7.04; Lea County; New Mexico,4.854874733446,2296,335,1019,117,865,131,630,260,103,83,107,75,235,110,266,176,270,95,610,149,341,115,46,48,156,90,1188,445,0,18,420,124,70,61,23,31,0,13,27.6,10.7,9.8,7.8,12.4,8.5,15.7,7.1,11.6,7.3,11.8,4.4,26.6,4.5,14.9,4.7,5.3,5.5,7.0,3.9,51.7,17.9,0.0,1.8,41.2,11.7,8.1,6.9,2.7,3.6,0.0,0.6,0.7069,0.8607,0.0994,0.756,0.7368,3.1598,0.7045,0.254,0.7861,0.6396,0.5243,0.8248,3.0288,0.8124,0.6725,0.6725,0.6725,0.0,0.9793,0.8755,0.3229,0.0,2.1777,0.4545,9.0388,0.7107,0,0,0,0,0,0,0,0,0,0,0,0,0,0,0,1,0,0,0,1,1,1381,167,101,0,13,1182,279,5,10,0,13,0,13,1,3,0,13,19.3,11.0,0.0,1.7,51.5,10.1,0.2,0.4,0.0,1.7,0.0,1.7,0.0,0.1,0.0,1.7,49250,0.0012101169775000002,0.1595248083616514
35,New Mexico,NM,35025,Lea County,35025000800,Census Tract 8; Lea County; New Mexico,266.52299243983,3565,201,1555,200,1286,181,1181,341,124,82,173,97,565,208,202,145,533,178,1201,245,604,236,124,83,169,108,1963,425,0,18,177,85,89,75,102,88,0,13,33.1,9.4,7.7,5.3,13.5,7.3,28.2,8.9,5.7,4.2,15.0,5.0,33.7,6.1,16.9,6.5,9.7,6.3,5.0,3.2,55.1,11.5,0.0,1.2,11.4,5.1,6.9,5.8,7.9,6.7,0.0,0.4,0.7963,0.7645,0.1271,0.9283,0.4224,3.0386,0.6699,0.4245,0.9601,0.7419,0.7909,0.7677,3.6851,0.9785,0.6963,0.6963,0.6963,0.0,0.8106,0.8449,0.6742,0.0,2.3297,0.5217,9.7497,0.8004,0,0,0,1,0,1,0,1,0,0,0,1,0,0,0,0,0,0,0,0,2,3896,282,165,0,13,1811,352,0,13,96,109,0,13,56,67,0,13,21.9,11.2,0.0,1.1,50.8,10.1,0.0,1.1,2.7,3.0,0.0,1.1,1.6,1.9,0.0,1.1,49251,0.06623692241436985,1.4052398958920862
35,New Mexico,NM,35025,Lea County,35025000900,Census Tract 9; Lea County; New Mexico,1128.837857904762,2258,340,1005,137,822,128,815,292,146,105,101,74,508,162,336,133,348,122,601,200,344,123,60,52,286,106,1321,428,0,18,152,65,34,37,33,36,0,13,36.1,11.7,13.9,9.2,12.3,8.8,34.3,9.0,14.9,5.1,15.4,5.6,26.6,8.0,15.2,5.4,7.3,6.2,13.0,4.4,58.5,16.8,0.0,1.8,15.1,6.7,4.1,4.5,4.0,4.4,0.0,0.6,0.8344,0.9459,0.0967,0.9603,0.8344,3.6717,0.8363,0.4461,0.7861,0.6565,0.6716,0.9127,3.473,0.9487,0.7197,0.7197,0.7197,0.0,0.8521,0.7254,0.4441,0.0,2.0216,0.3878,9.886,0.816,0,1,0,1,0,2,0,0,0,0,1,1,0,0,0,0,0,0,0,0,3,2374,302,90,32,47,1270,311,0,13,19,27,0,13,0,13,0,13,36.7,11.0,1.4,2.1,56.2,10.4,0.0,1.8,0.8,1.2,0.0,1.8,0.0,1.8,0.0,1.8,49252,0.27972562520005384,2.662129468355381
35,New Mexico,NM,35025,Lea County,35025001003,Census Tract 10.03; Lea County; New Mexico,1.97883838734,4449,451,1412,147,1288,128,1567,533,252,175,337,165,755,224,576,257,499,145,1654,305,374,143,88,66,453,185,2962,711,18,22,126,84,35,41,21,25,290,19,37.7,12.1,16.1,10.4,26.2,12.5,30.8,8.9,14.0,5.8,11.2,3.5,37.2,4.6,9.1,3.6,6.8,5.1,11.5,4.5,66.6,14.5,1.2,1.6,8.9,5.9,2.7,3.2,1.6,2.0,6.5,0.8,0.8526,0.9669,0.5588,0.9447,0.8123,4.1353,0.9326,0.2259,0.9841,0.2465,0.6384,0.8972,2.9921,0.7957,0.7715,0.7715,0.7715,0.345,0.7758,0.6121,0.2067,0.9256,2.8652,0.7508,10.7641,0.9047,0,1,0,1,0,2,0,1,0,0,0,1,0,0,0,0,0,0,1,1,4,5138,185,80,357,369,2533,521,46,61,6,15,0,13,20,43,0,13,14.4,5.7,8.0,8.1,56.9,11.1,1.0,1.4,0.1,0.3,0.0,0.9,0.4,1.0,0.0,0.9,49253,0.0004991221260000001,0.09719997385216195
35,New Mexico,NM,35025,Lea County,35025001004,Census Tract 10.04; Lea County; New Mexico,2.524039121868,4099,491,1494,231,1383,234,613,432,58,54,277,151,441,197,719,327,257,66,1478,292,213,79,217,158,503,304,2958,571,23,29,335,161,80,81,49,53,6,2,15.0,10.4,2.9,2.8,20.0,10.4,19.8,7.7,17.6,8.1,6.3,1.8,36.1,4.5,5.2,1.9,15.7,11.1,13.5,8.0,72.2,10.9,1.5,1.9,22.4,10.1,5.8,5.8,3.5,3.8,0.1,0.0,0.3937,0.2836,0.3473,0.8367,0.8874,2.7487,0.5833,0.0597,0.979,0.0489,0.9325,0.9175,2.9376,0.7691,0.8032,0.8032,0.8032,0.3656,0.9112,0.8094,0.401,0.3692,2.8564,0.7474,9.3459,0.7512,0,0,0,0,0,0,0,1,0,1,1,3,0,0,0,1,0,0,0,1,4,2249,87,58,13,18,2945,455,0,13,0,13,0,13,0,13,0,13,6.3,4.1,0.3,0.4,71.8,6.6,0.0,1.0,0.0,1.0,0.0,1.0,0.0,1.0,0.0,1.0,49254,0.0006309068370000002,0.12364160702424376
35,New Mexico,NM,35025,Lea County,35025001005,Census Tract 10.05; Lea County; New Mexico,3.843688267322,3399,540,1247,165,1031,161,1492,563,49,51,348,163,660,223,649,290,339,90,872,250,726,435,21,39,281,140,3150,602,0,18,417,142,109,88,57,46,2,4,44.6,15.4,4.1,4.7,33.8,14.9,30.0,10.6,19.1,8.7,10.0,2.9,25.7,6.0,21.4,11.7,2.0,3.8,9.0,4.2,92.7,9.8,0.0,1.4,33.4,9.7,10.6,8.4,5.5,4.5,0.1,0.1,0.9126,0.4399,0.7487,0.94,0.9093,3.9505,0.8977,0.176,0.7442,0.8909,0.191,0.8633,2.8654,0.7314,0.9268,0.9268,0.9268,0.0,0.9614,0.9175,0.5518,0.3692,2.7999,0.7249,10.5426,0.8845,1,0,0,1,1,3,0,0,0,0,0,0,1,1,0,1,1,0,0,2,6,5055,135,81,97,81,3012,570,0,13,41,42,0,13,0,13,0,13,13.1,7.2,2.9,2.4,88.6,6.5,0.0,1.2,1.2,1.2,0.0,1.2,0.0,1.2,0.0,1.2,49255,0.0009617044670000003,0.18779361121396054
35,New Mexico,NM,35025,Lea County,35025001100,Census Tract 11; Lea County; New Mexico,2438.2678560097,5166,643,2126,200,1798,208,1064,385,65,56,248,134,834,196,559,280,712,179,1239,232,675,222,105,92,536,218,2611,807,0,26,597,154,15,17,60,51,0,19,20.6,7.0,2.3,2.0,13.8,7.3,24.0,5.3,10.8,5.3,13.8,3.3,24.0,4.0,13.1,4.1,5.8,5.1,11.0,4.2,50.5,14.3,0.0,1.2,28.1,7.1,0.9,0.9,3.3,2.9,0.0,0.4,0.5512,0.2063,0.1353,0.8929,0.7069,2.4926,0.5034,0.3581,0.6507,0.5272,0.565,0.8909,2.9919,0.7956,0.6628,0.6628,0.6628,0.0,0.9421,0.3604,0.3833,0.0,1.6858,0.2579,7.8331,0.531,0,0,0,0,0,0,0,0,0,0,0,0,0,0,0,1,0,0,0,1,1,3586,183,92,35,42,2484,453,0,19,0,19,0,19,81,70,11,17,10.2,5.2,0.7,0.8,48.1,6.9,0.0,0.8,0.0,0.8,0.0,0.8,1.6,1.4,0.2,0.3,49256,0.6107356362052268,3.702759501659621
35,New Mexico,NM,35027,Lincoln County,35027960200,Census Tract 9602; Lincoln County; New Mexico,2468.60891912825,1677,282,1239,168,865,165,485,238,44,45,144,77,115,117,100,62,539,133,135,90,533,143,65,53,8,54,960,325,0,18,326,103,0,18,113,63,162,23,31.9,14.5,6.5,6.6,16.6,8.3,8.2,7.8,6.6,3.8,32.1,6.7,8.1,4.7,35.0,8.4,7.5,6.0,0.5,3.2,57.2,16.8,0.0,1.5,26.3,7.4,0.0,2.1,13.1,6.9,9.7,2.1,0.779,0.6825,0.2236,0.4808,0.4856,2.6515,0.5534,0.9531,0.0435,0.9945,0.6844,0.3495,3.025,0.8108,0.7109,0.7109,0.7109,0.0,0.9328,0.0,0.8186,0.9487,2.7001,0.6845,9.0875,0.7171,0,0,0,0,0,0,1,0,1,0,0,2,0,0,0,1,0,0,1,2,4,1262,320,110,6,9,853,243,0,13,32,44,0,13,69,71,0,13,37.0,9.3,0.4,0.6,50.9,9.0,0.0,2.4,1.9,2.7,0.0,2.4,4.1,4.1,0.0,2.4,49257,0.6231985159095004,5.055166763000005
35,New Mexico,NM,35027,Lincoln County,35027960300,Census Tract 9603; Lincoln County; New Mexico,1493.342891954146,3265,557,1890,256,1487,266,440,210,129,80,326,160,201,107,715,297,954,214,453,191,1066,228,0,18,0,52,1043,736,29,31,926,199,27,36,53,49,3,2,13.7,6.1,9.1,5.1,21.9,10.0,7.3,3.9,21.9,8.0,29.2,5.7,13.9,4.6,32.6,5.3,0.0,1.2,0.0,1.6,31.9,21.9,1.5,1.6,49.0,8.8,1.8,2.4,3.6,3.2,0.1,0.1,0.3516,0.8346,0.4169,0.4328,0.9378,2.9737,0.6507,0.9295,0.1261,0.9907,0.0,0.0,2.0463,0.2452,0.4893,0.4893,0.4893,0.3656,0.9894,0.5056,0.4096,0.3692,2.6394,0.6578,8.1487,0.5807,0,0,0,0,1,1,1,0,1,0,0,2,0,0,0,1,0,0,0,1,4,2044,197,84,0,13,1006,293,0,13,7,12,0,13,24,23,6,9,13.2,5.3,0.0,1.2,30.8,7.8,0.0,1.2,0.2,0.4,0.0,1.2,0.7,0.7,0.2,0.3,49258,0.3761652876514997,3.5348699206251886
35,New Mexico,NM,35027,Lincoln County,35027960401,Census Tract 9604.01; Lincoln County; New Mexico,741.682188635578,1954,439,1383,215,948,200,601,321,0,13,271,155,180,91,243,157,838,248,249,171,510,189,95,113,43,71,885,565,0,18,500,198,0,18,82,59,0,13,30.8,14.9,0.0,6.1,28.6,15.2,11.0,5.6,12.4,7.5,42.9,12.3,12.7,7.7,26.1,8.2,10.0,11.7,2.2,3.6,45.3,27.1,0.0,1.3,36.2,13.1,0.0,1.9,8.6,6.3,0.0,0.7,0.7624,0.0,0.6276,0.6092,0.7649,2.7641,0.5879,0.9845,0.0998,0.9611,0.8026,0.611,3.459,0.9457,0.6213,0.6213,0.6213,0.0,0.9689,0.0,0.7018,0.0,1.6707,0.2524,8.5151,0.6356,0,0,0,0,0,0,1,0,1,0,0,2,0,0,0,1,0,0,0,1,3,1517,258,130,0,13,807,348,0,13,70,85,0,13,0,13,8,13,27.2,11.7,0.0,2.0,41.3,14.5,0.0,2.0,3.6,4.4,0.0,2.0,0.0,2.0,0.4,0.7,49259,0.18604683661250004,2.4246992847671156
35,New Mexico,NM,35027,Lincoln County,35027960402,Census Tract 9604.02; Lincoln County; New Mexico,34.36644287893,1154,297,1233,185,541,145,90,95,0,13,61,68,36,48,189,183,514,211,99,126,274,119,26,46,45,74,313,369,0,18,224,146,0,18,8,13,0,13,7.8,8.0,0.0,7.5,11.3,12.2,3.5,4.6,16.4,13.7,44.5,14.8,8.6,9.7,23.7,8.8,4.8,8.4,3.9,6.3,27.1,31.2,0.0,1.5,18.2,11.1,0.0,3.3,1.5,2.4,0.0,1.1,0.1585,0.0,0.0746,0.1908,0.8668,1.2907,0.1571,0.9862,0.0473,0.9334,0.4789,0.7227,3.1685,0.8679,0.4308,0.4308,0.4308,0.0,0.88,0.0,0.1949,0.0,1.0749,0.098,5.9649,0.239,0,0,0,0,0,0,1,0,1,0,0,2,0,0,0,0,0,0,0,0,2,540,26,38,0,13,313,221,0,13,0,13,0,13,0,13,0,13,4.8,6.6,0.0,3.4,27.1,15.2,0.0,3.4,0.0,3.4,0.0,3.4,0.0,3.4,0.0,3.4,49260,0.008633921487500001,0.5381601639312839
35,New Mexico,NM,35027,Lincoln County,35027960403,Census Tract 9604.03; Lincoln County; New Mexico,60.224370655736,3418,579,2678,303,1357,271,1200,505,100,73,363,164,319,196,427,248,996,337,669,356,728,209,135,97,132,173,1706,700,154,120,851,285,0,18,0,13,0,13,35.1,13.5,6.9,5.0,26.8,10.8,12.9,7.8,12.5,7.0,29.1,9.3,19.6,8.7,21.3,6.2,9.9,6.9,4.1,5.3,49.9,18.7,5.8,4.4,31.8,9.5,0.0,1.3,0.0,2.9,0.0,0.4,0.8227,0.7132,0.5774,0.6773,0.7681,3.5587,0.8092,0.9285,0.3716,0.8887,0.7988,0.7319,3.7195,0.9816,0.6586,0.6586,0.6586,0.5426,0.9561,0.0,0.0,0.0,1.4987,0.1976,9.4355,0.7623,0,0,0,0,0,0,1,0,0,0,0,1,0,0,0,1,0,0,0,1,2,2341,243,136,28,34,1331,471,34,41,233,223,0,13,80,112,0,13,17.9,10.1,0.8,1.0,38.9,10.0,1.0,1.2,6.8,6.4,0.0,1.2,2.3,3.2,0.0,1.2,49261,0.015117021508000004,0.7428969223115314
35,New Mexico,NM,35027,Lincoln County,35027960601,Census Tract 9606.01; Lincoln County; New Mexico,13.444240366574,1819,452,2628,283,823,205,803,415,73,98,299,160,191,140,107,107,392,188,431,195,291,176,105,92,0,52,914,557,0,18,453,206,68,100,73,98,0,13,44.9,20.4,8.9,11.1,36.3,17.2,16.6,11.2,5.9,5.8,21.6,10.5,23.7,8.5,16.0,9.4,12.7,10.7,0.0,3.2,50.2,28.0,0.0,0.7,17.2,8.0,8.3,12.0,8.9,11.6,0.0,0.7,0.9148,0.8263,0.7954,0.7756,0.4371,3.7492,0.8549,0.7589,0.6323,0.6992,0.8815,0.0,2.9719,0.7861,0.6611,0.6611,0.6611,0.0,0.8716,0.8798,0.712,0.0,2.4634,0.5808,9.8456,0.8114,1,0,0,0,0,1,0,0,0,0,0,0,0,0,0,0,0,0,0,0,1,1829,220,157,0,13,868,410,0,13,46,80,0,13,0,13,0,13,26.7,17.4,0.0,2.2,47.7,16.5,0.0,2.2,2.5,4.4,0.0,2.2,0.0,2.2,0.0,2.2,49262,0.003375388653500001,0.245105666514028
35,New Mexico,NM,35027,Lincoln County,35027960602,Census Tract 9606.02; Lincoln County; New Mexico,3.518669534232,1841,552,1715,243,669,256,818,416,70,56,117,73,8,10,217,167,382,247,504,216,245,148,11,23,19,57,633,751,66,81,131,101,24,42,6,9,28,8,44.8,18.4,9.0,7.3,17.5,8.6,0.7,0.9,11.8,7.7,20.7,11.3,27.4,9.0,13.3,7.4,1.6,3.4,1.2,3.5,34.4,39.5,3.8,4.7,7.6,5.9,3.6,6.1,0.9,1.5,1.5,0.6,0.9141,0.8303,0.2556,0.0287,0.7442,2.7729,0.5906,0.7219,0.8189,0.5405,0.1526,0.4936,2.7275,0.6546,0.5165,0.5165,0.5165,0.4762,0.7552,0.691,0.1264,0.7419,2.7907,0.7213,8.8076,0.6787,1,0,0,0,0,1,0,0,0,0,0,0,0,0,0,0,0,0,0,0,1,3236,83,85,10,18,595,326,0,13,0,13,0,13,28,31,0,13,12.4,13.1,0.5,1.0,32.3,16.3,0.0,2.1,0.0,2.1,0.0,2.1,1.5,1.8,0.0,2.1,49263,0.0008850296955000002,0.18510756571592896
35,New Mexico,NM,35027,Lincoln County,35027960603,Census Tract 9606.03; Lincoln County; New Mexico,5.041333814,2614,688,2476,274,946,223,739,520,57,98,203,152,183,138,102,132,775,245,451,242,433,222,0,18,0,52,438,881,85,75,554,209,79,107,8,19,0,13,28.3,18.4,4.9,7.9,21.5,15.2,9.3,6.3,3.9,5.0,29.6,11.0,17.3,6.7,16.6,9.1,0.0,1.9,0.0,2.1,16.8,33.4,3.4,3.0,22.4,8.4,8.4,11.1,0.8,2.1,0.0,0.5,0.7197,0.5322,0.4027,0.5369,0.277,2.4685,0.4961,0.9335,0.246,0.7286,0.0,0.0,1.9081,0.1816,0.2802,0.2802,0.2802,0.4611,0.9112,0.8821,0.1148,0.0,2.3692,0.5396,7.026,0.3997,0,0,0,0,0,0,1,0,0,0,0,1,0,0,0,1,0,0,0,1,2,2913,143,120,0,13,246,210,0,13,0,13,0,13,192,220,0,13,15.1,12.2,0.0,1.5,9.4,7.2,0.0,1.5,0.0,1.5,0.0,1.5,7.3,7.9,0.0,1.5,49264,0.0012692003385000002,0.24022364122927747
35,New Mexico,NM,35027,Lincoln County,35027960800,Census Tract 9608; Lincoln County; New Mexico,10.88382155596,2480,484,2456,304,1395,300,690,294,0,13,627,250,282,179,504,267,590,227,452,192,555,234,84,67,41,64,1340,575,199,184,352,211,27,24,61,75,0,13,27.8,10.5,0.0,2.8,44.9,15.1,15.9,9.4,20.4,9.3,23.8,8.7,18.2,6.5,22.5,8.0,6.0,4.6,1.7,2.7,54.0,20.7,8.1,7.4,14.3,8.5,1.9,1.7,4.4,5.3,0.0,0.5,0.7105,0.0,0.909,0.7607,0.9241,3.3043,0.7435,0.832,0.2912,0.9129,0.5809,0.561,3.178,0.8715,0.6885,0.6885,0.6885,0.601,0.8441,0.5193,0.4755,0.0,2.4399,0.5703,9.6107,0.7841,0,0,1,0,1,2,0,0,1,0,0,1,0,0,0,0,0,0,0,0,3,2925,272,150,282,221,923,324,23,35,112,167,0,13,0,13,0,13,19.5,10.1,11.4,8.8,37.2,10.2,0.9,1.4,4.5,6.6,0.0,1.6,0.0,1.6,0.0,1.6,49265,0.0027278327220000005,0.28385053817092903
35,New Mexico,NM,35028,Los Alamos County,35028000100,Census Tract 1; Los Alamos County; New Mexico,20.165302051228,3969,419,1572,153,1540,161,300,194,31,29,119,79,125,70,89,56,760,138,855,160,385,132,45,43,13,51,1095,554,52,66,318,119,0,18,24,30,0,13,7.6,4.8,1.6,1.5,7.7,5.1,4.4,2.5,2.3,1.4,19.1,3.4,21.5,3.4,9.7,3.3,2.9,2.8,0.3,1.4,27.6,13.7,3.3,4.2,20.2,6.8,0.0,1.2,1.6,2.0,0.0,0.3,0.1519,0.1241,0.0234,0.2509,0.14,0.6903,0.0393,0.6468,0.4912,0.2886,0.2843,0.285,1.9959,0.2206,0.4377,0.4377,0.4377,0.4569,0.8961,0.0,0.2067,0.0,1.5597,0.2161,4.6836,0.0924,0,0,0,0,0,0,0,0,0,0,0,0,0,0,0,0,0,0,0,0,0,2207,78,49,0,13,753,255,123,71,26,32,0,13,193,99,0,13,5.1,3.3,0.0,1.0,19.0,5.4,3.1,1.8,0.7,0.8,0.0,1.0,4.9,2.6,0.0,1.0,49266,0.005212623881000002,0.3930697445194113
35,New Mexico,NM,35028,Los Alamos County,35028000200,Census Tract 2; Los Alamos County; New Mexico,34.620264017118,5330,466,2229,177,2176,204,150,124,29,37,143,100,17,31,302,186,954,206,1260,198,477,160,109,65,0,76,1385,653,37,60,7,13,11,27,22,39,0,19,2.8,2.3,1.0,1.2,6.6,4.6,0.4,0.8,5.7,3.5,17.9,3.7,23.6,3.0,9.0,3.0,5.0,3.0,0.0,1.5,26.0,12.0,1.7,2.7,0.3,0.6,0.5,1.2,1.0,1.8,0.0,0.4,0.0249,0.0694,0.0154,0.0177,0.4224,0.5498,0.0225,0.5846,0.6264,0.2399,0.4973,0.0,1.9482,0.1983,0.417,0.417,0.417,0.3776,0.4688,0.2792,0.1378,0.0,1.2634,0.136,4.1784,0.0545,0,0,0,0,0,0,0,0,0,0,0,0,0,0,0,0,0,0,0,0,0,3705,60,55,39,59,810,328,307,147,0,19,0,19,212,119,17,27,2.8,2.5,0.7,1.1,15.2,5.8,5.8,2.8,0.0,0.7,0.0,0.7,4.0,2.3,0.3,0.5,49267,0.008953300675500002,0.501059621579417
35,New Mexico,NM,35028,Los Alamos County,35028000400,Census Tract 4; Los Alamos County; New Mexico,31.068451487206,4330,326,2523,179,2385,200,642,286,80,64,391,154,146,81,250,139,658,147,525,151,449,167,111,59,76,72,1737,420,970,218,162,65,40,38,51,39,103,18,15.1,6.6,2.8,2.3,16.4,6.3,4.4,2.4,5.9,3.2,15.2,3.2,12.1,3.2,10.6,3.9,4.6,2.4,1.8,1.7,40.1,9.2,38.5,8.2,6.4,2.5,1.7,1.6,2.1,1.6,2.4,0.4,0.3965,0.2701,0.2165,0.2509,0.4371,1.5711,0.2306,0.4349,0.0888,0.3535,0.4598,0.572,1.909,0.1819,0.574,0.574,0.574,0.9002,0.7336,0.4919,0.2614,0.81,3.1971,0.8631,7.2512,0.4357,0,0,0,0,0,0,0,0,0,0,0,0,0,0,1,0,0,0,0,1,1,19664,214,112,125,96,871,217,551,182,107,73,0,13,68,61,15,22,9.0,4.5,2.9,2.2,20.1,4.6,12.7,4.1,2.5,1.6,0.0,0.9,1.6,1.4,0.3,0.5,49268,0.008025443350500002,0.5393681021588579
35,New Mexico,NM,35028,Los Alamos County,35028000500,Census Tract 5; Los Alamos County; New Mexico,23.268735100744,5624,415,2307,163,2048,148,262,226,60,61,182,109,0,19,13,22,1051,193,1504,206,733,187,13,29,0,76,1469,632,0,26,0,19,29,39,0,19,0,19,4.7,4.0,2.2,2.2,8.9,5.3,0.0,1.0,0.2,0.4,18.7,3.3,26.7,2.7,13.0,3.4,0.6,1.4,0.0,1.5,26.1,11.1,0.0,1.1,0.0,1.7,1.4,1.9,0.0,1.9,0.0,0.3,0.066,0.1938,0.036,0.0,0.0105,0.3063,0.0055,0.6267,0.7905,0.5208,0.0702,0.0,2.0082,0.2266,0.4181,0.4181,0.4181,0.0,0.0,0.4461,0.0,0.0,0.4461,0.0213,3.1787,0.0126,0,0,0,0,0,0,0,0,0,0,0,0,0,0,0,0,0,0,0,0,0,2592,180,141,60,59,1091,256,48,42,38,61,0,19,232,134,0,19,8.8,6.7,1.1,1.0,19.4,4.5,0.9,0.7,0.7,1.1,0.0,0.7,4.1,2.4,0.0,0.7,49269,0.006032519556000001,0.6874815096837695
35,New Mexico,NM,35029,Luna County,35029000100,Census Tract 1; Luna County; New Mexico,16.517567884844,5418,873,2661,357,2213,374,2269,1017,140,175,677,298,783,321,401,219,1316,292,1526,454,1037,253,100,102,429,297,3783,932,213,148,684,264,28,43,122,105,0,19,41.9,17.5,9.8,11.8,30.6,12.4,21.4,8.4,7.4,3.5,24.3,5.7,28.2,5.2,19.2,4.4,4.5,4.5,8.6,5.8,69.8,13.0,8.0,5.5,25.7,9.4,1.3,1.9,5.5,4.6,0.0,0.4,0.8916,0.8607,0.6785,0.8611,0.5379,3.8298,0.8721,0.8451,0.8481,0.8314,0.4495,0.8566,3.8307,0.989,0.7898,0.7898,0.7898,0.5988,0.93,0.4295,0.5518,0.0,2.5101,0.6012,10.9604,0.9211,0,0,0,0,0,0,0,0,0,0,0,0,0,0,0,1,0,0,0,1,1,6253,571,261,53,65,3569,778,131,128,0,19,0,19,30,59,0,19,25.8,9.9,1.0,1.2,65.9,6.5,2.4,2.3,0.0,0.7,0.0,0.7,0.6,1.1,0.0,0.7,49270,0.004090114495500001,0.37774105122149576
35,New Mexico,NM,35029,Luna County,35029000200,Census Tract 2; Luna County; New Mexico,7.187165563462,4019,683,1722,186,1428,221,1726,637,49,60,366,123,415,164,345,153,598,161,1200,372,829,225,194,90,353,183,3127,745,11,23,680,168,0,18,102,63,0,13,42.9,14.1,2.9,3.5,25.6,7.6,16.6,6.8,8.6,3.7,14.9,4.1,29.9,5.7,20.6,6.0,13.6,5.9,9.8,4.8,77.8,13.0,0.6,1.3,39.5,7.8,0.0,1.3,7.1,4.3,0.0,0.3,0.8995,0.2836,0.5403,0.7756,0.606,3.105,0.6886,0.419,0.897,0.8714,0.8995,0.8751,3.962,0.9947,0.8351,0.8351,0.8351,0.2912,0.9762,0.0,0.6383,0.0,1.9057,0.341,9.8078,0.8072,0,0,0,0,0,0,0,0,0,0,0,0,0,0,0,1,0,0,0,1,1,3531,277,95,38,66,3080,603,0,13,0,13,0,13,9,16,0,13,19.4,6.3,0.9,1.6,76.6,7.0,0.0,1.0,0.0,1.0,0.0,1.0,0.2,0.4,0.0,1.0,49271,0.0017809402745000004,0.21729875430559245
35,New Mexico,NM,35029,Luna County,35029000300,Census Tract 3; Luna County; New Mexico,0.886739613892,2724,536,981,123,777,150,928,368,70,53,211,91,268,98,123,119,530,132,760,228,571,191,95,62,184,89,2092,585,92,57,51,51,0,18,65,49,70,6,34.9,11.9,7.1,5.2,27.2,10.5,17.9,5.7,4.6,4.5,19.5,4.6,27.9,5.5,21.5,6.7,12.3,7.6,7.5,3.3,76.8,15.3,9.4,5.7,5.2,5.2,0.0,2.3,8.4,5.9,2.6,0.6,0.8201,0.7272,0.5885,0.8036,0.3358,3.2752,0.7354,0.6658,0.8382,0.8932,0.8722,0.8361,4.1055,0.9976,0.8294,0.8294,0.8294,0.6292,0.7098,0.0,0.6948,0.8212,2.855,0.7468,11.0651,0.9295,0,0,0,0,0,0,0,0,0,0,0,0,0,0,0,0,0,0,0,0,0,5307,109,60,16,17,1979,440,39,49,10,23,0,13,48,83,0,13,14.0,7.0,0.6,0.6,72.7,7.7,1.4,1.8,0.4,0.8,0.0,1.5,1.8,3.0,0.0,1.5,49272,0.00022020907000000006,0.07771230001494597
35,New Mexico,NM,35029,Luna County,35029000401,Census Tract 4.01; Luna County; New Mexico,316.276592687002,3135,594,1486,227,1100,221,1441,446,86,77,237,139,706,271,330,125,829,226,910,274,862,309,70,58,600,238,2178,657,20,28,750,181,12,24,26,43,4,3,46.8,11.5,8.7,6.9,21.5,11.9,34.7,11.6,10.5,4.2,26.4,7.5,29.0,5.1,27.5,9.1,6.4,5.1,20.5,7.2,69.5,16.3,1.3,1.9,50.5,11.9,1.1,2.2,2.4,3.8,0.1,0.1,0.9271,0.8177,0.4027,0.9621,0.6946,3.8042,0.8668,0.8909,0.8736,0.9714,0.6102,0.9624,4.3085,0.9994,0.7883,0.7883,0.7883,0.3522,0.9906,0.3967,0.2925,0.3692,2.4012,0.5532,11.3022,0.9459,1,0,0,1,0,2,0,0,1,0,1,2,0,0,0,1,0,0,0,1,5,2550,317,174,186,116,1906,554,0,13,0,13,0,13,86,98,0,13,28.8,13.1,5.9,3.8,60.8,9.0,0.0,1.3,0.0,1.3,0.0,1.3,2.7,3.2,0.0,1.3,49273,0.07814004221600002,1.466979059831436
35,New Mexico,NM,35029,Luna County,35029000402,Census Tract 4.02; Luna County; New Mexico,731.146280889104,2402,670,1251,248,798,221,920,321,20,19,126,78,426,161,105,99,405,121,630,291,385,152,19,26,215,107,1853,702,0,18,672,134,44,37,22,26,0,13,38.4,8.0,1.9,2.1,15.8,8.7,29.3,12.8,4.4,4.5,16.9,7.0,26.2,7.8,16.0,8.2,2.4,3.2,9.4,3.8,77.1,19.8,0.0,1.4,53.7,12.3,5.5,4.4,2.8,3.2,0.0,0.5,0.86,0.158,0.1962,0.9354,0.32,2.4696,0.4965,0.5294,0.7678,0.6992,0.232,0.8691,3.0975,0.8405,0.8313,0.8313,0.8313,0.0,0.993,0.7976,0.3337,0.0,2.1243,0.4311,8.5227,0.6367,0,0,0,1,0,1,0,0,0,0,0,0,0,0,0,1,0,0,0,1,2,1334,173,86,6,12,1785,640,0,13,0,13,12,25,50,71,0,13,21.7,11.6,0.2,0.5,74.3,10.6,0.0,1.6,0.0,1.6,0.5,1.1,2.1,3.0,0.0,1.6,49274,0.18070848182771304,1.9878493992867108
35,New Mexico,NM,35029,Luna County,35029000500,Census Tract 5; Luna County; New Mexico,1891.042108383976,4704,748,1981,229,1527,209,2258,499,146,110,425,136,876,428,654,292,840,182,1165,235,1213,321,148,54,438,273,2835,817,124,96,706,209,95,73,234,132,38,7,48.0,7.4,8.2,6.2,27.8,8.1,26.5,10.1,13.9,5.2,17.9,3.9,24.8,4.0,25.8,6.2,9.6,3.3,9.9,5.9,60.3,14.5,6.2,4.8,35.6,9.9,6.2,4.7,15.3,8.1,0.8,0.1,0.9332,0.7925,0.6055,0.916,0.8096,4.0568,0.9188,0.5846,0.6964,0.9582,0.7872,0.8766,3.903,0.9924,0.7318,0.7318,0.7318,0.5537,0.9674,0.8233,0.8528,0.6574,3.8546,0.983,12.5462,0.9935,1,0,0,1,0,2,0,0,1,0,0,1,0,0,0,1,0,0,0,1,4,3172,375,153,36,49,2699,722,0,13,0,13,0,13,100,99,0,13,24.6,9.0,0.8,1.1,57.4,8.5,0.0,0.8,0.0,0.8,0.0,0.8,2.1,2.1,0.0,0.8,49275,0.4690516746675002,3.756867554030325
35,New Mexico,NM,35029,Luna County,35029000600,Census Tract 6; Luna County; New Mexico,2.120778362886,2991,546,1432,299,1108,301,1249,341,110,100,325,159,939,258,231,115,696,259,594,220,772,281,64,65,628,235,2701,565,134,123,237,79,20,23,156,109,300,38,46.2,8.6,11.1,8.4,29.3,11.9,46.8,9.3,8.4,3.7,23.3,7.5,19.9,6.0,28.2,7.9,5.8,5.7,23.3,7.5,90.3,9.2,9.4,8.4,16.6,6.7,1.8,2.0,14.1,9.3,10.0,2.2,0.9236,0.8987,0.6459,0.9903,0.5961,4.0546,0.9181,0.8172,0.3904,0.9752,0.565,0.973,3.7208,0.9818,0.91,0.91,0.91,0.6292,0.8662,0.5056,0.8356,0.9499,3.7865,0.9769,12.4719,0.9922,1,0,0,1,0,2,0,0,1,0,1,2,1,1,0,0,0,0,1,1,6,3607,275,112,6,17,2454,513,134,139,87,101,0,13,20,23,0,13,24.8,10.1,0.2,0.6,82.0,5.7,4.5,4.5,2.9,3.3,0.0,1.3,0.7,0.8,0.0,1.3,49276,0.0005280759890000001,0.20294533688656877
35,New Mexico,NM,35031,McKinley County,35031940301,Census Tract 9403.01; McKinley County; New Mexico,1.756906571638,2348,540,558,84,486,86,975,390,203,132,70,45,364,190,803,498,344,121,568,187,302,125,8,17,35,58,2348,540,0,18,128,57,66,43,96,44,0,13,41.5,13.6,20.9,10.8,14.4,8.9,27.1,11.2,34.2,17.7,14.7,5.0,24.2,5.1,12.9,5.5,1.6,3.5,1.5,2.5,100.0,0.0,0.0,3.2,22.9,10.9,13.6,8.5,19.8,9.1,0.0,0.6,0.8882,0.9871,0.1521,0.9205,0.9882,3.9361,0.8947,0.4079,0.6627,0.5144,0.1526,0.5368,2.2744,0.3726,0.9954,0.9954,0.9954,0.0,0.9143,0.9471,0.8988,0.0,2.7602,0.7089,9.9661,0.825,0,1,0,1,1,3,0,0,0,0,0,0,1,1,0,1,1,0,0,2,6,1231,286,96,0,13,34,51,0,13,2314,539,0,13,0,13,0,13,58.8,14.1,0.0,1.7,1.4,2.2,0.0,1.7,98.6,2.2,0.0,1.7,0.0,1.7,0.0,1.7,49277,0.00044832262250000014,0.09668069995085601
35,New Mexico,NM,35031,McKinley County,35031940302,Census Tract 9403.02; McKinley County; New Mexico,11.062217282346,4441,683,1192,110,1021,117,2358,561,153,107,174,67,620,177,1095,395,451,147,1204,290,832,195,107,59,184,101,4420,683,8,19,249,89,163,78,298,91,23,4,53.4,9.6,10.0,5.9,17.0,6.3,21.7,5.7,24.8,7.3,10.2,3.0,27.1,3.9,18.8,5.1,10.5,5.7,4.4,2.3,99.5,1.5,0.7,1.6,20.9,6.8,16.0,7.4,29.2,7.4,0.5,0.0,0.9581,0.868,0.2378,0.8656,0.9584,3.8879,0.8845,0.1841,0.807,0.818,0.8205,0.745,3.3746,0.9281,0.99,0.99,0.99,0.302,0.9009,0.9619,0.944,0.5852,3.694,0.967,11.9465,0.9779,1,0,0,0,1,2,0,0,0,0,0,0,1,1,0,1,1,1,0,3,6,1748,540,133,0,13,98,50,6,11,4316,667,0,13,0,13,0,13,52.9,10.2,0.0,0.9,2.2,1.0,0.1,0.2,97.2,1.2,0.0,0.9,0.0,0.9,0.0,0.9,49278,0.0028346871425000007,0.38283727748812135
35,New Mexico,NM,35031,McKinley County,35031940500,Census Tract 9405; McKinley County; New Mexico,491.267768162502,1345,159,367,31,307,31,692,167,59,33,96,40,93,46,298,107,75,38,412,80,209,64,65,33,6,51,1305,160,0,18,52,23,15,18,38,24,38,10,52.2,11.0,11.1,5.1,31.3,12.6,12.6,5.7,22.4,7.6,5.6,2.6,30.6,4.4,15.7,4.3,21.2,10.5,0.5,4.0,97.0,3.2,0.0,4.9,14.2,6.3,4.9,5.8,12.4,7.6,2.8,0.7,0.9538,0.8987,0.6946,0.6676,0.9422,4.1569,0.9364,0.0468,0.9128,0.6835,0.9759,0.3495,2.9685,0.7844,0.9633,0.9633,0.9633,0.0,0.843,0.7706,0.8053,0.8314,3.2503,0.8769,11.339,0.9484,1,0,0,0,1,2,0,1,0,1,0,2,1,1,0,0,0,0,0,0,5,2448,134,42,0,13,74,67,35,47,1196,181,0,13,0,13,0,13,43.6,12.9,0.0,2.9,5.5,4.9,2.6,3.5,88.9,7.2,0.0,2.9,0.0,2.9,0.0,2.9,49279,0.12585051021909102,2.268165626879413
35,New Mexico,NM,35031,McKinley County,35031943500,Census Tract 9435; McKinley County; New Mexico,668.39445603931,3685,524,1433,149,1165,161,1662,305,175,59,279,151,349,97,816,264,486,96,824,255,783,193,89,53,85,83,3551,529,0,18,208,81,136,59,77,39,88,9,46.9,5.3,12.7,3.9,23.9,12.5,13.6,3.7,22.2,6.6,13.2,3.1,22.4,5.3,21.3,5.7,7.6,4.4,2.4,2.3,96.4,4.3,0.0,1.3,14.5,5.6,11.7,4.8,6.6,3.2,2.4,0.4,0.9276,0.9291,0.4863,0.6988,0.9405,3.9823,0.9041,0.3263,0.5501,0.8887,0.6903,0.6284,3.0838,0.8353,0.9577,0.9577,0.9577,0.0,0.846,0.9304,0.6138,0.81,3.2002,0.864,11.224,0.9407,1,1,0,0,1,3,0,0,0,0,0,0,1,1,0,0,1,0,0,1,5,5116,723,167,0,13,77,46,14,22,3336,521,3,4,121,132,0,13,62.1,7.9,0.0,1.1,2.1,1.3,0.4,0.6,90.5,4.1,0.1,0.1,3.3,3.5,0.0,1.1,49280,0.17267447018850005,2.376703334773881
35,New Mexico,NM,35031,McKinley County,35031943601,Census Tract 9436.01; McKinley County; New Mexico,134.048754143844,3432,335,1075,79,863,82,2283,259,138,60,151,62,482,81,616,129,304,78,1078,216,415,78,153,44,86,59,3432,335,4,14,209,50,237,54,94,42,0,13,66.6,3.8,12.3,4.8,17.5,7.0,24.8,3.7,17.9,3.6,8.9,2.4,31.4,4.4,12.1,2.5,17.7,4.8,2.7,1.8,100.0,0.0,0.4,1.3,19.4,4.5,27.5,5.7,10.9,4.6,0.0,0.4,0.989,0.9226,0.2556,0.9005,0.8922,3.9599,0.8997,0.1345,0.9284,0.4604,0.954,0.6511,3.1284,0.8532,0.9954,0.9954,0.9954,0.2723,0.8899,0.9914,0.7707,0.0,2.9243,0.7744,11.008,0.925,1,1,0,1,0,3,0,1,0,1,0,2,1,1,0,0,1,0,0,1,7,2035,575,60,6,8,182,158,0,13,3218,315,0,13,26,27,0,13,66.6,5.8,0.2,0.2,5.3,4.4,0.0,1.2,93.8,4.5,0.0,1.2,0.8,0.8,0.0,1.2,49281,0.03454227457200001,1.151735268097587
35,New Mexico,NM,35031,McKinley County,35031943602,Census Tract 9436.02; McKinley County; New Mexico,208.487138654064,2553,274,1105,86,823,88,1323,213,102,35,61,33,414,86,465,121,369,82,477,96,399,85,48,19,55,52,2338,300,0,18,183,44,106,29,89,30,0,13,51.8,6.2,11.5,3.9,7.4,3.9,23.2,4.7,19.3,4.6,14.5,3.0,18.7,3.5,16.6,3.1,5.8,2.2,2.2,2.1,91.6,6.4,0.0,1.6,16.6,3.8,12.9,3.2,10.8,3.7,0.0,0.5,0.9516,0.908,0.0211,0.8841,0.9119,3.6767,0.8374,0.3961,0.3189,0.7286,0.565,0.611,2.6196,0.5871,0.919,0.919,0.919,0.0,0.8662,0.9417,0.7682,0.0,2.5761,0.6306,9.7914,0.8052,1,1,0,0,1,3,0,0,0,0,0,0,1,1,0,0,1,0,0,1,5,2189,408,65,0,13,54,62,0,13,2217,275,6,10,61,51,0,13,49.6,7.6,0.0,1.6,2.1,2.4,0.0,1.6,86.8,5.9,0.2,0.4,2.4,1.9,0.0,1.6,49282,0.053705872193500016,1.812954434694324
35,New Mexico,NM,35031,McKinley County,35031943701,Census Tract 9437.01; McKinley County; New Mexico,198.868100377154,2168,302,841,70,645,71,1227,228,70,30,79,39,308,94,435,125,256,61,600,204,273,54,46,31,34,52,2139,303,0,18,224,60,133,64,49,22,44,8,56.6,7.0,10.3,4.1,12.2,5.9,21.9,5.6,20.1,5.8,11.8,3.1,27.7,6.3,12.6,2.6,7.2,4.7,1.7,2.6,98.7,2.5,0.0,2.1,26.6,6.6,20.6,9.7,7.6,3.4,2.0,0.2,0.9691,0.8771,0.0946,0.8681,0.9211,3.73,0.8508,0.254,0.8308,0.4944,0.665,0.561,2.8052,0.6989,0.9808,0.9808,0.9808,0.0,0.9346,0.9791,0.6617,0.7829,3.3583,0.9052,10.8743,0.9144,1,0,0,0,1,2,0,0,0,0,0,0,1,1,0,1,1,0,0,2,5,1209,494,77,2,3,67,81,2,4,2047,297,0,13,21,30,0,13,76.6,6.1,0.1,0.2,3.1,3.7,0.1,0.2,94.4,3.8,0.0,1.8,1.0,1.4,0.0,1.8,49283,0.051419065971000016,1.5552221288741452
35,New Mexico,NM,35031,McKinley County,35031943702,Census Tract 9437.02; McKinley County; New Mexico,405.844797582464,1945,223,765,55,579,57,1061,204,82,49,48,24,317,66,405,89,290,53,435,86,397,87,41,18,50,54,1931,227,0,18,134,23,98,31,39,16,56,10,54.7,8.4,12.5,6.2,8.3,4.1,24.1,4.1,20.8,4.6,14.9,2.6,22.4,2.9,20.4,4.4,7.1,3.0,2.7,2.9,99.3,2.6,0.0,2.4,17.5,3.0,16.9,5.1,6.7,2.7,2.9,0.4,0.9629,0.9257,0.0292,0.894,0.928,3.7398,0.853,0.419,0.5501,0.8667,0.6586,0.6511,3.1455,0.8594,0.9875,0.9875,0.9875,0.0,0.874,0.9663,0.6188,0.8365,3.2956,0.8889,11.1684,0.9367,1,1,0,0,1,3,0,0,0,0,0,0,1,1,0,0,1,0,0,1,5,859,367,43,21,38,39,38,0,13,1866,219,0,13,5,4,0,13,63.4,7.1,1.1,1.9,2.0,1.9,0.0,2.0,95.9,1.0,0.0,2.0,0.3,0.2,0.0,2.0,49284,0.10481612553000003,1.594576477227644
35,New Mexico,NM,35031,McKinley County,35031943801,Census Tract 9438.01; McKinley County; New Mexico,22.444334357466,2143,275,661,81,582,83,1464,282,111,55,131,42,181,49,372,95,145,64,926,229,259,64,132,53,28,52,2137,275,0,18,32,18,45,21,54,23,0,13,68.3,9.8,18.6,6.8,22.5,6.5,18.2,5.3,17.4,4.8,6.8,3.1,43.2,6.3,12.1,3.2,22.7,8.5,1.5,2.7,99.7,1.0,0.0,2.7,4.8,2.7,7.7,3.4,9.3,3.9,0.0,0.6,0.9907,0.9799,0.4385,0.8096,0.8844,4.1031,0.9273,0.0714,0.9964,0.4604,0.9815,0.5368,3.0465,0.8199,0.9924,0.9924,0.9924,0.0,0.7006,0.8665,0.725,0.0,2.2921,0.5052,10.4341,0.8744,1,1,0,0,0,2,0,1,0,1,0,2,1,1,0,0,0,0,0,0,5,1556,283,65,0,13,39,46,0,13,2043,256,0,13,55,57,0,13,48.6,8.6,0.0,1.8,1.8,2.1,0.0,1.8,95.3,3.2,0.0,1.8,2.6,2.5,0.0,1.8,49285,0.005801425649043138,0.42929706088642144
35,New Mexico,NM,35031,McKinley County,35031943802,Census Tract 9438.02; McKinley County; New Mexico,284.43800940923,1916,230,836,50,597,55,884,203,92,36,88,35,280,74,607,161,335,62,369,86,379,83,33,18,57,58,1889,231,0,18,138,31,70,27,88,32,0,13,46.1,9.0,13.1,5.3,14.7,5.7,20.6,4.7,31.7,6.3,17.5,3.4,19.3,3.5,19.8,4.1,5.5,3.0,3.1,3.2,98.6,2.3,0.0,2.2,16.5,3.8,11.7,4.4,14.7,5.1,0.0,0.7,0.9229,0.9354,0.1618,0.8497,0.9836,3.8534,0.8772,0.5627,0.3531,0.8503,0.541,0.6797,2.9868,0.7931,0.9797,0.9797,0.9797,0.0,0.8653,0.9304,0.8446,0.0,2.6403,0.6582,10.4602,0.8768,1,1,0,0,1,3,0,0,0,0,0,0,1,1,0,0,1,0,0,1,5,1624,356,54,0,13,18,22,42,50,1817,223,0,13,12,13,0,13,59.6,6.4,0.0,2.1,0.9,1.1,2.2,2.5,94.8,3.2,0.0,2.1,0.6,0.6,0.0,2.1,49286,0.07376074462913126,1.417813544791942
35,New Mexico,NM,35031,McKinley County,35031943803,Census Tract 9438.03; McKinley County; New Mexico,117.564849334074,1755,352,652,77,498,78,901,194,72,41,65,33,155,57,649,199,212,56,405,112,242,69,24,15,31,52,1739,352,0,18,241,75,81,45,114,67,0,13,51.3,4.0,12.0,7.5,13.1,6.3,13.0,4.9,37.0,6.7,12.1,2.7,23.1,4.1,13.8,3.6,4.8,2.9,1.8,3.1,99.1,2.7,0.0,2.8,37.0,10.4,16.3,8.7,22.9,12.7,0.0,0.7,0.9498,0.9175,0.1169,0.6803,0.992,3.6565,0.8326,0.2692,0.5942,0.5727,0.4789,0.572,2.487,0.5061,0.9853,0.9853,0.9853,0.0,0.9705,0.9634,0.9184,0.0,2.8523,0.746,9.9811,0.8267,1,1,0,0,1,3,0,0,0,0,0,0,1,1,0,1,1,1,0,3,7,674,318,78,0,13,7,11,0,13,1730,356,0,13,2,5,0,13,63.9,13.9,0.0,2.3,0.4,0.7,0.0,2.3,98.6,1.3,0.0,2.3,0.1,0.3,0.0,2.3,49287,0.030289717732376396,0.9345528903194497
35,New Mexico,NM,35031,McKinley County,35031943903,Census Tract 9439.03; McKinley County; New Mexico,77.891953772334,1766,292,675,53,513,65,696,168,98,41,58,24,225,57,281,80,203,47,436,110,227,59,63,49,37,52,1749,292,0,18,216,63,82,28,92,29,2,2,39.4,6.9,13.0,5.0,11.3,4.5,20.4,4.9,15.9,4.2,11.5,2.6,24.7,4.1,12.9,3.2,12.3,9.4,2.2,3.1,99.0,2.3,0.0,2.7,32.0,8.2,16.0,5.1,17.9,6.0,0.1,0.1,0.8698,0.9341,0.0746,0.8463,0.8564,3.5812,0.8147,0.24,0.6912,0.5144,0.8722,0.611,2.9288,0.7644,0.9842,0.9842,0.9842,0.0,0.9567,0.9619,0.8826,0.3692,3.1704,0.8548,10.6646,0.8958,0,1,0,0,0,1,0,0,0,0,0,0,1,1,0,1,1,0,0,2,4,1199,318,44,0,13,170,166,0,13,1558,241,0,13,0,13,21,28,62.0,10.9,0.0,2.2,9.6,8.5,0.0,2.2,88.2,9.3,0.0,2.2,0.0,2.2,1.2,1.5,49288,0.020012191700500004,0.8380522881171143
35,New Mexico,NM,35031,McKinley County,35031943904,Census Tract 9439.04; McKinley County; New Mexico,45.913184966504,1161,211,528,77,383,57,327,96,27,15,12,21,288,83,321,109,139,53,205,82,173,51,22,21,29,52,1119,218,0,18,191,68,50,23,38,19,28,6,28.2,6.5,5.6,3.2,3.1,5.5,34.9,6.9,27.6,8.1,12.0,4.4,17.7,5.1,14.9,5.0,5.7,5.4,2.6,4.6,96.4,6.8,0.0,3.4,36.2,10.5,13.1,5.7,9.9,5.0,2.4,0.3,0.7178,0.6041,0.0032,0.9629,0.9711,3.2591,0.7308,0.264,0.2655,0.6396,0.5574,0.6439,2.3704,0.4318,0.9577,0.9577,0.9577,0.0,0.9689,0.9433,0.7436,0.81,3.4658,0.9291,10.053,0.8351,0,0,0,1,1,2,0,0,0,0,0,0,1,1,0,1,1,0,0,2,5,692,244,68,0,13,37,25,0,13,1058,216,0,13,0,13,24,30,63.7,12.9,0.0,3.4,3.2,2.1,0.0,3.4,91.1,5.5,0.0,3.4,0.0,3.4,2.1,2.7,49289,0.011813467290000003,0.6859049711486213
35,New Mexico,NM,35031,McKinley County,35031943905,Census Tract 9439.05; McKinley County; New Mexico,97.96422686327399,1367,269,429,72,323,76,927,242,81,50,19,26,217,51,360,145,109,30,527,163,106,39,32,27,52,56,1367,269,0,18,144,51,55,24,21,14,0,13,67.8,11.6,21.0,10.1,5.9,7.9,30.6,8.0,26.3,8.7,8.0,2.4,38.6,7.0,7.8,3.1,9.9,8.0,4.6,4.9,100.0,0.0,0.0,4.2,33.6,10.5,17.0,6.3,6.5,4.7,0.0,1.0,0.9902,0.9872,0.0116,0.9435,0.9662,3.8987,0.887,0.1047,0.9895,0.1642,0.7988,0.7533,2.8105,0.7021,0.9954,0.9954,0.9954,0.0,0.962,0.9667,0.6087,0.0,2.5374,0.6135,10.242,0.855,1,1,0,1,1,4,0,1,0,0,0,1,1,1,0,1,1,0,0,2,8,519,248,72,0,13,24,27,0,13,1154,259,0,13,189,123,0,13,76.8,8.5,0.0,2.9,1.8,2.1,0.0,2.9,84.4,9.1,0.0,2.9,13.8,8.8,0.0,2.9,49290,0.025158212814742252,1.0919634946990635
35,New Mexico,NM,35031,McKinley County,35031943906,Census Tract 9439.06; McKinley County; New Mexico,57.244211866678,2730,573,747,87,578,98,1526,465,40,29,69,49,457,144,605,318,293,192,818,268,487,191,55,33,135,112,2730,573,0,18,343,100,59,28,50,23,7,3,57.1,12.6,4.5,3.8,11.9,8.2,28.5,7.5,22.2,9.6,10.7,6.5,30.0,8.6,17.8,6.1,9.5,5.5,5.7,4.6,100.0,0.0,0.0,2.4,45.9,13.5,10.2,4.5,8.7,4.4,0.3,0.1,0.9704,0.4875,0.0876,0.9301,0.9405,3.4161,0.7741,0.2043,0.8993,0.781,0.7834,0.7909,3.4589,0.9457,0.9954,0.9954,0.9954,0.0,0.9861,0.9123,0.7055,0.5038,3.1077,0.8363,10.9781,0.9226,1,0,0,1,1,3,0,0,0,0,0,0,1,1,0,1,1,0,0,2,6,1446,350,104,0,13,611,369,0,13,2119,588,0,13,0,13,0,13,60.6,15.5,0.0,1.5,22.4,13.2,0.0,1.5,77.6,13.2,0.0,1.5,0.0,1.5,0.0,1.5,49291,0.014743006675000003,0.7365861684084325
35,New Mexico,NM,35031,McKinley County,35031943907,Census Tract 9439.07; McKinley County; New Mexico,156.053203264914,1258,295,667,64,391,79,628,202,71,40,44,43,280,110,588,202,137,76,166,61,319,129,46,38,64,78,1243,295,0,18,261,70,39,15,48,20,3,2,49.9,11.0,15.1,8.9,11.3,10.8,29.4,6.9,46.7,9.3,10.9,5.1,13.2,4.1,25.4,6.7,11.7,9.4,5.3,6.4,98.8,3.6,0.0,2.7,39.1,9.8,9.9,3.3,12.3,5.4,0.2,0.2,0.9431,0.9585,0.0746,0.936,0.998,3.9102,0.8897,0.213,0.1099,0.954,0.8569,0.7782,2.912,0.7557,0.982,0.982,0.982,0.0,0.9753,0.9077,0.8032,0.4424,3.1286,0.8427,10.9328,0.9188,1,1,0,1,1,4,0,0,1,0,0,1,1,1,0,1,1,0,0,2,8,916,188,45,0,13,29,54,0,13,1214,280,0,13,0,13,0,13,48.1,12.1,0.0,3.1,2.3,4.1,0.0,3.1,96.5,4.1,0.0,3.1,0.0,3.1,0.0,3.1,49292,0.04016670960329229,0.9734159013126973
35,New Mexico,NM,35031,McKinley County,35031944000,Census Tract 9440; McKinley County; New Mexico,1431.864874359346,1924,297,826,88,605,81,1252,299,157,63,131,71,405,70,264,66,316,68,497,148,344,55,54,19,75,56,1913,297,0,18,119,39,117,65,96,34,0,13,65.1,11.9,26.4,8.6,21.7,11.4,34.0,5.1,13.7,3.8,16.4,4.3,25.8,4.5,17.9,3.7,8.9,2.9,4.2,3.1,99.4,1.7,0.0,2.2,14.4,4.3,19.3,10.4,15.9,5.5,0.0,0.7,0.9869,0.9952,0.4095,0.9593,0.8046,4.1555,0.9361,0.5013,0.7492,0.785,0.7577,0.7365,3.5297,0.9587,0.9888,0.9888,0.9888,0.0,0.8452,0.9752,0.8605,0.0,2.6809,0.6758,11.3549,0.9493,1,1,0,1,0,3,0,0,0,0,0,0,1,1,0,0,1,0,0,1,5,1069,467,82,0,13,29,25,0,13,1849,303,0,13,12,14,23,31,77.2,6.2,0.0,2.1,1.5,1.3,0.0,2.1,96.1,2.4,0.0,2.1,0.6,0.7,1.2,1.6,49293,0.36951624424999985,4.146324687519458
35,New Mexico,NM,35031,McKinley County,35031945201,Census Tract 9452.01; McKinley County; New Mexico,16.38858008699,4079,1179,1252,285,1213,280,1968,1118,3,6,258,203,170,111,337,221,378,142,1522,822,359,170,262,197,50,85,3555,1196,19,33,420,215,92,78,9,19,36,7,48.2,23.6,0.2,0.5,21.3,16.0,7.4,4.8,8.3,6.2,9.3,4.2,37.3,11.7,8.8,4.0,21.6,15.5,1.3,2.1,87.2,15.0,1.5,2.6,33.5,14.2,7.6,6.2,0.7,1.7,0.9,0.3,0.9344,0.0288,0.3957,0.4382,0.5908,2.3879,0.4714,0.149,0.9845,0.2264,0.9777,0.5089,2.8465,0.7213,0.8891,0.8891,0.8891,0.3656,0.9617,0.864,0.1028,0.6733,2.9674,0.7899,9.0909,0.7175,1,0,0,0,0,1,0,1,0,1,0,2,0,0,0,1,0,0,0,1,4,6762,345,217,37,47,1539,763,61,92,1465,797,0,13,453,602,0,13,28.4,15.4,0.9,1.2,37.7,17.1,1.5,2.5,35.9,15.9,0.0,1.0,11.1,14.1,0.0,1.0,49294,0.004215794332500001,0.5154297117711562
35,New Mexico,NM,35031,McKinley County,35031945202,Census Tract 9452.02; McKinley County; New Mexico,16.131862025496,3045,590,933,95,860,130,1463,683,29,46,241,136,144,149,439,346,330,167,1155,412,346,169,147,96,29,76,2873,603,11,21,487,135,93,94,136,119,44,13,49.5,20.8,2.8,4.7,28.0,15.2,8.7,8.7,14.5,10.3,10.8,5.9,37.9,8.5,11.4,5.8,17.1,10.9,1.2,3.1,94.4,7.6,1.2,2.2,52.2,12.4,10.8,10.8,15.8,13.7,1.4,0.3,0.9414,0.2701,0.6114,0.5057,0.8253,3.1539,0.7026,0.2087,0.987,0.4116,0.9485,0.4936,3.0494,0.8213,0.94,0.94,0.94,0.345,0.9921,0.9202,0.8593,0.7326,3.8492,0.9827,10.9925,0.9237,1,0,0,0,0,1,0,1,0,1,0,2,1,1,0,1,1,0,0,2,6,2835,265,138,0,13,1325,537,47,47,1490,487,0,13,11,17,0,13,30.8,15.1,0.0,1.3,43.5,13.5,1.5,1.6,48.9,14.4,0.0,1.3,0.4,0.6,0.0,1.3,49295,0.004154272352500001,0.4424928359766347
35,New Mexico,NM,35031,McKinley County,35031945300,Census Tract 9453; McKinley County; New Mexico,20.815293185168,3485,740,1155,152,1052,146,1621,525,245,129,192,83,506,197,123,108,406,152,1246,455,550,179,134,78,184,132,3287,749,49,39,58,49,199,112,128,92,80,15,47.6,11.3,22.4,10.0,18.3,7.5,24.4,8.5,3.5,3.0,11.6,4.4,35.8,7.3,15.8,5.0,12.7,7.2,5.5,3.7,94.3,7.8,4.2,3.3,5.0,4.2,18.9,10.3,12.2,8.4,2.3,0.7,0.9312,0.9903,0.285,0.8971,0.2423,3.3459,0.7552,0.2444,0.9773,0.689,0.8815,0.7847,3.5769,0.9654,0.9392,0.9392,0.9392,0.4912,0.7053,0.9738,0.8009,0.8039,3.7751,0.9759,11.6371,0.965,1,1,0,0,0,2,0,1,0,0,0,1,1,1,0,0,1,0,0,1,5,6171,332,113,53,60,1280,387,40,59,1767,543,0,13,147,202,0,13,31.6,10.6,1.5,1.7,36.7,8.9,1.1,1.7,50.7,9.7,0.0,1.1,4.2,5.5,0.0,1.1,49296,0.005363472202500001,0.4229006639375533
35,New Mexico,NM,35031,McKinley County,35031945400,Census Tract 9454; McKinley County; New Mexico,1.394929382904,3355,525,1317,190,1196,176,633,243,49,46,290,152,261,131,803,468,523,162,840,259,546,194,166,126,34,63,2745,557,53,58,7,14,59,64,56,53,9,3,18.9,6.6,2.8,2.6,24.2,12.2,12.0,5.0,23.9,11.9,15.6,4.9,25.0,5.7,16.3,5.6,13.9,10.3,1.1,2.0,81.8,10.6,4.0,4.4,0.5,1.0,4.9,5.3,4.7,4.4,0.3,0.1,0.5061,0.2701,0.496,0.647,0.9527,2.8719,0.6201,0.4568,0.707,0.7141,0.9054,0.4774,3.2607,0.8987,0.8576,0.8576,0.8576,0.484,0.4864,0.7706,0.4971,0.5038,2.7419,0.7015,9.7321,0.798,0,0,0,0,1,1,0,0,0,1,0,1,0,0,0,0,0,0,0,0,2,5501,243,99,107,100,753,257,195,188,1624,421,14,30,52,48,0,13,20.3,8.3,3.2,3.0,22.4,7.0,5.8,5.5,48.4,7.5,0.4,0.9,1.5,1.4,0.0,1.2,49297,0.0003566892610000001,0.09580953130279868
35,New Mexico,NM,35031,McKinley County,35031945501,Census Tract 9455.01; McKinley County; New Mexico,6.67474990806,1335,341,672,132,617,132,98,75,15,26,48,40,49,45,104,77,343,132,248,157,242,152,37,50,9,55,856,387,100,64,57,45,0,18,42,42,70,5,7.7,5.5,2.3,3.6,7.8,6.3,4.6,4.1,8.2,6.4,25.7,9.4,18.6,8.4,19.0,9.9,6.0,8.0,0.7,4.3,64.1,23.9,14.8,9.1,8.5,6.7,0.0,2.9,6.8,6.7,5.2,1.4,0.155,0.2063,0.0243,0.2642,0.5851,1.2349,0.1437,0.8778,0.3134,0.8252,0.5809,0.3984,2.9957,0.7972,0.7563,0.7563,0.7563,0.7198,0.7696,0.0,0.6236,0.9073,3.0203,0.8083,8.0072,0.5586,0,0,0,0,0,0,0,0,0,0,0,0,0,0,0,0,0,0,1,1,1,5316,79,60,38,42,363,215,176,150,154,112,16,26,109,91,0,13,12.8,9.7,2.8,3.3,27.2,12.6,13.2,10.4,11.5,8.1,1.2,1.9,8.2,6.8,0.0,2.9,49298,0.0017167121560000005,0.23122305653755185
35,New Mexico,NM,35031,McKinley County,35031945502,Census Tract 9455.02; McKinley County; New Mexico,1.3607415952119999,1523,363,605,139,546,136,386,260,0,13,257,149,55,72,147,128,316,149,462,201,193,116,17,28,0,52,580,452,30,39,0,13,0,18,40,42,25,11,25.4,16.0,0.0,6.9,47.1,24.6,5.3,7.0,9.7,7.3,20.7,8.6,30.3,10.0,12.7,8.5,3.1,5.1,0.0,4.0,38.1,28.3,5.0,6.3,0.0,6.4,0.0,3.3,7.3,7.7,1.6,0.6,0.6631,0.0,0.9285,0.3101,0.6589,2.5606,0.5254,0.7219,0.9062,0.5011,0.3056,0.0,2.4348,0.4727,0.5546,0.5546,0.5546,0.5185,0.0,0.0,0.6479,0.7508,1.9172,0.3458,7.4672,0.4713,0,0,1,0,0,1,0,1,0,0,0,1,0,0,0,0,0,0,0,0,2,5330,205,139,0,13,366,152,13,23,168,154,0,13,33,44,0,13,37.5,19.7,0.0,2.6,24.0,9.5,0.9,1.5,11.0,9.3,0.0,2.6,2.2,3.0,0.0,2.6,49299,0.0003490199110000001,0.09165006395293085
35,New Mexico,NM,35031,McKinley County,35031945503,Census Tract 9455.03; McKinley County; New Mexico,0.677442213936,2035,434,891,162,891,162,587,249,0,13,254,113,160,81,335,175,418,130,283,216,273,110,0,18,5,51,1355,479,34,54,27,30,17,27,106,92,21,5,28.8,10.6,0.0,3.6,28.5,11.6,9.7,4.6,16.5,9.1,20.5,7.6,13.9,8.5,13.4,6.1,0.0,2.0,0.3,2.6,66.6,18.8,3.8,6.0,3.0,3.4,1.9,3.0,11.9,9.7,1.0,0.1,0.7285,0.0,0.6249,0.5551,0.8685,2.777,0.5922,0.7126,0.1261,0.5471,0.0,0.285,1.6708,0.1036,0.7715,0.7715,0.7715,0.4762,0.6519,0.5193,0.7948,0.6877,3.1299,0.8431,8.3492,0.6105,0,0,0,0,0,0,0,0,0,0,0,0,0,0,0,0,0,0,0,0,0,2685,69,44,34,37,421,265,221,155,679,313,0,13,0,13,0,13,7.7,5.1,1.7,1.9,20.7,11.8,10.9,7.5,33.4,12.4,0.0,1.9,0.0,1.9,0.0,1.9,49300,0.00017443783800000004,0.07330774821048187
35,New Mexico,NM,35031,McKinley County,35031945601,Census Tract 9456.01; McKinley County; New Mexico,3.859288718632,2062,522,609,94,521,120,317,207,0,13,37,45,42,49,498,277,260,80,604,240,191,144,50,36,58,65,1537,558,0,18,103,67,8,19,31,32,161,10,16.1,9.6,0.0,4.6,7.1,8.5,3.0,3.7,25.4,12.7,12.6,4.8,29.3,6.4,9.7,7.0,9.6,6.5,2.9,3.2,74.5,19.4,0.0,3.0,16.9,9.9,1.5,3.6,6.0,6.2,7.8,2.0,0.4263,0.0,0.0188,0.1583,0.9614,1.5648,0.2289,0.2945,0.8821,0.2886,0.7872,0.6664,2.9188,0.7592,0.8158,0.8158,0.8158,0.0,0.869,0.4622,0.5819,0.9373,2.8504,0.7453,8.1498,0.5809,0,0,0,0,1,1,0,0,0,0,0,0,0,0,0,0,0,0,1,1,2,1555,31,31,17,19,674,248,0,13,797,355,0,13,49,68,0,13,6.0,6.0,0.8,0.9,32.7,9.7,0.0,1.9,38.7,11.4,0.0,1.9,2.4,3.1,0.0,1.9,49301,0.0009952113600000003,0.19035770736845017
35,New Mexico,NM,35031,McKinley County,35031945602,Census Tract 9456.02; McKinley County; New Mexico,0.899084067036,3935,610,908,135,860,144,1798,593,36,51,130,93,281,179,783,420,371,140,1320,420,419,139,132,69,187,173,3790,627,15,25,652,126,126,80,91,81,189,15,47.6,13.7,2.5,3.6,15.1,10.5,13.8,8.6,20.7,11.8,9.4,3.8,33.5,7.6,11.1,3.6,15.3,7.6,5.0,4.5,96.3,5.6,1.7,2.7,71.8,10.9,14.6,9.0,10.6,9.3,4.8,0.8,0.9312,0.231,0.1738,0.7045,0.927,2.9675,0.6489,0.1529,0.958,0.3897,0.9274,0.7677,3.1957,0.878,0.9567,0.9567,0.9567,0.3776,0.9984,0.954,0.763,0.8992,3.9922,0.9914,11.1121,0.933,1,0,0,0,1,2,0,1,0,1,0,2,1,1,0,1,1,0,0,2,7,2608,272,157,30,35,1114,494,0,13,2628,584,11,17,7,10,0,13,31.6,15.2,0.8,0.9,28.3,11.2,0.0,1.0,66.8,11.0,0.3,0.5,0.2,0.3,0.0,1.0,49302,0.00023057092550000005,0.09697795426679527
35,New Mexico,NM,35031,McKinley County,35031945701,Census Tract 9457.01; McKinley County; New Mexico,81.420105199482,923,282,346,63,267,69,351,208,48,46,29,25,89,53,250,117,171,112,127,80,97,43,5,14,3,50,783,306,0,18,124,50,24,15,23,17,0,13,38.0,19.3,11.6,7.9,10.9,8.9,13.2,6.2,27.1,14.0,18.5,10.1,13.8,6.9,10.5,6.1,1.9,5.2,0.3,5.6,84.8,20.7,0.0,5.2,35.8,13.0,9.0,5.1,8.6,6.6,0.0,1.4,0.8557,0.91,0.0672,0.6865,0.9693,3.4887,0.7922,0.6165,0.1238,0.3463,0.1812,0.285,1.5528,0.0777,0.8747,0.8747,0.8747,0.0,0.9679,0.893,0.7018,0.0,2.5627,0.6242,8.4789,0.6304,0,1,0,0,1,2,0,0,0,0,0,0,0,0,0,1,0,0,0,1,3,622,153,49,0,13,34,42,0,13,662,227,0,13,87,109,0,13,57.3,16.0,0.0,4.2,3.7,4.8,0.0,4.2,71.7,16.0,0.0,4.2,9.4,11.7,0.0,4.2,49303,0.020923167423000006,0.81603338489035
35,New Mexico,NM,35031,McKinley County,35031945702,Census Tract 9457.02; McKinley County; New Mexico,164.802994279042,1359,281,544,65,375,54,901,214,63,31,43,28,239,63,226,115,208,83,334,106,251,108,11,16,69,59,1359,281,0,18,151,55,111,32,95,31,0,13,66.3,7.7,16.7,8.6,11.5,7.3,25.0,6.5,16.6,6.7,15.3,4.9,24.6,7.3,18.5,6.2,2.9,4.2,5.2,4.3,100.0,0.0,0.0,3.3,27.8,7.9,29.6,7.4,25.3,7.7,0.0,1.0,0.9886,0.9709,0.0789,0.9026,0.8706,3.8116,0.8684,0.4409,0.6858,0.8074,0.2843,0.7749,2.9933,0.7963,0.9954,0.9954,0.9954,0.0,0.9406,0.9939,0.9304,0.0,2.8649,0.7507,10.6652,0.8958,1,1,0,1,0,3,0,0,0,0,0,0,1,1,0,1,1,1,0,3,7,684,292,58,0,13,0,13,0,13,1359,281,0,13,0,13,0,13,77.9,6.6,0.0,2.9,0.0,2.9,0.0,2.9,100.0,2.9,0.0,2.9,0.0,2.9,0.0,2.9,49304,0.04228085744639081,1.3680749307462317
35,New Mexico,NM,35031,McKinley County,35031946001,Census Tract 9460.01; McKinley County; New Mexico,39.965385973534,2513,503,807,70,695,78,1515,587,161,80,76,47,313,111,505,170,184,75,927,393,315,110,112,79,38,52,2500,503,0,18,343,98,129,81,85,51,0,13,60.3,20.0,18.0,7.6,10.9,6.7,25.4,7.7,20.1,6.6,7.3,3.3,36.9,9.6,12.5,5.2,16.1,11.2,1.7,2.2,99.5,2.0,0.0,2.2,42.5,12.6,18.6,11.5,12.2,7.0,0.0,0.5,0.9785,0.9774,0.0672,0.9065,0.9211,3.8507,0.8766,0.0839,0.9828,0.4877,0.9372,0.561,3.0526,0.8226,0.99,0.99,0.99,0.0,0.9811,0.9729,0.8009,0.0,2.7549,0.7065,10.6482,0.8943,1,1,0,1,1,4,0,1,0,1,0,2,1,1,0,1,1,0,0,2,9,2155,385,84,10,17,754,539,25,33,1686,272,6,9,19,23,0,13,55.4,11.1,0.4,0.7,30.0,16.9,1.0,1.3,67.1,16.2,0.2,0.3,0.8,1.0,0.0,1.6,49305,0.010273047110500002,0.6529772053996344
35,New Mexico,NM,35031,McKinley County,35031946002,Census Tract 9460.02; McKinley County; New Mexico,55.158088861006,1589,427,535,118,448,96,973,489,48,55,60,72,437,169,211,164,206,106,547,365,224,131,47,56,15,50,1476,436,0,18,271,115,145,88,112,73,0,13,61.2,26.0,8.9,11.3,13.4,15.8,45.3,14.3,13.3,11.2,13.0,7.2,34.4,16.9,14.1,8.6,10.5,12.3,1.0,3.2,92.9,11.4,0.0,3.4,50.7,16.1,32.4,18.4,25.0,16.4,0.0,0.8,0.9805,0.8263,0.1244,0.9885,0.7932,3.7129,0.8464,0.3151,0.9668,0.5912,0.8205,0.4592,3.1528,0.862,0.9286,0.9286,0.9286,0.0,0.9907,0.9959,0.9289,0.0,2.9155,0.771,10.7098,0.8998,1,0,0,1,0,2,0,1,0,0,0,1,1,1,0,1,1,1,0,3,7,566,297,73,0,13,122,132,0,13,1354,428,0,13,0,13,0,13,66.3,16.9,0.0,2.5,7.7,8.0,0.0,2.5,85.2,10.2,0.0,2.5,0.0,2.5,0.0,2.5,49306,0.014218332990500003,0.594159316169181
35,New Mexico,NM,35031,McKinley County,35031946003,Census Tract 9460.03; McKinley County; New Mexico,302.1911087134,1659,352,601,71,479,75,1144,323,97,35,90,44,358,124,339,89,182,50,477,162,246,86,55,40,113,94,1659,352,0,18,233,59,72,40,121,45,0,13,69.0,12.8,18.6,5.6,18.8,8.7,35.3,7.4,20.4,4.9,11.0,3.1,28.8,5.3,14.8,4.2,11.5,8.2,7.2,5.8,100.0,0.0,0.0,3.0,38.8,8.2,15.1,8.0,25.3,8.1,0.0,0.8,0.9915,0.9799,0.3031,0.9641,0.9241,4.1627,0.9374,0.2172,0.8677,0.6342,0.8512,0.8293,3.3996,0.9334,0.9954,0.9954,0.9954,0.0,0.9746,0.9571,0.9304,0.0,2.8621,0.7497,11.4198,0.9535,1,1,0,1,1,4,0,0,0,0,0,0,1,1,0,1,1,1,0,3,8,1357,357,68,0,13,45,49,0,13,1614,347,0,13,0,13,0,13,74.5,7.2,0.0,2.4,2.7,2.9,0.0,2.4,97.3,2.9,0.0,2.4,0.0,2.4,0.0,2.4,49307,0.07783240380800002,2.269514949618515
35,New Mexico,NM,35031,McKinley County,35031973100,Census Tract 9731; McKinley County; New Mexico,307.17508128377,1239,266,648,134,534,138,417,195,9,12,49,50,154,91,177,159,428,145,153,136,424,170,6,15,14,52,606,356,22,38,108,63,14,29,21,28,17,3,33.7,14.0,1.8,2.4,9.2,9.1,15.2,8.5,14.3,12.9,34.5,12.3,12.3,10.2,34.2,11.7,1.1,2.8,1.2,4.5,48.9,26.7,3.4,5.8,16.7,9.8,2.6,5.4,3.9,5.3,1.4,0.4,0.8043,0.1463,0.0398,0.7435,0.8201,2.554,0.5231,0.9651,0.0922,0.9933,0.1084,0.4936,2.6526,0.6082,0.6511,0.6511,0.6511,0.4611,0.8671,0.6023,0.4355,0.7326,3.0986,0.8331,8.9563,0.6994,0,0,0,0,0,0,1,0,1,0,0,2,0,0,0,0,0,0,0,0,2,1181,179,71,0,13,180,141,0,13,396,212,0,13,21,17,9,15,33.5,14.7,0.0,3.2,14.5,10.3,0.0,3.2,32.0,15.8,0.0,3.2,1.7,1.4,0.7,1.3,49308,0.07895739525700002,1.8591818958767024
35,New Mexico,NM,35031,McKinley County,35031980000,Census Tract 9800; McKinley County; New Mexico,21.037440831888,0,13,0,13,0,13,0,13,0,13,0,26,0,13,0,13,0,13,0,13,0,13,0,18,0,52,0,18,0,18,0,13,0,18,0,13,0,13,-999.0,-999.0,-999.0,-999.0,-999.0,-999.0,-999.0,-999.0,-999.0,-999.0,-999.0,-999.0,-999.0,-999.0,-999.0,-999.0,-999.0,-999.0,-999.0,-999.0,-999.0,-999.0,-999.0,-999.0,-999.0,-999.0,-999.0,-999.0,-999.0,-999.0,-999.0,-999.0,-999.0,-999.0,-999.0,-999.0,-999.0,-999.0,-999.0,-999.0,-999.0,-999.0,-999.0,-999.0,-999.0,-999.0,-999.0,-999.0,-999.0,-999.0,-999.0,-999.0,-999.0,-999.0,-999.0,-999.0,-999.0,-999.0,-999,-999,-999,-999,-999,-999,-999,-999,-999,-999,-999,-999,-999,-999,-999,-999,-999,-999,-999,-999,-999,86,0,13,0,13,0,13,0,13,0,13,0,13,0,13,0,13,-999.0,-999.0,-999.0,-999.0,-999.0,-999.0,-999.0,-999.0,-999.0,-999.0,-999.0,-999.0,-999.0,-999.0,-999.0,-999.0,49309,0.005420351894500001,0.3466444603974078
35,New Mexico,NM,35033,Mora County,35033955201,Census Tract 9552.01; Mora County; New Mexico,311.794796346994,1875,343,1389,219,871,227,582,322,54,70,189,97,66,56,31,54,602,224,259,210,642,222,35,42,0,52,1665,368,0,18,396,156,0,18,43,65,13,3,31.0,16.2,7.8,10.0,21.7,9.6,4.5,3.8,1.7,2.9,32.1,12.0,13.8,10.2,34.2,9.5,4.0,4.7,0.0,2.8,88.8,11.0,0.0,1.3,28.5,10.6,0.0,2.1,4.9,7.8,0.7,0.1,0.7652,0.7703,0.4095,0.2576,0.0929,2.2955,0.4434,0.9531,0.1238,0.9933,0.3995,0.0,2.4697,0.4953,0.8998,0.8998,0.8998,0.0,0.9437,0.0,0.5117,0.6376,2.093,0.4173,7.758,0.5187,0,0,0,0,0,0,1,0,1,0,0,2,0,0,0,1,0,0,0,1,3,1444,409,197,0,13,1661,371,0,13,0,13,0,13,4,7,0,13,47.0,16.4,0.0,2.1,88.6,7.7,0.0,2.1,0.0,2.1,0.0,2.1,0.2,0.4,0.0,2.1,49310,0.08076578411050002,1.6748586505104701
35,New Mexico,NM,35033,Mora County,35033955202,Census Tract 9552.02; Mora County; New Mexico,1614.453655337878,2333,343,1703,168,1220,166,865,238,51,30,208,109,159,105,57,34,796,164,389,211,790,205,175,72,62,75,1766,388,0,18,576,161,0,18,107,109,0,13,37.3,8.6,7.0,4.4,17.0,8.6,8.2,5.5,2.4,1.5,34.1,7.4,16.7,7.4,33.9,9.2,14.3,5.6,2.8,3.4,75.7,12.4,0.0,1.1,33.8,8.7,0.0,1.5,8.8,8.7,0.0,0.6,0.8482,0.7204,0.2378,0.4808,0.1479,2.4351,0.4856,0.9635,0.2188,0.9929,0.9122,0.6588,3.7462,0.9839,0.8227,0.8227,0.8227,0.0,0.9626,0.0,0.709,0.0,1.6716,0.2527,8.6756,0.6597,0,0,0,0,0,0,1,0,1,1,0,3,0,0,0,1,0,0,0,1,4,1086,565,162,0,13,1766,362,0,13,0,13,0,13,0,13,0,13,46.3,10.7,0.0,1.7,75.7,8.1,0.0,1.7,0.0,1.7,0.0,1.7,0.0,1.7,0.0,1.7,49311,0.41878873236449987,3.410095741649936
35,New Mexico,NM,35035,Otero County,35035000100,Census Tract 1; Otero County; New Mexico,0.795549271328,1802,448,938,166,701,173,1060,434,9,13,250,120,218,116,148,95,356,110,410,237,750,233,65,56,57,68,1315,497,0,18,0,13,0,18,42,41,52,8,59.6,19.2,1.2,1.8,35.7,14.7,17.5,9.2,8.4,5.3,19.8,6.4,22.8,9.0,42.7,10.7,9.2,7.7,3.3,3.9,73.0,20.8,0.0,1.9,0.0,4.2,0.0,2.6,6.0,5.6,2.9,0.8,0.9769,0.0859,0.7841,0.7956,0.5961,3.2386,0.7252,0.6801,0.5755,0.9986,0.7709,0.6916,3.7167,0.9814,0.8076,0.8076,0.8076,0.0,0.0,0.0,0.5819,0.8365,1.4184,0.1747,9.1813,0.7296,1,0,0,0,0,1,0,0,1,0,0,1,0,0,0,0,0,0,0,0,2,5107,203,101,69,61,1096,418,92,63,32,32,0,13,26,39,0,13,29.0,10.9,3.8,3.6,60.8,12.5,5.1,3.6,1.8,1.8,0.0,2.2,1.4,2.1,0.0,2.2,49312,0.00019846731200000005,0.076689565862486
35,New Mexico,NM,35035,Otero County,35035000200,Census Tract 2; Otero County; New Mexico,0.521874382198,2247,385,1162,160,1021,176,870,273,59,47,318,111,221,131,142,104,370,140,380,177,452,111,83,63,109,101,1036,493,49,36,0,13,33,38,89,53,6,2,38.7,10.2,5.8,4.5,31.1,9.5,15.2,8.0,6.6,5.1,16.5,6.5,16.9,5.9,21.2,5.7,8.1,6.0,5.1,4.7,46.1,20.5,4.2,3.0,0.0,3.4,3.2,3.7,8.7,5.3,0.3,0.1,0.8631,0.6232,0.6905,0.7435,0.4856,3.4059,0.7714,0.5068,0.2277,0.8864,0.7185,0.7716,3.111,0.8461,0.6285,0.6285,0.6285,0.4912,0.0,0.6597,0.7055,0.5038,2.3602,0.5355,9.5056,0.7707,0,0,0,0,0,0,0,0,0,0,0,0,0,0,0,0,0,0,0,0,0,4873,185,96,265,137,680,259,13,15,0,13,0,13,78,71,0,13,18.1,8.3,11.8,5.8,30.3,10.4,0.6,0.7,0.0,1.8,0.0,1.8,3.5,3.1,0.0,1.8,49313,0.00013032355550000004,0.04806436365024884
35,New Mexico,NM,35035,Otero County,35035000303,Census Tract 3.03; Otero County; New Mexico,0.681648795226,2458,460,1219,199,1043,216,1112,411,127,95,483,216,189,127,229,165,625,240,487,210,988,333,85,68,0,52,822,635,0,18,403,206,5,19,49,34,18,5,45.2,14.4,16.2,10.9,46.3,18.4,10.0,5.6,9.7,6.5,25.4,8.8,19.8,7.3,42.0,9.6,8.2,6.3,0.0,2.2,33.4,25.1,0.0,1.5,33.1,13.4,0.5,1.8,4.7,3.5,0.7,0.2,0.9169,0.9675,0.922,0.5686,0.6589,4.0339,0.9141,0.8711,0.3842,0.9985,0.7238,0.0,2.9776,0.7888,0.5059,0.5059,0.5059,0.0,0.9604,0.2792,0.4971,0.6376,2.3743,0.5417,9.8917,0.8166,1,1,1,0,0,3,0,0,1,0,0,1,0,0,0,1,0,0,0,1,5,1624,160,92,146,136,642,208,14,21,0,13,0,13,13,20,7,10,15.3,9.5,5.9,5.5,26.1,8.3,0.6,0.8,0.0,1.6,0.0,1.6,0.5,0.8,0.3,0.4,49314,0.00016970019550000004,0.06729605856204941
35,New Mexico,NM,35035,Otero County,35035000304,Census Tract 3.04; Otero County; New Mexico,5.171692273954,3700,551,1662,198,1395,197,306,153,85,58,230,93,145,93,20,24,929,202,791,262,578,206,16,30,7,51,861,776,5,16,252,85,15,25,58,47,151,7,8.6,4.1,6.5,4.3,16.5,6.2,5.6,3.6,0.6,0.7,25.1,4.9,21.4,5.4,18.0,6.3,1.1,2.1,0.2,1.5,23.3,20.7,0.3,1.0,15.2,5.0,1.1,1.8,4.2,3.3,4.1,0.6,0.1843,0.6825,0.22,0.3296,0.0243,1.4407,0.1948,0.8645,0.4849,0.7888,0.1084,0.2531,2.4997,0.5138,0.3793,0.3793,0.3793,0.2658,0.8531,0.3967,0.4601,0.8822,2.8579,0.748,7.1776,0.4239,0,0,0,0,0,0,0,0,0,0,0,0,0,0,0,0,0,0,0,0,0,4595,172,95,51,59,643,226,46,37,35,50,0,13,74,66,12,21,12.3,6.4,1.4,1.6,17.4,6.0,1.2,1.0,0.9,1.3,0.0,1.1,2.0,1.8,0.3,0.6,49315,0.0012937440735000002,0.2275176380823184
35,New Mexico,NM,35035,Otero County,35035000305,Census Tract 3.05; Otero County; New Mexico,0.884706786862,3251,535,1873,200,1529,231,1198,402,63,64,449,172,302,149,80,58,634,185,593,208,1113,319,100,76,47,68,1284,660,38,45,33,43,0,18,89,70,23,5,37.0,10.8,5.7,5.6,29.4,10.3,12.8,5.6,2.7,1.9,19.5,5.7,18.2,4.8,37.3,8.4,6.6,4.9,1.5,2.2,39.5,19.2,2.0,2.4,1.8,2.3,0.0,1.2,5.8,4.7,0.7,0.1,0.8449,0.6138,0.6486,0.6741,0.1721,2.9535,0.6446,0.6658,0.2912,0.9965,0.6241,0.5368,3.1144,0.8475,0.5684,0.5684,0.5684,0.395,0.5993,0.0,0.5702,0.6376,2.2021,0.4653,8.8384,0.6829,0,0,0,0,0,0,0,0,1,0,0,1,0,0,0,0,0,0,0,0,1,2416,240,117,258,142,734,310,46,31,19,29,0,13,175,63,52,81,15.7,6.5,7.9,4.3,22.6,8.2,1.4,0.9,0.6,0.9,0.0,1.2,5.4,1.8,1.6,2.4,49316,0.00022101858700000006,0.07876513672417944
35,New Mexico,NM,35035,Otero County,35035000306,Census Tract 3.06; Otero County; New Mexico,1.46393082963,2997,476,1449,206,1248,197,700,301,159,111,231,99,78,59,148,106,581,160,708,229,498,174,84,90,41,71,1569,539,0,18,0,13,5,17,17,26,0,13,23.4,9.3,12.8,8.2,18.5,7.4,3.8,2.8,5.2,3.5,19.4,5.5,23.6,5.7,17.6,5.9,6.7,7.1,1.5,2.6,52.4,15.9,0.0,1.2,0.0,2.7,0.4,1.4,1.4,2.0,0.0,0.4,0.6197,0.9307,0.292,0.211,0.3848,2.4382,0.4867,0.6612,0.6264,0.7731,0.6312,0.5368,3.2287,0.8891,0.6775,0.6775,0.6775,0.0,0.0,0.2644,0.1834,0.0,0.4478,0.0214,6.7922,0.362,0,1,0,0,0,1,0,0,0,0,0,0,0,0,0,0,0,0,0,0,1,1903,122,87,108,81,1128,380,96,70,43,67,0,13,179,131,15,26,9.8,6.5,3.6,2.7,37.6,8.4,3.2,2.3,1.4,2.3,0.0,1.3,6.0,4.1,0.5,0.9,49317,0.00036992304450000007,0.09659771355118082
35,New Mexico,NM,35035,Otero County,35035000401,Census Tract 4.01; Otero County; New Mexico,1.723565505632,4876,784,2301,242,2049,290,1414,443,68,84,773,302,201,102,77,74,1064,253,1232,385,772,265,122,95,43,79,2440,967,38,62,0,13,193,211,173,113,93,4,29.9,8.1,3.9,4.8,37.7,13.7,5.9,3.0,1.7,1.6,21.8,6.1,25.3,5.3,16.9,7.0,6.0,4.6,1.0,1.8,50.0,18.1,1.7,2.7,0.0,1.7,9.4,10.2,8.4,5.8,1.9,0.3,0.7478,0.4146,0.819,0.3488,0.0929,2.4231,0.482,0.7655,0.7229,0.7419,0.5809,0.4592,3.2704,0.9013,0.6593,0.6593,0.6593,0.3776,0.0,0.8999,0.6948,0.7754,2.7477,0.7037,9.1005,0.719,0,0,0,0,0,0,0,0,0,0,0,0,0,0,0,0,0,0,0,0,0,2946,197,124,202,132,1847,410,0,13,27,22,0,13,364,241,0,13,9.6,6.2,4.1,2.7,37.9,7.5,0.0,0.8,0.6,0.5,0.0,0.8,7.5,4.7,0.0,0.8,49318,0.0004305870235000001,0.12272179068624631
35,New Mexico,NM,35035,Otero County,35035000403,Census Tract 4.03; Otero County; New Mexico,4.31015701252,3221,485,1271,184,1126,184,276,200,15,19,178,124,94,82,209,155,558,207,630,181,168,102,47,50,0,52,780,683,0,18,91,82,0,18,7,12,0,13,8.6,6.1,0.9,1.1,15.8,10.7,4.5,4.0,6.8,5.1,17.3,6.5,19.6,5.4,5.5,3.5,4.2,4.4,0.0,1.7,24.2,20.9,0.0,1.4,7.2,6.2,0.0,1.6,0.6,1.1,0.0,0.4,0.1843,0.0624,0.1962,0.2576,0.4992,1.1997,0.136,0.5518,0.3716,0.0584,0.4194,0.0,1.4012,0.0533,0.3921,0.3921,0.3921,0.0,0.7484,0.0,0.0912,0.0,0.8396,0.0587,3.8326,0.0356,0,0,0,0,0,0,0,0,0,0,0,0,0,0,0,0,0,0,0,0,0,1458,39,51,130,145,304,176,134,116,102,99,0,13,110,94,0,13,3.5,4.6,4.0,4.5,9.4,5.6,4.2,3.5,3.2,3.1,0.0,1.2,3.4,2.9,0.0,1.2,49319,0.0010761467640000002,0.13427511618846905
35,New Mexico,NM,35035,Otero County,35035000404,Census Tract 4.04; Otero County; New Mexico,8.859727380996,4217,586,2316,256,1918,257,321,185,116,147,247,139,139,97,291,203,933,228,875,311,522,179,111,125,16,52,1947,796,192,120,602,252,0,18,153,119,43,11,7.6,4.3,6.2,7.2,12.9,7.0,4.7,3.2,7.4,4.7,22.1,5.0,20.7,5.9,13.3,5.3,5.8,6.5,0.4,1.3,46.2,17.8,8.2,5.1,26.0,10.3,0.0,0.9,8.0,5.9,1.0,0.2,0.1519,0.6579,0.1119,0.2706,0.5379,1.7302,0.275,0.7773,0.4414,0.5405,0.565,0.3184,2.6426,0.602,0.6293,0.6293,0.6293,0.6029,0.9313,0.0,0.6782,0.6877,2.9001,0.765,7.9022,0.5421,0,0,0,0,0,0,0,0,0,0,0,0,0,0,0,1,0,0,0,1,1,4504,296,159,436,189,1508,444,3,12,0,13,0,13,0,13,0,13,15.4,7.9,10.3,4.4,35.8,9.6,0.1,0.3,0.0,0.9,0.0,0.9,0.0,0.9,0.0,0.9,49320,0.0022122257955000005,0.37891712037180325
35,New Mexico,NM,35035,Otero County,35035000501,Census Tract 5.01; Otero County; New Mexico,5.760065389714,2982,595,1554,236,1283,223,890,357,77,102,270,156,201,139,290,220,346,72,703,200,522,183,106,91,174,153,1813,664,13,26,723,195,41,53,63,53,56,9,29.8,10.4,5.5,7.1,21.0,11.6,9.7,6.9,10.2,6.5,11.6,3.3,23.6,4.3,18.4,6.8,8.3,6.9,6.3,5.4,60.8,18.7,0.8,1.7,46.5,13.0,3.2,4.1,4.9,4.1,1.9,0.5,0.7461,0.5943,0.3846,0.5551,0.6815,2.9616,0.6472,0.2444,0.6264,0.8035,0.7286,0.8075,3.2104,0.8832,0.7349,0.7349,0.7349,0.3121,0.9867,0.6597,0.5117,0.7754,3.2456,0.8756,10.1525,0.8454,0,0,0,0,0,0,0,0,0,0,0,0,0,0,0,1,0,0,0,1,1,1530,44,41,65,74,1368,443,143,84,0,13,0,13,199,196,38,55,3.4,3.2,2.2,2.5,45.9,9.4,4.8,2.8,0.0,1.3,0.0,1.3,6.7,5.7,1.3,1.8,49321,0.0014372003260000005,0.19741575063116576
35,New Mexico,NM,35035,Otero County,35035000502,Census Tract 5.02; Otero County; New Mexico,32.614890769828,1828,426,865,169,723,151,807,418,96,96,131,104,117,102,225,175,280,85,360,175,251,135,79,68,64,103,1267,511,4,15,466,138,0,18,33,40,0,13,44.1,20.4,11.2,10.2,18.1,13.9,9.9,9.4,12.6,8.3,15.3,6.2,19.7,7.7,14.0,7.7,10.9,9.1,3.9,6.2,69.3,22.8,0.5,1.7,53.9,14.4,0.0,2.5,4.6,5.1,0.0,0.7,0.9093,0.9009,0.2777,0.5641,0.7712,3.4232,0.7758,0.4409,0.3781,0.5851,0.8334,0.7227,2.9602,0.7806,0.7871,0.7871,0.7871,0.2806,0.9932,0.0,0.4897,0.0,1.7635,0.2858,8.934,0.6961,1,1,0,0,0,2,0,0,0,0,0,0,0,0,0,1,0,0,0,1,3,2311,134,98,0,13,1054,403,51,69,0,13,0,13,162,156,0,13,18.5,13.1,0.0,2.2,57.7,17.5,2.8,3.8,0.0,2.2,0.0,2.2,8.9,8.3,0.0,2.2,49322,0.008142440399000002,0.4313449961568302
35,New Mexico,NM,35035,Otero County,35035000601,Census Tract 6.01; Otero County; New Mexico,651.456280218726,876,92,17,28,0,13,0,13,0,13,0,26,0,13,0,13,0,13,0,13,0,13,0,18,0,52,350,178,0,18,17,28,0,18,0,13,876,92,-999.0,-999.0,0.0,53.4,-999.0,-999.0,0.0,60.1,-999.0,-999.0,0.0,4.5,0.0,4.5,-999.0,-999.0,-999.0,-999.0,0.0,5.9,40.0,19.9,0.0,100.0,100.0,79.8,-999.0,-999.0,-999.0,-999.0,100.0,0.0,-999.0,0.0,-999.0,0.0,-999.0,-999.0,-999.0,0.0,0.0,-999.0,-999.0,0.0,-999.0,-999.0,0.573,0.573,0.573,0.0,0.9999,-999.0,-999.0,0.9969,-999.0,-999.0,-999.0,-999.0,-999,0,-999,0,-999,-999,0,0,-999,-999,0,-999,0,0,0,1,-999,-999,1,-999,-999,4188,0,13,108,107,194,109,21,26,11,22,0,13,16,22,0,13,-999.0,-999.0,12.3,12.1,22.1,12.1,2.4,3.0,1.3,2.5,0.0,4.5,1.8,2.5,0.0,4.5,49323,0.16234169826800005,2.019427076033778
35,New Mexico,NM,35035,Otero County,35035000602,Census Tract 6.02; Otero County; New Mexico,185.867807426118,2747,535,1137,183,921,210,609,326,0,13,228,140,250,155,180,130,392,149,538,355,698,304,0,18,35,80,965,718,0,18,839,204,40,48,35,35,147,12,23.4,11.6,0.0,4.8,24.8,14.1,12.4,7.0,7.5,5.1,14.3,5.6,19.6,11.7,29.2,11.8,0.0,2.0,1.4,3.3,35.1,25.2,0.0,1.6,73.8,10.3,4.3,5.1,3.8,4.1,5.4,1.1,0.6197,0.0,0.5149,0.661,0.5433,2.3389,0.4568,0.385,0.3716,0.9801,0.0,0.5229,2.2596,0.3635,0.524,0.524,0.524,0.0,0.9986,0.738,0.4271,0.9106,3.0743,0.8256,8.1968,0.588,0,0,0,0,0,0,0,0,1,0,0,1,0,0,0,1,0,0,1,2,3,1019,174,120,43,44,680,394,44,34,19,13,0,13,102,93,77,112,18.9,11.8,1.6,1.7,24.8,13.0,1.6,1.2,0.7,0.5,0.0,1.4,3.7,3.3,2.8,4.0,49324,0.046452164678000014,1.5506474104303893
35,New Mexico,NM,35035,Otero County,35035000603,Census Tract 6.03; Otero County; New Mexico,25.382687952474,2580,655,1199,249,871,208,512,270,559,348,250,117,37,30,743,534,434,135,322,123,523,165,18,29,21,58,1279,705,6,26,733,219,30,24,14,17,0,13,19.8,9.2,35.3,14.0,28.7,11.6,2.5,2.1,28.8,16.0,16.8,6.9,12.5,3.8,20.3,6.4,2.1,3.3,0.8,2.3,49.6,24.3,0.5,2.2,61.1,9.1,3.4,2.6,1.6,2.0,0.0,0.5,0.5302,0.9989,0.6303,0.1265,0.9755,3.2614,0.7314,0.5238,0.096,0.8643,0.2012,0.4204,2.1057,0.2754,0.6563,0.6563,0.6563,0.2806,0.9963,0.6761,0.2067,0.0,2.1597,0.4466,8.1831,0.5862,0,1,0,0,1,2,0,0,0,0,0,0,0,0,0,1,0,0,0,1,3,1751,99,80,1,4,1164,496,0,13,0,13,0,13,95,110,19,32,11.4,8.7,0.0,0.2,45.1,10.6,0.0,1.5,0.0,1.5,0.0,1.5,3.7,3.6,0.7,1.3,49325,0.006349568009000002,0.4872023308234908
35,New Mexico,NM,35035,Otero County,35035000604,Census Tract 6.04; Otero County; New Mexico,1.068921070388,3306,412,1176,157,1129,155,630,240,37,29,471,132,15,17,16,15,15,24,1237,249,105,65,69,34,0,52,1203,547,0,18,3,5,5,15,30,45,153,129,20.1,7.2,6.4,4.9,41.7,10.2,1.1,1.2,0.7,0.7,0.5,0.7,37.4,4.8,4.8,2.6,6.1,2.9,0.0,2.0,36.4,15.9,0.0,1.5,0.3,0.4,0.4,1.3,2.7,4.0,4.6,3.9,0.5383,0.6748,0.874,0.0461,0.0291,2.1623,0.4029,0.0063,0.9849,0.0386,0.5886,0.0,1.6184,0.091,0.5373,0.5373,0.5373,0.0,0.4688,0.2644,0.3229,0.8949,1.951,0.3597,6.269,0.2828,0,0,0,0,0,0,0,1,0,0,0,1,0,0,0,0,0,0,0,0,1,3563,0,13,356,190,427,189,65,49,58,89,45,58,246,140,6,8,0.0,3.5,10.8,5.4,12.9,5.4,2.0,1.5,1.8,2.6,1.4,1.7,7.4,4.0,0.2,0.3,49326,0.0002697937135000001,0.0779199586277647
35,New Mexico,NM,35035,Otero County,35035000701,Census Tract 7.01; Otero County; New Mexico,778.443735348394,3444,619,1953,232,1137,220,1055,498,228,171,114,64,270,146,340,201,709,166,651,192,677,264,46,49,6,51,1811,793,0,18,1028,259,8,20,25,29,0,13,30.6,13.4,16.6,9.9,10.0,5.3,10.5,6.3,9.9,5.5,20.6,5.4,18.9,5.1,19.7,6.9,4.1,4.2,0.2,1.5,52.6,21.0,0.0,0.9,52.6,10.0,0.7,1.8,2.2,2.4,0.0,0.4,0.7593,0.9703,0.0517,0.5891,0.6681,3.0385,0.6699,0.7171,0.3303,0.8474,0.4095,0.2531,2.5574,0.5494,0.6788,0.6788,0.6788,0.0,0.9923,0.3188,0.2719,0.0,1.583,0.2232,7.8577,0.5348,0,1,0,0,0,1,0,0,0,0,0,0,0,0,0,1,0,0,0,1,2,2882,133,80,0,13,1559,373,34,55,66,107,0,13,152,137,0,13,11.7,6.6,0.0,1.2,45.3,8.2,1.0,1.6,1.9,3.2,0.0,1.2,4.4,3.9,0.0,1.2,49327,0.19568790981400006,2.07343440151099
35,New Mexico,NM,35035,Otero County,35035000702,Census Tract 7.02; Otero County; New Mexico,78.337610461426,1638,453,589,127,483,112,940,392,90,56,130,59,111,44,204,258,281,138,588,307,300,159,20,36,0,52,848,535,0,18,367,162,115,69,0,13,0,13,57.4,17.9,14.7,10.8,26.9,10.5,11.1,5.0,12.5,14.8,17.2,8.2,35.9,12.5,18.3,7.6,4.1,7.4,0.0,3.3,51.8,29.4,0.0,3.1,62.3,21.2,23.8,13.2,0.0,7.9,0.0,0.8,0.9714,0.9547,0.5804,0.6131,0.7681,3.8877,0.8845,0.5458,0.9779,0.7997,0.4095,0.0,2.7329,0.6578,0.6731,0.6731,0.6731,0.0,0.9966,0.986,0.0,0.0,1.9826,0.3728,9.2763,0.7419,1,1,0,0,0,2,0,1,0,0,0,1,0,0,0,1,1,0,0,2,5,597,13,26,0,13,826,344,0,13,0,13,0,13,12,20,10,14,2.7,5.1,0.0,2.4,50.4,13.4,0.0,2.4,0.0,2.4,0.0,2.4,0.7,1.3,0.6,0.9,49328,0.019596665417000007,0.6181463619466337
35,New Mexico,NM,35035,Otero County,35035000901,Census Tract 9.01; Otero County; New Mexico,269.469554563358,4122,674,4217,231,1499,223,1172,507,3,4,218,111,34,28,307,255,1050,228,845,418,941,434,18,21,0,52,602,877,57,34,920,237,27,44,29,33,29,5,28.5,11.4,0.2,0.3,14.5,7.1,1.1,0.9,7.4,5.8,25.5,5.5,20.5,8.8,22.8,9.2,1.2,1.4,0.0,1.3,14.6,21.1,1.4,0.8,21.8,5.2,1.8,2.9,1.9,2.2,0.7,0.0,0.7233,0.0288,0.1556,0.0461,0.5379,1.4917,0.2086,0.8735,0.4294,0.9185,0.1171,0.0,2.3385,0.4117,0.2439,0.2439,0.2439,0.3588,0.9071,0.5056,0.2397,0.6376,2.6488,0.6622,6.7229,0.3515,0,0,0,0,0,0,0,0,1,0,0,1,0,0,0,1,0,0,0,1,2,2249,173,91,0,13,433,267,0,13,97,104,0,13,53,38,19,29,11.5,5.9,0.0,1.0,10.5,5.9,0.0,1.0,2.4,2.4,0.0,1.0,1.3,0.9,0.5,0.7,49329,0.06733823879200002,1.6128947620506326
35,New Mexico,NM,35035,Otero County,35035000903,Census Tract 9.03; Otero County; New Mexico,21.52512086266,7574,1018,1653,291,1492,304,2937,1149,337,193,147,91,1845,474,909,430,485,181,1751,615,1185,434,86,69,1750,404,7038,1033,0,26,1095,284,150,111,83,99,1893,135,51.7,18.1,14.7,8.7,9.9,5.8,39.5,9.3,16.0,6.7,6.4,2.5,23.1,6.2,20.9,7.2,5.8,4.5,24.6,4.8,92.9,5.5,0.0,1.6,66.2,9.8,10.1,7.1,5.6,6.7,25.0,3.8,0.9514,0.9547,0.0502,0.9767,0.8584,3.7914,0.864,0.0617,0.5942,0.8788,0.565,0.9767,3.0764,0.8323,0.9286,0.9286,0.9286,0.0,0.9974,0.9108,0.5579,0.9769,3.443,0.9243,11.2394,0.9417,1,1,0,1,0,3,0,0,0,0,1,1,1,1,0,1,1,0,1,3,8,5065,433,212,116,124,6764,1023,5,12,112,77,0,19,17,40,24,33,29.0,14.5,1.5,1.7,89.3,3.3,0.1,0.2,1.5,1.0,0.0,0.5,0.2,0.5,0.3,0.4,49330,0.005324825287500001,0.3210976666487489
35,New Mexico,NM,35035,Otero County,35035000904,Census Tract 9.04; Otero County; New Mexico,3819.324413744066,4015,805,2526,344,1279,318,1353,631,106,124,267,141,998,377,320,223,995,371,920,402,663,360,249,187,445,329,3106,878,0,18,1332,319,169,170,0,13,37,9,33.8,14.2,6.4,6.5,20.9,9.7,36.2,12.1,8.0,5.7,24.8,8.0,22.9,7.2,16.6,8.6,19.5,13.8,11.4,8.2,77.4,15.4,0.0,0.7,52.7,10.3,13.2,12.9,0.0,3.1,0.9,0.1,0.8056,0.6748,0.3806,0.9671,0.5739,3.402,0.7703,0.857,0.5814,0.7286,0.9668,0.8959,4.0297,0.9965,0.8328,0.8328,0.8328,0.0,0.9924,0.9441,0.0,0.6733,2.6098,0.6449,10.8743,0.9144,0,0,0,1,0,1,0,0,0,1,0,1,0,0,0,1,1,0,0,2,4,3665,271,151,0,13,3106,731,0,13,0,13,0,13,0,13,0,13,21.2,10.7,0.0,1.0,77.4,8.0,0.0,1.0,0.0,1.0,0.0,1.0,0.0,1.0,0.0,1.0,49331,0.9498825314810954,5.40411192672805
35,New Mexico,NM,35035,Otero County,35035940000,Census Tract 9400; Otero County; New Mexico,718.894957864116,3969,342,1167,161,985,138,1720,370,206,82,135,54,554,152,775,235,504,160,1088,155,904,226,91,42,46,53,3701,376,5,15,374,99,43,30,177,71,68,8,43.9,8.6,13.0,4.7,13.7,5.1,22.9,6.1,19.8,5.6,12.7,3.7,27.4,2.9,23.1,5.2,9.2,4.1,1.2,1.4,93.2,5.0,0.4,1.3,32.0,6.6,4.4,3.0,18.0,5.8,1.7,0.1,0.9076,0.9341,0.1325,0.8809,0.9175,3.7726,0.8599,0.3,0.8189,0.9236,0.7709,0.4936,3.307,0.9115,0.9312,0.9312,0.9312,0.2723,0.9567,0.7439,0.8834,0.7595,3.6158,0.956,11.6266,0.9646,1,1,0,0,1,3,0,0,1,0,0,1,1,1,0,1,0,0,0,1,6,4505,267,80,0,13,276,127,0,13,3406,283,0,13,19,29,0,13,27.1,7.1,0.0,1.0,7.0,3.0,0.0,1.0,85.8,4.8,0.0,1.0,0.5,0.7,0.0,1.0,49332,0.18017299354800004,2.0292963262942023
35,New Mexico,NM,35037,Quay County,35037958601,Census Tract 9586.01; Quay County; New Mexico,8.84834586624,3230,363,1505,149,1304,158,1418,380,72,79,350,138,286,142,439,211,451,119,1071,201,645,161,182,112,0,52,2218,419,57,48,97,77,1,13,195,111,33,10,46.3,11.1,5.0,5.7,26.8,10.1,14.2,6.5,13.7,6.3,14.0,3.7,33.2,5.3,20.1,5.4,14.0,8.4,0.0,1.7,68.7,10.4,3.8,3.2,6.4,5.0,0.1,1.0,15.0,7.9,1.0,0.3,0.9241,0.5424,0.5774,0.7161,0.8046,3.5646,0.8106,0.3684,0.9545,0.8591,0.9072,0.0,3.0892,0.8375,0.7836,0.7836,0.7836,0.4762,0.7336,0.2396,0.8488,0.6877,2.9859,0.7963,10.4233,0.8733,1,0,0,0,0,1,0,1,0,1,0,2,0,0,0,0,0,0,0,0,3,3709,480,152,133,100,1961,346,0,13,3,2,0,13,121,77,0,13,36.8,9.9,4.1,3.0,60.7,6.7,0.0,1.2,0.1,0.1,0.0,1.2,3.7,2.4,0.0,1.2,49333,0.0024039307740000007,0.2923758146190889
35,New Mexico,NM,35037,Quay County,35037958602,Census Tract 9586.02; Quay County; New Mexico,16.748729082754,2713,331,1636,113,1272,148,971,330,37,54,399,149,435,159,171,102,617,110,315,177,731,173,87,67,68,107,1601,395,17,32,157,90,0,18,100,83,50,7,36.5,11.5,2.8,4.2,31.4,11.1,18.6,5.9,6.4,3.8,22.7,4.5,11.6,5.9,27.5,6.1,6.8,5.2,2.6,4.0,59.0,12.7,1.0,2.0,9.6,5.5,0.0,1.4,7.9,6.3,1.8,0.1,0.839,0.2701,0.6967,0.8166,0.4725,3.0949,0.6857,0.7981,0.0806,0.9714,0.6384,0.6439,3.1324,0.8547,0.7228,0.7228,0.7228,0.3303,0.7864,0.0,0.6742,0.7677,2.5586,0.6225,9.5087,0.7713,0,0,0,0,0,0,0,0,1,0,0,1,0,0,0,0,0,0,0,0,1,2530,503,156,22,34,1572,324,0,13,0,13,0,13,7,13,0,13,39.5,10.0,0.8,1.2,57.9,7.7,0.0,1.5,0.0,1.5,0.0,1.5,0.3,0.5,0.0,1.5,49334,0.004300142078000001,0.32540086240649463
35,New Mexico,NM,35037,Quay County,35037958900,Census Tract 9589; Quay County; New Mexico,2848.356466698024,2698,227,2350,165,1181,167,953,230,65,67,303,105,160,68,273,158,1089,161,495,131,730,195,52,43,2,50,721,312,0,18,984,165,7,18,7,8,0,13,35.5,8.0,7.4,7.1,25.7,8.1,7.9,3.5,10.1,5.7,40.4,5.3,18.3,4.5,27.1,6.8,4.4,3.6,0.1,1.9,26.7,11.3,0.0,0.8,41.9,6.1,0.6,1.5,0.6,0.6,0.0,0.5,0.8274,0.7468,0.5433,0.4653,0.6767,3.2595,0.731,0.9805,0.2968,0.9687,0.4396,0.229,2.9146,0.757,0.4255,0.4255,0.4255,0.0,0.9803,0.2983,0.0912,0.0,1.3698,0.1618,7.9694,0.5525,0,0,0,0,0,0,1,0,1,0,0,2,0,0,0,1,0,0,0,1,3,2629,414,116,0,13,451,129,0,13,84,89,36,63,139,81,11,18,35.1,8.6,0.0,1.5,16.7,4.5,0.0,1.5,3.1,3.3,1.3,2.3,5.2,2.9,0.4,0.7,49335,0.7309781301935315,4.708041479014215
35,New Mexico,NM,35039,Rio Arriba County,35039000100,Census Tract 1; Rio Arriba County; New Mexico,121.091323148032,2987,517,1665,206,1263,191,812,429,12,20,252,159,207,125,32,48,712,221,513,281,433,192,50,60,0,52,2771,536,0,18,586,219,0,18,28,33,4,3,27.2,13.6,0.8,1.5,20.0,12.2,9.1,5.6,1.1,1.7,23.8,9.2,17.2,8.1,14.5,6.4,4.0,4.7,0.0,1.8,92.8,8.0,0.0,1.1,35.2,11.7,0.0,1.4,2.2,2.6,0.1,0.1,0.6996,0.0553,0.3473,0.5272,0.0514,1.6808,0.2608,0.832,0.2415,0.6163,0.3995,0.0,2.0893,0.2666,0.9277,0.9277,0.9277,0.0,0.9665,0.0,0.2719,0.3692,1.6076,0.2317,6.3054,0.2882,0,0,0,0,0,0,0,0,0,0,0,0,1,1,0,1,0,0,0,1,2,1457,542,204,0,13,2593,539,0,13,27,40,0,13,3,7,148,146,42.9,14.0,0.0,1.3,86.8,7.3,0.0,1.3,0.9,1.3,0.0,1.3,0.1,0.2,5.0,5.0,49336,0.03136430959250001,1.162863307513936
35,New Mexico,NM,35039,Rio Arriba County,35039000200,Census Tract 2; Rio Arriba County; New Mexico,147.98230582214,3383,627,1700,141,1182,183,1328,474,72,60,267,124,342,164,358,206,899,250,678,265,484,183,9,18,77,82,2817,665,0,18,608,183,13,24,99,76,5,3,39.3,12.0,5.4,4.4,22.6,9.9,14.4,6.5,10.6,5.6,26.6,7.0,20.0,5.8,14.3,5.5,0.8,1.5,2.4,2.5,83.3,12.2,0.0,1.1,35.8,10.8,1.1,2.0,8.4,6.1,0.1,0.1,0.8689,0.5847,0.4421,0.7218,0.6987,3.3162,0.7469,0.8942,0.3968,0.6035,0.0846,0.6284,2.6075,0.5798,0.8659,0.8659,0.8659,0.0,0.9679,0.3967,0.6948,0.3692,2.4286,0.5658,9.2182,0.7345,0,0,0,0,0,0,0,0,0,0,0,0,0,0,0,1,0,0,0,1,1,2862,517,161,73,89,2550,572,10,19,140,121,9,15,35,44,0,13,43.7,12.2,2.2,2.6,75.4,7.4,0.3,0.6,4.1,3.6,0.3,0.5,1.0,1.3,0.0,1.2,49337,0.03844232329450001,1.032333029207702
35,New Mexico,NM,35039,Rio Arriba County,35039000301,Census Tract 3.01; Rio Arriba County; New Mexico,119.830254170222,3744,804,1781,245,1513,285,777,530,0,13,97,125,565,279,215,236,573,206,958,451,611,230,80,120,92,136,3416,821,0,18,842,242,0,18,20,31,4,3,20.8,13.4,0.0,2.5,6.4,8.2,21.3,11.8,5.7,6.6,15.3,6.1,25.6,8.9,16.3,7.1,5.3,7.9,2.6,3.8,91.2,9.9,0.0,1.0,47.3,13.0,0.0,1.2,1.3,2.1,0.1,0.1,0.5562,0.0,0.0143,0.8596,0.4224,1.8525,0.3101,0.4409,0.7391,0.7141,0.5243,0.6439,3.0623,0.8265,0.9162,0.9162,0.9162,0.0,0.9876,0.0,0.1713,0.3692,1.5281,0.2064,7.3591,0.4534,0,0,0,0,0,0,0,0,0,0,0,0,1,1,0,1,0,0,0,1,2,3295,478,219,1,3,3415,758,0,13,0,13,0,13,0,13,0,13,31.6,13.5,0.0,0.1,91.2,4.3,0.0,1.1,0.0,1.1,0.0,1.1,0.0,1.1,0.0,1.1,49338,0.03118172243300001,1.5772989269873303
35,New Mexico,NM,35039,Rio Arriba County,35039000302,Census Tract 3.02; Rio Arriba County; New Mexico,15.849666251328,2843,758,1144,162,829,159,642,450,2,6,152,135,284,230,414,319,457,218,624,282,375,279,59,96,235,234,2707,766,0,18,815,217,0,18,0,13,13,3,22.6,14.6,0.1,0.4,18.3,15.9,14.5,13.1,14.6,11.2,16.1,8.8,21.9,5.9,13.2,9.2,7.1,11.5,8.5,8.1,95.2,9.0,0.0,1.6,71.2,13.7,0.0,2.2,0.0,4.7,0.5,0.2,0.6004,0.0276,0.285,0.7247,0.8278,2.4655,0.4951,0.4849,0.5173,0.5338,0.6586,0.855,3.0496,0.8214,0.9461,0.9461,0.9461,0.0,0.9983,0.0,0.0,0.5852,1.5835,0.2234,8.0447,0.5644,0,0,0,0,0,0,0,0,0,0,0,0,1,1,0,1,0,0,0,1,2,1600,157,148,33,53,2674,730,0,13,0,13,0,13,0,13,0,13,18.9,16.9,1.2,1.9,94.1,4.2,0.0,1.4,0.0,1.4,0.0,1.4,0.0,1.4,0.0,1.4,49339,0.004155904044500001,0.29460266940785446
35,New Mexico,NM,35039,Rio Arriba County,35039000401,Census Tract 4.01; Rio Arriba County; New Mexico,673.089001531154,1811,620,1193,209,812,239,595,427,89,102,241,179,528,308,207,173,759,351,256,256,210,151,167,157,0,52,1557,655,0,18,366,137,0,18,0,13,16,12,32.9,20.7,11.3,12.8,29.7,20.2,36.9,17.6,11.5,7.9,41.9,18.8,14.1,11.6,11.7,9.3,20.6,18.4,0.0,3.0,86.0,21.0,0.0,1.5,30.7,12.2,0.0,2.2,0.0,4.8,0.9,0.6,0.7931,0.903,0.6564,0.9693,0.7332,4.055,0.9182,0.983,0.1316,0.4323,0.973,0.0,2.5199,0.5256,0.8819,0.8819,0.8819,0.0,0.9522,0.0,0.0,0.6733,1.6255,0.2376,9.0823,0.7164,0,1,0,1,0,2,1,0,0,1,0,2,0,0,0,1,0,0,0,1,5,944,321,149,0,13,1548,626,0,13,9,12,0,13,0,13,0,13,39.5,17.8,0.0,2.2,85.5,12.5,0.0,2.2,0.5,0.7,0.0,2.2,0.0,2.2,0.0,2.2,49340,0.1746961261885001,2.620113667104069
35,New Mexico,NM,35039,Rio Arriba County,35039000402,Census Tract 4.02; Rio Arriba County; New Mexico,897.710596430052,2386,673,1469,198,966,171,689,506,0,13,169,109,56,84,117,115,652,242,776,439,654,307,201,127,6,53,2248,683,0,18,834,219,0,18,48,56,0,13,30.1,20.7,0.0,6.7,17.5,10.9,3.7,5.7,4.9,4.6,27.3,13.5,32.5,12.0,27.4,12.0,20.8,12.6,0.3,2.5,94.2,10.7,0.0,1.2,56.8,11.6,0.0,1.9,5.0,6.0,0.0,0.5,0.7512,0.0,0.2556,0.2039,0.361,1.5717,0.2308,0.9058,0.9461,0.9707,0.9741,0.285,4.0817,0.9974,0.9385,0.9385,0.9385,0.0,0.9947,0.0,0.5185,0.0,1.5132,0.202,8.1051,0.574,0,0,0,0,0,0,1,1,1,1,0,4,1,1,0,1,0,0,0,1,6,1401,232,143,0,13,2204,709,9,21,35,51,0,13,0,13,0,13,24.0,14.2,0.0,1.7,92.4,6.6,0.4,0.9,1.5,2.3,0.0,1.7,0.0,1.7,0.0,1.7,49341,0.234436919823331,3.1048417894158584
35,New Mexico,NM,35039,Rio Arriba County,35039000500,Census Tract 5; Rio Arriba County; New Mexico,1772.539769030824,3486,641,2910,219,1348,201,1155,435,263,169,235,124,307,108,143,93,857,254,669,326,958,330,30,43,10,53,2270,753,0,18,733,169,48,60,47,36,104,18,33.5,11.0,18.3,9.6,17.4,8.8,12.0,4.3,4.1,2.7,24.6,7.3,19.2,7.9,27.8,9.0,2.2,3.2,0.3,1.6,65.1,18.0,0.0,0.6,25.2,5.7,3.6,4.4,3.5,2.7,3.0,0.8,0.8016,0.9785,0.2521,0.647,0.2947,2.9739,0.6507,0.8524,0.3474,0.9731,0.2111,0.285,2.669,0.6185,0.7623,0.7623,0.7623,0.0,0.9273,0.691,0.401,0.8415,2.8608,0.749,9.266,0.7404,0,1,0,0,0,1,0,0,1,0,0,1,0,0,0,1,0,0,0,1,3,2956,324,107,0,13,2029,565,0,13,125,100,0,13,32,32,84,80,24.0,7.7,0.0,1.1,58.2,10.7,0.0,1.1,3.6,2.9,0.0,1.1,0.9,0.9,2.4,2.3,49342,0.46695441349598743,5.322494770693149
35,New Mexico,NM,35039,Rio Arriba County,35039940700,Census Tract 9407; Rio Arriba County; New Mexico,2.53374997327,3228,345,1604,171,1273,165,1174,159,56,36,306,65,385,100,528,133,615,115,757,148,406,98,122,50,85,52,2709,369,84,54,493,88,26,20,134,60,30,14,36.9,3.0,4.6,2.8,24.0,4.0,19.1,4.5,16.5,3.7,19.1,3.0,23.5,3.8,12.7,2.6,9.5,3.7,2.8,1.7,83.9,7.1,5.2,3.3,30.7,4.1,2.0,1.5,10.5,4.3,0.9,0.4,0.8438,0.4994,0.4896,0.8249,0.8685,3.5262,0.8015,0.6468,0.6202,0.5011,0.7834,0.6588,3.2103,0.8832,0.8694,0.8694,0.8694,0.5247,0.9522,0.532,0.7602,0.6733,3.4424,0.9242,11.0483,0.9282,0,0,0,0,0,0,0,0,0,0,0,0,0,0,0,1,0,0,0,1,1,7574,519,96,12,16,2599,302,37,30,43,34,0,13,17,15,1,2,40.8,5.2,0.4,0.5,80.5,3.8,1.1,0.9,1.3,1.1,0.0,1.2,0.5,0.5,0.0,0.1,49343,0.0006748155570000002,0.20062611750140924
35,New Mexico,NM,35039,Rio Arriba County,35039940800,Census Tract 9408; Rio Arriba County; New Mexico,57.168959428572,5478,571,2276,150,1783,149,1441,234,52,29,318,73,381,142,508,140,860,129,1533,322,506,116,96,29,45,72,4657,599,0,26,661,93,39,20,49,22,14,5,26.4,3.3,2.4,1.3,17.8,3.8,11.0,3.5,9.3,2.5,15.7,2.5,28.0,3.9,9.2,1.8,5.4,1.6,0.9,1.4,85.0,6.4,0.0,1.1,29.0,3.3,2.2,1.1,2.7,1.2,0.3,0.1,0.6836,0.2186,0.2668,0.6092,0.6408,2.419,0.4807,0.4627,0.8416,0.2532,0.5324,0.4404,2.5303,0.5319,0.8758,0.8758,0.8758,0.0,0.9456,0.5567,0.3229,0.5038,2.329,0.5214,8.1541,0.5815,0,0,0,0,0,0,0,0,0,0,0,0,0,0,0,1,0,0,0,1,1,2685,444,73,7,9,3261,463,0,19,1220,306,0,19,141,88,28,31,24.9,3.9,0.1,0.2,59.5,5.1,0.0,0.7,22.3,5.2,0.0,0.7,2.6,1.6,0.5,0.6,49344,0.014832147712500004,0.7869707617074235
35,New Mexico,NM,35039,Rio Arriba County,35039941000,Census Tract 9410; Rio Arriba County; New Mexico,2026.66710463772,4092,666,1285,141,1039,121,2024,782,260,123,142,72,549,187,384,241,743,290,848,247,849,187,99,55,182,124,3921,677,0,18,304,89,45,47,13,22,28,11,50.8,17.7,16.7,7.0,13.7,6.7,18.2,7.3,9.4,6.1,18.2,5.1,20.7,6.4,20.8,5.7,9.6,5.2,4.8,3.2,95.8,5.5,0.0,1.4,23.7,6.7,4.4,4.5,1.3,2.1,0.7,0.2,0.9474,0.9709,0.1325,0.8096,0.6457,3.5061,0.7964,0.6011,0.4414,0.8761,0.7872,0.761,3.4668,0.9474,0.9517,0.9517,0.9517,0.0,0.919,0.7439,0.1713,0.6376,2.4718,0.5845,10.3964,0.8706,1,1,0,0,0,2,0,0,0,0,0,0,1,1,0,1,0,0,0,1,4,3854,374,103,50,51,752,540,132,75,2895,340,0,13,82,95,10,16,36.0,9.9,1.2,1.1,18.4,11.1,3.2,1.6,70.7,14.6,0.0,1.0,2.0,2.4,0.2,0.4,49345,0.5326457192055181,4.598398989023017
35,New Mexico,NM,35039,Rio Arriba County,35039944100,Census Tract 9441; Rio Arriba County; New Mexico,26.40858142988,6847,590,2589,144,2068,138,2396,362,187,59,421,93,475,120,749,157,1028,148,1608,323,870,129,179,79,123,81,6359,610,0,26,1108,99,67,25,94,32,339,41,35.1,4.4,6.7,1.9,20.4,4.3,10.7,2.4,10.9,2.0,15.0,2.4,23.5,3.5,12.7,1.7,8.7,3.8,1.9,1.3,92.9,3.9,0.0,1.0,42.8,3.5,3.2,1.2,4.5,1.6,5.0,0.4,0.8227,0.6982,0.362,0.5975,0.7108,3.1912,0.7125,0.4245,0.6202,0.5011,0.7482,0.5824,2.8764,0.7374,0.9286,0.9286,0.9286,0.0,0.9818,0.6597,0.4826,0.9032,3.0273,0.8105,10.0235,0.8319,0,0,0,0,0,0,0,0,0,0,0,0,1,1,0,1,0,0,1,2,3,4804,778,108,53,68,5086,489,29,31,1128,192,0,19,44,22,19,33,37.6,5.1,0.8,1.0,74.3,3.1,0.4,0.4,16.5,2.5,0.0,0.6,0.6,0.3,0.3,0.5,49346,0.006913001265000002,0.33444151075580636
35,New Mexico,NM,35041,Roosevelt County,35041000100,Census Tract 1; Roosevelt County; New Mexico,2.406658322338,4084,547,2200,231,1818,258,1211,441,61,63,688,218,145,100,335,297,904,222,814,191,837,338,81,81,42,79,1760,703,75,86,63,73,39,60,163,129,28,5,29.7,10.1,3.0,3.0,37.8,10.7,5.4,3.9,8.3,6.9,22.1,4.9,19.9,4.0,20.8,7.8,4.5,4.4,1.1,2.0,43.1,16.2,3.4,3.9,2.9,3.4,2.1,3.3,9.0,6.7,0.7,0.1,0.7445,0.2974,0.8205,0.3165,0.5908,2.7697,0.5897,0.7773,0.3904,0.8761,0.4495,0.4774,2.9707,0.7855,0.6026,0.6026,0.6026,0.4611,0.6486,0.5447,0.7149,0.6376,3.0069,0.8036,9.3499,0.7518,0,0,0,0,0,0,0,0,0,0,0,0,0,0,0,0,0,0,0,0,0,4817,432,195,129,131,1425,387,10,21,0,13,0,13,172,125,24,36,23.8,9.1,3.2,3.1,34.9,8.3,0.2,0.5,0.0,1.0,0.0,1.0,4.2,3.1,0.6,0.9,49347,0.0006115146365000001,0.14940102537978464
35,New Mexico,NM,35041,Roosevelt County,35041000200,Census Tract 2; Roosevelt County; New Mexico,3.020498339916,3603,632,1597,211,1262,232,1043,401,88,84,257,128,462,232,348,353,412,142,1034,307,656,214,48,41,116,94,2287,706,100,88,341,176,22,35,197,108,58,6,29.4,10.0,6.6,6.0,20.4,9.4,24.5,11.5,10.1,9.6,11.4,4.5,28.7,6.5,19.0,5.8,3.8,3.2,3.5,2.8,63.5,16.1,6.3,5.4,21.4,9.3,1.7,2.8,15.6,8.2,1.6,0.3,0.7392,0.6898,0.362,0.8981,0.6767,3.3658,0.7608,0.2356,0.8644,0.8252,0.3793,0.703,3.0075,0.803,0.7524,0.7524,0.7524,0.5564,0.9042,0.4919,0.8568,0.7508,3.5601,0.9472,10.6858,0.8977,0,0,0,0,0,0,0,0,0,0,0,0,0,0,0,1,0,0,0,1,1,3319,216,114,0,13,2246,559,0,13,0,13,0,13,41,49,0,13,17.1,8.8,0.0,1.1,62.3,8.1,0.0,1.1,0.0,1.1,0.0,1.1,1.1,1.3,0.0,1.1,49348,0.0007652715340000002,0.14845076503412521
35,New Mexico,NM,35041,Roosevelt County,35041000300,Census Tract 3; Roosevelt County; New Mexico,3.00403379233,4666,544,1752,193,1395,236,1355,518,401,144,432,242,158,96,385,196,361,87,1229,302,1021,297,160,119,48,75,2387,687,0,18,186,112,87,101,35,34,900,31,37.5,13.4,15.7,6.5,31.0,16.5,8.1,4.8,8.4,4.3,7.7,2.1,26.3,5.0,22.4,5.7,11.5,8.3,1.1,1.7,51.2,13.5,0.0,1.0,10.6,6.4,6.2,7.2,2.5,2.4,19.3,2.3,0.8504,0.964,0.6882,0.4757,0.5961,3.5744,0.813,0.0953,0.7724,0.9114,0.8512,0.4774,3.1077,0.8446,0.6685,0.6685,0.6685,0.0,0.7999,0.8233,0.302,0.9708,2.896,0.763,10.2466,0.8555,0,1,0,0,0,1,0,0,1,0,0,1,0,0,0,0,0,0,1,1,3,5521,117,87,225,152,1780,424,70,27,47,68,32,61,233,82,0,13,8.4,6.0,4.8,3.1,38.1,7.2,1.5,0.6,1.0,1.5,0.7,1.3,5.0,2.0,0.0,0.9,49349,0.0007610026925000001,0.1483679461982555
35,New Mexico,NM,35041,Roosevelt County,35041000401,Census Tract 4.01; Roosevelt County; New Mexico,985.489096933384,3257,422,1377,162,1127,149,1323,458,13,15,169,82,478,213,316,163,413,123,991,265,425,121,49,40,263,127,1862,492,0,18,356,136,53,61,14,14,118,9,41.2,13.2,0.9,1.0,15.0,7.0,23.2,9.2,9.9,4.7,12.7,4.0,30.4,5.8,13.3,3.8,4.3,3.5,8.9,4.2,57.2,13.2,0.0,1.3,25.9,9.0,4.7,5.4,1.2,1.3,3.6,0.5,0.8855,0.0624,0.1706,0.8841,0.6681,2.6707,0.5597,0.3,0.9084,0.5405,0.4295,0.8618,3.0402,0.8172,0.7109,0.7109,0.7109,0.0,0.9309,0.7608,0.1602,0.866,2.7179,0.692,9.1397,0.7239,0,0,0,0,0,0,0,1,0,0,0,1,0,0,0,1,0,0,0,1,2,3009,238,96,5,34,1647,469,9,19,100,87,0,13,70,65,31,43,21.1,7.8,0.2,1.0,50.6,9.7,0.3,0.6,3.1,2.8,0.0,1.2,2.1,2.0,1.0,1.3,49350,0.25018580715450006,2.8205483669884024
35,New Mexico,NM,35041,Roosevelt County,35041000402,Census Tract 4.02; Roosevelt County; New Mexico,1452.129642077304,3532,435,1585,162,1359,163,927,341,42,42,223,108,351,154,777,430,742,154,562,172,730,266,56,55,86,74,1418,553,2,13,549,161,18,19,25,27,0,13,26.2,9.1,2.4,2.6,16.4,7.7,13.4,5.7,22.1,10.8,21.0,4.8,15.9,4.5,20.8,7.0,4.1,4.0,2.6,2.2,40.1,14.9,0.1,0.8,34.6,8.6,1.3,1.4,1.8,2.0,0.0,0.4,0.6794,0.2186,0.2165,0.6925,0.9396,2.7466,0.5826,0.7346,0.1876,0.8761,0.4095,0.6439,2.8517,0.7242,0.574,0.574,0.574,0.2553,0.9648,0.4295,0.2287,0.0,1.8783,0.3304,8.0506,0.5652,0,0,0,0,1,1,0,0,0,0,0,0,0,0,0,1,0,0,0,1,2,1573,224,96,0,13,1334,482,7,17,19,21,0,13,58,45,0,13,16.5,7.0,0.0,1.1,37.8,11.0,0.2,0.5,0.5,0.6,0.0,1.1,1.6,1.3,0.0,1.1,49351,0.3680737132362607,2.7578422217562313
35,New Mexico,NM,35043,Sandoval County,35043010503,Census Tract 105.03; Sandoval County; New Mexico,2.552873219228,3538,355,1658,175,1519,183,901,430,68,59,201,112,538,169,322,170,884,234,363,155,759,180,14,26,259,148,2724,460,138,108,525,152,50,45,74,67,0,13,25.5,11.9,3.8,3.3,13.2,7.2,18.6,6.0,9.1,4.8,25.0,5.9,10.3,4.1,21.5,5.7,0.9,1.7,7.8,4.4,77.0,10.5,8.3,6.5,31.7,8.7,3.3,2.9,4.9,4.5,0.0,0.4,0.6651,0.4016,0.1195,0.8166,0.6309,2.6337,0.5478,0.8621,0.0636,0.8932,0.0926,0.8421,2.7536,0.6692,0.8306,0.8306,0.8306,0.6052,0.9557,0.6683,0.5117,0.0,2.7409,0.7011,8.9588,0.6996,0,0,0,0,0,0,0,0,0,0,0,0,0,0,0,1,0,0,0,1,1,5107,202,92,0,13,2523,296,8,14,113,135,0,13,80,121,0,13,13.3,6.4,0.0,1.1,71.3,8.0,0.2,0.4,3.2,3.8,0.0,1.1,2.3,3.4,0.0,1.1,49352,0.0006613542420000002,0.14006627662062013
35,New Mexico,NM,35043,Sandoval County,35043010601,Census Tract 106.01; Sandoval County; New Mexico,6.460980288638,4700,309,2030,158,1805,171,392,224,70,42,303,137,319,145,235,152,1551,308,810,172,668,147,31,29,46,68,1558,515,0,18,53,52,16,17,51,64,26,5,8.4,4.8,3.1,1.9,16.8,7.4,8.7,4.0,5.0,3.2,33.0,6.2,17.2,3.4,14.2,3.0,1.8,1.6,1.0,1.5,33.1,10.7,0.0,0.9,2.6,2.6,0.9,0.9,2.8,3.6,0.6,0.1,0.1778,0.3112,0.2308,0.5057,0.3691,1.5946,0.2372,0.9582,0.2415,0.5971,0.1709,0.4592,2.4269,0.4676,0.5026,0.5026,0.5026,0.0,0.6374,0.3604,0.3337,0.6146,1.9461,0.3576,6.4702,0.3128,0,0,0,0,0,0,1,0,0,0,0,1,0,0,0,0,0,0,0,0,1,3290,184,105,117,105,1186,323,55,41,64,69,0,13,107,91,29,33,10.2,5.8,2.5,2.2,25.2,7.1,1.2,0.9,1.4,1.5,0.0,0.8,2.3,1.9,0.6,0.7,49353,0.0016999467095000003,0.24739522669142666
35,New Mexico,NM,35043,Sandoval County,35043010602,Census Tract 106.02; Sandoval County; New Mexico,4.31882886344,3795,305,1894,200,1769,201,271,137,118,77,313,104,78,57,189,115,1524,217,326,160,636,237,0,18,26,53,1263,398,0,18,140,96,9,19,11,18,0,13,7.1,3.6,6.4,4.0,17.7,5.5,2.4,1.7,5.0,3.0,40.2,5.2,8.6,4.0,16.8,6.0,0.0,1.0,0.7,1.4,33.3,10.1,0.0,1.0,7.4,5.0,0.5,1.1,0.6,1.0,0.0,0.3,0.1357,0.6748,0.2633,0.1202,0.3691,1.5631,0.2284,0.9801,0.0473,0.7377,0.0,0.3984,2.1635,0.3079,0.5046,0.5046,0.5046,0.0,0.7521,0.2792,0.0912,0.0,1.1225,0.1065,5.3537,0.1604,0,0,0,0,0,0,1,0,0,0,0,1,0,0,0,0,0,0,0,0,1,1483,240,190,66,77,992,235,39,42,135,138,0,13,31,26,0,13,13.6,9.8,1.7,2.0,26.1,5.2,1.0,1.1,3.6,3.7,0.0,1.0,0.8,0.7,0.0,1.0,49354,0.0011075091455000003,0.18884163425036812
35,New Mexico,NM,35043,Sandoval County,35043010702,Census Tract 107.02; Sandoval County; New Mexico,3.616185771964,8105,1029,3199,341,3151,364,937,424,200,134,471,154,243,105,243,196,1986,266,1336,371,1102,284,53,67,9,75,3860,1191,0,26,50,69,53,63,23,27,186,13,11.9,5.2,5.1,3.7,14.9,4.6,4.3,1.9,3.1,2.3,24.5,3.9,16.5,3.6,14.0,4.0,1.7,2.1,0.1,0.9,47.6,13.4,0.0,0.8,1.6,2.2,1.7,2.0,0.7,0.8,2.3,0.3,0.2932,0.5535,0.1678,0.2443,0.2073,1.4661,0.2016,0.85,0.2108,0.5851,0.1619,0.229,2.0368,0.2405,0.6406,0.6406,0.6406,0.0,0.5875,0.4919,0.1028,0.8039,1.9861,0.3741,6.1296,0.2622,0,0,0,0,0,0,0,0,0,0,0,0,0,0,0,0,0,0,0,0,0,5197,135,88,181,127,3350,919,55,58,22,37,0,19,252,135,0,19,4.3,2.8,2.2,1.6,41.3,7.8,0.7,0.7,0.3,0.5,0.0,0.5,3.1,1.7,0.0,0.5,49355,0.0009444647340000002,0.20668193179325292
35,New Mexico,NM,35043,Sandoval County,35043010705,Census Tract 107.05; Sandoval County; New Mexico,1.580799657908,5705,779,2202,235,2123,283,527,215,320,197,561,176,238,137,317,154,1349,328,1047,314,706,272,80,88,117,175,2655,999,0,26,0,19,46,50,34,38,6,3,9.2,3.6,10.5,6.2,26.4,7.5,5.8,3.5,5.6,2.6,23.6,4.9,18.4,4.4,12.4,4.1,3.7,4.1,2.2,3.3,46.5,16.3,0.0,1.2,0.0,1.8,2.2,2.3,1.6,1.8,0.1,0.1,0.2045,0.8829,0.5652,0.3423,0.4148,2.4097,0.4778,0.8262,0.3022,0.4813,0.3689,0.611,2.5896,0.5689,0.6316,0.6316,0.6316,0.0,0.0,0.5567,0.2067,0.3692,1.1326,0.1084,6.7635,0.3576,0,0,0,0,0,0,0,0,0,0,0,0,0,0,0,0,0,0,0,0,0,4191,102,93,218,253,2171,453,31,49,137,155,0,19,98,75,0,19,4.8,4.5,3.8,4.4,38.1,6.4,0.5,0.9,2.4,2.7,0.0,0.7,1.7,1.3,0.0,0.7,49356,0.0004053839335000001,0.08866303612704927
35,New Mexico,NM,35043,Sandoval County,35043010712,Census Tract 107.12; Sandoval County; New Mexico,1.512033733402,5722,535,2250,206,2135,210,989,436,96,68,697,254,359,147,432,191,781,137,1567,380,643,142,199,111,30,78,3543,727,0,26,92,96,24,30,30,36,0,19,17.3,7.4,3.1,2.2,32.6,11.5,9.7,3.9,7.5,3.3,13.6,2.3,27.4,5.2,11.2,2.5,9.3,5.1,0.6,1.4,61.9,11.3,0.0,1.2,4.1,4.4,1.1,1.4,1.4,1.7,0.0,0.3,0.4612,0.3112,0.7235,0.5551,0.5433,2.5943,0.5356,0.3477,0.8189,0.3969,0.7751,0.3747,2.7133,0.6457,0.7421,0.7421,0.7421,0.0,0.6831,0.3967,0.1834,0.0,1.2632,0.136,7.3129,0.446,0,0,0,0,0,0,0,0,0,0,0,0,0,0,0,0,0,0,0,0,0,2537,88,72,126,85,2616,544,187,129,384,424,31,38,199,129,0,19,4.1,3.3,2.2,1.5,45.7,9.7,3.3,2.2,6.7,7.3,0.5,0.7,3.5,2.1,0.0,0.7,49357,0.0003866279815000001,0.08628879692405637
35,New Mexico,NM,35043,Sandoval County,35043010713,Census Tract 107.13; Sandoval County; New Mexico,1.832960171394,5166,755,2243,258,2123,266,1070,440,164,100,822,263,394,285,438,266,855,249,932,293,1054,382,150,120,143,139,3045,987,0,26,152,100,31,54,0,19,0,19,20.8,8.0,5.9,3.4,38.7,11.4,10.1,6.9,8.5,4.9,16.6,4.0,18.0,4.6,20.4,6.3,7.1,5.6,3.0,2.9,58.9,17.1,0.0,1.2,6.8,4.5,1.5,2.5,0.0,1.9,0.0,0.4,0.5562,0.6328,0.8345,0.5724,0.6008,3.1967,0.7142,0.5127,0.2803,0.8667,0.6586,0.6734,2.9917,0.7955,0.7222,0.7222,0.7222,0.0,0.741,0.4622,0.0,0.0,1.2032,0.1221,8.1138,0.5754,0,0,0,0,0,0,0,0,0,0,0,0,0,0,0,0,0,0,0,0,0,2227,276,144,93,88,2441,630,217,144,173,197,0,19,121,113,0,19,13.0,6.9,1.8,1.7,47.3,9.8,4.2,2.9,3.3,3.9,0.0,0.8,2.3,2.2,0.0,0.8,49358,0.0004722054895000001,0.11824214192467448
35,New Mexico,NM,35043,Sandoval County,35043010714,Census Tract 107.14; Sandoval County; New Mexico,1.375933164504,4895,492,1999,165,1965,169,731,322,126,108,607,170,106,78,381,214,1221,220,1042,241,716,168,161,95,50,68,2415,629,96,83,0,13,9,18,18,29,13,6,15.0,6.4,6.2,5.0,30.9,8.2,2.9,2.0,7.8,4.0,24.9,3.9,21.3,3.9,14.7,3.4,8.2,4.8,1.1,1.4,49.3,11.9,4.8,4.1,0.0,2.0,0.5,0.9,0.9,1.5,0.3,0.1,0.3937,0.6579,0.6856,0.1518,0.5615,2.4505,0.4903,0.8593,0.4788,0.6281,0.7238,0.4774,3.1674,0.8676,0.6542,0.6542,0.6542,0.5125,0.0,0.2792,0.1264,0.5038,1.4219,0.1756,7.694,0.5083,0,0,0,0,0,0,0,0,0,0,0,0,0,0,0,0,0,0,0,0,0,2808,46,38,370,243,1842,465,4,10,21,27,1,2,158,111,19,31,2.3,1.9,7.6,4.8,37.6,8.2,0.1,0.2,0.4,0.6,0.0,0.1,3.2,2.3,0.4,0.6,49359,0.0003502554350000001,0.09435009263680194
35,New Mexico,NM,35043,Sandoval County,35043010715,Census Tract 107.15; Sandoval County; New Mexico,0.917124682986,3845,447,1886,181,1813,175,645,275,77,50,497,194,59,44,148,71,1164,248,682,242,937,264,249,143,0,52,1986,547,262,145,8,13,0,18,202,151,11,3,16.9,6.9,4.5,3.1,27.4,10.4,2.0,1.5,3.8,1.9,30.3,7.5,17.7,5.1,24.4,7.6,13.7,7.8,0.0,1.4,51.7,12.9,13.9,7.6,0.4,0.7,0.0,1.0,11.1,8.2,0.3,0.1,0.4499,0.4875,0.594,0.0954,0.2682,1.895,0.3224,0.9396,0.2655,0.9427,0.9013,0.0,3.0491,0.8211,0.6725,0.6725,0.6725,0.7069,0.4752,0.0,0.7761,0.5038,2.462,0.5803,8.0786,0.5699,0,0,0,0,0,0,1,0,1,1,0,3,0,0,0,0,0,0,0,0,3,1891,248,119,269,220,1444,474,0,13,87,95,0,13,186,125,0,13,13.7,6.4,7.0,5.8,37.6,9.1,0.0,1.0,2.3,2.5,0.0,1.0,4.8,3.2,0.0,1.0,49360,0.00023881297450000007,0.09994252832540645
35,New Mexico,NM,35043,Sandoval County,35043010719,Census Tract 107.19; Sandoval County; New Mexico,1.6487578570299999,3692,413,1416,141,1390,144,446,197,148,90,220,93,82,49,255,143,906,212,726,182,667,186,50,43,81,99,1890,556,0,18,48,47,13,19,8,13,1,2,12.1,5.2,7.7,4.5,15.8,6.5,3.0,1.8,6.9,3.8,24.5,5.2,19.7,3.7,18.1,4.0,3.6,3.1,2.3,2.8,51.2,13.9,0.0,1.3,3.4,3.3,0.9,1.4,0.6,0.9,0.0,0.1,0.2998,0.7645,0.1962,0.1583,0.5058,1.9246,0.3313,0.85,0.3781,0.7925,0.3577,0.6196,2.9979,0.7984,0.6685,0.6685,0.6685,0.0,0.6641,0.3604,0.0912,0.0,1.1157,0.1054,6.7067,0.3488,0,0,0,0,0,0,0,0,0,0,0,0,0,0,0,0,0,0,0,0,0,2048,112,52,71,53,1473,475,87,61,68,72,0,13,191,124,0,13,8.1,3.7,1.9,1.4,39.9,10.7,2.4,1.7,1.8,1.9,0.0,1.1,5.2,3.3,0.0,1.1,49361,0.0004226038235000001,0.08350105180519904
35,New Mexico,NM,35043,Sandoval County,35043010721,Census Tract 107.21; Sandoval County; New Mexico,1.794462327076,4591,446,2104,185,2054,205,1039,359,154,133,451,144,315,115,252,94,686,202,709,196,609,252,175,91,38,66,2763,566,0,18,28,46,8,19,21,24,0,13,22.7,7.5,6.0,4.9,22.0,6.7,9.0,3.1,5.6,2.1,14.9,4.4,15.4,3.8,13.5,5.3,8.6,4.3,0.9,1.5,60.2,10.9,0.0,0.9,1.3,2.2,0.4,0.9,1.0,1.2,0.0,0.3,0.603,0.6412,0.4206,0.5217,0.4148,2.6013,0.5377,0.419,0.1701,0.5538,0.7434,0.4404,2.3267,0.4046,0.731,0.731,0.731,0.0,0.5671,0.2644,0.1378,0.0,0.9693,0.0792,6.6283,0.3369,0,0,0,0,0,0,0,0,0,0,0,0,0,0,0,0,0,0,0,0,0,2451,106,73,77,49,2431,413,24,40,101,94,0,13,130,76,0,13,5.2,3.5,1.7,1.1,53.0,6.5,0.5,0.9,2.2,2.1,0.0,0.9,2.8,1.6,0.0,0.9,49362,0.00046023797200000013,0.0886060270629279
35,New Mexico,NM,35043,Sandoval County,35043010722,Census Tract 107.22; Sandoval County; New Mexico,23.952815180264,5933,695,2004,142,1889,135,623,273,130,76,488,168,250,143,377,187,648,107,1652,352,755,179,176,100,6,74,3322,829,0,26,284,109,23,25,51,60,0,19,10.6,4.5,4.7,2.7,25.8,8.7,6.5,3.6,6.4,3.0,10.9,2.0,27.8,3.6,12.8,3.0,9.3,5.3,0.1,1.3,56.0,12.3,0.0,1.3,14.2,5.3,1.2,1.3,2.7,3.1,0.0,0.3,0.2502,0.5102,0.5465,0.3859,0.4725,2.1653,0.4039,0.213,0.8344,0.5075,0.7751,0.229,2.559,0.5504,0.7027,0.7027,0.7027,0.0,0.843,0.4136,0.3229,0.0,1.5795,0.2221,7.0065,0.3965,0,0,0,0,0,0,0,0,0,0,0,0,0,0,0,0,0,0,0,0,0,2261,110,63,62,82,2991,568,0,19,65,78,0,19,204,114,0,19,5.8,3.4,1.0,1.4,50.4,6.7,0.0,0.7,1.1,1.3,0.0,0.7,3.4,1.9,0.0,0.7,49363,0.006129452157000001,0.42493440994018283
35,New Mexico,NM,35043,Sandoval County,35043010724,Census Tract 107.24; Sandoval County; New Mexico,1.071722240398,2958,797,1056,193,1012,204,412,182,98,75,227,126,65,60,376,251,495,288,620,403,159,119,104,76,72,73,1942,834,72,70,4,7,54,58,0,13,0,13,13.9,4.9,6.0,4.7,22.4,11.6,3.2,3.0,12.9,8.2,16.7,10.4,21.0,9.3,5.4,3.9,10.3,7.2,2.6,2.5,65.7,21.9,6.8,6.5,0.4,0.6,5.3,5.6,0.0,3.9,0.0,0.4,0.3584,0.6412,0.4349,0.1718,0.781,2.3873,0.4713,0.5181,0.4596,0.055,0.8132,0.6439,2.4898,0.5078,0.7658,0.7658,0.7658,0.5698,0.4752,0.7893,0.0,0.0,1.8343,0.3127,7.4772,0.4728,0,0,0,0,0,0,0,0,0,0,0,0,0,0,0,0,0,0,0,0,0,4536,19,33,136,155,1514,838,0,13,204,199,0,13,88,109,0,13,1.9,3.3,4.6,5.2,51.2,16.9,0.0,1.3,6.9,7.1,0.0,1.3,3.0,3.7,0.0,1.3,49364,0.0002750810165000001,0.06680933389863825
35,New Mexico,NM,35043,Sandoval County,35043010725,Census Tract 107.25; Sandoval County; New Mexico,3.654996745004,8787,878,3274,379,3111,346,612,345,279,133,734,285,528,262,73,67,1069,339,2373,447,955,269,216,160,298,182,5203,1150,14,30,14,25,20,38,31,37,1,3,7.0,3.9,6.3,3.1,23.6,8.8,9.4,4.5,0.8,0.8,12.2,3.6,27.0,4.1,10.9,3.2,7.0,5.1,3.6,2.2,59.2,11.7,0.4,0.9,0.4,0.8,0.6,1.2,1.0,1.2,0.0,0.0,0.1323,0.6664,0.4759,0.5415,0.0344,1.8505,0.3095,0.2742,0.8031,0.3753,0.6522,0.7082,2.813,0.7034,0.7242,0.7242,0.7242,0.2723,0.4752,0.2983,0.1378,0.0,1.1836,0.118,6.5713,0.3282,0,0,0,0,0,0,0,0,0,0,0,0,0,0,0,0,0,0,0,0,0,2882,70,64,141,133,4568,834,147,96,0,19,19,43,328,203,0,19,2.3,2.0,1.6,1.5,52.0,7.7,1.7,1.1,0.0,0.5,0.2,0.5,3.7,2.2,0.0,0.5,49365,0.0009393376180000003,0.20178462529410154
35,New Mexico,NM,35043,Sandoval County,35043010726,Census Tract 107.26; Sandoval County; New Mexico,6.261905325234,6798,1152,2031,229,1985,238,402,261,36,42,275,137,104,60,206,159,1004,165,2390,777,686,224,89,81,38,83,3607,1342,0,26,0,19,106,84,18,23,0,19,5.9,3.7,1.3,1.5,13.9,6.7,2.5,1.4,3.0,2.4,14.8,3.2,35.2,6.3,10.1,3.5,4.5,4.0,0.6,1.3,53.1,17.6,0.0,1.3,0.0,1.9,5.3,4.2,0.9,1.2,0.0,0.3,0.0983,0.0949,0.138,0.1265,0.1984,0.6561,0.0351,0.4133,0.9734,0.3175,0.4495,0.3747,2.5284,0.5305,0.6822,0.6822,0.6822,0.0,0.0,0.7893,0.1264,0.0,0.9157,0.0704,4.7824,0.1012,0,0,0,0,0,0,0,1,0,0,0,1,0,0,0,0,0,0,0,0,1,3301,75,51,111,129,2690,730,155,119,208,161,0,19,314,185,129,147,3.8,2.6,1.6,1.9,39.6,7.3,2.3,1.8,3.1,2.2,0.0,0.6,4.6,2.6,1.9,2.2,49366,0.0016067057710000003,0.21543092384754617
35,New Mexico,NM,35043,Sandoval County,35043010727,Census Tract 107.27; Sandoval County; New Mexico,19.417247573022,3272,404,1029,114,1029,114,223,158,90,77,152,90,29,35,118,101,342,102,1032,217,323,168,42,48,0,52,1548,545,0,18,19,31,20,35,0,13,0,13,6.8,4.8,6.3,5.2,14.8,8.6,1.6,1.9,3.6,3.1,10.5,2.9,31.5,4.2,9.9,4.8,4.1,4.6,0.0,1.7,47.3,15.6,0.0,1.7,1.8,3.0,1.9,3.4,0.0,3.8,0.0,0.4,0.1261,0.6664,0.1647,0.0725,0.2509,1.2806,0.1547,0.1959,0.9302,0.303,0.4095,0.0,1.8386,0.1541,0.6381,0.6381,0.6381,0.0,0.5993,0.5193,0.0,0.0,1.1186,0.1059,4.8759,0.1101,0,0,0,0,0,0,0,1,0,0,0,1,0,0,0,0,0,0,0,0,1,6637,56,64,49,62,829,331,56,82,463,358,31,46,120,185,0,13,5.4,5.9,1.5,1.9,25.3,8.8,1.7,2.5,14.2,10.5,0.9,1.4,3.7,5.5,0.0,1.2,49367,0.004981892527500001,0.35464380698066117
35,New Mexico,NM,35043,Sandoval County,35043010728,Census Tract 107.28; Sandoval County; New Mexico,4.229335439166,2426,283,1039,131,991,149,52,64,134,115,167,116,65,68,68,76,887,225,326,141,294,104,17,29,7,51,1098,410,0,18,0,13,8,18,56,79,0,13,2.1,2.6,11.3,8.2,16.9,11.4,3.2,3.3,2.8,3.2,36.6,7.6,13.4,5.6,12.1,3.8,1.7,2.9,0.3,2.1,45.3,16.1,0.0,1.7,0.0,3.8,0.8,1.8,5.7,7.6,0.0,0.5,0.0146,0.903,0.2343,0.1718,0.1804,1.5041,0.2121,0.9723,0.1145,0.4604,0.1619,0.285,1.9941,0.2196,0.6213,0.6213,0.6213,0.0,0.0,0.3391,0.5646,0.0,0.9037,0.0685,5.0232,0.1241,0,1,0,0,0,1,1,0,0,0,0,1,0,0,0,0,0,0,0,0,2,4035,74,84,0,13,862,193,68,62,104,74,0,13,25,29,39,58,7.5,7.9,0.0,1.6,35.5,8.4,2.8,2.6,4.3,3.0,0.0,1.6,1.0,1.2,1.6,2.4,49368,0.0010868858915000002,0.17432189795455635
35,New Mexico,NM,35043,Sandoval County,35043010729,Census Tract 107.29; Sandoval County; New Mexico,3.164240639598,8277,759,2996,368,2891,393,618,301,24,30,393,153,348,117,127,95,1177,144,2089,416,1136,318,204,172,1,73,4992,903,202,159,0,19,163,121,43,45,11,2,7.7,3.7,0.6,0.8,13.6,5.0,6.3,2.2,1.5,1.2,14.2,2.0,25.2,4.0,13.8,3.7,7.1,5.9,0.0,0.9,60.3,9.4,6.7,5.2,0.0,1.3,5.6,4.1,1.5,1.5,0.1,0.0,0.155,0.0427,0.1297,0.3739,0.0777,0.779,0.0521,0.3797,0.7177,0.5727,0.6586,0.0,2.3287,0.4056,0.7318,0.7318,0.7318,0.5669,0.0,0.8017,0.1949,0.3692,1.9327,0.3519,5.7722,0.2126,0,0,0,0,0,0,0,0,0,0,0,0,0,0,0,0,0,0,0,0,0,13211,218,89,234,246,3838,644,341,231,435,263,36,47,108,119,0,19,7.5,3.1,2.8,2.9,46.4,5.8,4.1,2.8,5.3,3.1,0.4,0.6,1.3,1.5,0.0,0.5,49369,0.0008112368230000002,0.13431642525846157
35,New Mexico,NM,35043,Sandoval County,35043010730,Census Tract 107.30; Sandoval County; New Mexico,4.494571682984,1703,349,538,134,538,134,256,146,94,49,149,89,102,85,103,84,165,76,376,102,265,123,14,23,14,53,950,441,0,18,50,36,14,23,20,21,19,5,15.1,8.0,10.9,6.3,27.7,15.0,9.1,7.9,6.1,5.2,9.7,4.5,22.1,4.7,15.8,7.8,2.6,4.2,0.8,3.1,55.8,23.2,0.0,3.3,9.3,7.3,2.6,4.2,3.7,3.9,1.1,0.2,0.3965,0.8937,0.6025,0.5272,0.451,2.8709,0.6196,0.164,0.5304,0.689,0.2535,0.4204,2.0573,0.2505,0.7011,0.7011,0.7011,0.0,0.7821,0.6023,0.4183,0.7006,2.5033,0.5981,8.1326,0.5784,0,0,0,0,0,0,0,0,0,0,0,0,0,0,0,0,0,0,0,0,0,3238,32,36,93,108,705,204,0,13,129,167,0,13,23,36,0,13,5.9,6.5,5.5,6.5,41.4,10.1,0.0,2.3,7.6,9.7,0.0,2.3,1.4,2.0,0.0,2.3,49370,0.0011543421170000002,0.14700074452734632
35,New Mexico,NM,35043,Sandoval County,35043010731,Census Tract 107.31; Sandoval County; New Mexico,1.782169997702,8300,997,2862,201,2769,223,585,357,182,127,526,184,124,116,314,181,886,190,2705,502,774,278,251,129,65,101,4391,1392,175,97,0,19,18,33,97,101,7,4,7.1,4.2,4.6,3.1,19.0,6.5,2.5,2.4,3.8,2.1,10.7,2.6,32.6,2.9,9.3,3.5,9.1,4.6,0.8,1.3,52.9,15.5,6.1,3.4,0.0,1.4,0.7,1.2,3.5,3.6,0.1,0.0,0.1357,0.4994,0.3106,0.1265,0.2682,1.3404,0.1693,0.2043,0.9474,0.2605,0.7667,0.4204,2.5993,0.575,0.6809,0.6809,0.6809,0.5509,0.0,0.3188,0.401,0.3692,1.6399,0.2423,6.2605,0.2816,0,0,0,0,0,0,0,1,0,0,0,1,0,0,0,0,0,0,0,0,1,5400,156,105,173,151,3343,467,408,129,197,295,0,19,270,243,0,19,5.6,3.8,2.1,1.9,40.3,5.9,4.9,1.6,2.4,3.5,0.0,0.5,3.3,3.0,0.0,0.5,49371,0.0004566233325000001,0.08653609191363396
35,New Mexico,NM,35043,Sandoval County,35043010732,Census Tract 107.32; Sandoval County; New Mexico,1.697905166712,6442,673,2862,247,2621,276,1485,452,215,150,747,208,457,228,385,232,1972,263,911,240,1467,360,128,98,111,108,3140,867,529,159,203,150,62,61,324,109,474,42,24.2,6.9,7.7,5.2,28.5,7.3,9.2,4.7,6.2,3.7,30.6,4.2,14.1,3.2,23.6,5.2,4.9,3.7,1.8,1.7,48.7,12.5,18.5,5.3,7.1,5.0,2.4,2.3,12.4,4.1,7.4,1.0,0.6372,0.7645,0.6249,0.5321,0.458,3.0167,0.6638,0.9422,0.1316,0.9322,0.4881,0.572,3.0661,0.828,0.6496,0.6496,0.6496,0.7663,0.7465,0.5801,0.8053,0.9342,3.8324,0.9811,10.5648,0.8864,0,0,0,0,0,0,1,0,1,0,0,2,0,0,0,0,0,0,1,1,3,6715,486,189,109,83,2706,516,21,38,98,97,0,19,133,104,73,99,18.5,6.9,1.7,1.3,42.0,6.4,0.3,0.6,1.5,1.5,0.0,0.6,2.1,1.6,1.1,1.5,49372,0.0004355265430000001,0.10095625470360028
35,New Mexico,NM,35043,Sandoval County,35043010733,Census Tract 107.33; Sandoval County; New Mexico,1.156724526208,5294,798,1868,217,1787,209,613,420,158,165,352,163,73,58,338,236,282,123,1532,416,504,203,176,139,89,136,2803,1062,0,26,101,117,56,65,38,36,0,19,11.6,7.7,5.6,5.3,19.7,8.8,2.3,1.9,6.4,4.2,5.3,2.6,28.9,4.9,9.6,3.9,9.8,7.7,1.8,2.7,52.9,18.4,0.0,1.4,5.4,5.9,3.2,3.6,2.1,2.0,0.0,0.4,0.2834,0.6041,0.3366,0.1139,0.4725,1.8105,0.2977,0.0418,0.8705,0.2816,0.7949,0.572,2.5608,0.5516,0.6809,0.6809,0.6809,0.0,0.7137,0.6597,0.2614,0.0,1.6348,0.2408,6.687,0.3458,0,0,0,0,0,0,0,0,0,0,0,0,0,0,0,0,0,0,0,0,0,1751,114,110,105,121,2669,894,0,19,29,42,0,19,0,19,0,19,6.4,5.8,2.0,2.3,50.4,13.4,0.0,0.8,0.5,0.8,0.0,0.8,0.0,0.8,0.0,0.8,49373,0.00029637776400000005,0.09314260092867746
35,New Mexico,NM,35043,Sandoval County,35043010734,Census Tract 107.34; Sandoval County; New Mexico,69.051582842904,5868,916,2274,242,2198,257,876,531,144,106,431,214,92,78,202,122,598,156,1626,285,536,227,214,154,0,76,3206,1199,0,26,83,83,0,26,0,19,0,19,14.9,8.7,5.1,4.0,19.6,9.5,2.4,2.0,3.4,2.0,10.2,3.0,27.7,3.4,9.1,4.2,9.7,6.9,0.0,1.4,54.6,18.6,0.0,1.1,3.6,3.6,0.0,1.2,0.0,1.8,0.0,0.3,0.3907,0.5535,0.3327,0.1202,0.2335,1.6306,0.2472,0.1841,0.8308,0.2465,0.7909,0.0,2.0523,0.2479,0.693,0.693,0.693,0.0,0.6699,0.0,0.0,0.0,0.6699,0.0395,5.0458,0.1265,0,0,0,0,0,0,0,0,0,0,0,0,0,0,0,0,0,0,0,0,0,3319,72,69,159,107,2482,519,20,18,0,19,26,33,519,276,0,19,3.3,3.1,2.7,1.8,42.3,7.3,0.3,0.3,0.0,0.7,0.4,0.6,8.8,4.9,0.0,0.7,49374,0.017750044376000005,0.724440372696415
35,New Mexico,NM,35043,Sandoval County,35043010900,Census Tract 109; Sandoval County; New Mexico,1228.330176097516,2285,355,1260,106,821,110,915,276,39,29,151,66,354,128,264,115,382,134,624,232,302,131,6,15,108,88,2031,364,0,18,367,99,23,28,58,53,1,2,41.4,10.8,4.8,3.5,18.4,7.7,23.2,7.0,11.6,4.4,16.7,6.1,27.3,8.1,13.2,5.9,0.7,1.8,4.9,4.0,88.9,7.9,0.0,1.4,29.1,7.5,2.8,3.4,7.1,6.4,0.0,0.1,0.8873,0.5216,0.2883,0.8841,0.7368,3.3181,0.7474,0.5181,0.8152,0.5338,0.0768,0.7644,2.7083,0.6426,0.9004,0.9004,0.9004,0.0,0.946,0.6221,0.6383,0.0,2.2064,0.4672,9.1332,0.7231,0,0,0,0,0,0,0,0,0,0,0,0,1,1,0,1,0,0,0,1,2,1707,346,100,83,61,1350,303,0,13,563,247,0,13,35,45,0,13,42.1,10.8,3.6,2.7,59.1,9.6,0.0,1.7,24.6,9.3,0.0,1.7,1.5,2.0,0.0,1.7,49375,0.31658216895450025,4.166277911850032
35,New Mexico,NM,35043,Sandoval County,35043011101,Census Tract 111.01; Sandoval County; New Mexico,15.204506025612,3233,309,1347,137,1331,136,390,151,66,39,225,109,80,47,202,121,1226,182,363,130,473,124,9,8,123,142,1504,421,19,29,89,58,19,29,14,11,0,13,12.1,4.5,4.5,2.6,16.9,8.0,3.0,1.7,6.2,3.6,37.9,4.9,11.2,3.6,14.6,3.9,0.7,0.6,4.0,4.6,46.5,12.2,1.4,2.1,6.6,4.4,1.4,2.2,1.1,0.9,0.0,0.4,0.2998,0.4875,0.2343,0.1583,0.458,1.6379,0.2492,0.9757,0.0745,0.6222,0.0768,0.7277,2.4769,0.4997,0.6316,0.6316,0.6316,0.3588,0.7376,0.4461,0.149,0.0,1.6915,0.2599,6.4379,0.308,0,0,0,0,0,0,1,0,0,0,0,1,0,0,0,0,0,0,0,0,1,1631,173,59,0,13,269,110,51,40,1108,285,0,13,76,57,0,13,13.0,4.7,0.0,1.2,8.3,3.6,1.6,1.3,34.3,7.5,0.0,1.2,2.4,1.8,0.0,1.2,49376,0.003913364345000001,0.3808094423373428
35,New Mexico,NM,35043,Sandoval County,35043011102,Census Tract 111.02; Sandoval County; New Mexico,202.035652227504,3051,366,1661,134,1416,144,678,274,81,80,130,66,174,102,311,199,909,168,296,117,504,220,3,15,29,60,1360,491,19,26,138,62,0,18,30,34,0,13,22.2,8.6,6.5,6.6,9.2,4.6,6.6,3.7,10.2,6.2,29.8,5.1,9.7,3.6,16.5,6.6,0.2,1.1,1.0,2.1,44.6,15.2,1.1,1.6,8.3,3.8,0.0,1.3,2.1,2.4,0.0,0.4,0.5907,0.6825,0.0398,0.3921,0.6815,2.3866,0.4711,0.9354,0.0572,0.7241,0.0573,0.4592,2.2332,0.3481,0.6154,0.6154,0.6154,0.3378,0.7662,0.0,0.2614,0.0,1.3654,0.1606,6.6006,0.333,0,0,0,0,0,0,1,0,0,0,0,1,0,0,0,0,0,0,0,0,1,1739,193,69,0,13,701,220,43,49,593,251,0,13,23,31,0,13,13.6,4.8,0.0,1.3,23.0,7.3,1.4,1.6,19.4,7.3,0.0,1.3,0.8,1.0,0.0,1.3,49377,0.051896109445500015,1.319681338238762
35,New Mexico,NM,35043,Sandoval County,35043011200,Census Tract 112; Sandoval County; New Mexico,692.654832350734,3033,486,1714,165,1175,176,594,195,89,39,158,80,125,55,290,125,484,112,709,277,379,137,8,10,18,53,2187,535,0,18,319,115,54,25,38,30,46,6,19.6,5.6,6.0,2.7,13.4,6.5,5.7,2.5,9.6,4.1,16.0,4.4,23.4,6.4,12.5,4.6,0.7,0.8,0.6,1.9,72.1,13.3,0.0,1.1,18.6,6.9,4.6,2.0,3.2,2.6,1.5,0.3,0.5249,0.6412,0.1244,0.336,0.6544,2.2809,0.4387,0.4795,0.6136,0.4877,0.0768,0.3747,2.0323,0.2383,0.8027,0.8027,0.8027,0.0,0.8836,0.7553,0.3734,0.7419,2.7542,0.7061,7.8701,0.5367,0,0,0,0,0,0,0,0,0,0,0,0,0,0,0,0,0,0,0,0,0,1414,279,94,4,7,591,206,116,97,1257,364,0,13,215,245,4,7,23.7,7.8,0.1,0.2,19.5,6.3,3.8,3.2,41.4,9.5,0.0,1.3,7.1,7.7,0.1,0.2,49378,0.17891097260600006,3.480221760750868
35,New Mexico,NM,35043,Sandoval County,35043940200,Census Tract 9402; Sandoval County; New Mexico,105.523303247726,3233,400,826,82,743,82,811,238,106,55,60,29,250,82,580,172,238,64,957,196,342,87,58,30,73,56,3177,405,0,18,237,80,175,55,39,17,9,3,25.2,6.7,6.9,3.2,8.1,3.8,13.3,4.1,18.0,4.7,7.4,1.9,29.6,4.1,10.6,2.5,7.8,3.9,2.5,1.9,98.3,3.0,0.0,2.2,28.7,9.2,23.6,6.9,5.2,2.3,0.3,0.1,0.6586,0.7132,0.027,0.6892,0.8934,2.9814,0.6529,0.087,0.8897,0.3535,0.702,0.636,2.6682,0.618,0.9765,0.9765,0.9765,0.0,0.9445,0.9857,0.532,0.5038,2.966,0.7895,9.5921,0.7817,0,0,0,0,0,0,0,0,0,0,0,0,1,1,0,1,1,0,0,2,3,1714,279,64,0,13,1137,315,0,13,2007,373,0,13,33,37,0,13,37.6,9.4,0.0,1.2,35.2,8.3,0.0,1.2,62.1,8.9,0.0,1.2,1.0,1.2,0.0,1.2,49379,0.027263033679000008,0.8669898880362409
35,New Mexico,NM,35043,Sandoval County,35043940300,Census Tract 9403; Sandoval County; New Mexico,0.763573075892,0,13,0,13,0,13,0,13,0,13,0,26,0,13,0,13,0,13,0,13,0,13,0,18,0,52,0,18,0,18,0,13,0,18,0,13,0,13,-999.0,-999.0,-999.0,-999.0,-999.0,-999.0,-999.0,-999.0,-999.0,-999.0,-999.0,-999.0,-999.0,-999.0,-999.0,-999.0,-999.0,-999.0,-999.0,-999.0,-999.0,-999.0,-999.0,-999.0,-999.0,-999.0,-999.0,-999.0,-999.0,-999.0,-999.0,-999.0,-999.0,-999.0,-999.0,-999.0,-999.0,-999.0,-999.0,-999.0,-999.0,-999.0,-999.0,-999.0,-999.0,-999.0,-999.0,-999.0,-999.0,-999.0,-999.0,-999.0,-999.0,-999.0,-999.0,-999.0,-999.0,-999.0,-999,-999,-999,-999,-999,-999,-999,-999,-999,-999,-999,-999,-999,-999,-999,-999,-999,-999,-999,-999,-999,0,0,13,0,13,0,13,0,13,0,13,0,13,0,13,0,13,-999.0,-999.0,-999.0,-999.0,-999.0,-999.0,-999.0,-999.0,-999.0,-999.0,-999.0,-999.0,-999.0,-999.0,-999.0,-999.0,49380,0.00019641797200000005,0.08282985168334248
35,New Mexico,NM,35043,Sandoval County,35043940500,Census Tract 9405; Sandoval County; New Mexico,1.535626496112,4242,306,1853,160,1740,162,1678,220,190,48,463,80,832,131,565,88,876,168,737,108,927,141,135,77,375,82,3594,334,14,9,706,104,41,17,104,66,0,13,39.7,4.3,9.4,2.1,26.6,3.9,26.4,3.6,13.3,2.1,20.7,3.6,17.4,2.1,21.9,3.0,7.8,4.4,9.1,1.9,84.7,5.0,0.8,0.5,38.1,4.6,2.4,1.0,6.0,3.6,0.0,0.3,0.873,0.8465,0.571,0.9151,0.7932,3.9988,0.9073,0.7219,0.2506,0.9019,0.702,0.8651,3.4415,0.9421,0.8739,0.8739,0.8739,0.3121,0.973,0.5801,0.5819,0.0,2.4471,0.5736,10.7613,0.9044,0,0,0,1,0,1,0,0,1,0,0,1,0,0,0,1,0,0,0,1,3,2492,430,122,20,16,3373,276,0,13,153,59,3,5,38,26,7,6,24.7,5.6,0.5,0.4,79.5,3.4,0.0,0.9,3.6,1.4,0.1,0.1,0.9,0.6,0.2,0.1,49381,0.0003992643220000001,0.09864329925783247
35,New Mexico,NM,35043,Sandoval County,35043940600,Census Tract 9406; Sandoval County; New Mexico,67.563378166636,2132,388,563,70,513,71,767,377,33,28,12,28,186,76,154,84,262,68,738,245,187,67,42,29,37,55,2127,388,0,18,78,44,56,35,49,34,6,3,36.4,16.6,3.6,3.0,2.3,5.4,14.6,5.8,7.2,4.3,12.3,3.5,34.6,6.1,8.8,3.2,8.2,5.5,1.9,2.8,99.8,1.2,0.0,3.2,13.9,7.2,11.0,6.7,9.6,6.4,0.3,0.1,0.8378,0.3773,0.0025,0.7272,0.5253,2.4701,0.4965,0.2791,0.9685,0.2264,0.7238,0.5824,2.7802,0.685,0.9935,0.9935,0.9935,0.0,0.8397,0.9226,0.7345,0.5038,3.0006,0.8015,9.2444,0.7378,0,0,0,0,0,0,0,1,0,0,0,1,1,1,0,0,1,0,0,1,3,1343,245,64,0,13,12,14,0,13,2109,385,0,13,6,9,0,13,47.8,10.7,0.0,1.9,0.6,0.7,0.0,1.9,98.9,0.8,0.0,1.9,0.3,0.4,0.0,1.9,49382,0.017392862490000004,0.6526130040616772
35,New Mexico,NM,35043,Sandoval County,35043940700,Census Tract 9407; Sandoval County; New Mexico,82.337374670718,3224,523,1088,149,979,148,1130,323,182,73,152,81,482,105,342,85,573,141,744,225,656,166,62,34,153,97,3027,527,0,18,264,97,32,21,89,79,0,13,35.1,8.2,13.7,5.2,15.5,7.9,22.4,5.0,10.6,2.7,17.8,3.4,23.1,4.4,20.3,4.3,6.3,3.3,5.0,3.1,93.9,5.9,0.0,1.7,24.3,7.5,3.2,2.1,9.1,7.6,0.0,0.4,0.8227,0.9434,0.1859,0.8746,0.6987,3.5253,0.8013,0.5793,0.5942,0.8643,0.6033,0.7677,3.4088,0.9354,0.936,0.936,0.936,0.0,0.9224,0.6597,0.7183,0.0,2.3004,0.5087,10.1705,0.8474,0,1,0,0,0,1,0,0,0,0,0,0,1,1,0,1,0,0,0,1,3,2087,430,152,0,13,944,239,0,13,2068,460,0,13,5,7,10,11,43.9,10.8,0.0,1.2,29.3,6.6,0.0,1.2,64.1,7.1,0.0,1.2,0.2,0.2,0.3,0.3,49383,0.021293570430000006,0.8441849746769825
35,New Mexico,NM,35043,Sandoval County,35043940900,Census Tract 9409; Sandoval County; New Mexico,685.570661426282,3440,459,938,89,785,92,2273,375,201,85,90,28,917,142,873,174,301,64,983,217,556,118,26,20,248,69,3258,480,0,18,236,59,136,61,45,24,15,4,66.5,6.6,19.3,7.2,11.5,3.3,45.9,5.7,25.4,4.7,8.8,1.7,28.6,4.0,16.2,2.4,3.3,2.5,7.7,1.9,94.7,5.9,0.0,1.9,25.2,5.8,17.3,7.5,5.7,2.8,0.4,0.1,0.9888,0.9825,0.0789,0.9892,0.9614,4.0008,0.9078,0.1311,0.8614,0.7092,0.3267,0.84,2.8684,0.733,0.9423,0.9423,0.9423,0.0,0.9273,0.9681,0.5646,0.5488,3.0088,0.8041,10.8203,0.9096,1,1,0,1,1,4,0,0,0,0,0,0,1,1,0,1,1,0,0,2,7,1057,503,74,0,13,78,42,0,13,3127,426,0,13,53,54,0,13,64.1,7.0,0.0,1.2,2.3,1.2,0.0,1.2,90.9,4.3,0.0,1.2,1.5,1.6,0.0,1.2,49384,0.17754057719450003,2.8327782908674397
35,New Mexico,NM,35043,Sandoval County,35043941000,Census Tract 9410; Sandoval County; New Mexico,460.813417311724,1775,173,951,86,740,77,482,113,77,33,87,32,85,32,356,86,467,78,301,67,307,73,39,19,28,49,1401,185,0,18,198,64,44,20,13,12,0,13,27.2,5.8,9.3,3.4,11.8,4.1,6.4,2.2,20.1,4.0,26.3,4.1,17.0,2.9,17.3,4.0,5.3,2.5,1.6,2.9,78.9,7.0,0.0,1.9,20.8,5.6,5.9,2.6,1.8,1.6,0.0,0.7,0.6996,0.8429,0.0855,0.38,0.9211,2.9291,0.6373,0.8892,0.2321,0.7602,0.5243,0.5494,2.9552,0.7781,0.8413,0.8413,0.8413,0.0,0.9003,0.8131,0.2287,0.0,1.9421,0.3561,8.6677,0.6585,0,0,0,0,1,1,0,0,0,0,0,0,0,0,0,1,0,0,0,1,2,2745,205,71,9,9,569,110,5,9,726,165,0,13,90,45,2,3,27.7,8.0,0.5,0.5,32.1,6.1,0.3,0.5,40.9,7.0,0.0,2.2,5.1,2.4,0.1,0.2,49385,0.11933701457850003,2.348289565898322
35,New Mexico,NM,35043,Sandoval County,35043980000,Census Tract 9800; Sandoval County; New Mexico,0.313811350336,0,13,0,13,0,13,0,13,0,13,0,26,0,13,0,13,0,13,0,13,0,13,0,18,0,52,0,18,0,18,0,13,0,18,0,13,0,13,-999.0,-999.0,-999.0,-999.0,-999.0,-999.0,-999.0,-999.0,-999.0,-999.0,-999.0,-999.0,-999.0,-999.0,-999.0,-999.0,-999.0,-999.0,-999.0,-999.0,-999.0,-999.0,-999.0,-999.0,-999.0,-999.0,-999.0,-999.0,-999.0,-999.0,-999.0,-999.0,-999.0,-999.0,-999.0,-999.0,-999.0,-999.0,-999.0,-999.0,-999.0,-999.0,-999.0,-999.0,-999.0,-999.0,-999.0,-999.0,-999.0,-999.0,-999.0,-999.0,-999.0,-999.0,-999.0,-999.0,-999.0,-999.0,-999,-999,-999,-999,-999,-999,-999,-999,-999,-999,-999,-999,-999,-999,-999,-999,-999,-999,-999,-999,-999,950,0,13,0,13,0,13,0,13,0,13,0,13,0,13,0,13,-999.0,-999.0,-999.0,-999.0,-999.0,-999.0,-999.0,-999.0,-999.0,-999.0,-999.0,-999.0,-999.0,-999.0,-999.0,-999.0,49386,8.037625500000002e-05,0.038967958415656145
35,New Mexico,NM,35045,San Juan County,35045000100,Census Tract 1; San Juan County; New Mexico,4.95367128541,4781,988,1847,271,1619,293,1810,708,57,53,578,189,526,195,400,191,583,131,1318,393,642,208,349,125,84,98,3019,1177,85,82,700,209,77,74,23,23,33,8,38.0,12.6,2.5,2.1,35.7,9.7,18.2,6.5,8.4,4.4,12.2,3.7,27.6,4.6,13.4,4.6,21.6,6.7,2.0,2.3,63.1,20.9,4.6,4.4,37.9,9.9,4.7,4.5,1.4,1.4,0.7,0.1,0.8557,0.231,0.7841,0.8096,0.5961,3.2765,0.7359,0.2742,0.8269,0.5471,0.9777,0.5928,3.2187,0.8857,0.7498,0.7498,0.7498,0.5052,0.9725,0.7608,0.1834,0.6376,3.0595,0.8213,10.3045,0.8614,0,0,0,0,0,0,0,0,0,1,0,1,0,0,0,1,0,0,0,1,2,7175,439,225,74,81,1387,528,7,13,1368,517,0,13,183,148,0,13,27.1,11.7,1.5,1.6,29.0,9.0,0.1,0.3,28.6,8.5,0.0,0.8,3.8,3.1,0.0,0.8,49387,0.0013338778770000004,0.1977204044940776
35,New Mexico,NM,35045,San Juan County,35045000201,Census Tract 2.01; San Juan County; New Mexico,5.287925964442,4069,402,1508,108,1432,130,707,354,171,66,284,124,243,230,228,128,733,197,1029,157,613,190,57,51,27,66,1541,555,8,17,69,82,0,18,0,13,0,13,17.4,8.5,10.0,4.1,19.8,8.5,8.4,7.3,5.6,3.1,18.0,4.4,25.3,3.5,15.1,4.2,4.0,3.5,0.7,1.7,37.9,13.1,0.5,1.1,4.6,5.4,0.0,1.3,0.0,2.8,0.0,0.3,0.4642,0.868,0.3401,0.4909,0.4148,2.578,0.5307,0.5903,0.7229,0.6512,0.3995,0.3984,2.7623,0.6745,0.5528,0.5528,0.5528,0.2806,0.6959,0.0,0.0,0.0,0.9765,0.0803,6.8696,0.3746,0,0,0,0,0,0,0,0,0,0,0,0,0,0,0,0,0,0,0,0,0,4981,116,87,0,13,1157,221,6,8,180,120,0,13,147,123,51,82,8.1,6.0,0.0,1.0,28.4,5.1,0.1,0.2,4.4,2.9,0.0,1.0,3.6,3.0,1.3,2.0,49388,0.0013844879060000003,0.19000033183619702
35,New Mexico,NM,35045,San Juan County,35045000202,Census Tract 2.02; San Juan County; New Mexico,8.873348287352,5890,963,2288,367,2131,384,237,131,57,40,229,90,86,67,1236,825,1076,345,1511,414,645,324,154,102,35,72,2506,1289,0,26,12,19,142,110,48,49,99,10,4.1,2.2,2.3,1.6,10.7,3.8,2.3,1.8,21.3,12.4,18.3,6.1,25.7,5.2,11.1,5.7,7.2,4.6,0.6,1.2,42.5,20.8,0.0,1.1,0.5,0.9,6.7,5.0,2.3,2.3,1.7,0.3,0.0511,0.2063,0.0633,0.1139,0.9328,1.3674,0.1758,0.6062,0.7442,0.3897,0.665,0.3747,2.7798,0.6847,0.5968,0.5968,0.5968,0.0,0.4864,0.8394,0.2826,0.7595,2.3679,0.539,7.1119,0.4139,0,0,0,0,1,1,0,0,0,0,0,0,0,0,0,0,0,0,0,0,1,10570,153,86,17,27,1219,498,75,69,880,427,0,19,315,205,0,19,7.2,4.4,0.3,0.5,20.7,8.3,1.3,1.2,14.9,6.8,0.0,0.7,5.3,3.5,0.0,0.7,49389,0.0023200124490000006,0.2719371113016207
35,New Mexico,NM,35045,San Juan County,35045000204,Census Tract 2.04; San Juan County; New Mexico,2.218359465754,2579,650,918,175,837,178,944,488,49,37,156,71,217,171,496,399,415,137,843,383,308,133,121,152,4,50,1911,663,0,18,209,85,46,39,25,24,0,13,36.6,16.5,4.8,3.6,18.6,7.5,13.7,9.2,19.2,13.2,16.1,5.2,32.7,8.3,11.9,4.4,14.5,17.9,0.2,2.2,74.1,17.7,0.0,2.0,22.8,10.2,5.5,4.5,3.0,2.9,0.0,0.5,0.84,0.5216,0.2958,0.7017,0.9105,3.2696,0.7337,0.4849,0.9486,0.4465,0.9157,0.2531,3.0488,0.8209,0.8137,0.8137,0.8137,0.0,0.9136,0.7976,0.3532,0.0,2.0644,0.4052,9.1965,0.7316,0,0,0,0,1,1,0,1,0,1,0,2,0,0,0,1,0,0,0,1,4,3361,214,174,16,23,924,397,0,13,887,452,7,14,68,82,9,15,25.6,16.8,0.6,0.9,35.8,11.4,0.0,1.5,34.4,13.1,0.3,0.6,2.6,3.1,0.3,0.6,49390,0.0006072403055000002,0.14411241755485632
35,New Mexico,NM,35045,San Juan County,35045000206,Census Tract 2.06; San Juan County; New Mexico,1.226283504222,3519,725,1426,157,1305,217,1719,742,313,261,568,265,653,272,657,479,551,234,967,511,656,189,25,42,0,52,1982,878,31,41,67,59,69,97,191,187,0,13,49.7,18.8,20.3,16.3,43.5,19.0,28.5,12.0,18.7,11.4,15.7,7.8,27.5,10.3,18.6,6.1,1.9,3.2,0.0,1.7,56.3,22.1,2.2,2.9,4.7,4.1,5.3,7.4,14.6,14.4,0.0,0.4,0.9423,0.9856,0.8948,0.9301,0.904,4.6568,0.9943,0.4627,0.8228,0.8108,0.1812,0.0,2.2775,0.3744,0.7049,0.7049,0.7049,0.4056,0.6984,0.7893,0.8432,0.0,2.7365,0.6993,10.3757,0.8685,1,1,0,1,1,4,0,0,0,0,0,0,0,0,0,0,0,0,0,0,4,4952,325,199,58,81,432,275,0,13,1418,616,0,13,74,85,0,13,24.9,14.6,1.6,2.3,12.3,8.2,0.0,1.1,40.3,13.6,0.0,1.1,2.1,2.5,0.0,1.1,49391,0.0003200658605000001,0.08454023848824946
35,New Mexico,NM,35045,San Juan County,35045000207,Census Tract 2.07; San Juan County; New Mexico,1.241734147956,2266,398,920,96,827,133,1397,489,66,72,380,180,423,179,124,143,420,175,553,182,414,182,90,75,111,138,1293,525,0,18,371,129,40,42,39,54,0,13,61.7,18.7,9.0,9.8,45.9,20.5,27.4,12.0,5.5,6.2,18.5,8.2,24.4,6.8,18.3,8.0,10.9,8.9,5.4,6.6,57.1,20.9,0.0,2.0,40.3,13.4,4.8,5.0,4.7,6.3,0.0,0.6,0.9815,0.8303,0.9186,0.9227,0.4072,4.0603,0.9195,0.6165,0.6746,0.7997,0.8334,0.7815,3.7057,0.9803,0.7104,0.7104,0.7104,0.0,0.9778,0.7656,0.4971,0.0,2.2405,0.4822,10.7169,0.9005,1,0,1,1,0,3,0,0,0,0,0,0,0,0,0,1,0,0,0,1,4,4993,160,105,52,79,787,307,82,120,291,224,0,13,81,69,0,13,19.3,12.6,2.3,3.5,34.7,10.8,3.6,5.4,12.8,9.6,0.0,1.7,3.6,3.2,0.0,1.7,49392,0.0003235769680000001,0.09392892619209005
35,New Mexico,NM,35045,San Juan County,35045000301,Census Tract 3.01; San Juan County; New Mexico,1.160199058106,5222,770,1960,234,1830,240,664,262,267,145,285,129,349,194,249,240,942,293,1791,462,964,374,71,57,107,114,2841,886,280,132,13,21,56,54,173,105,0,19,12.7,4.7,12.6,6.2,15.6,6.7,11.6,6.1,4.8,4.4,18.0,5.3,34.3,6.3,18.5,7.0,3.9,3.1,2.4,2.5,54.4,15.0,14.3,6.5,0.7,1.1,3.1,2.9,9.5,5.9,0.0,0.4,0.3196,0.9275,0.1894,0.6321,0.3531,2.4217,0.4815,0.5903,0.966,0.8074,0.3894,0.6284,3.3815,0.9296,0.6914,0.6914,0.6914,0.7129,0.5131,0.6505,0.7313,0.0,2.6078,0.6437,9.1024,0.7192,0,1,0,0,0,1,0,1,0,0,0,1,0,0,0,0,0,0,0,0,2,7406,463,164,43,58,1539,471,216,165,496,487,0,19,547,368,0,19,25.3,8.5,0.8,1.1,29.5,9.1,4.1,3.2,9.5,8.9,0.0,0.8,10.5,6.5,0.0,0.8,49393,0.0003060437360000001,0.08403983715960797
35,New Mexico,NM,35045,San Juan County,35045000302,Census Tract 3.02; San Juan County; New Mexico,0.766181581004,2954,341,1411,154,1295,148,905,337,65,40,406,161,116,70,185,133,482,80,766,204,239,94,103,69,0,52,1343,481,60,71,62,76,0,18,87,86,0,13,30.6,10.8,4.9,2.8,31.4,11.9,5.9,3.7,6.3,4.4,16.3,3.2,25.9,5.3,8.1,3.2,7.9,5.3,0.0,1.9,45.5,15.4,4.3,5.0,4.4,5.4,0.0,1.4,6.7,6.3,0.0,0.4,0.7593,0.5322,0.6967,0.3488,0.4654,2.8024,0.5997,0.4959,0.7541,0.1826,0.7076,0.0,2.1402,0.2948,0.6232,0.6232,0.6232,0.4947,0.6906,0.0,0.6188,0.0,1.8041,0.3011,7.3699,0.4552,0,0,0,0,0,0,0,0,0,0,0,0,0,0,0,0,0,0,0,0,0,2260,214,120,0,13,551,155,46,49,671,175,0,13,75,68,0,13,16.5,8.2,0.0,1.3,18.7,5.2,1.6,1.6,22.7,5.4,0.0,1.3,2.5,2.3,0.0,1.3,49394,0.00020258157900000006,0.070832399184113
35,New Mexico,NM,35045,San Juan County,35045000401,Census Tract 4.01; San Juan County; New Mexico,3.86481731317,5180,756,1853,146,1642,172,2248,653,194,113,652,185,397,140,287,170,813,134,1663,451,905,243,115,90,143,152,2690,863,9,25,338,113,100,91,110,74,191,31,44.6,11.1,10.6,6.5,39.7,10.5,12.5,4.3,5.6,3.1,15.7,2.8,32.1,5.2,17.6,4.3,7.0,5.4,2.9,3.0,51.9,14.8,0.5,1.3,18.2,6.1,6.1,5.5,6.7,4.5,3.7,0.3,0.9126,0.8858,0.8484,0.6643,0.4148,3.7259,0.8498,0.4627,0.9401,0.7731,0.6522,0.6664,3.4945,0.9526,0.6739,0.6739,0.6739,0.2806,0.88,0.8198,0.6188,0.8693,3.4685,0.9298,11.3628,0.9497,1,0,0,0,0,1,0,1,0,0,0,1,0,0,0,0,0,0,0,0,2,4921,287,126,0,19,992,265,22,27,1356,588,9,13,311,256,0,19,17.5,7.2,0.0,0.8,19.2,5.1,0.4,0.5,26.2,9.3,0.2,0.3,6.0,4.9,0.0,0.8,49395,0.0010096848815000002,0.1535788593100736
35,New Mexico,NM,35045,San Juan County,35045000402,Census Tract 4.02; San Juan County; New Mexico,1.924960555954,4088,945,1809,247,1482,264,2001,805,71,45,609,234,192,94,206,130,398,118,1085,353,626,248,140,92,51,73,2839,1029,226,128,341,139,173,144,355,187,408,14,51.9,16.6,3.6,2.8,41.1,14.0,7.4,3.7,5.3,3.2,9.7,3.4,26.5,4.7,16.2,6.2,9.4,6.0,1.3,1.9,69.4,19.4,12.5,6.9,18.9,7.9,11.7,9.5,24.0,10.2,10.0,2.3,0.9523,0.3773,0.8666,0.4382,0.3921,3.0265,0.6665,0.164,0.7815,0.7092,0.7789,0.5089,2.9425,0.7717,0.7878,0.7878,0.7878,0.6842,0.8861,0.9304,0.9242,0.9499,4.3748,0.9994,11.1316,0.9342,1,0,0,0,0,1,0,0,0,0,0,0,0,0,0,0,1,1,1,3,4,9646,549,194,12,19,936,688,42,68,1746,434,0,13,103,92,0,13,37.0,10.9,0.3,0.4,22.9,13.8,1.0,1.7,42.7,9.7,0.0,1.0,2.5,2.2,0.0,1.0,49396,0.0005137232390000001,0.1505438612180316
35,New Mexico,NM,35045,San Juan County,35045000503,Census Tract 5.03; San Juan County; New Mexico,5.636132439244,3585,672,1273,192,963,176,1602,707,160,107,340,120,309,167,794,293,156,56,1055,394,326,153,117,73,44,63,3095,708,20,35,809,195,152,95,126,146,1,3,44.7,17.9,8.9,5.6,35.3,10.7,16.5,7.9,22.2,8.0,4.4,1.8,29.4,7.4,9.1,4.5,12.1,7.3,1.3,1.9,86.3,11.3,1.6,2.7,63.6,12.1,15.7,9.4,13.1,13.7,0.0,0.1,0.9133,0.8263,0.7768,0.7735,0.9405,4.2304,0.9483,0.0293,0.8847,0.2465,0.867,0.5089,2.5364,0.5358,0.8835,0.8835,0.8835,0.3717,0.9969,0.9605,0.8186,0.0,3.1477,0.8482,10.798,0.9076,1,0,0,0,1,2,0,0,0,0,0,0,0,0,0,1,1,0,0,2,4,2640,257,100,19,33,1360,436,0,13,1686,632,0,13,16,18,14,18,26.7,9.9,0.5,0.9,37.9,10.9,0.0,1.1,47.0,13.0,0.0,1.1,0.4,0.5,0.4,0.5,49397,0.0014942955465000003,0.17548181851903275
35,New Mexico,NM,35045,San Juan County,35045000504,Census Tract 5.04; San Juan County; New Mexico,58.812226915162,1669,423,703,116,552,113,358,291,95,88,29,36,175,111,128,100,243,112,378,202,188,134,19,31,69,73,1137,502,0,18,296,111,21,34,0,13,0,13,21.4,16.6,11.8,9.5,5.3,6.4,15.1,8.7,7.7,5.8,14.6,7.7,22.6,9.0,11.3,7.7,3.4,5.6,4.3,4.4,68.1,24.6,0.0,2.6,42.1,11.5,3.8,6.1,0.0,7.0,0.0,0.8,0.571,0.9137,0.0089,0.7408,0.5554,2.7898,0.5959,0.402,0.5634,0.4046,0.3371,0.741,2.4481,0.4813,0.7803,0.7803,0.7803,0.0,0.9806,0.7057,0.0,0.0,1.6863,0.258,7.7045,0.51,0,1,0,0,0,1,0,0,0,0,0,0,0,0,0,1,0,0,0,1,2,2664,110,63,0,13,198,153,39,51,900,377,0,13,0,13,0,13,19.9,11.3,0.0,2.4,11.9,8.9,2.3,3.1,53.9,15.7,0.0,2.4,0.0,2.4,0.0,2.4,49398,0.015468807554500004,0.6581913799635567
35,New Mexico,NM,35045,San Juan County,35045000506,Census Tract 5.06; San Juan County; New Mexico,8.560477481488,3501,675,1109,101,986,89,1164,684,223,204,159,103,188,110,503,204,656,202,1003,263,626,175,129,55,13,54,2561,736,0,18,595,152,139,119,13,13,2,2,33.2,18.5,14.2,11.1,16.1,10.3,8.8,5.8,14.4,6.3,18.7,6.7,28.6,4.4,17.9,6.4,13.1,5.5,0.4,1.6,73.2,15.6,0.0,1.6,53.7,11.8,14.1,12.0,1.3,1.3,0.1,0.1,0.7978,0.9498,0.2063,0.5114,0.8227,3.288,0.7394,0.6267,0.8614,0.785,0.89,0.3184,3.4815,0.9503,0.8086,0.8086,0.8086,0.0,0.993,0.9508,0.1713,0.3692,2.4843,0.5901,10.0624,0.8361,0,1,0,0,0,1,0,0,0,0,0,0,0,0,0,1,1,0,0,2,3,2330,309,158,2,2,299,193,0,13,2132,815,0,13,122,102,6,12,31.3,16.1,0.1,0.1,8.5,5.4,0.0,1.1,60.9,14.0,0.0,1.1,3.5,3.3,0.2,0.3,49399,0.0022379406490000008,0.22498917787713946
35,New Mexico,NM,35045,San Juan County,35045000507,Census Tract 5.07; San Juan County; New Mexico,6.112203927284,2311,736,990,156,746,160,998,464,191,205,266,159,55,56,76,57,244,127,955,461,286,134,162,129,21,58,755,1021,50,35,337,138,0,18,15,16,0,13,43.2,14.6,24.6,23.6,35.7,19.9,4.7,5.0,3.3,2.3,10.6,6.9,41.3,9.0,12.4,7.9,21.7,16.7,1.1,3.0,32.7,42.9,5.0,3.4,34.0,13.5,0.0,2.4,2.0,2.3,0.0,0.6,0.9023,0.9935,0.7841,0.2706,0.2246,3.1751,0.7082,0.2004,0.9947,0.4813,0.978,0.4774,3.1318,0.8545,0.4981,0.4981,0.4981,0.5185,0.9633,0.0,0.2501,0.0,1.7319,0.2742,8.5369,0.6388,1,1,0,0,0,2,0,1,0,1,0,2,0,0,0,1,0,0,0,1,5,3923,184,117,0,13,304,161,17,26,365,336,0,13,69,52,0,13,24.7,15.8,0.0,1.7,13.2,7.3,0.7,1.2,15.8,14.3,0.0,1.7,3.0,2.7,0.0,1.7,49400,0.0016555953900000003,0.26028087686730567
35,New Mexico,NM,35045,San Juan County,35045000607,Census Tract 6.07; San Juan County; New Mexico,9.009696347632,4251,972,1187,251,1133,240,1310,696,125,111,357,193,303,111,135,109,602,248,1308,550,590,388,64,59,10,54,3042,1020,0,18,639,210,28,37,6,11,714,47,36.7,16.7,8.8,7.4,31.5,15.7,11.7,5.0,3.8,3.1,14.2,5.6,30.8,7.4,16.4,9.0,5.6,5.1,0.2,1.3,71.6,17.5,0.0,1.5,53.8,11.2,2.5,3.2,0.5,0.9,16.8,4.0,0.8412,0.8218,0.6991,0.636,0.2682,3.2663,0.7327,0.3797,0.9171,0.7193,0.5491,0.2531,2.8183,0.7067,0.7998,0.7998,0.7998,0.0,0.9931,0.5915,0.0819,0.9671,2.6336,0.6553,9.518,0.7726,0,0,0,0,0,0,0,1,0,0,0,1,0,0,0,1,0,0,1,2,3,4738,353,179,57,57,1145,356,0,13,1777,920,0,13,41,33,22,29,31.2,13.2,1.3,1.4,26.9,8.4,0.0,0.9,41.8,14.9,0.0,0.9,1.0,0.8,0.5,0.7,49401,0.0023676739075000008,0.22993518963615558
35,New Mexico,NM,35045,San Juan County,35045000609,Census Tract 6.09; San Juan County; New Mexico,3.358126392122,1180,181,594,89,537,95,508,187,19,17,206,101,76,47,66,43,150,51,269,82,220,98,94,55,0,52,365,237,97,56,64,38,15,15,58,35,0,13,43.1,14.4,3.2,3.1,38.4,17.5,9.5,5.7,5.6,3.6,12.7,4.8,22.8,5.0,18.6,7.5,17.5,9.8,0.0,4.4,30.9,19.5,16.3,9.1,10.8,6.4,2.7,2.8,10.8,6.4,0.0,1.1,0.9013,0.3249,0.8298,0.5462,0.4148,3.017,0.6639,0.3,0.5755,0.8108,0.9524,0.0,2.6387,0.5994,0.4773,0.4773,0.4773,0.7399,0.8027,0.6121,0.7682,0.0,2.9229,0.7738,9.0559,0.7131,1,0,0,0,0,1,0,0,0,1,0,1,0,0,0,0,0,0,0,0,2,1931,148,88,0,13,322,167,0,13,12,14,0,13,14,23,17,19,27.6,13.3,0.0,3.3,27.3,12.1,0.0,3.3,1.0,1.2,0.0,3.3,1.2,2.0,1.4,1.6,49402,0.0008808362125000002,0.19388934963206483
35,New Mexico,NM,35045,San Juan County,35045000610,Census Tract 6.10; San Juan County; New Mexico,18.514656155418,3782,399,1976,262,1756,268,1241,406,97,90,470,235,340,210,198,110,769,182,698,213,580,166,117,78,22,60,1369,627,18,24,603,145,36,43,64,52,0,13,32.9,10.2,5.2,4.6,26.8,12.7,12.4,7.3,5.2,2.9,20.3,4.7,18.5,5.2,15.3,4.5,6.6,4.3,0.6,1.6,36.2,16.1,0.9,1.2,30.5,8.0,2.1,2.4,3.6,2.9,0.0,0.3,0.7931,0.5643,0.5774,0.661,0.3848,2.9806,0.6527,0.7032,0.3075,0.6619,0.6241,0.3747,2.6714,0.6202,0.5352,0.5352,0.5352,0.3217,0.9514,0.5447,0.4096,0.0,2.2274,0.4764,8.4146,0.6204,0,0,0,0,0,0,0,0,0,0,0,0,0,0,0,1,0,0,0,1,1,3895,654,225,0,13,785,245,13,15,445,414,0,13,105,87,21,33,37.2,9.1,0.0,1.1,20.8,6.6,0.3,0.4,11.8,10.9,0.0,1.1,2.8,2.2,0.6,0.9,49403,0.004852712758000002,0.35907693935207086
35,New Mexico,NM,35045,San Juan County,35045000611,Census Tract 6.11; San Juan County; New Mexico,149.52465396797,3076,449,1342,160,1177,172,846,350,96,59,349,138,310,155,225,130,671,207,539,226,512,217,123,86,34,68,753,680,0,18,746,164,9,19,28,32,0,13,27.5,10.6,6.4,4.1,29.7,10.9,13.1,5.9,7.3,4.2,21.8,6.2,17.5,6.2,16.6,6.6,10.4,7.1,1.1,2.2,24.5,21.8,0.0,1.3,55.6,9.1,0.8,1.6,2.4,2.6,0.0,0.4,0.705,0.6748,0.6564,0.6835,0.5315,3.2512,0.7287,0.7655,0.2556,0.7286,0.8169,0.4774,3.044,0.8188,0.3966,0.3966,0.3966,0.0,0.9941,0.3391,0.2925,0.0,1.6257,0.2377,8.3175,0.6056,0,0,0,0,0,0,0,0,0,0,0,0,0,0,0,1,0,0,0,1,1,1625,304,138,49,51,546,343,37,41,85,92,0,13,36,45,0,13,25.8,10.1,1.6,1.6,17.8,10.8,1.2,1.3,2.8,3.0,0.0,1.3,1.2,1.5,0.0,1.3,49404,0.039417782028917096,0.9301695468176923
35,New Mexico,NM,35045,San Juan County,35045000612,Census Tract 6.12; San Juan County; New Mexico,2.83533231496,2504,414,902,122,808,117,1187,481,13,17,284,101,142,118,401,219,362,103,918,257,196,67,89,55,51,82,1341,493,14,20,290,85,14,19,32,28,100,6,49.0,18.0,1.6,2.1,35.1,11.4,10.1,8.1,16.6,7.9,14.5,4.9,36.7,5.7,8.1,3.6,11.0,6.6,2.5,3.9,53.6,17.6,1.6,2.2,32.2,9.3,1.7,2.3,4.0,3.5,4.0,0.7,0.9388,0.1241,0.773,0.5724,0.8706,3.2789,0.7367,0.3961,0.982,0.1826,0.8365,0.636,3.0332,0.8142,0.6857,0.6857,0.6857,0.3717,0.9573,0.4919,0.4441,0.8791,3.1441,0.8472,10.1419,0.8442,1,0,0,0,0,1,0,1,0,0,0,1,0,0,0,1,0,0,0,1,3,2132,195,83,0,13,743,356,11,17,488,305,3,6,6,10,90,117,24.1,9.8,0.0,1.6,29.7,12.2,0.4,0.7,19.5,11.3,0.1,0.3,0.2,0.4,3.6,4.4,49405,0.0007513768520000002,0.13887429750904337
35,New Mexico,NM,35045,San Juan County,35045000613,Census Tract 6.13; San Juan County; New Mexico,39.46044293624,4428,761,1848,304,1585,299,1412,573,30,34,595,296,541,207,492,227,711,185,916,298,786,244,55,76,8,52,1483,972,0,18,767,296,65,50,99,92,3,2,31.9,11.7,1.7,1.9,37.5,17.3,16.7,5.9,11.1,4.9,16.1,5.1,20.7,5.8,17.8,5.6,3.5,4.7,0.2,1.2,33.5,21.2,0.0,1.0,41.5,11.6,4.1,3.1,6.2,5.8,0.1,0.0,0.779,0.135,0.8157,0.778,0.7187,3.2264,0.722,0.4849,0.4414,0.781,0.3476,0.2531,2.308,0.3935,0.507,0.507,0.507,0.0,0.9797,0.7254,0.593,0.3692,2.6673,0.6702,8.7087,0.6641,0,0,0,0,0,0,0,0,0,0,0,0,0,0,0,1,0,0,0,1,1,2586,295,124,6,14,1124,410,0,13,199,205,0,13,154,180,0,13,18.6,8.2,0.1,0.3,25.4,7.8,0.0,0.9,4.5,4.6,0.0,0.9,3.5,3.9,0.0,0.9,49406,0.010451895301000002,0.5414885958798943
35,New Mexico,NM,35045,San Juan County,35045000614,Census Tract 6.14; San Juan County; New Mexico,14.820547277814,2350,469,922,148,810,170,546,339,30,38,81,52,162,82,144,93,368,145,679,247,409,197,11,24,14,51,1227,534,0,18,627,175,16,30,5,8,0,13,23.2,13.7,3.2,3.9,10.0,6.1,10.2,5.5,6.1,4.0,15.7,6.8,28.9,6.8,17.4,9.3,1.4,2.9,0.7,2.4,52.2,20.2,0.0,2.0,68.0,14.2,2.0,3.7,0.6,1.0,0.0,0.6,0.615,0.3249,0.0517,0.5767,0.451,2.0193,0.3597,0.4627,0.8705,0.7642,0.1342,0.3984,2.63,0.594,0.6761,0.6761,0.6761,0.0,0.9978,0.532,0.0912,0.0,1.621,0.236,6.9464,0.3867,0,0,0,0,0,0,0,0,0,0,0,0,0,0,0,1,0,0,0,1,1,1461,227,123,227,232,848,523,8,15,138,168,0,13,6,12,0,13,28.0,14.4,9.7,9.7,36.1,17.0,0.3,0.6,5.9,7.0,0.0,1.7,0.3,0.5,0.0,1.7,49407,0.003908970086500001,0.34419704738388024
35,New Mexico,NM,35045,San Juan County,35045000615,Census Tract 6.15; San Juan County; New Mexico,11.242196026932,2813,516,872,87,799,108,1645,436,72,70,244,124,293,149,846,439,233,92,767,335,376,213,70,67,50,83,1997,597,0,18,577,104,112,38,0,13,0,13,58.5,11.2,5.5,5.7,30.5,15.0,17.0,8.9,30.1,14.4,8.3,2.8,27.3,8.0,13.4,8.5,8.8,8.3,1.9,3.1,71.0,16.8,0.0,2.1,66.2,9.7,14.0,4.4,0.0,4.9,0.0,0.5,0.9742,0.5943,0.6764,0.7848,0.9794,4.0091,0.9093,0.1141,0.8152,0.5471,0.7532,0.5824,2.812,0.703,0.7963,0.7963,0.7963,0.0,0.9974,0.9502,0.0,0.0,1.9476,0.3582,9.565,0.7782,1,0,0,0,1,2,0,0,0,0,0,0,0,0,0,1,1,0,0,2,4,1324,348,140,0,13,725,340,59,92,1213,171,0,13,0,13,0,13,43.6,17.0,0.0,1.4,25.8,9.6,2.1,3.3,43.1,7.3,0.0,1.4,0.0,1.4,0.0,1.4,49408,0.002970296688500001,0.2670317548343609
35,New Mexico,NM,35045,San Juan County,35045000702,Census Tract 7.02; San Juan County; New Mexico,189.647855272984,1082,244,487,67,391,76,114,81,79,76,62,59,25,24,96,81,151,62,141,106,139,73,6,15,3,50,639,299,0,18,293,74,0,18,6,9,0,13,10.5,7.1,12.3,10.4,15.9,14.8,2.8,2.8,8.9,7.0,14.0,6.1,13.0,8.3,12.8,6.8,1.5,3.8,0.3,4.7,59.1,24.2,0.0,3.7,60.2,11.6,0.0,4.6,1.5,2.2,0.0,1.2,0.247,0.9226,0.1996,0.1453,0.6208,2.1353,0.3948,0.3684,0.1058,0.5075,0.1435,0.285,1.4102,0.0545,0.7235,0.7235,0.7235,0.0,0.9959,0.0,0.1949,0.0,1.1908,0.1194,5.4598,0.1729,0,1,0,0,0,1,0,0,0,0,0,0,0,0,0,1,0,0,0,1,2,907,137,66,0,13,545,229,0,13,73,55,0,13,11,20,10,15,35.0,13.9,0.0,3.6,50.4,15.7,0.0,3.6,6.7,5.1,0.0,3.6,1.0,1.7,0.9,1.4,49409,0.049809202074500014,1.437469829256265
35,New Mexico,NM,35045,San Juan County,35045000705,Census Tract 7.05; San Juan County; New Mexico,5.526962870948,3286,409,1476,207,1227,188,1195,432,87,69,336,137,308,139,195,117,509,166,693,199,436,172,115,86,89,86,2017,501,22,25,615,187,91,75,87,73,1,4,36.4,12.3,4.8,3.7,27.4,10.3,13.0,5.8,5.9,3.5,15.5,5.1,21.1,5.5,13.3,5.1,9.4,6.9,2.9,2.8,61.4,13.2,1.5,1.7,41.7,11.6,7.4,6.0,7.1,5.9,0.0,0.1,0.8378,0.5216,0.594,0.6803,0.4371,3.0708,0.6792,0.4515,0.4661,0.5405,0.7789,0.6664,2.9034,0.7514,0.739,0.739,0.739,0.3656,0.9799,0.859,0.6383,0.0,2.8428,0.7426,9.556,0.7771,0,0,0,0,0,0,0,0,0,0,0,0,0,0,0,1,0,0,0,1,1,4371,304,113,35,44,865,280,0,13,949,388,0,13,165,123,3,8,24.8,8.7,1.1,1.3,26.3,8.5,0.0,1.2,28.9,10.4,0.0,1.2,5.0,3.5,0.1,0.2,49410,0.0014469275565000004,0.2392133959891179
35,New Mexico,NM,35045,San Juan County,35045000706,Census Tract 7.06; San Juan County; New Mexico,311.074633877268,2788,569,1317,198,974,183,824,389,20,21,185,127,345,189,387,237,621,200,725,254,366,164,73,66,37,60,1854,615,0,18,600,158,5,15,13,21,8,5,29.6,12.6,1.9,2.0,19.0,12.5,19.2,9.8,13.9,8.2,22.3,6.7,26.0,7.7,13.1,5.9,7.4,6.6,1.5,2.3,66.5,17.4,0.0,1.4,45.6,10.8,0.5,1.5,1.3,2.2,0.3,0.2,0.7427,0.158,0.3106,0.8266,0.8096,2.8475,0.6127,0.7842,0.7587,0.5272,0.6785,0.5368,3.2854,0.9058,0.7708,0.7708,0.7708,0.0,0.9857,0.2792,0.1713,0.5038,1.94,0.3552,8.8437,0.6835,0,0,0,0,0,0,0,0,0,0,0,0,0,0,0,1,0,0,0,1,1,1239,414,170,0,13,1691,594,0,13,99,122,0,13,64,92,0,13,42.5,12.6,0.0,1.4,60.7,11.9,0.0,1.4,3.6,4.5,0.0,1.4,2.3,3.3,0.0,1.4,49411,0.08447715151403104,1.6575484651465964
35,New Mexico,NM,35045,San Juan County,35045000707,Census Tract 7.07; San Juan County; New Mexico,11.101732891536,3862,436,1422,200,1366,189,2123,619,6,15,468,168,245,158,540,425,645,170,1235,350,407,153,93,95,19,49,1985,605,11,31,427,172,60,56,118,84,74,5,56.0,15.0,0.5,1.2,34.3,11.3,11.3,7.1,14.3,11.3,16.7,4.6,32.0,6.9,10.7,4.1,6.8,6.9,0.5,1.4,51.4,14.6,0.8,2.2,30.0,11.8,4.4,4.1,8.6,5.7,1.9,0.3,0.9672,0.0376,0.7586,0.6206,0.8201,3.2041,0.7161,0.5181,0.9383,0.3607,0.6384,0.3495,2.805,0.6988,0.6701,0.6701,0.6701,0.3121,0.9495,0.7439,0.7018,0.7754,3.4827,0.9326,10.1619,0.8465,1,0,0,0,0,1,0,1,0,0,0,1,0,0,0,1,0,0,0,1,3,3776,510,192,0,13,1206,417,0,13,673,368,0,13,80,109,26,44,37.3,13.9,0.0,1.0,31.2,9.9,0.0,1.0,17.4,9.1,0.0,1.0,2.1,2.8,0.7,1.1,49412,0.002909308273000001,0.28309498252241383
35,New Mexico,NM,35045,San Juan County,35045000708,Census Tract 7.08; San Juan County; New Mexico,14.913657319522,4140,881,1531,158,1386,146,1917,755,350,273,370,156,535,229,244,201,612,196,1024,511,701,285,91,97,176,151,2557,1142,0,18,1127,153,102,92,21,36,0,13,46.4,15.4,22.3,17.9,26.7,10.9,20.4,8.0,5.9,5.1,14.8,6.2,24.7,8.8,16.9,8.3,6.6,7.0,4.5,3.7,61.8,24.2,0.0,1.2,73.6,8.6,7.4,6.6,1.5,2.6,0.0,0.3,0.9248,0.99,0.5744,0.8463,0.4371,3.7726,0.8599,0.4133,0.6912,0.7419,0.6241,0.7492,3.2197,0.8861,0.7414,0.7414,0.7414,0.0,0.9985,0.859,0.1949,0.0,2.0524,0.4003,9.7861,0.8046,1,1,0,0,0,2,0,0,0,0,0,0,0,0,0,1,0,0,0,1,3,2199,552,173,19,103,1285,318,9,16,1112,346,0,13,132,203,0,13,39.8,12.5,0.5,2.8,31.0,8.0,0.2,0.4,26.9,8.4,0.0,1.0,3.2,5.1,0.0,1.0,49413,0.003914788235500001,0.28758443710450937
35,New Mexico,NM,35045,San Juan County,35045000900,Census Tract 9; San Juan County; New Mexico,5.705679061994,1872,334,687,105,628,110,325,218,56,69,120,89,148,57,309,237,359,102,459,132,255,83,73,85,0,52,986,381,0,18,395,100,18,21,8,17,0,13,17.9,11.6,7.2,8.4,19.1,13.8,12.0,4.5,16.5,11.5,19.2,5.5,24.5,4.8,13.6,4.5,11.6,13.4,0.0,2.9,52.7,18.1,0.0,2.6,57.5,12.4,2.9,3.3,1.3,2.9,0.0,0.7,0.4788,0.7343,0.3141,0.647,0.8685,3.0427,0.6711,0.6516,0.68,0.5602,0.8542,0.0,2.746,0.6648,0.6795,0.6795,0.6795,0.0,0.995,0.6321,0.1713,0.0,1.7984,0.2987,8.2666,0.5981,0,0,0,0,0,0,0,0,0,0,0,0,0,0,0,1,0,0,0,1,1,747,124,56,0,13,847,337,0,13,80,102,0,13,59,38,0,13,19.7,9.0,0.0,2.1,45.2,12.1,0.0,2.1,4.3,5.6,0.0,2.1,3.2,2.1,0.0,2.1,49414,0.0015068972440000004,0.32397332576072174
35,New Mexico,NM,35045,San Juan County,35045942801,Census Tract 9428.01; San Juan County; New Mexico,648.515766383028,2485,347,1019,91,767,90,1183,233,159,36,140,46,263,51,461,133,375,70,442,113,656,121,52,20,99,61,2470,347,0,18,351,71,81,22,59,27,0,13,47.6,6.6,16.3,3.4,18.3,5.6,14.2,3.0,18.6,4.3,15.1,2.8,17.8,3.4,26.4,4.3,6.8,2.5,4.2,2.5,99.4,1.5,0.0,1.8,34.4,5.3,10.5,2.6,7.7,3.4,0.0,0.5,0.9312,0.9681,0.285,0.7161,0.9027,3.8031,0.8666,0.4299,0.2702,0.9636,0.6384,0.7365,3.0386,0.8165,0.9888,0.9888,0.9888,0.0,0.9642,0.9163,0.6657,0.0,2.5462,0.6173,10.3767,0.8686,1,1,0,0,1,3,0,0,1,0,0,1,1,1,0,1,1,0,0,2,7,1302,449,70,0,13,49,36,0,13,2354,325,0,13,67,78,0,13,58.5,5.4,0.0,1.6,2.0,1.4,0.0,1.6,94.7,3.4,0.0,1.6,2.7,3.0,0.0,1.6,49415,0.17003510297594077,2.9433900163740394
35,New Mexico,NM,35045,San Juan County,35045942802,Census Tract 9428.02; San Juan County; New Mexico,16.2868248354,6170,782,2119,172,1698,204,2376,673,430,176,196,89,621,266,980,466,793,194,1359,365,1428,288,127,109,264,156,6089,782,0,26,634,150,184,100,35,40,84,11,38.6,9.8,16.0,6.1,11.5,5.1,14.5,5.6,15.9,7.0,12.9,2.9,22.0,4.4,23.2,4.6,7.5,6.4,4.4,2.5,98.7,2.0,0.0,1.2,29.9,6.9,10.8,5.7,2.1,2.4,1.4,0.0,0.8621,0.9662,0.0789,0.7247,0.8564,3.4883,0.792,0.3099,0.5242,0.9254,0.6844,0.745,3.1889,0.8757,0.9808,0.9808,0.9808,0.0,0.9491,0.9202,0.2614,0.7326,2.8633,0.7501,10.5213,0.8826,0,1,0,0,0,1,0,0,1,0,0,1,1,1,0,1,1,0,0,2,5,2494,735,146,0,19,214,170,14,28,5784,738,9,15,68,82,0,19,43.3,8.8,0.0,0.6,3.5,2.7,0.2,0.4,93.7,2.9,0.1,0.2,1.1,1.3,0.0,0.6,49416,0.004317931077500001,0.42336129930872823
35,New Mexico,NM,35045,San Juan County,35045942803,Census Tract 9428.03; San Juan County; New Mexico,8.860860590366,2686,419,950,123,808,126,1417,292,173,61,236,109,201,62,336,106,303,87,682,156,427,95,138,97,65,57,2663,419,5,15,267,56,177,104,105,37,7,3,52.9,7.1,15.2,4.9,29.2,12.7,12.4,4.0,12.5,4.2,11.3,3.2,25.4,4.1,15.9,3.8,17.0,11.7,2.6,2.2,99.1,2.1,0.5,1.6,28.1,6.5,21.9,12.4,13.0,4.6,0.3,0.1,0.9564,0.9593,0.6432,0.661,0.7681,3.988,0.9051,0.2307,0.7286,0.6942,0.9473,0.6439,3.2447,0.894,0.9853,0.9853,0.9853,0.2806,0.9421,0.9821,0.8168,0.5038,3.5254,0.9409,11.7434,0.9701,1,1,0,0,0,2,0,0,0,1,0,1,1,1,0,1,1,0,0,2,6,3183,348,82,5,10,6,10,86,68,2534,425,0,13,20,18,12,18,43.1,8.9,0.2,0.4,0.2,0.4,3.2,2.6,94.3,2.8,0.0,1.5,0.7,0.7,0.4,0.7,49417,0.0023296473150000007,0.20652966725976596
35,New Mexico,NM,35045,San Juan County,35045942900,Census Tract 9429; San Juan County; New Mexico,951.854585299242,4253,376,2130,112,1363,116,2158,268,204,48,157,37,661,72,844,112,744,101,847,178,904,111,79,23,275,92,4212,376,3,13,344,51,262,67,193,41,1,5,50.8,4.4,14.1,2.8,11.5,2.5,21.8,2.2,19.8,2.4,17.5,2.5,19.9,3.0,21.3,2.5,5.8,1.6,6.7,2.2,99.0,1.2,0.1,0.6,16.2,2.4,19.2,4.6,14.2,2.8,0.0,0.1,0.9474,0.9485,0.0789,0.8668,0.9175,3.7591,0.857,0.5627,0.3904,0.8887,0.565,0.8178,3.2246,0.8876,0.9842,0.9842,0.9842,0.2553,0.8626,0.9749,0.8374,0.0,2.9302,0.7766,10.8981,0.9163,1,1,0,0,1,3,0,0,0,0,0,0,1,1,0,0,1,0,0,1,5,4243,970,106,5,9,83,47,9,8,4100,376,0,13,15,10,0,13,71.2,4.8,0.1,0.2,2.0,1.1,0.2,0.2,96.4,1.3,0.0,0.9,0.4,0.2,0.0,0.9,49418,0.2477521487947475,2.692865000696267
35,New Mexico,NM,35045,San Juan County,35045943000,Census Tract 9430; San Juan County; New Mexico,622.697702093314,3702,334,1407,96,1167,92,1964,316,152,54,275,76,483,100,915,235,619,92,736,160,591,80,60,26,150,61,3675,334,0,18,431,53,107,42,120,42,0,13,53.1,7.1,11.8,3.6,23.6,6.2,18.7,3.0,24.7,5.3,16.7,2.7,19.9,3.4,16.0,2.3,5.2,2.2,4.3,1.7,99.3,1.1,0.0,1.3,30.6,4.2,9.2,3.5,10.3,3.5,0.0,0.4,0.9572,0.9137,0.4759,0.8183,0.958,4.1231,0.9305,0.5181,0.3904,0.6992,0.5155,0.741,2.8642,0.7307,0.9875,0.9875,0.9875,0.0,0.9518,0.8964,0.7551,0.0,2.6033,0.6419,10.5781,0.8876,1,1,0,0,1,3,0,0,0,0,0,0,1,1,0,1,0,0,0,1,5,1972,799,81,0,13,146,83,24,30,3370,345,0,13,135,117,0,13,68.5,5.3,0.0,1.1,3.9,2.2,0.6,0.8,91.0,4.2,0.0,1.1,3.6,3.1,0.0,1.1,49419,0.16278680284700003,2.4254854578092258
35,New Mexico,NM,35045,San Juan County,35045943100,Census Tract 9431; San Juan County; New Mexico,387.772581114274,1922,246,891,59,585,69,897,232,66,29,76,49,283,74,482,105,353,71,392,137,293,58,22,13,51,52,1911,246,0,18,126,38,89,32,90,28,9,6,46.7,10.5,11.5,5.6,13.0,8.2,20.5,4.6,25.1,5.0,18.4,3.7,20.4,5.4,15.2,3.2,3.7,2.2,2.7,2.8,99.4,1.4,0.0,2.0,14.1,4.1,15.3,5.2,15.4,4.8,0.5,0.3,0.9265,0.908,0.1143,0.8481,0.9599,3.7568,0.8563,0.6112,0.423,0.6565,0.3689,0.6511,2.7107,0.6442,0.9888,0.9888,0.9888,0.0,0.842,0.9582,0.854,0.5852,3.2394,0.8739,10.6957,0.8985,1,1,0,0,1,3,0,0,0,0,0,0,1,1,0,0,1,0,0,1,5,759,406,62,0,13,32,19,3,5,1849,242,0,13,27,21,0,13,69.4,6.8,0.0,2.1,1.7,1.0,0.2,0.2,96.2,1.6,0.0,2.1,1.4,1.1,0.0,2.1,49420,0.1006562650859615,1.9306101424629485
35,New Mexico,NM,35045,San Juan County,35045943201,Census Tract 9432.01; San Juan County; New Mexico,1674.734170629842,5504,659,2129,179,1684,204,2722,468,160,74,389,96,1069,206,1005,301,901,163,1186,266,750,116,128,63,219,94,4735,732,0,26,650,131,173,62,115,40,2,1,49.5,6.1,8.4,3.7,23.1,5.0,27.7,4.8,18.3,4.5,16.4,2.9,21.5,4.1,13.6,2.4,7.6,3.6,4.1,1.7,86.0,8.4,0.0,1.2,30.5,5.5,10.3,3.5,6.8,2.4,0.0,0.0,0.9414,0.803,0.4589,0.9249,0.8982,4.0264,0.9125,0.5013,0.4912,0.5602,0.6903,0.7319,2.9749,0.7875,0.8819,0.8819,0.8819,0.0,0.9514,0.9136,0.6236,0.0,2.4886,0.5919,10.3718,0.8681,1,0,0,1,0,2,0,0,0,0,0,0,0,0,0,1,1,0,0,2,4,2857,1140,181,0,19,594,310,4,9,4094,594,0,19,43,35,0,19,67.7,6.5,0.0,0.7,10.8,5.5,0.1,0.2,74.4,6.9,0.0,0.7,0.8,0.6,0.0,0.7,49421,0.4353932011219996,3.4010297849104667
35,New Mexico,NM,35045,San Juan County,35045943300,Census Tract 9433; San Juan County; New Mexico,309.13251803725,2048,366,827,154,753,146,852,319,63,43,110,51,226,127,361,241,518,177,476,154,406,149,40,38,41,66,860,450,0,18,407,96,31,32,40,51,0,13,41.7,13.7,8.6,6.0,14.6,6.2,15.0,7.2,17.6,10.2,25.3,6.7,23.2,5.8,19.8,6.0,5.3,4.9,2.1,3.4,42.0,20.7,0.0,2.2,49.2,9.4,4.1,4.2,5.3,6.6,0.0,0.6,0.89,0.8128,0.1587,0.7381,0.8874,3.487,0.7917,0.8689,0.6007,0.8503,0.5243,0.6021,3.4463,0.9431,0.5921,0.5921,0.5921,0.0,0.9896,0.7254,0.5383,0.0,2.2533,0.4877,9.7787,0.8037,0,0,0,0,0,0,0,0,0,0,0,0,0,0,0,1,0,0,0,1,1,850,181,132,4,9,487,263,7,12,264,175,0,13,91,65,7,10,24.0,14.1,0.2,0.5,23.8,10.5,0.3,0.6,12.9,7.9,0.0,1.9,4.4,3.5,0.3,0.5,49422,0.08087441806258297,1.4611751947971636
35,New Mexico,NM,35047,San Miguel County,35047957200,Census Tract 9572; San Miguel County; New Mexico,6.059168570462,3210,438,1963,178,1727,196,1286,360,21,34,428,165,536,201,139,120,835,178,452,191,991,281,165,110,42,72,2779,475,195,111,220,85,0,18,297,119,17,6,40.3,9.8,1.6,2.6,24.8,9.1,22.0,8.0,4.4,3.7,26.0,5.3,14.1,5.4,31.0,7.3,9.6,6.3,1.4,2.3,86.6,8.9,10.0,5.6,11.2,4.3,0.0,1.0,17.2,6.8,0.5,0.2,0.8783,0.1241,0.5149,0.8694,0.32,2.7067,0.5705,0.8839,0.1316,0.9867,0.7872,0.5229,3.3123,0.9128,0.8853,0.8853,0.8853,0.6406,0.8082,0.0,0.8752,0.5852,2.9092,0.7685,9.8135,0.8079,0,0,0,0,0,0,0,0,1,0,0,1,0,0,0,0,0,0,0,0,1,3531,493,137,9,4,2555,360,0,13,8,4,0,13,68,90,139,176,28.5,8.1,0.3,0.1,79.6,6.6,0.0,1.2,0.2,0.1,0.0,1.2,2.1,2.7,4.3,5.4,49423,0.0015602125345000003,0.18041247267136337
35,New Mexico,NM,35047,San Miguel County,35047957300,Census Tract 9573; San Miguel County; New Mexico,2.982705131748,2678,442,1406,194,1057,169,691,216,37,33,362,133,199,116,275,125,518,111,626,226,482,135,157,101,30,55,2146,463,96,67,319,142,69,91,132,90,543,17,32.4,7.6,3.7,3.1,34.2,11.3,12.9,7.3,10.3,3.6,19.3,4.7,23.4,5.8,18.0,5.4,14.8,9.3,1.2,2.3,80.1,11.1,6.9,4.7,22.7,9.4,6.5,8.5,12.5,8.4,20.3,3.4,0.7858,0.3898,0.7568,0.6773,0.6859,3.2956,0.7413,0.6564,0.6136,0.7888,0.9202,0.4936,3.4726,0.9486,0.8482,0.8482,0.8482,0.5723,0.913,0.833,0.8073,0.9722,4.0978,0.9949,11.7142,0.9686,0,0,0,0,0,0,0,0,0,1,0,1,0,0,0,1,0,0,1,2,3,4555,240,112,146,80,1815,435,86,76,59,50,0,13,25,32,15,23,22.7,10.0,5.5,3.0,67.8,7.2,3.2,2.7,2.2,1.9,0.0,1.5,0.9,1.2,0.6,0.9,49424,0.0007687768280000001,0.14017832360279392
35,New Mexico,NM,35047,San Miguel County,35047957400,Census Tract 9574; San Miguel County; New Mexico,5.632268330428,4197,656,2287,238,1851,245,1423,331,275,151,626,219,402,162,198,130,742,176,626,269,1055,349,227,103,75,84,3645,675,0,18,581,144,53,64,108,86,218,17,35.4,5.9,12.6,6.3,33.8,11.0,14.6,5.5,4.9,3.1,17.7,4.7,14.9,5.2,25.9,6.8,12.2,5.3,1.9,2.1,86.8,8.6,0.0,0.8,25.4,6.0,2.9,3.4,5.8,4.4,5.2,0.9,0.8262,0.9275,0.7487,0.7272,0.361,3.5906,0.8172,0.5735,0.154,0.9593,0.8697,0.5824,3.1389,0.857,0.8866,0.8866,0.8866,0.0,0.9282,0.6321,0.5702,0.9073,3.0378,0.8142,10.6539,0.8948,0,1,0,0,0,1,0,0,1,0,0,1,0,0,0,1,0,0,1,2,4,6173,478,166,20,26,3530,600,4,11,21,35,0,13,69,83,1,2,25.8,8.2,0.5,0.6,84.1,4.0,0.1,0.3,0.5,0.8,0.0,0.9,1.6,2.0,0.0,0.1,49425,0.0014474444440000004,0.1914603407886885
35,New Mexico,NM,35047,San Miguel County,35047957501,Census Tract 9575.01; San Miguel County; New Mexico,3182.522554240022,2189,502,1483,139,937,161,713,412,60,65,166,97,380,154,266,158,580,191,288,212,396,144,34,57,32,53,1785,523,0,18,900,193,90,63,40,33,0,13,32.6,17.3,5.3,5.3,17.7,9.9,20.8,7.7,12.2,6.8,26.5,9.3,13.2,7.9,18.1,6.4,3.6,6.1,1.5,2.4,81.5,14.9,0.0,1.2,60.7,10.0,9.7,6.5,4.3,3.5,0.0,0.6,0.7888,0.5746,0.2633,0.8526,0.7579,3.2372,0.7248,0.8927,0.1099,0.7925,0.3577,0.5368,2.6896,0.6312,0.8559,0.8559,0.8559,0.0,0.9962,0.9046,0.4676,0.0,2.3684,0.5393,9.1511,0.7256,0,0,0,0,0,0,0,0,0,0,0,0,0,0,0,1,1,0,0,2,2,857,284,117,23,37,1660,530,0,13,102,84,0,13,0,13,0,13,30.3,12.0,1.1,1.7,75.8,10.0,0.0,1.8,4.7,4.0,0.0,1.8,0.0,1.8,0.0,1.8,49426,0.8226324707650005,4.489326645975516
35,New Mexico,NM,35047,San Miguel County,35047957502,Census Tract 9575.02; San Miguel County; New Mexico,298.275366090838,2315,374,1307,188,1010,192,529,297,51,40,180,98,193,104,59,58,866,245,353,245,355,120,70,94,43,74,1585,435,0,18,316,132,0,18,17,30,178,12,24.8,13.2,5.4,4.2,17.8,9.1,11.3,5.8,2.5,2.4,37.4,10.0,15.2,9.2,15.3,5.5,6.9,9.2,2.0,3.4,68.5,15.2,0.0,1.4,24.2,10.2,0.0,1.8,1.7,3.0,7.7,1.3,0.6504,0.5847,0.2668,0.6206,0.1562,2.2787,0.438,0.9744,0.1633,0.6619,0.6455,0.5928,3.0379,0.8162,0.7826,0.7826,0.7826,0.0,0.9219,0.0,0.2177,0.9365,2.0761,0.4098,8.1753,0.5849,0,0,0,0,0,0,1,0,0,0,0,1,0,0,0,1,0,0,1,2,3,1061,348,190,57,39,1468,433,6,14,43,43,0,13,11,15,0,13,34.5,14.6,2.5,1.8,63.4,11.4,0.3,0.6,1.9,1.9,0.0,1.7,0.5,0.7,0.0,1.7,49427,0.07786722141200002,1.4616256937316052
35,New Mexico,NM,35047,San Miguel County,35047957601,Census Tract 9576.01; San Miguel County; New Mexico,246.198175050016,2784,738,1361,228,1081,229,434,315,77,101,128,92,371,300,198,215,479,193,649,242,496,240,184,180,0,52,2484,753,0,18,616,249,132,125,0,13,0,13,16.3,10.9,5.8,7.4,11.8,8.1,17.7,12.8,7.1,6.9,17.2,8.3,23.3,5.7,17.8,8.8,17.0,16.3,0.0,1.9,89.2,13.1,0.0,1.3,45.3,16.9,12.2,11.3,0.0,3.6,0.0,0.5,0.4325,0.6232,0.0855,0.7996,0.5188,2.4596,0.4931,0.5458,0.6069,0.781,0.9473,0.0,2.881,0.7398,0.9024,0.9024,0.9024,0.0,0.9854,0.9354,0.0,0.0,1.9208,0.3472,8.1638,0.5831,0,0,0,0,0,0,0,0,0,1,0,1,1,1,0,1,1,0,0,2,4,882,293,175,0,13,2314,848,0,13,0,13,0,13,170,239,0,13,27.1,16.8,0.0,1.4,83.1,13.4,0.0,1.4,0.0,1.4,0.0,1.4,6.1,9.0,0.0,1.4,49428,0.06334506658200002,1.4677089228817244
35,New Mexico,NM,35047,San Miguel County,35047957602,Census Tract 9576.02; San Miguel County; New Mexico,329.17403038185,1562,513,939,100,515,130,710,494,64,88,135,80,180,145,150,130,354,147,309,219,276,124,0,18,37,76,1338,529,0,18,196,132,0,18,20,30,13,4,45.5,27.9,8.9,12.8,26.2,14.1,14.4,9.9,9.6,7.3,22.7,9.1,19.8,11.0,17.7,7.0,0.0,3.5,2.7,5.5,85.7,18.8,0.0,1.9,20.9,13.0,0.0,3.5,3.9,6.0,0.8,0.4,0.9189,0.8263,0.5588,0.7218,0.6544,3.6802,0.8383,0.7981,0.3842,0.777,0.0,0.6511,2.6104,0.5816,0.8798,0.8798,0.8798,0.0,0.9009,0.0,0.4355,0.6574,1.9938,0.3772,9.1642,0.7274,1,0,0,0,0,1,0,0,0,0,0,0,0,0,0,1,0,0,0,1,2,1303,77,57,0,13,1281,474,0,13,45,58,0,13,12,20,0,13,15.0,11.7,0.0,2.5,82.0,10.8,0.0,2.5,2.9,3.6,0.0,2.5,0.8,1.5,0.0,2.5,49429,0.08489553847550002,1.874538389823952
35,New Mexico,NM,35047,San Miguel County,35047957603,Census Tract 9576.03; San Miguel County; New Mexico,20.68094165833,1780,370,1005,125,796,133,496,237,11,19,302,141,192,91,42,40,395,164,293,152,326,143,36,46,37,68,1395,419,0,18,397,144,13,26,11,16,21,4,27.9,12.0,1.4,2.5,37.9,16.5,13.7,6.6,2.4,2.3,22.2,9.8,16.5,7.9,18.3,8.6,4.5,5.7,2.1,3.8,78.4,17.0,0.0,1.8,39.5,12.9,1.6,3.3,1.4,2.1,1.2,0.3,0.7125,0.1044,0.8222,0.7017,0.1479,2.4887,0.5022,0.7807,0.2108,0.7997,0.4495,0.6021,2.8428,0.7194,0.8386,0.8386,0.8386,0.0,0.9762,0.4774,0.1834,0.7124,2.3494,0.5305,8.5195,0.6362,0,0,0,0,0,0,0,0,0,0,0,0,0,0,0,1,0,0,0,1,1,2015,312,140,9,14,1281,406,0,13,12,18,0,13,45,51,48,93,39.2,14.7,0.5,0.8,72.0,13.0,0.0,2.2,0.7,1.0,0.0,2.2,2.5,3.0,2.7,5.2,49430,0.005331671950500001,0.4189687944086187
35,New Mexico,NM,35047,San Miguel County,35047957700,Census Tract 9577; San Miguel County; New Mexico,625.045155534972,2033,377,1210,194,910,190,850,356,86,80,83,82,474,216,108,86,629,209,237,136,761,255,26,47,0,52,1924,383,0,18,460,145,28,45,93,103,17,6,42.2,15.8,10.9,10.7,9.1,8.8,29.2,10.7,5.4,4.3,30.9,9.5,11.7,6.0,37.7,11.3,2.9,5.1,0.0,2.7,94.6,6.9,0.0,1.5,38.0,11.7,3.1,4.9,10.2,10.3,0.8,0.3,0.8938,0.8937,0.0385,0.9347,0.3995,3.1602,0.7046,0.9447,0.0822,0.9967,0.2843,0.0,2.3079,0.3934,0.9415,0.9415,0.9415,0.0,0.9728,0.6505,0.7525,0.6574,3.0332,0.8126,9.4428,0.7633,0,0,0,1,0,1,1,0,1,0,0,2,1,1,0,1,0,0,0,1,5,851,299,130,30,51,1680,386,16,27,52,70,0,13,146,135,0,13,32.9,12.1,1.5,2.4,82.6,9.6,0.8,1.3,2.6,3.3,0.0,1.9,7.2,6.6,0.0,1.9,49431,0.16026407339800003,1.9076918910535385
35,New Mexico,NM,35047,San Miguel County,35047957800,Census Tract 9578; San Miguel County; New Mexico,4.942134943752,4467,474,1899,204,1702,219,1808,431,135,91,718,241,341,132,279,134,826,187,787,201,1165,284,157,102,122,118,3935,494,62,67,836,184,34,46,133,86,413,35,43.1,9.1,8.7,6.2,42.2,13.1,10.9,4.1,6.6,3.1,18.5,4.3,17.6,3.8,27.7,7.0,9.2,5.9,2.8,2.7,88.1,5.9,3.3,3.5,44.0,10.0,2.0,2.7,7.8,5.3,9.2,1.3,0.9013,0.8177,0.8803,0.6055,0.4856,3.6904,0.8408,0.6165,0.2606,0.9727,0.7709,0.6588,3.2795,0.9042,0.8952,0.8952,0.8952,0.4569,0.9835,0.532,0.6698,0.9462,3.5884,0.9517,11.4535,0.9554,1,0,0,0,0,1,0,0,1,0,0,1,0,0,0,1,0,0,1,2,4,4520,465,160,3,7,3648,483,79,108,192,148,0,13,13,14,0,13,27.3,9.0,0.1,0.2,81.7,4.0,1.8,2.4,4.3,3.3,0.0,0.9,0.3,0.3,0.0,0.9,49432,0.0012791236035000003,0.1885761340167413
35,New Mexico,NM,35049,Santa Fe County,35049000102,Census Tract 1.02; Santa Fe County; New Mexico,3.64389940132,2338,475,1925,264,1389,321,287,222,13,21,459,215,0,13,272,249,1188,278,125,80,331,185,10,25,0,52,493,630,127,127,0,13,0,18,0,13,0,13,12.3,9.2,1.9,3.1,33.0,13.5,0.0,1.8,11.6,9.9,50.8,9.1,5.3,3.2,14.2,7.0,0.7,1.8,0.0,2.3,21.1,26.6,6.6,6.5,0.0,2.1,0.0,1.3,0.0,2.8,0.0,0.6,0.3062,0.158,0.732,0.0,0.7368,1.933,0.3336,0.9914,0.0263,0.5971,0.0768,0.0,1.6916,0.1092,0.3467,0.3467,0.3467,0.5643,0.0,0.0,0.0,0.0,0.5643,0.0299,4.5356,0.08,0,0,0,0,0,0,1,0,0,0,0,1,0,0,0,0,0,0,0,0,1,890,10,16,25,38,371,227,58,83,0,13,0,13,39,50,0,13,0.7,1.2,1.1,1.6,15.9,8.5,2.5,3.5,0.0,1.7,0.0,1.7,1.7,2.2,0.0,1.7,49433,0.0009390650355000003,0.15393956055072974
35,New Mexico,NM,35049,Santa Fe County,35049000103,Census Tract 1.03; Santa Fe County; New Mexico,2.500597711142,1911,287,1256,122,1046,140,184,128,45,45,304,115,31,39,33,32,1004,151,91,69,280,127,0,18,10,53,618,393,28,31,0,13,0,18,17,28,0,13,9.6,6.5,5.0,5.4,29.1,10.3,1.8,2.3,1.7,1.6,52.5,8.4,4.8,3.4,14.7,5.8,0.0,1.7,0.5,2.8,32.3,20.0,2.3,2.5,0.0,3.1,0.0,1.7,1.6,2.7,0.0,0.7,0.2177,0.5424,0.6407,0.0839,0.0929,1.5776,0.2325,0.9922,0.024,0.6281,0.0,0.3495,1.9938,0.2194,0.4937,0.4937,0.4937,0.4109,0.0,0.0,0.2067,0.0,0.6176,0.0344,4.6827,0.0923,0,0,0,0,0,0,1,0,0,0,0,1,0,0,0,0,0,0,0,0,1,1332,70,73,0,13,504,289,0,13,35,42,0,13,79,60,0,13,6.7,6.9,0.0,2.1,26.4,13.4,0.0,2.1,1.8,2.1,0.0,2.1,4.1,3.4,0.0,2.1,49434,0.0006465657040000002,0.1186206728980654
35,New Mexico,NM,35049,Santa Fe County,35049000201,Census Tract 2.01; Santa Fe County; New Mexico,5.803670591288,1409,214,1057,105,796,111,71,51,12,22,147,95,24,28,86,110,484,109,166,94,105,91,25,29,8,52,280,270,188,87,30,46,0,18,18,21,0,13,5.0,3.5,1.6,2.9,18.5,11.7,2.1,2.4,6.1,7.5,34.4,7.7,11.8,5.9,7.5,6.1,3.1,3.6,0.6,3.8,19.9,18.9,17.8,8.0,2.8,4.4,0.0,2.3,2.3,2.6,0.0,0.9,0.0737,0.1241,0.292,0.1013,0.451,1.0421,0.101,0.9647,0.0838,0.1469,0.3056,0.3747,1.8757,0.1685,0.3289,0.3289,0.3289,0.7581,0.6448,0.0,0.2826,0.0,1.6855,0.2578,4.9322,0.115,0,0,0,0,0,0,1,0,0,0,0,1,0,0,0,0,0,0,0,0,1,992,85,57,28,31,163,107,13,15,76,109,0,13,0,13,0,13,10.7,6.8,2.0,2.1,11.6,6.7,0.9,1.1,5.4,7.5,0.0,2.8,0.0,2.8,0.0,2.8,49435,0.0014981017655000004,0.21690229278247236
35,New Mexico,NM,35049,Santa Fe County,35049000202,Census Tract 2.02; Santa Fe County; New Mexico,2.614434480414,2688,403,1678,224,1522,253,213,154,127,170,199,104,89,59,76,74,958,321,300,73,333,147,69,67,49,73,969,525,108,75,6,10,8,19,25,28,0,13,7.9,5.6,8.1,9.9,13.1,6.5,4.0,2.7,2.8,2.7,35.6,9.4,11.2,2.9,12.4,5.1,4.6,4.3,1.9,2.8,36.0,18.8,6.4,4.4,0.4,0.6,0.5,1.2,1.6,1.9,0.0,0.5,0.1613,0.7872,0.1169,0.2247,0.1804,1.4705,0.2029,0.969,0.0745,0.4813,0.4598,0.5824,2.567,0.5554,0.5332,0.5332,0.5332,0.5592,0.4752,0.2792,0.2067,0.0,1.5203,0.2041,6.091,0.2565,0,0,0,0,0,0,1,0,0,0,0,1,0,0,0,0,0,0,0,0,1,2012,245,195,27,31,774,296,30,31,93,77,0,13,34,33,11,16,16.1,11.9,1.0,1.2,28.8,9.4,1.1,1.2,3.5,2.8,0.0,1.5,1.3,1.2,0.4,0.6,49436,0.0006723417660000002,0.11834354571880948
35,New Mexico,NM,35049,Santa Fe County,35049000300,Census Tract 3; Santa Fe County; New Mexico,0.324135331714,1518,243,1202,141,947,144,371,208,71,85,276,121,50,37,91,67,530,97,73,82,170,68,0,18,0,52,700,294,42,26,15,24,56,80,50,28,0,13,24.4,13.1,8.1,8.5,29.1,12.0,3.9,2.9,6.0,4.2,34.9,7.5,4.8,4.8,11.2,4.7,0.0,1.9,0.0,3.5,46.1,17.9,3.5,2.1,1.2,2.0,5.9,8.4,5.3,3.1,0.0,0.9,0.6417,0.7872,0.6407,0.2179,0.4443,2.7318,0.5779,0.9667,0.024,0.3969,0.0,0.0,1.3876,0.0518,0.6285,0.6285,0.6285,0.4649,0.5599,0.8131,0.5383,0.0,2.3762,0.5424,7.1241,0.416,0,0,0,0,0,0,1,0,0,0,0,1,0,0,0,0,0,0,0,0,1,2011,131,83,6,10,621,233,2,4,0,13,0,13,71,41,0,13,13.8,7.8,0.4,0.7,40.9,11.3,0.1,0.3,0.0,2.6,0.0,2.6,4.7,2.8,0.0,2.6,49437,8.382926650000002e-05,0.041454161171819374
35,New Mexico,NM,35049,Santa Fe County,35049000400,Census Tract 4; Santa Fe County; New Mexico,0.449567130148,283,64,312,83,188,54,20,19,0,13,50,37,4,7,9,9,245,63,6,10,89,33,4,14,0,52,50,94,196,70,0,13,0,18,32,15,36,3,8.1,7.4,0.0,56.4,26.6,18.1,1.4,2.6,3.6,4.1,86.6,9.8,2.1,3.4,36.0,12.4,2.1,7.4,0.0,18.4,17.7,33.0,62.8,15.0,0.0,12.0,0.0,9.6,17.0,8.6,12.7,3.1,0.1681,0.0,0.571,0.0615,0.2509,1.0515,0.1029,0.9993,0.0131,0.9954,0.2012,0.0,2.209,0.3337,0.2948,0.2948,0.2948,0.9578,0.0,0.0,0.8733,0.9589,2.79,0.721,6.3453,0.2944,0,0,0,0,0,0,1,0,1,0,0,2,0,0,1,0,0,0,1,2,4,10909,9,9,0,13,15,13,0,13,35,29,0,13,0,13,0,13,4.8,4.9,0.0,13.2,5.3,4.6,0.0,13.2,12.4,10.1,0.0,13.2,0.0,13.2,0.0,13.2,49438,0.00011535917100000003,0.05104211272476284
35,New Mexico,NM,35049,Santa Fe County,35049000500,Census Tract 5; Santa Fe County; New Mexico,1.165241164124,2092,376,2136,305,1263,261,278,128,56,59,386,132,11,13,66,58,1049,203,105,91,240,81,37,42,0,52,471,468,11,22,18,27,0,18,19,21,19,5,13.3,5.6,6.0,6.3,30.6,8.3,0.6,0.7,3.2,2.6,50.1,9.9,5.0,4.1,11.5,4.0,3.0,3.3,0.0,2.5,22.5,22.0,0.5,1.0,0.8,1.2,0.0,1.4,1.5,1.7,0.9,0.2,0.339,0.6412,0.6785,0.0251,0.2162,1.9,0.3241,0.991,0.0249,0.4186,0.2947,0.0,1.7292,0.1195,0.3679,0.3679,0.3679,0.2806,0.5252,0.0,0.1949,0.6733,1.674,0.2535,5.6711,0.199,0,0,0,0,0,0,1,0,0,0,0,1,0,0,0,0,0,0,0,0,1,2782,204,215,0,13,422,290,25,28,12,17,0,13,0,13,12,19,16.2,14.9,0.0,1.9,20.2,11.7,1.2,1.3,0.6,0.8,0.0,1.9,0.0,1.9,0.6,0.9,49439,0.0003036377230000001,0.08892301572052744
35,New Mexico,NM,35049,Santa Fe County,35049000600,Census Tract 6; Santa Fe County; New Mexico,0.629781010852,2093,256,1595,174,1194,183,256,121,52,41,277,94,38,31,82,64,793,200,218,82,204,101,0,18,0,52,834,308,40,34,6,11,25,32,43,42,0,13,12.2,5.6,4.7,3.6,23.2,7.0,2.1,1.7,3.9,3.1,37.9,7.0,10.4,3.6,9.7,4.6,0.0,1.5,0.0,2.6,39.8,13.9,2.5,2.1,0.4,0.7,2.1,2.7,3.6,3.5,0.0,0.6,0.3031,0.5102,0.4623,0.1013,0.277,1.6539,0.2538,0.9757,0.0648,0.2886,0.0,0.0,1.3291,0.0449,0.5711,0.5711,0.5711,0.421,0.4752,0.5447,0.4096,0.0,1.8505,0.3192,5.4046,0.1663,0,0,0,0,0,0,1,0,0,0,0,1,0,0,0,0,0,0,0,0,1,3847,113,88,0,13,688,214,35,31,0,13,0,13,98,91,13,16,9.5,7.1,0.0,1.9,32.9,7.9,1.7,1.5,0.0,1.9,0.0,1.9,4.7,4.2,0.6,0.8,49440,0.00016220985700000004,0.05668739554670345
35,New Mexico,NM,35049,Santa Fe County,35049000700,Census Tract 7; Santa Fe County; New Mexico,0.494641449832,1860,302,1318,171,1089,191,391,164,71,70,367,138,116,99,190,116,463,141,66,39,361,124,51,43,0,52,876,355,5,15,19,22,0,18,77,52,107,7,21.1,8.1,5.3,4.8,33.7,11.2,7.1,5.8,10.2,6.3,24.9,7.4,3.5,2.1,19.4,6.1,4.7,3.9,0.0,2.8,47.1,17.5,0.4,1.1,1.4,1.7,0.0,1.7,7.1,4.6,5.8,1.0,0.5636,0.5746,0.7466,0.4215,0.6815,2.9878,0.6548,0.8593,0.0185,0.8381,0.4694,0.0,2.1853,0.3203,0.6364,0.6364,0.6364,0.2723,0.5741,0.0,0.6383,0.9168,2.4015,0.5533,8.211,0.5901,0,0,0,0,0,0,0,0,0,0,0,0,0,0,0,0,0,0,1,1,1,3613,333,132,1,3,793,250,0,13,27,29,0,13,55,67,0,13,30.6,10.2,0.1,0.2,42.6,9.7,0.0,2.1,1.5,1.6,0.0,2.1,3.0,3.6,0.0,2.1,49441,0.00012789918450000002,0.057905857014067294
35,New Mexico,NM,35049,Santa Fe County,35049000800,Census Tract 8; Santa Fe County; New Mexico,0.75313828324,2956,439,1597,204,1473,225,1039,383,16,22,568,187,170,87,88,68,635,148,499,238,487,130,213,164,21,60,1848,516,100,107,7,18,0,18,186,105,37,12,36.3,12.4,1.0,1.4,38.6,11.2,7.7,3.9,3.0,2.3,21.5,5.0,16.9,6.7,16.5,4.9,14.5,10.9,0.7,2.1,62.5,14.8,6.2,6.7,0.4,1.1,0.0,1.2,12.6,7.1,1.3,0.4,0.8366,0.0694,0.833,0.4547,0.1984,2.3921,0.4728,0.7545,0.2277,0.7241,0.9157,0.3984,3.0204,0.8088,0.7457,0.7457,0.7457,0.5537,0.4752,0.0,0.8092,0.7228,2.5609,0.6235,8.7191,0.6656,0,0,0,0,0,0,0,0,0,1,0,1,0,0,0,0,0,0,0,0,1,2218,212,109,30,49,1547,378,73,59,0,13,0,13,170,152,28,51,14.4,7.3,1.0,1.6,52.3,9.2,2.5,2.0,0.0,1.3,0.0,1.3,5.8,4.9,0.9,1.7,49442,0.00019450013350000005,0.07871813933978487
35,New Mexico,NM,35049,Santa Fe County,35049000900,Census Tract 9; Santa Fe County; New Mexico,0.976123385198,3364,460,1817,250,1723,271,411,135,47,34,535,222,269,126,64,51,1253,289,340,172,720,235,63,54,33,55,1816,578,0,18,83,70,23,38,52,37,66,10,12.2,3.6,2.7,1.9,31.1,11.9,9.6,4.3,1.9,1.6,37.2,7.9,10.1,4.6,21.4,6.5,3.7,3.1,1.0,1.6,54.0,15.5,0.0,1.0,4.6,3.9,1.3,2.2,3.0,2.2,2.0,0.1,0.3031,0.2574,0.6905,0.5507,0.1082,1.9099,0.327,0.9738,0.0614,0.8909,0.3689,0.4592,2.7542,0.6696,0.6885,0.6885,0.6885,0.0,0.6959,0.4295,0.3532,0.7829,2.2615,0.4914,7.6141,0.4955,0,0,0,0,0,0,1,0,0,0,0,1,0,0,0,0,0,0,0,0,1,3250,287,118,0,13,1658,357,0,13,23,37,0,13,41,28,94,97,16.7,6.4,0.0,1.2,49.3,8.2,0.0,1.2,0.7,1.1,0.0,1.2,1.2,0.8,2.8,2.8,49443,0.0002509660825000001,0.07188193982226518
35,New Mexico,NM,35049,Santa Fe County,35049001001,Census Tract 10.01; Santa Fe County; New Mexico,0.9996373830999999,1969,286,1176,169,906,149,474,143,24,26,327,118,138,88,31,25,822,171,158,55,384,112,6,16,42,60,607,403,379,124,8,14,0,18,140,61,283,36,25.3,6.6,2.6,2.9,36.1,11.6,7.9,5.2,1.7,1.4,41.7,9.0,8.0,2.7,20.5,6.1,0.7,1.8,2.2,3.1,30.8,20.0,32.2,9.5,0.7,1.2,0.0,2.0,15.5,6.5,14.4,2.8,0.6609,0.2441,0.7917,0.4653,0.0929,2.2549,0.4303,0.9828,0.0429,0.869,0.0768,0.611,2.5825,0.5645,0.4762,0.4762,0.4762,0.8721,0.5131,0.0,0.8554,0.9626,3.2032,0.8649,8.5168,0.6358,0,0,0,0,0,0,1,0,0,0,0,1,0,0,0,0,0,0,1,1,2,7209,165,60,0,13,463,146,24,29,30,53,0,13,82,57,8,12,18.2,6.1,0.0,2.0,23.5,7.6,1.2,1.5,1.5,2.7,0.0,2.0,4.2,2.8,0.4,0.6,49444,0.00025900555400000004,0.06964744467973862
35,New Mexico,NM,35049,Santa Fe County,35049001002,Census Tract 10.02; Santa Fe County; New Mexico,0.805504911398,3562,557,1901,215,1732,211,1599,447,108,74,800,197,511,241,432,231,542,126,658,266,612,206,208,128,380,211,2313,632,633,150,60,64,73,38,243,135,0,13,44.9,10.4,5.8,3.9,46.2,9.9,20.1,9.1,12.1,6.0,15.2,4.2,18.5,5.9,17.2,6.4,12.0,7.2,11.6,6.2,64.9,14.6,33.3,6.9,3.2,3.3,4.3,2.1,14.0,7.8,0.0,0.4,0.9148,0.6232,0.9213,0.8412,0.7545,4.055,0.9182,0.4349,0.3075,0.7555,0.8645,0.8981,3.2605,0.8986,0.761,0.761,0.761,0.8775,0.658,0.738,0.834,0.0,3.1075,0.8362,11.184,0.9377,1,0,1,0,0,2,0,0,0,0,0,0,0,0,0,0,0,0,0,0,2,6072,397,141,164,85,2005,512,16,24,0,13,0,13,128,101,0,13,22.9,8.0,4.6,2.5,56.3,8.6,0.4,0.7,0.0,1.1,0.0,1.1,3.6,2.8,0.0,1.1,49445,0.00020718391550000005,0.0649064126070676
35,New Mexico,NM,35049,Santa Fe County,35049001102,Census Tract 11.02; Santa Fe County; New Mexico,1.828424245098,3572,537,2044,229,1843,229,480,191,64,46,447,128,139,99,290,173,879,121,401,157,378,112,143,112,68,70,1658,602,630,165,13,21,36,44,63,37,74,7,13.6,5.0,3.3,2.7,24.3,6.3,5.0,3.3,8.2,4.2,24.6,5.5,11.2,3.9,10.7,4.1,7.8,6.0,1.9,2.0,46.4,15.3,30.8,7.3,0.6,1.0,2.0,2.4,3.4,2.0,2.1,0.4,0.3486,0.338,0.4992,0.2904,0.5851,2.0613,0.3723,0.8524,0.0745,0.3607,0.702,0.5824,2.572,0.5583,0.6309,0.6309,0.6309,0.8647,0.4993,0.532,0.3925,0.7903,3.0788,0.8271,8.343,0.6093,0,0,0,0,0,0,0,0,0,0,0,0,0,0,0,0,0,0,0,0,0,3392,142,61,33,37,1182,363,173,126,57,51,0,13,155,148,58,77,7.7,3.7,0.9,1.1,33.1,7.2,4.8,3.6,1.6,1.4,0.0,1.1,4.3,3.8,1.6,2.2,49446,0.0004727307705000001,0.09097369498081036
35,New Mexico,NM,35049,Santa Fe County,35049001103,Census Tract 11.03; Santa Fe County; New Mexico,0.859371545826,1786,211,902,132,865,134,218,91,43,32,215,68,78,61,87,56,446,158,290,85,207,68,76,42,16,53,1020,267,210,70,0,13,0,18,77,40,106,7,12.8,5.1,4.6,3.5,24.9,6.8,6.1,4.6,5.0,3.4,25.0,7.4,16.2,4.3,11.9,3.7,8.7,4.7,0.9,3.0,57.1,13.3,23.3,7.0,0.0,4.3,0.0,2.1,8.9,4.8,5.9,0.8,0.3227,0.4994,0.5184,0.3612,0.3691,2.0708,0.3752,0.8621,0.1988,0.4465,0.7482,0.4404,2.696,0.6348,0.7104,0.7104,0.7104,0.8125,0.0,0.0,0.712,0.9182,2.4427,0.5717,7.9199,0.5447,0,0,0,0,0,0,0,0,0,0,0,0,0,0,0,0,0,0,1,1,1,4905,55,37,25,24,868,172,68,72,15,22,0,13,31,24,13,18,6.4,4.3,1.4,1.4,48.6,6.2,3.8,4.1,0.8,1.3,0.0,2.2,1.7,1.3,0.7,1.0,49447,0.00022253903350000006,0.07283712553843377
35,New Mexico,NM,35049,Santa Fe County,35049001105,Census Tract 11.05; Santa Fe County; New Mexico,0.94375104911,2609,382,1389,183,1304,198,516,211,210,161,325,126,49,37,161,89,734,154,326,90,303,123,50,45,35,57,1343,440,147,84,16,26,0,18,16,26,6,5,19.8,7.5,13.4,8.5,24.9,8.9,2.3,1.7,6.2,3.3,28.1,6.3,12.5,3.4,11.6,4.6,3.8,3.4,1.4,2.2,51.5,15.1,10.5,5.9,1.2,1.8,0.0,1.4,1.2,2.0,0.2,0.2,0.5302,0.9394,0.5184,0.1139,0.458,2.5599,0.5251,0.9167,0.096,0.4257,0.3793,0.5229,2.3406,0.4131,0.6709,0.6709,0.6709,0.6501,0.5599,0.0,0.1602,0.4424,1.8126,0.3042,7.384,0.4575,0,1,0,0,0,1,1,0,0,0,0,1,0,0,0,0,0,0,0,0,2,3254,90,66,141,126,1057,279,52,53,44,48,0,13,19,26,30,45,6.9,5.1,5.4,4.7,40.5,7.4,2.0,2.0,1.7,1.8,0.0,1.5,0.7,1.0,1.1,1.7,49448,0.00024321996750000007,0.06362962449431327
35,New Mexico,NM,35049,Santa Fe County,35049001106,Census Tract 11.06; Santa Fe County; New Mexico,0.950614398262,3055,383,1707,321,1577,330,831,297,35,38,464,243,113,55,287,175,999,329,339,139,824,317,62,65,54,67,1978,524,407,208,9,15,0,18,251,203,22,8,27.6,9.2,2.4,2.7,29.4,14.1,4.4,2.5,9.5,5.8,32.7,8.4,11.1,4.7,27.2,8.9,3.9,4.0,1.8,2.3,64.7,15.1,23.8,11.3,0.5,0.9,0.0,1.1,15.9,11.7,0.7,0.2,0.7069,0.2186,0.6486,0.2509,0.65,2.475,0.4982,0.9565,0.0732,0.9693,0.3894,0.572,2.9604,0.7808,0.7598,0.7598,0.7598,0.8166,0.4864,0.0,0.8605,0.6376,2.8011,0.7254,8.9963,0.7045,0,0,0,0,0,0,1,0,1,0,0,2,0,0,0,0,0,0,0,0,2,4154,274,94,11,4,1805,275,38,44,0,13,71,32,47,41,6,11,17.4,6.3,0.4,0.1,59.1,8.9,1.2,1.5,0.0,1.3,2.3,1.1,1.5,1.4,0.2,0.4,49449,0.00024475479650000004,0.07413185687717916
35,New Mexico,NM,35049,Santa Fe County,35049001107,Census Tract 11.07; Santa Fe County; New Mexico,1.009729703278,5098,574,2408,215,2319,230,967,439,139,104,802,252,244,193,373,202,1288,304,715,177,1033,272,110,80,44,96,3042,729,135,83,8,18,44,58,113,89,21,5,19.0,8.3,5.0,3.3,34.6,10.3,6.2,4.8,7.4,4.0,25.3,6.1,14.0,3.3,20.6,5.8,4.8,3.4,0.9,1.9,59.7,12.6,5.6,3.4,0.3,0.7,1.9,2.5,4.9,3.9,0.4,0.1,0.5088,0.5424,0.7643,0.3674,0.5379,2.7208,0.5744,0.8689,0.1288,0.8714,0.4789,0.4404,2.7884,0.6893,0.7276,0.7276,0.7276,0.5366,0.4688,0.5193,0.5117,0.5488,2.5852,0.6342,8.822,0.6806,0,0,0,0,0,0,0,0,0,0,0,0,0,0,0,0,0,0,0,0,0,2792,227,104,96,79,2636,438,154,121,0,19,0,19,135,87,21,31,9.8,4.6,1.9,1.6,51.7,7.4,3.0,2.4,0.0,0.8,0.0,0.8,2.6,1.8,0.4,0.6,49450,0.00025884644200000004,0.07413896181704366
35,New Mexico,NM,35049,Santa Fe County,35049001202,Census Tract 12.02; Santa Fe County; New Mexico,2.140666090804,6069,770,2655,312,2571,306,2637,702,299,158,1067,318,862,248,990,445,733,172,1585,360,1182,423,370,193,506,224,4713,865,419,197,865,328,208,146,163,115,109,18,43.6,10.2,10.4,5.8,41.5,11.3,20.3,5.7,16.5,7.0,12.1,3.3,26.1,4.4,19.7,6.3,14.4,7.3,9.0,3.8,77.7,10.3,15.8,7.2,32.6,10.0,8.1,5.6,6.3,4.5,1.8,0.2,0.9055,0.8802,0.8715,0.8447,0.8685,4.3704,0.9678,0.2692,0.7636,0.8474,0.9138,0.8633,3.6573,0.9752,0.8344,0.8344,0.8344,0.7331,0.9587,0.8755,0.5982,0.7677,3.9332,0.9885,12.7953,0.9967,1,0,0,0,0,1,0,0,0,1,0,1,0,0,0,1,0,0,0,1,3,6868,717,225,20,27,4347,761,15,25,215,194,0,19,100,95,16,28,27.9,8.7,0.3,0.5,71.6,6.8,0.2,0.4,3.5,3.1,0.0,0.7,1.6,1.6,0.3,0.5,49451,0.0005516205940000002,0.11923642995045274
35,New Mexico,NM,35049,Santa Fe County,35049001203,Census Tract 12.03; Santa Fe County; New Mexico,4.136334278222,2986,524,1054,140,1024,143,1033,405,182,150,142,108,299,157,738,236,478,134,649,174,280,134,61,38,433,199,2410,549,29,32,522,120,120,75,10,17,0,13,34.9,12.3,11.0,7.6,13.9,10.4,13.6,7.1,24.7,6.5,16.0,4.0,21.7,4.4,9.4,4.5,6.0,3.6,15.6,6.7,80.7,11.7,2.8,3.0,49.5,8.1,11.7,7.1,1.0,1.6,0.0,0.4,0.8201,0.8961,0.138,0.6988,0.958,3.511,0.7977,0.4795,0.5043,0.2674,0.5809,0.9343,2.7664,0.677,0.8516,0.8516,0.8516,0.4352,0.9898,0.9304,0.1378,0.0,2.4932,0.5937,9.6222,0.7853,0,0,0,0,1,1,0,0,0,0,1,1,0,0,0,1,1,0,0,2,4,2080,209,109,20,29,2345,464,6,10,0,13,0,13,39,39,0,13,20.4,9.6,0.7,1.0,78.5,5.0,0.2,0.3,0.0,1.3,0.0,1.3,1.3,1.4,0.0,1.3,49452,0.0010683853925000002,0.22627460947902428
35,New Mexico,NM,35049,Santa Fe County,35049001205,Census Tract 12.05; Santa Fe County; New Mexico,0.998531586972,6171,792,2114,249,1996,259,1869,705,122,90,803,243,847,291,1597,535,458,172,2076,442,554,196,327,131,867,272,5626,852,104,82,1300,286,104,71,22,33,5,2,30.8,10.9,3.8,2.7,40.2,11.0,26.4,8.0,25.9,7.5,7.4,2.9,33.6,4.6,9.0,3.2,16.4,6.2,15.1,4.4,91.2,7.3,4.9,3.8,61.5,11.8,5.2,3.5,1.1,1.7,0.1,0.0,0.7624,0.4016,0.8552,0.9151,0.964,3.8983,0.8869,0.087,0.959,0.2399,0.9411,0.9306,3.1576,0.864,0.9162,0.9162,0.9162,0.5154,0.9964,0.785,0.149,0.3692,2.815,0.731,10.7871,0.9068,0,0,0,1,1,2,0,1,0,1,1,3,1,1,0,1,0,0,0,1,7,2914,476,205,0,19,5366,802,0,19,135,117,0,19,116,129,9,13,23.8,9.3,0.0,0.6,87.0,5.3,0.0,0.6,2.2,1.9,0.0,0.6,1.9,2.1,0.1,0.2,49453,0.0002701188670000001,0.0865722049429804
35,New Mexico,NM,35049,Santa Fe County,35049001206,Census Tract 12.06; Santa Fe County; New Mexico,0.500422168976,4488,884,1475,135,1398,150,1645,775,69,80,626,194,761,357,940,403,314,123,1548,474,385,202,225,109,720,328,3995,899,157,90,411,137,196,144,149,92,6,2,36.7,15.7,3.3,4.1,44.8,13.0,30.4,11.4,21.0,7.5,7.0,3.1,34.5,5.7,8.6,4.1,16.0,7.6,16.9,6.8,89.0,9.7,10.7,6.0,27.9,9.1,14.0,10.2,10.7,6.6,0.1,0.0,0.8412,0.338,0.908,0.9423,0.9299,3.9594,0.8996,0.0761,0.9677,0.2137,0.936,0.9428,3.1363,0.8561,0.9009,0.9009,0.9009,0.6538,0.9411,0.9502,0.7654,0.3692,3.6797,0.9651,11.6763,0.9669,0,0,1,1,1,3,0,1,0,1,1,3,1,1,0,1,1,0,0,2,9,2085,195,111,15,25,3906,918,31,46,1,4,42,52,0,13,0,13,13.9,7.9,0.3,0.6,87.0,4.6,0.7,1.0,0.0,0.1,0.9,1.2,0.0,0.9,0.0,0.9,49454,0.00012785144700000004,0.04806749795736494
35,New Mexico,NM,35049,Santa Fe County,35049001207,Census Tract 12.07; Santa Fe County; New Mexico,0.571265708344,2998,499,1104,165,1066,171,845,407,100,113,174,102,330,171,461,285,386,187,702,236,383,224,33,46,346,225,2719,514,0,18,290,154,144,159,69,58,6,3,28.2,12.7,6.2,7.1,16.3,9.2,16.5,7.9,15.4,9.5,12.9,5.8,23.4,6.1,12.8,7.0,3.1,4.3,12.4,7.8,90.7,8.1,0.0,1.6,26.3,11.6,13.5,14.8,6.5,5.4,0.2,0.1,0.7178,0.6579,0.2132,0.7735,0.8457,3.2081,0.7173,0.3099,0.6136,0.5075,0.3056,0.9069,2.6435,0.6026,0.9127,0.9127,0.9127,0.0,0.9328,0.9463,0.6087,0.4424,2.9302,0.7766,9.6945,0.7934,0,0,0,0,0,0,0,0,0,0,1,1,1,1,0,1,1,0,0,2,4,1081,111,92,0,13,2609,519,101,100,0,13,0,13,9,17,0,13,10.4,8.9,0.0,1.3,87.0,5.6,3.4,3.3,0.0,1.3,0.0,1.3,0.3,0.6,0.0,1.3,49455,0.00014724058350000003,0.05454484666060163
35,New Mexico,NM,35049,Santa Fe County,35049001301,Census Tract 13.01; Santa Fe County; New Mexico,0.656788845752,1384,198,675,89,630,96,181,96,44,28,176,69,39,31,50,34,208,80,204,57,203,80,15,23,10,52,848,226,70,30,4,9,19,24,18,28,0,13,13.1,6.7,5.4,3.7,27.9,10.1,3.4,2.8,3.6,2.5,15.0,5.3,14.7,3.9,14.7,5.2,2.4,3.6,0.8,3.9,61.3,13.8,10.4,4.2,0.6,1.3,3.0,3.8,2.9,4.5,0.0,0.9,0.3329,0.5847,0.6085,0.1848,0.2509,1.9618,0.3423,0.4245,0.1484,0.6281,0.232,0.4204,1.8534,0.1599,0.7382,0.7382,0.7382,0.6481,0.4993,0.6415,0.3433,0.0,2.1322,0.4345,6.6856,0.3456,0,0,0,0,0,0,0,0,0,0,0,0,0,0,0,0,0,0,0,0,0,708,34,34,0,13,716,195,34,31,13,17,0,13,18,20,67,74,5.4,5.5,0.0,2.8,51.7,10.0,2.5,2.2,0.9,1.2,0.0,2.8,1.3,1.4,4.8,5.3,49456,0.00017038178700000005,0.07835280475476424
35,New Mexico,NM,35049,Santa Fe County,35049001302,Census Tract 13.02; Santa Fe County; New Mexico,0.759475375366,2975,634,1065,148,1012,147,1017,341,36,35,318,103,512,224,840,324,195,81,714,204,342,193,159,68,264,119,2544,650,139,71,591,130,96,55,17,22,0,13,34.4,8.9,2.3,2.2,31.4,9.1,28.7,8.9,28.2,7.3,6.6,2.9,24.0,4.4,11.5,5.7,15.7,6.3,9.5,3.7,85.5,12.1,13.1,6.4,55.5,8.6,9.5,5.3,1.7,2.2,0.0,0.4,0.8138,0.2063,0.6967,0.9313,0.9733,3.6214,0.8243,0.0664,0.6507,0.4186,0.9325,0.8707,2.9389,0.7697,0.8786,0.8786,0.8786,0.694,0.994,0.9015,0.2177,0.0,2.8072,0.728,10.2461,0.8554,0,0,0,1,1,2,0,0,0,1,0,1,0,0,0,1,1,0,0,2,5,3939,163,76,42,38,2450,651,42,33,10,14,0,13,0,13,0,13,16.1,8.0,1.4,1.4,82.4,6.3,1.4,1.2,0.3,0.5,0.0,1.3,0.0,1.3,0.0,1.3,49457,0.00019637440500000006,0.06573881641289288
35,New Mexico,NM,35049,Santa Fe County,35049001304,Census Tract 13.04; Santa Fe County; New Mexico,2.374178263792,911,258,401,159,376,162,373,188,124,143,202,148,140,64,62,60,170,63,158,91,314,158,10,21,69,66,751,268,0,18,101,54,2,13,15,16,26,5,40.9,17.1,25.3,23.1,53.7,31.8,22.0,11.5,6.8,6.2,18.7,8.4,17.3,7.8,34.5,12.6,2.7,5.5,7.6,7.0,82.4,17.9,0.0,4.5,25.2,14.8,0.5,3.5,4.0,4.7,2.9,1.0,0.8831,0.9942,0.9686,0.8694,0.4992,4.2145,0.9458,0.6267,0.246,0.9938,0.2641,0.838,2.9686,0.7844,0.8608,0.8608,0.8608,0.0,0.9273,0.2792,0.4441,0.8365,2.4871,0.5912,10.531,0.8834,0,1,1,0,0,2,0,0,1,0,0,1,0,0,0,1,0,0,0,1,4,817,56,38,3,6,725,253,0,13,0,13,0,13,23,35,0,13,14.9,10.9,0.3,0.7,79.6,10.2,0.0,4.3,0.0,4.3,0.0,4.3,2.5,3.8,0.0,4.3,49458,0.0006123715560000002,0.11651855189423796
35,New Mexico,NM,35049,Santa Fe County,35049001305,Census Tract 13.05; Santa Fe County; New Mexico,0.834221247648,4764,648,1884,226,1825,239,906,429,109,84,678,255,180,94,452,199,592,103,894,237,339,134,79,59,146,126,3324,723,0,18,38,47,116,118,44,50,0,13,19.1,8.6,3.7,2.8,37.2,13.1,5.3,2.4,9.5,4.1,12.4,2.4,18.8,4.5,7.1,3.0,4.4,3.2,3.3,2.8,69.8,11.8,0.0,1.0,2.0,2.5,6.4,6.4,2.4,2.7,0.0,0.3,0.5115,0.3898,0.8107,0.3101,0.65,2.6721,0.56,0.2841,0.3249,0.1261,0.4396,0.6916,1.8663,0.165,0.7898,0.7898,0.7898,0.0,0.6101,0.83,0.2925,0.0,1.7326,0.2745,7.0608,0.4054,0,0,0,0,0,0,0,0,0,0,0,0,0,0,0,0,0,0,0,0,0,2411,140,103,91,80,2562,766,160,77,179,112,0,13,332,180,0,13,7.7,5.8,1.9,1.7,53.8,10.7,3.4,1.9,3.8,2.4,0.0,0.8,7.0,4.0,0.0,0.8,49459,0.00021435522200000007,0.10119658673783626
35,New Mexico,NM,35049,Santa Fe County,35049001306,Census Tract 13.06; Santa Fe County; New Mexico,1.560868300464,2511,533,849,136,849,136,765,381,39,63,308,144,164,169,283,179,153,87,761,231,242,145,204,98,167,176,2076,556,152,115,179,130,0,18,7,11,0,13,30.5,13.7,3.1,4.8,36.3,15.9,12.4,10.4,11.3,7.0,6.1,3.8,30.3,9.1,9.6,5.5,24.0,10.9,6.9,7.2,82.7,13.5,17.9,13.2,21.1,13.4,0.0,2.1,0.8,1.3,0.0,0.5,0.7578,0.3112,0.7954,0.661,0.7263,3.2517,0.7288,0.0557,0.9062,0.2816,0.9856,0.8225,3.0516,0.8222,0.8624,0.8624,0.8624,0.7594,0.9024,0.0,0.1148,0.0,1.7766,0.2903,8.9423,0.6973,0,0,0,0,0,0,0,1,0,1,0,2,0,0,0,1,0,0,0,1,3,3955,50,48,0,13,1955,463,0,13,10,16,0,13,111,120,0,13,5.9,5.6,0.0,1.6,77.9,7.0,0.0,1.6,0.4,0.6,0.0,1.6,4.4,4.4,0.0,1.6,49460,0.0004000784685000001,0.11585845668344091
35,New Mexico,NM,35049,Santa Fe County,35049010102,Census Tract 101.02; Santa Fe County; New Mexico,115.720727726064,4403,829,2373,342,1806,337,1123,519,138,169,218,177,430,341,650,397,872,386,1026,364,473,246,55,63,165,231,3648,905,0,18,812,304,149,128,0,13,8,3,25.5,10.8,7.6,8.7,12.1,9.5,13.7,9.9,14.8,8.4,19.8,8.4,23.3,6.6,10.7,5.6,3.1,3.4,4.0,5.5,82.9,13.4,0.0,0.8,34.2,11.3,8.3,6.9,0.0,2.2,0.2,0.1,0.6651,0.7585,0.0924,0.7017,0.8323,3.05,0.6731,0.6801,0.6069,0.3607,0.3056,0.7277,2.681,0.626,0.8636,0.8636,0.8636,0.0,0.9637,0.8798,0.0,0.4424,2.2859,0.5023,8.8805,0.6884,0,0,0,0,0,0,0,0,0,0,0,0,0,0,0,1,0,0,0,1,1,2410,470,259,0,13,3621,802,0,13,27,42,0,13,0,13,0,13,26.0,13.1,0.0,0.9,82.2,8.4,0.0,0.9,0.6,1.0,0.0,0.9,0.0,0.9,0.0,0.9,49461,0.029984744928000007,0.941005065905323
35,New Mexico,NM,35049,Santa Fe County,35049010204,Census Tract 102.04; Santa Fe County; New Mexico,67.424772567962,2038,266,1222,156,991,115,241,135,21,27,136,74,43,31,15,19,1067,157,231,148,290,75,17,24,31,68,534,363,11,20,70,44,0,18,33,25,0,13,11.9,6.5,3.0,3.8,13.7,7.3,2.5,1.8,0.7,0.9,52.4,8.4,11.3,6.3,14.2,3.4,1.7,2.4,1.6,3.4,26.2,17.5,0.9,1.6,5.7,3.7,0.0,1.8,3.3,2.5,0.0,0.6,0.2932,0.2974,0.1325,0.1265,0.0291,0.8787,0.0684,0.9922,0.0761,0.5971,0.1619,0.5494,2.3767,0.4359,0.4193,0.4193,0.4193,0.3217,0.7198,0.0,0.3833,0.0,1.4248,0.1765,5.0995,0.1322,0,0,0,0,0,0,1,0,0,0,0,1,0,0,0,0,0,0,0,0,1,3296,63,54,0,13,479,206,0,13,0,13,0,13,55,45,0,13,6.4,5.6,0.0,1.9,23.5,9.2,0.0,1.9,0.0,1.9,0.0,1.9,2.7,2.2,0.0,1.9,49462,0.017421114428500004,0.826477038029723
35,New Mexico,NM,35049,Santa Fe County,35049010205,Census Tract 102.05; Santa Fe County; New Mexico,10.407294853662,1080,222,854,135,645,134,305,144,9,8,90,55,1,6,34,39,521,182,52,17,156,99,0,18,0,52,340,285,0,18,82,100,0,18,0,13,23,5,28.2,12.0,2.0,2.1,14.0,8.0,0.1,0.6,3.1,3.7,48.2,13.7,4.8,1.8,14.4,9.3,0.0,2.8,0.0,4.9,31.5,25.6,0.0,2.1,9.6,10.5,0.0,2.8,0.0,6.0,2.1,0.2,0.7178,0.1698,0.1409,0.0124,0.2073,1.2482,0.1469,0.9898,0.024,0.6099,0.0,0.0,1.6237,0.092,0.4846,0.4846,0.4846,0.0,0.7864,0.0,0.0,0.7903,1.5767,0.2212,4.9332,0.115,0,0,0,0,0,0,1,0,0,0,0,1,0,0,0,0,0,0,0,0,1,829,96,91,15,18,325,192,0,13,0,13,0,13,0,13,0,13,14.9,13.7,1.4,1.7,30.1,14.7,0.0,3.6,0.0,3.6,0.0,3.6,0.0,3.6,0.0,3.6,49463,0.0026834623905000006,0.3619759675828688
35,New Mexico,NM,35049,Santa Fe County,35049010304,Census Tract 103.04; Santa Fe County; New Mexico,22.697555107044,4238,545,1963,179,1821,193,676,294,42,31,500,157,340,150,331,210,1224,187,657,215,576,159,70,52,194,117,2507,610,73,46,276,101,64,62,104,70,0,13,16.0,6.6,2.0,1.5,27.5,8.1,10.2,4.3,7.8,4.8,28.9,5.7,15.5,3.8,13.6,4.1,3.8,2.8,4.7,2.7,59.2,12.2,3.7,2.3,14.1,5.0,3.5,3.4,5.7,3.7,0.0,0.3,0.4233,0.1698,0.5969,0.5767,0.5615,2.3282,0.4531,0.9263,0.1734,0.5602,0.3793,0.7572,2.7964,0.694,0.7242,0.7242,0.7242,0.4724,0.842,0.6838,0.5646,0.0,2.5628,0.6242,8.4116,0.6199,0,0,0,0,0,0,1,0,0,0,0,1,0,0,0,0,0,0,0,0,1,2402,185,81,0,13,2176,514,92,88,130,152,11,16,89,63,9,15,10.2,4.4,0.0,0.9,51.3,7.6,2.2,2.1,3.1,3.5,0.3,0.4,2.1,1.4,0.2,0.4,49464,0.005892316907000002,0.4528344161247667
35,New Mexico,NM,35049,Santa Fe County,35049010308,Census Tract 103.08; Santa Fe County; New Mexico,54.505172232212,2519,391,1013,94,947,102,940,292,87,44,298,86,453,165,417,184,569,155,463,240,378,153,30,36,210,142,1891,419,0,18,455,77,33,28,32,31,0,13,37.3,10.0,7.3,3.7,31.5,8.4,26.1,8.4,16.6,7.1,22.6,5.6,18.4,8.2,15.0,5.2,3.2,3.8,9.0,6.0,75.1,11.9,0.0,1.8,44.9,7.0,3.5,2.9,3.4,3.1,0.0,0.5,0.8482,0.7406,0.6991,0.9126,0.8706,4.0711,0.9216,0.7948,0.3022,0.6456,0.3164,0.8633,2.9223,0.7609,0.8194,0.8194,0.8194,0.0,0.9849,0.6838,0.3925,0.0,2.0612,0.4038,9.874,0.8144,0,0,0,1,0,1,0,0,0,0,0,0,0,0,0,1,0,0,0,1,2,1234,158,67,5,7,1757,348,0,13,13,21,0,13,116,63,0,13,16.7,6.7,0.2,0.3,69.7,6.5,0.0,1.6,0.5,0.8,0.0,1.6,4.6,2.5,0.0,1.6,49465,0.014017442685000004,0.5808955523382493
35,New Mexico,NM,35049,Santa Fe County,35049010309,Census Tract 103.09; Santa Fe County; New Mexico,437.163203396328,1688,369,1315,310,1090,306,239,180,64,50,269,106,10,14,140,149,504,143,147,101,267,220,52,59,0,52,166,537,0,18,63,50,20,30,7,12,1,2,14.2,10.2,8.2,6.5,24.7,6.8,0.7,1.0,8.3,8.2,29.9,10.1,8.7,5.7,15.8,11.5,4.8,5.2,0.0,3.2,9.8,31.7,0.0,1.4,4.8,4.0,1.8,2.7,0.6,1.2,0.1,0.1,0.3683,0.7925,0.5118,0.0287,0.5908,2.2921,0.4421,0.9364,0.0481,0.689,0.4789,0.0,2.1524,0.3021,0.158,0.158,0.158,0.0,0.7006,0.5056,0.0912,0.3692,1.6666,0.2509,6.2691,0.2829,0,0,0,0,0,0,1,0,0,0,0,1,0,0,0,0,0,0,0,0,1,1208,237,172,28,39,52,39,4,7,0,13,0,13,82,66,0,13,21.7,12.7,1.7,2.4,3.1,2.5,0.2,0.4,0.0,2.3,0.0,2.3,4.9,4.2,0.0,2.3,49466,0.11231149198550003,1.8604620688089573
35,New Mexico,NM,35049,Santa Fe County,35049010310,Census Tract 103.10; Santa Fe County; New Mexico,370.542796352762,1192,317,646,151,548,155,77,45,0,13,111,58,35,35,21,22,555,267,208,137,227,86,20,28,0,52,343,434,0,18,186,56,4,14,17,16,0,13,6.5,3.4,0.0,11.4,20.3,8.9,3.8,4.1,1.8,1.9,46.6,16.7,17.4,10.3,19.2,8.7,3.6,5.0,0.0,4.4,28.8,35.6,0.0,2.8,28.8,10.7,0.7,2.5,3.1,2.9,0.0,1.1,0.1166,0.0,0.3585,0.211,0.1009,0.787,0.0533,0.9884,0.2506,0.8314,0.3577,0.0,2.4281,0.4684,0.4525,0.4525,0.4525,0.0,0.9448,0.3188,0.3633,0.0,1.6269,0.2383,5.2945,0.1536,0,0,0,0,0,0,1,0,0,0,0,1,0,0,0,1,0,0,0,1,2,414,85,45,0,13,275,135,17,23,0,13,0,13,51,46,0,13,15.5,8.5,0.0,3.3,23.1,11.2,1.4,1.9,0.0,3.3,0.0,3.3,4.3,4.1,0.0,3.3,49467,0.09498513973100002,1.6702597103720456
35,New Mexico,NM,35049,Santa Fe County,35049010311,Census Tract 103.11; Santa Fe County; New Mexico,60.374323019986,5054,709,2260,318,2171,329,779,292,51,50,532,277,217,139,658,363,1265,344,745,163,968,373,54,47,189,158,1431,975,0,26,565,211,45,36,212,178,1,2,15.5,5.4,2.4,2.3,24.5,12.2,5.3,3.3,13.1,6.1,25.0,4.6,14.7,3.4,19.2,5.5,2.5,2.1,3.9,3.2,28.3,18.9,0.0,1.2,25.0,8.5,2.1,1.6,9.8,7.7,0.0,0.0,0.4087,0.2186,0.5055,0.3101,0.7873,2.2302,0.4227,0.8621,0.1484,0.8314,0.2429,0.7227,2.8075,0.7005,0.4467,0.4467,0.4467,0.0,0.9262,0.5447,0.7406,0.0,2.2115,0.4696,7.6959,0.5086,0,0,0,0,0,0,0,0,0,0,0,0,0,0,0,1,0,0,0,1,1,2328,347,193,7,11,1082,294,17,27,59,59,0,19,199,163,67,99,16.0,8.0,0.1,0.2,21.4,5.6,0.3,0.5,1.2,1.2,0.0,0.8,3.9,3.3,1.3,1.9,49468,0.015470429015000004,0.5755935012676656
35,New Mexico,NM,35049,Santa Fe County,35049010312,Census Tract 103.12; Santa Fe County; New Mexico,24.032601614156,4831,492,1862,217,1705,201,1588,588,176,111,382,134,320,152,349,207,737,199,1329,337,717,196,47,43,58,85,2329,641,0,18,617,173,63,42,20,25,6,3,33.0,11.8,8.4,4.8,22.4,7.4,9.8,4.3,7.3,4.2,15.3,4.0,27.5,5.7,14.9,3.8,2.8,2.5,1.3,1.9,48.2,12.3,0.0,1.0,33.1,8.8,3.7,2.4,1.2,1.4,0.1,0.1,0.7947,0.803,0.4349,0.5599,0.5315,3.124,0.6941,0.4409,0.8228,0.6396,0.2742,0.5089,2.6864,0.6291,0.6456,0.6456,0.6456,0.0,0.9604,0.6985,0.1602,0.3692,2.1883,0.4592,8.6443,0.6547,0,0,0,0,0,0,0,0,0,0,0,0,0,0,0,1,0,0,0,1,1,2981,109,92,20,31,2096,536,0,13,34,32,0,13,179,109,0,13,6.4,5.2,0.4,0.7,43.4,8.6,0.0,0.8,0.7,0.7,0.0,0.8,3.7,2.4,0.0,0.8,49469,0.006150120219500002,0.3699897058392585
35,New Mexico,NM,35049,Santa Fe County,35049010315,Census Tract 103.15; Santa Fe County; New Mexico,1.13792174491,2421,346,1304,124,1226,131,299,122,8,13,364,110,76,71,144,85,1147,191,231,85,446,120,22,23,34,60,970,421,0,18,0,13,0,18,20,23,12,3,12.4,4.7,0.7,1.1,29.7,8.4,3.6,3.1,5.9,3.2,47.4,6.8,9.5,3.3,18.4,5.0,1.8,1.9,1.4,2.5,40.1,16.4,0.0,1.4,0.0,3.0,0.0,1.5,1.6,1.9,0.5,0.1,0.3095,0.0487,0.6564,0.1972,0.4371,1.6489,0.2523,0.9891,0.0551,0.8035,0.1709,0.5229,2.5415,0.539,0.574,0.574,0.574,0.0,0.0,0.0,0.2067,0.5852,0.7919,0.0532,5.5563,0.1843,0,0,0,0,0,0,1,0,0,0,0,1,0,0,0,0,0,0,0,0,1,1914,135,76,74,77,772,187,29,50,23,22,0,13,72,62,0,13,11.0,6.1,3.1,3.0,31.9,6.7,1.2,2.0,1.0,0.9,0.0,1.6,3.0,2.4,0.0,1.6,49470,0.0002931751315000001,0.06879882039305486
35,New Mexico,NM,35049,Santa Fe County,35049010316,Census Tract 103.16; Santa Fe County; New Mexico,0.855103574318,1660,279,785,79,708,93,136,45,62,85,149,49,113,102,133,115,668,192,250,118,232,67,27,23,53,97,678,332,23,21,0,13,0,18,19,15,30,6,8.2,2.4,8.4,10.3,21.0,6.3,8.3,6.7,8.1,6.1,40.2,9.2,15.1,5.8,14.1,4.2,3.8,3.2,3.2,5.9,40.8,18.8,2.9,2.7,0.0,5.0,0.0,2.5,2.7,2.1,1.8,0.2,0.1714,0.803,0.3846,0.486,0.5799,2.4249,0.4826,0.9801,0.1602,0.5912,0.3793,0.6858,2.7966,0.6941,0.5805,0.5805,0.5805,0.4399,0.0,0.0,0.3229,0.7677,1.5305,0.2072,7.3325,0.4492,0,0,0,0,0,0,1,0,0,0,0,1,0,0,0,0,0,0,0,0,1,1308,44,33,15,23,579,201,12,11,34,40,0,13,38,33,0,13,6.2,4.5,0.9,1.3,34.9,8.7,0.7,0.7,2.0,2.4,0.0,2.4,2.3,1.9,0.0,2.4,49471,0.00021937717100000006,0.07292847908585814
35,New Mexico,NM,35049,Santa Fe County,35049010317,Census Tract 103.17; Santa Fe County; New Mexico,1.575719713894,1023,196,440,59,440,59,55,52,0,13,65,50,7,11,15,24,216,84,222,125,53,29,7,17,0,52,616,227,31,24,0,13,0,18,12,13,0,13,5.4,5.0,0.0,7.2,14.8,11.2,0.9,1.4,1.5,2.4,21.1,9.4,21.7,9.5,5.3,3.3,1.6,3.9,0.0,5.1,60.2,19.0,7.1,5.4,0.0,8.7,0.0,4.1,2.7,3.0,0.0,1.3,0.0845,0.0,0.1647,0.0368,0.0777,0.3637,0.0082,0.7391,0.5043,0.0521,0.1526,0.0,1.4481,0.0601,0.731,0.731,0.731,0.5772,0.0,0.0,0.3229,0.0,0.9001,0.0679,3.4429,0.0202,0,0,0,0,0,0,0,0,0,0,0,0,0,0,0,0,0,0,0,0,0,966,6,9,0,13,492,245,86,106,0,13,0,13,38,42,0,13,1.4,2.2,0.0,3.8,48.1,17.2,8.4,10.7,0.0,3.8,0.0,3.8,3.7,4.3,0.0,3.8,49472,0.0004056931875000001,0.09665570975287555
35,New Mexico,NM,35049,Santa Fe County,35049010318,Census Tract 103.18; Santa Fe County; New Mexico,0.825490709224,1587,195,719,80,701,83,227,127,24,22,141,73,80,71,133,91,335,129,330,54,201,127,82,48,16,56,1002,237,0,18,78,63,10,16,12,18,3,3,14.3,7.8,2.9,2.7,20.1,10.1,6.6,5.7,8.4,5.7,21.1,6.8,20.8,3.9,12.7,7.3,11.7,6.7,1.0,3.7,63.1,12.8,0.0,2.5,10.8,8.9,1.5,2.3,1.7,2.5,0.2,0.2,0.3714,0.2836,0.351,0.3921,0.5961,1.9942,0.3522,0.7391,0.4477,0.5011,0.8569,0.4592,3.004,0.8014,0.7498,0.7498,0.7498,0.0,0.8027,0.4622,0.2177,0.4424,1.925,0.3489,7.673,0.5048,0,0,0,0,0,0,0,0,0,0,0,0,0,0,0,0,0,0,0,0,0,3857,79,59,12,18,942,166,30,41,4,7,0,13,14,19,0,13,11.3,8.6,0.8,1.1,59.4,6.7,1.9,2.6,0.3,0.4,0.0,2.5,0.9,1.2,0.0,2.5,49473,0.00021363051950000006,0.06566208192297834
35,New Mexico,NM,35049,Santa Fe County,35049010400,Census Tract 104; Santa Fe County; New Mexico,16.28905843547,3506,398,1678,140,1355,170,196,80,95,97,266,131,42,34,203,108,1502,283,297,113,495,148,27,24,0,52,1177,535,48,29,29,27,2,14,55,48,652,127,6.9,2.6,6.2,6.1,19.6,9.3,1.7,1.3,5.8,3.2,42.8,5.6,8.5,3.0,14.1,4.1,1.9,1.8,0.0,1.5,33.6,14.8,2.9,1.7,1.7,1.6,0.1,1.0,4.1,3.5,18.6,2.9,0.1291,0.6579,0.3327,0.0783,0.43,1.628,0.2464,0.9844,0.0465,0.5912,0.1812,0.0,1.8033,0.1416,0.5082,0.5082,0.5082,0.4399,0.5935,0.2396,0.4524,0.9698,2.6952,0.6821,6.6347,0.3379,0,0,0,0,0,0,1,0,0,0,0,1,0,0,0,0,0,0,1,1,2,3117,78,46,51,62,889,207,145,52,21,28,0,13,51,64,20,37,5.8,3.3,1.5,1.8,25.4,5.4,4.1,1.5,0.6,0.8,0.0,1.1,1.5,1.8,0.6,1.1,49474,0.004215845662500001,0.3082254435597111
35,New Mexico,NM,35049,Santa Fe County,35049010500,Census Tract 105; Santa Fe County; New Mexico,12.80868481421,1994,268,1267,145,1041,166,190,91,50,40,277,120,45,28,77,51,962,193,199,71,226,80,0,18,14,51,543,344,0,18,0,13,0,18,17,19,0,13,9.6,4.4,5.4,4.3,26.6,10.7,2.6,1.6,3.9,2.6,48.2,6.6,10.0,3.1,11.3,3.6,0.0,1.7,0.7,2.7,27.2,16.9,0.0,1.4,0.0,3.1,0.0,1.7,1.6,1.8,0.0,0.7,0.2177,0.5847,0.571,0.1325,0.277,1.7829,0.2898,0.9898,0.0602,0.4046,0.0,0.3984,1.853,0.1597,0.4321,0.4321,0.4321,0.0,0.0,0.0,0.2067,0.0,0.2067,0.0103,4.2747,0.0605,0,0,0,0,0,0,1,0,0,0,0,1,0,0,0,0,0,0,0,0,1,1490,50,31,0,13,490,185,35,35,0,13,0,13,18,18,0,13,4.8,2.9,0.0,2.0,24.6,7.7,1.8,1.8,0.0,2.0,0.0,2.0,0.9,0.9,0.0,2.0,49475,0.0033183317550000008,0.3091547669797739
35,New Mexico,NM,35049,Santa Fe County,35049010601,Census Tract 106.01; Santa Fe County; New Mexico,23.171811915684,5429,618,2298,237,2247,245,573,231,149,114,233,116,238,109,148,103,1514,396,933,257,955,413,158,88,11,76,2749,806,0,26,150,181,40,60,42,45,268,46,11.0,4.3,5.9,4.6,10.4,5.0,5.6,2.6,2.8,2.0,27.9,5.5,17.2,4.1,18.2,7.0,7.0,3.8,0.2,1.4,50.6,13.7,0.0,1.1,6.5,7.5,1.8,2.7,1.9,2.0,4.9,0.6,0.2636,0.6328,0.0585,0.3296,0.1804,1.4649,0.2014,0.914,0.2415,0.7961,0.6522,0.2531,2.8569,0.727,0.6637,0.6637,0.6637,0.0,0.7358,0.5056,0.2397,0.9013,2.3824,0.5452,7.3679,0.4549,0,0,0,0,0,0,1,0,0,0,0,1,0,0,0,0,0,0,1,1,2,9220,70,61,29,26,2441,356,152,123,50,55,0,19,77,69,0,19,3.1,2.8,0.5,0.5,45.0,6.2,2.8,2.2,0.9,1.0,0.0,0.7,1.4,1.3,0.0,0.7,49476,0.005967304997000001,0.39922148024795184
35,New Mexico,NM,35049,Santa Fe County,35049010602,Census Tract 106.02; Santa Fe County; New Mexico,9.915828320576,2719,238,1361,78,1315,90,398,226,36,28,219,88,36,28,18,19,1225,156,228,70,278,90,0,18,10,52,564,340,0,18,6,8,6,15,23,22,0,13,14.6,8.2,2.9,2.2,16.7,6.6,1.5,1.2,0.7,0.7,45.1,5.6,8.4,2.2,10.2,3.4,0.0,1.4,0.4,1.9,20.7,12.4,0.0,1.3,0.4,0.6,0.5,1.1,1.7,1.7,0.0,0.5,0.3813,0.2836,0.2274,0.0671,0.0291,0.9885,0.0898,0.9869,0.0458,0.3246,0.0,0.3184,1.6757,0.1048,0.3406,0.3406,0.3406,0.0,0.4752,0.2792,0.2177,0.0,0.9721,0.0797,3.9769,0.0426,0,0,0,0,0,0,1,0,0,0,0,1,0,0,0,0,0,0,0,0,1,1186,15,16,0,13,480,237,21,24,0,13,0,13,44,37,19,21,1.1,1.2,0.0,1.5,17.7,8.1,0.8,0.9,0.0,1.5,0.0,1.5,1.6,1.3,0.7,0.8,49477,0.0025537786935000005,0.22583917988065202
35,New Mexico,NM,35049,Santa Fe County,35049010603,Census Tract 106.03; Santa Fe County; New Mexico,76.985471990978,2344,763,994,95,795,123,154,107,24,27,169,111,346,311,36,33,459,155,596,401,249,117,0,18,0,52,1444,805,0,18,223,98,0,18,0,13,0,13,6.6,4.0,2.1,2.4,21.3,13.6,20.5,14.9,1.5,1.5,19.6,9.1,25.4,10.6,10.6,5.8,0.0,2.3,0.0,2.4,61.6,27.9,0.0,1.8,22.4,9.4,0.0,2.3,0.0,4.9,0.0,0.6,0.1198,0.1818,0.3957,0.8481,0.0777,1.6231,0.245,0.6705,0.7286,0.3535,0.0,0.0,1.7526,0.126,0.7403,0.7403,0.7403,0.0,0.9112,0.0,0.0,0.0,0.9112,0.0697,5.0272,0.1245,0,0,0,0,0,0,0,0,0,0,0,0,0,0,0,1,0,0,0,1,1,1608,12,20,0,13,1376,734,0,13,25,40,0,13,43,33,0,13,1.5,2.5,0.0,1.7,58.7,16.0,0.0,1.7,1.1,1.8,0.0,1.7,1.8,1.5,0.0,1.7,49478,0.019807165081500006,0.7176985286093985
35,New Mexico,NM,35049,Santa Fe County,35049010701,Census Tract 107.01; Santa Fe County; New Mexico,18.053349207858,3226,429,1691,164,1587,162,349,192,74,57,285,119,30,31,126,102,1489,187,318,183,282,107,49,54,0,52,654,589,16,29,0,13,0,18,0,13,0,13,10.8,5.8,4.7,3.6,18.0,7.3,1.0,1.1,3.9,3.2,46.2,7.8,9.9,4.6,8.7,3.5,3.1,3.4,0.0,1.6,20.3,18.1,0.9,1.7,0.0,2.3,0.0,1.1,0.0,2.5,0.0,0.4,0.257,0.5102,0.274,0.0414,0.277,1.3596,0.1738,0.988,0.0592,0.22,0.3056,0.0,1.5728,0.081,0.3347,0.3347,0.3347,0.3217,0.0,0.0,0.0,0.0,0.3217,0.0142,3.5888,0.0253,0,0,0,0,0,0,1,0,0,0,0,1,0,0,0,0,0,0,0,0,1,2372,26,30,66,68,428,159,100,75,0,13,0,13,60,56,0,13,1.6,1.9,2.0,2.1,13.3,4.9,3.1,2.3,0.0,1.2,0.0,1.2,1.9,1.7,0.0,1.2,49479,0.004645523521000001,0.3145114025984576
35,New Mexico,NM,35049,Santa Fe County,35049010702,Census Tract 107.02; Santa Fe County; New Mexico,13.045217849246,1584,490,735,68,692,98,132,76,12,20,163,94,0,13,241,346,601,125,284,319,199,105,0,18,0,52,490,520,0,18,9,12,0,18,13,16,37,8,8.3,4.1,2.1,3.5,23.6,13.2,0.0,3.1,15.2,17.9,37.9,14.1,17.9,15.3,12.6,7.1,0.0,2.6,0.0,3.3,30.9,31.4,0.0,2.4,1.2,1.6,0.0,2.6,1.9,2.3,2.3,0.9,0.1747,0.1818,0.4759,0.0,0.841,1.6734,0.2588,0.9757,0.2752,0.4944,0.0,0.0,1.7453,0.1238,0.4773,0.4773,0.4773,0.0,0.5599,0.0,0.2397,0.8039,1.6035,0.2302,5.4995,0.1777,0,0,0,0,0,0,1,0,0,0,0,1,0,0,0,0,0,0,0,0,1,1059,51,40,4,8,446,421,0,13,40,57,0,13,0,13,0,13,7.4,5.7,0.3,0.5,28.2,19.0,0.0,2.5,2.5,3.7,0.0,2.5,0.0,2.5,0.0,2.5,49480,0.003358640736000001,0.27495759914187334
35,New Mexico,NM,35049,Santa Fe County,35049010800,Census Tract 108; Santa Fe County; New Mexico,91.04263731339,3217,484,1711,245,1490,255,690,273,136,126,362,157,124,85,84,74,1036,310,280,72,432,209,19,29,3,48,1751,617,0,18,430,151,0,18,16,25,1,2,21.4,7.9,8.1,7.0,24.3,9.7,4.7,2.9,2.6,2.3,32.2,8.0,8.7,2.3,13.4,6.2,1.3,1.9,0.1,1.5,54.4,17.3,0.0,1.1,25.1,8.2,0.0,1.2,1.1,1.7,0.0,0.1,0.571,0.7872,0.4992,0.2706,0.1645,2.2925,0.4423,0.9538,0.0481,0.5471,0.1257,0.229,1.9037,0.1796,0.6914,0.6914,0.6914,0.0,0.9268,0.0,0.149,0.0,1.0758,0.0982,5.9634,0.2388,0,0,0,0,0,0,1,0,0,0,0,1,0,0,0,1,0,0,0,1,2,1316,477,214,5,7,1679,402,0,13,20,30,0,13,47,47,0,13,32.0,12.3,0.2,0.2,52.2,9.8,0.0,1.2,0.6,0.9,0.0,1.2,1.5,1.5,0.0,1.2,49481,0.023473101640500007,0.7499062573600281
35,New Mexico,NM,35049,Santa Fe County,35049010900,Census Tract 109; Santa Fe County; New Mexico,171.103905172724,3227,527,1350,174,1193,184,520,288,142,82,176,83,350,189,363,172,787,157,483,196,290,72,11,20,316,168,1850,578,0,18,153,73,73,51,0,13,0,13,16.1,8.5,8.1,4.4,14.8,6.6,14.4,6.7,11.2,4.8,24.4,6.1,15.0,4.3,9.0,2.8,0.9,1.7,10.4,5.3,57.3,15.3,0.0,1.3,11.3,5.4,6.1,4.2,0.0,3.3,0.0,0.4,0.4263,0.7872,0.1647,0.7218,0.7227,2.8227,0.6058,0.8476,0.157,0.2399,0.0926,0.8836,2.2207,0.3406,0.7116,0.7116,0.7116,0.0,0.8094,0.8198,0.0,0.0,1.6292,0.2391,7.3842,0.4576,0,0,0,0,0,0,0,0,0,0,0,0,0,0,0,0,0,0,0,0,0,1971,147,106,0,13,1788,478,49,43,0,13,0,13,13,20,0,13,12.3,8.5,0.0,1.2,55.4,7.9,1.5,1.3,0.0,1.2,0.0,1.2,0.4,0.6,0.0,1.2,49482,0.04413505767200001,1.193760395600454
35,New Mexico,NM,35049,Santa Fe County,35049940300,Census Tract 9403; Santa Fe County; New Mexico,59.329341431904,2223,313,1004,132,875,134,558,238,37,25,169,94,55,17,265,114,378,51,530,145,217,37,83,40,20,48,1912,316,0,18,319,99,107,96,25,16,0,13,25.2,10.1,3.2,2.0,19.3,10.3,3.6,1.1,11.9,4.1,17.0,2.7,23.8,4.1,9.8,1.7,9.5,4.3,1.0,2.3,86.0,7.4,0.0,1.8,31.8,7.1,12.2,10.8,2.9,1.8,0.0,0.6,0.6586,0.3249,0.3217,0.1972,0.7478,2.2502,0.4289,0.5351,0.6384,0.2957,0.7834,0.4592,2.7118,0.6447,0.8819,0.8819,0.8819,0.0,0.9561,0.9354,0.3433,0.0,2.2348,0.4797,8.0787,0.5699,0,0,0,0,0,0,0,0,0,0,0,0,0,0,0,1,1,0,0,2,2,862,170,33,7,9,1229,233,10,7,650,146,1,3,15,14,0,13,19.4,4.5,0.3,0.4,55.3,5.3,0.4,0.3,29.2,4.8,0.0,0.1,0.7,0.6,0.0,1.8,49483,0.015402483047000004,0.5668555170232945
35,New Mexico,NM,35049,Santa Fe County,35049940400,Census Tract 9404; Santa Fe County; New Mexico,32.668621496352,1977,242,831,75,742,76,525,120,113,45,165,64,123,38,302,76,463,140,398,89,268,110,28,13,111,61,1490,284,0,18,286,43,52,25,16,13,0,13,26.6,5.1,12.8,4.7,22.2,8.3,8.9,2.5,15.3,3.8,23.4,5.9,20.1,3.9,13.6,4.9,3.7,1.7,6.0,3.2,75.4,11.0,0.0,2.2,34.4,5.4,7.0,3.3,2.2,1.7,0.0,0.7,0.6881,0.9307,0.4275,0.5168,0.8435,3.4066,0.7715,0.8202,0.4031,0.5602,0.3689,0.7998,2.9522,0.7767,0.821,0.821,0.821,0.0,0.9642,0.8483,0.2719,0.0,2.0844,0.4135,9.2642,0.7401,0,1,0,0,0,1,0,0,0,0,0,0,0,0,0,1,0,0,0,1,2,1286,120,37,13,17,875,163,27,30,546,138,0,13,24,15,5,6,16.2,5.3,0.7,0.8,44.3,6.7,1.4,1.5,27.6,6.2,0.0,2.0,1.2,0.8,0.3,0.3,49484,0.008421299414500002,0.4761359931497625
35,New Mexico,NM,35049,Santa Fe County,35049940500,Census Tract 9405; Santa Fe County; New Mexico,32.061062200008,2148,242,1005,151,917,152,717,218,81,55,105,32,182,55,146,59,551,143,422,111,368,80,58,21,30,48,1871,245,0,18,288,129,26,23,59,23,0,13,33.4,9.4,10.0,6.2,11.5,2.9,11.7,3.2,6.8,2.8,25.7,5.8,19.6,4.0,17.2,3.6,6.3,2.0,1.5,2.3,87.1,5.8,0.0,1.8,28.7,9.7,2.8,2.5,6.4,2.8,0.0,0.6,0.8005,0.868,0.0789,0.636,0.4992,2.8826,0.6231,0.8778,0.3716,0.7555,0.6033,0.5368,3.145,0.8592,0.8884,0.8884,0.8884,0.0,0.9445,0.6221,0.6032,0.0,2.1698,0.451,9.0858,0.7169,0,0,0,0,0,0,0,0,0,0,0,0,0,0,0,1,0,0,0,1,1,695,341,135,3,4,1389,226,0,13,420,115,0,13,53,39,6,8,37.2,10.0,0.1,0.2,64.7,5.7,0.0,1.8,19.6,5.1,0.0,1.8,2.5,1.8,0.3,0.4,49485,0.008307353152500002,0.4293020971651542
35,New Mexico,NM,35049,Santa Fe County,35049940600,Census Tract 9406; Santa Fe County; New Mexico,20.976457951498,3684,252,1772,110,1563,109,879,111,92,31,293,42,262,42,494,77,671,70,728,97,524,61,101,24,104,47,3066,260,37,15,669,61,56,15,80,36,0,13,23.9,2.5,4.9,1.5,18.7,2.3,10.4,1.6,13.4,1.7,18.2,1.9,19.8,2.0,14.2,1.6,6.5,1.5,3.0,1.3,83.2,4.2,2.1,0.8,37.8,2.5,3.6,0.9,5.1,2.2,0.0,0.4,0.631,0.5322,0.2995,0.5849,0.796,2.8436,0.6116,0.6011,0.3842,0.5971,0.6174,0.6734,2.8732,0.7357,0.8653,0.8653,0.8653,0.4004,0.9723,0.691,0.5255,0.0,2.5892,0.6361,9.1713,0.7282,0,0,0,0,0,0,0,0,0,0,0,0,0,0,0,1,0,0,0,1,1,3305,374,64,9,7,2436,188,20,15,531,102,0,13,50,17,20,16,23.9,3.4,0.2,0.2,66.1,2.6,0.5,0.4,14.4,2.4,0.0,1.1,1.4,0.4,0.5,0.4,49486,0.005422056395000001,0.29592090802460774
35,New Mexico,NM,35049,Santa Fe County,35049940900,Census Tract 9409; Santa Fe County; New Mexico,4.1496320172039995,3136,407,1496,209,1298,206,1114,201,83,57,405,96,424,107,295,99,647,158,709,149,406,86,152,39,161,77,2915,410,39,21,506,98,31,16,112,43,22,5,35.6,4.4,5.8,3.7,31.2,5.5,20.2,4.0,9.4,3.0,20.6,4.4,22.6,3.8,13.0,2.2,11.7,2.4,5.4,2.5,93.0,5.0,2.6,1.4,33.8,4.0,2.4,1.2,8.6,2.8,0.7,0.1,0.8288,0.6232,0.6926,0.8429,0.6457,3.6332,0.8273,0.7171,0.5634,0.5208,0.8569,0.7815,3.4397,0.9418,0.9295,0.9295,0.9295,0.4259,0.9626,0.5801,0.7018,0.6376,3.308,0.8925,11.3104,0.9465,0,0,0,0,0,0,0,0,0,0,0,0,1,1,0,1,0,0,0,1,2,2613,440,98,17,15,2724,370,32,25,72,48,0,13,32,28,38,34,33.9,5.0,0.5,0.5,86.9,2.6,1.0,0.8,2.3,1.5,0.0,1.3,1.0,0.9,1.2,1.1,49487,0.0010750122220000002,0.20454555974122432
35,New Mexico,NM,35049,Santa Fe County,35049980000,Census Tract 9800; Santa Fe County; New Mexico,1.037552985602,861,87,27,18,11,12,0,13,0,13,0,26,308,155,0,13,41,41,18,29,0,13,8,18,16,56,682,117,0,18,0,13,0,18,0,13,832,74,0.0,44.8,0.0,99.2,0.0,100.0,37.3,17.8,0.0,61.1,4.8,4.6,2.1,3.2,0.0,61.1,72.7,100.0,1.9,6.5,79.2,11.0,0.0,66.7,0.0,63.3,0.0,100.0,0.0,99.2,96.6,13.0,0.0,0.0,0.0,0.9706,0.0,0.9706,0.086,0.0342,0.0131,0.0,0.9998,0.5824,1.6295,0.0933,0.8428,0.8428,0.8428,0.0,0.0,0.0,0.0,0.9959,0.9959,0.0844,4.4388,0.0722,0,0,0,1,0,1,0,0,0,1,0,1,0,0,0,0,0,0,1,1,3,1458,0,13,57,48,608,135,0,13,17,30,0,13,0,13,0,13,0.0,99.2,6.6,5.7,70.6,12.8,0.0,4.5,2.0,3.5,0.0,4.5,0.0,4.5,0.0,4.5,49488,0.00026919584450000005,0.06616899886785642
35,New Mexico,NM,35049,Santa Fe County,35049980200,Census Tract 9802; Santa Fe County; New Mexico,119.19280903467,52,78,42,43,23,35,29,43,0,13,0,26,0,13,29,43,0,13,0,13,0,13,0,18,0,52,0,110,0,18,0,13,0,18,0,13,0,13,55.8,100.0,0.0,45.6,0.0,100.0,0.0,45.6,55.8,5.4,0.0,45.6,0.0,45.6,0.0,45.6,0.0,78.3,0.0,100.0,0.0,100.0,0.0,42.9,0.0,50.8,0.0,78.3,0.0,68.6,0.0,25.0,0.9666,0.0,0.0,0.0,0.9994,1.966,0.3436,0.0,0.0,0.0,0.0,0.0,0.0,0.0,0.0,0.0,0.0,0.0,0.0,0.0,0.0,0.0,0.0,0.0,1.966,0.0008,1,0,0,0,1,2,0,0,0,0,0,0,0,0,0,0,0,0,0,0,2,79,0,13,0,13,0,13,0,13,0,13,0,13,0,13,0,13,0.0,68.6,0.0,45.6,0.0,45.6,0.0,45.6,0.0,45.6,0.0,45.6,0.0,45.6,0.0,45.6,49489,0.030798067243500007,0.9717852607632939
35,New Mexico,NM,35051,Sierra County,35051962200,Census Tract 9622; Sierra County; New Mexico,3.35085570536,3271,437,1779,226,1343,221,1597,462,53,72,478,185,277,135,134,101,845,203,777,200,877,243,88,57,39,64,1407,575,191,103,522,155,27,24,160,75,126,12,50.7,12.9,5.6,7.5,35.6,12.5,11.5,5.2,4.3,3.2,25.8,6.3,23.8,5.5,27.9,7.0,6.6,4.1,1.2,2.0,43.0,16.6,10.7,5.6,29.3,7.6,2.0,1.8,11.9,5.3,3.9,0.6,0.947,0.6041,0.7821,0.6284,0.3115,3.2731,0.7348,0.8798,0.6384,0.9739,0.6241,0.4936,3.6098,0.9697,0.6015,0.6015,0.6015,0.6538,0.9469,0.532,0.7948,0.876,3.8035,0.9786,11.2879,0.945,1,0,0,0,0,1,0,0,1,0,0,1,0,0,0,1,0,0,0,1,3,4660,289,118,10,24,1057,375,17,38,303,225,0,13,14,19,6,10,21.5,8.0,0.3,0.7,32.3,10.0,0.5,1.2,9.3,6.7,0.0,1.2,0.4,0.6,0.2,0.3,49490,0.0008409804870000002,0.12603746006292776
35,New Mexico,NM,35051,Sierra County,35051962300,Census Tract 9623; Sierra County; New Mexico,3.598850178266,3566,563,2112,212,1474,204,996,358,42,65,302,109,262,119,111,118,848,151,633,241,987,293,84,60,113,104,1723,692,90,83,848,214,0,18,73,63,140,18,29.0,9.3,2.6,4.1,20.5,6.8,10.2,4.4,3.2,3.4,23.8,5.2,17.8,5.2,28.8,7.9,5.7,4.0,3.3,3.0,48.3,17.8,4.3,3.9,40.2,9.4,0.0,1.2,5.0,4.3,3.9,0.8,0.7318,0.2441,0.3659,0.5767,0.2162,2.1347,0.3945,0.832,0.2702,0.9783,0.5574,0.6916,3.3295,0.9177,0.6464,0.6464,0.6464,0.4947,0.9776,0.0,0.5185,0.876,2.8668,0.7515,8.9774,0.7019,0,0,0,0,0,0,0,0,1,0,0,1,0,0,0,1,0,0,0,1,2,2897,247,123,12,24,1638,522,14,31,1,2,0,13,58,84,0,13,16.8,7.8,0.3,0.7,45.9,10.8,0.4,0.9,0.0,0.1,0.0,1.1,1.6,2.4,0.0,1.1,49491,0.0009237428025000002,0.17259835470235046
35,New Mexico,NM,35051,Sierra County,35051962401,Census Tract 9624.01; Sierra County; New Mexico,2270.15166100895,2033,372,2384,194,1196,222,449,175,12,11,210,93,70,58,126,102,1173,253,110,76,783,212,0,18,16,53,418,482,0,18,1181,208,0,18,85,105,0,13,22.1,7.6,2.0,1.8,17.6,7.1,3.7,3.1,6.2,4.8,57.7,9.2,5.4,3.4,38.5,8.2,0.0,1.5,0.8,2.6,20.6,23.4,0.0,0.8,49.5,8.0,0.0,1.5,7.1,8.5,0.0,0.6,0.5883,0.1698,0.2596,0.2039,0.458,1.6796,0.2605,0.9942,0.0269,0.9971,0.0,0.4204,2.4386,0.4753,0.3392,0.3392,0.3392,0.0,0.9898,0.0,0.6383,0.0,1.6281,0.2386,6.0855,0.2558,0,0,0,0,0,0,1,0,1,0,0,2,0,0,0,1,0,0,0,1,3,2048,363,163,0,13,333,162,0,13,0,13,0,13,85,101,0,13,30.4,12.0,0.0,1.9,16.4,6.9,0.0,1.9,0.0,1.9,0.0,1.9,4.2,4.8,0.0,1.9,49492,0.5806465094515002,3.636073630384331
35,New Mexico,NM,35051,Sierra County,35051962402,Census Tract 9624.02; Sierra County; New Mexico,1904.110330576484,2636,440,1840,202,1272,190,1012,392,70,118,384,176,276,154,74,90,1266,309,323,229,769,297,73,90,0,52,897,539,43,49,925,208,0,18,75,95,0,13,38.4,13.4,12.4,17.2,30.2,13.1,11.9,6.6,2.8,3.5,48.0,10.3,12.3,7.7,29.2,10.2,5.7,7.0,0.0,2.1,34.0,19.6,2.3,2.7,50.3,10.8,0.0,1.4,5.9,7.4,0.0,0.5,0.86,0.9242,0.6694,0.6432,0.1804,3.2772,0.7362,0.9897,0.0922,0.9801,0.5574,0.0,2.6194,0.587,0.5126,0.5126,0.5126,0.4109,0.9904,0.0,0.5759,0.0,1.9772,0.3706,8.3864,0.616,0,1,0,0,0,1,1,0,1,0,0,2,0,0,0,1,0,0,0,1,4,1859,285,140,0,13,669,406,0,13,0,13,0,13,228,195,0,13,22.4,10.2,0.0,1.5,25.4,12.6,0.0,1.5,0.0,1.5,0.0,1.5,8.6,7.4,0.0,1.5,49493,0.47800940520900015,3.692947124222705
35,New Mexico,NM,35053,Socorro County,35053940000,Census Tract 9400; Socorro County; New Mexico,469.30922232211,1669,284,551,98,289,93,1413,276,85,78,38,37,431,137,223,156,237,103,477,74,386,125,12,22,125,100,1652,284,32,24,100,34,75,42,0,13,2,2,84.7,8.1,16.8,12.8,13.1,12.1,44.8,11.1,13.4,8.8,14.2,5.8,28.6,3.7,23.1,5.9,4.2,7.5,8.0,6.3,99.0,2.4,5.8,4.2,18.1,5.5,25.9,11.9,0.0,12.9,0.1,0.1,0.9983,0.9714,0.1169,0.9876,0.796,3.8702,0.8809,0.3797,0.8614,0.9236,0.4194,0.8462,3.4303,0.9398,0.9842,0.9842,0.9842,0.5426,0.8793,0.9896,0.0,0.3692,2.7807,0.7173,11.0654,0.9295,1,1,0,1,0,3,0,0,1,0,0,1,1,1,0,0,1,0,0,1,6,533,222,82,0,13,0,13,0,13,1652,283,0,13,0,13,0,13,76.8,12.4,0.0,2.4,0.0,2.4,0.0,2.4,99.0,1.1,0.0,2.4,0.0,2.4,0.0,2.4,49494,0.11922022842800004,1.5498116417634704
35,New Mexico,NM,35053,Socorro County,35053978100,Census Tract 9781; Socorro County; New Mexico,3265.159821283976,4323,428,1846,176,1161,196,2025,576,46,61,227,127,329,177,488,265,650,216,1371,247,970,405,67,77,72,93,3398,510,0,18,1013,203,176,106,36,46,81,11,48.7,12.8,4.6,5.8,19.6,10.4,12.3,6.5,11.5,6.2,15.0,5.0,31.7,5.1,22.8,8.8,5.7,6.6,1.8,2.3,78.6,8.9,0.0,1.0,54.9,9.6,15.2,8.8,3.1,3.8,1.9,0.2,0.9371,0.4994,0.3327,0.6573,0.7332,3.1597,0.7044,0.4245,0.9336,0.9185,0.5574,0.572,3.406,0.9346,0.8397,0.8397,0.8397,0.0,0.9937,0.9577,0.3633,0.7754,3.0901,0.8304,10.4955,0.88,1,0,0,0,0,1,0,1,1,0,0,2,0,0,0,1,1,0,0,2,5,2092,676,199,0,13,3378,425,20,29,0,13,0,13,0,13,0,13,58.2,13.0,0.0,0.9,78.1,6.1,0.5,0.7,0.0,0.9,0.0,0.9,0.0,0.9,0.0,0.9,49495,0.8250840704039997,4.454179704114521
35,New Mexico,NM,35053,Socorro County,35053978200,Census Tract 9782; Socorro County; New Mexico,2822.284045746648,1334,325,945,134,568,139,315,220,0,13,50,47,40,47,34,59,560,197,172,107,267,98,18,34,25,57,648,393,26,33,372,112,5,16,8,13,0,13,23.6,15.5,0.0,9.0,8.8,8.0,3.4,4.3,2.5,4.2,42.0,12.7,12.9,6.9,20.0,7.9,3.2,5.9,1.9,4.4,48.6,27.0,2.8,3.5,39.4,10.5,0.9,2.8,1.4,2.3,0.0,1.0,0.6242,0.0,0.0349,0.1848,0.1562,1.0001,0.092,0.9832,0.1037,0.8561,0.3164,0.5824,2.8418,0.7188,0.6488,0.6488,0.6488,0.4352,0.9759,0.3604,0.1834,0.0,1.9549,0.3615,6.4456,0.3092,0,0,0,0,0,0,1,0,0,0,0,1,0,0,0,1,0,0,0,1,2,1613,231,107,0,13,648,288,0,13,0,13,0,13,0,13,0,13,40.7,15.6,0.0,3.0,48.6,15.0,0.0,3.0,0.0,3.0,0.0,3.0,0.0,3.0,0.0,3.0,49496,0.7132305999544999,4.271801521134187
35,New Mexico,NM,35053,Socorro County,35053978301,Census Tract 9783.01; Socorro County; New Mexico,65.961799657394,2569,503,1112,130,746,132,913,359,15,24,137,63,313,179,165,165,513,172,432,247,419,162,11,23,35,71,1835,555,12,23,336,95,7,16,35,31,79,8,36.7,12.4,1.3,2.0,18.4,7.8,17.1,9.2,6.6,6.3,20.0,7.2,16.8,8.1,16.8,6.5,1.5,3.1,1.5,3.0,71.4,16.5,1.1,2.1,30.2,8.6,0.9,2.1,4.7,4.1,3.1,0.7,0.8412,0.0949,0.2883,0.787,0.4856,2.497,0.5048,0.6892,0.2234,0.7377,0.1435,0.5368,2.3306,0.4069,0.7988,0.7988,0.7988,0.3378,0.9503,0.3604,0.4971,0.8458,2.9914,0.7984,8.6178,0.6505,0,0,0,0,0,0,0,0,0,0,0,0,0,0,0,1,0,0,0,1,1,3226,224,82,12,26,1473,448,259,76,14,4,0,13,77,72,0,13,30.0,10.1,0.5,1.0,57.3,9.7,10.1,3.6,0.5,0.2,0.0,1.5,3.0,2.7,0.0,1.5,49497,0.016680656168000005,0.6378793706489977
35,New Mexico,NM,35053,Socorro County,35053978302,Census Tract 9783.02; Socorro County; New Mexico,1.752244389988,3631,414,1722,175,1250,193,1021,311,29,48,382,150,213,130,63,56,743,179,499,160,902,302,14,22,59,75,1539,510,148,90,200,96,0,18,77,65,463,17,32.1,8.8,2.0,3.4,30.6,11.0,10.4,5.9,1.7,1.6,20.5,4.4,13.7,3.6,25.0,7.6,1.1,1.8,1.7,2.1,42.4,13.2,8.6,5.2,11.6,5.7,0.0,1.4,6.2,5.3,12.8,1.5,0.7817,0.1698,0.6785,0.5849,0.0929,2.3078,0.4471,0.7126,0.1215,0.9497,0.1084,0.561,2.4532,0.4846,0.5958,0.5958,0.5958,0.6118,0.8133,0.0,0.593,0.9591,2.9772,0.7929,8.334,0.608,0,0,0,0,0,0,0,0,1,0,0,1,0,0,0,0,0,0,1,1,2,6158,371,137,137,118,1284,296,47,58,50,75,0,13,21,24,0,13,29.7,9.3,3.8,3.2,35.4,6.4,1.3,1.6,1.4,2.1,0.0,1.1,0.6,0.7,0.0,1.1,49498,0.0004417323720000001,0.10495668183241434
35,New Mexico,NM,35053,Socorro County,35053978303,Census Tract 9783.03; Socorro County; New Mexico,21.916503579714,2927,530,1445,130,939,161,1381,426,62,99,309,149,307,137,112,126,593,147,629,195,964,279,45,52,102,111,1917,586,51,58,813,166,0,18,87,79,0,13,47.2,11.8,7.5,12.0,32.9,14.8,15.2,6.6,3.8,4.1,20.3,4.6,21.5,5.1,32.9,9.3,4.8,5.5,3.7,4.0,65.5,16.1,3.5,4.0,56.3,10.3,0.0,1.9,9.3,8.6,0.0,0.4,0.9292,0.7524,0.7301,0.7435,0.2682,3.4234,0.7759,0.7032,0.4912,0.9912,0.4789,0.7132,3.3777,0.9288,0.7646,0.7646,0.7646,0.4649,0.9944,0.0,0.725,0.0,2.1843,0.4572,9.75,0.8004,1,0,0,0,0,1,0,0,1,0,0,1,0,0,0,1,0,0,0,1,3,2240,515,163,0,13,1495,381,0,13,269,267,0,13,153,234,0,13,54.8,13.8,0.0,1.4,51.1,10.3,0.0,1.4,9.2,8.8,0.0,1.4,5.2,7.8,0.0,1.4,49499,0.0055431892750000015,0.5192936673060489
35,New Mexico,NM,35055,Taos County,35055940000,Census Tract 9400; Taos County; New Mexico,27.372285458146,2448,464,1055,102,803,102,722,144,62,31,127,25,196,53,183,80,510,93,557,210,603,95,96,30,16,47,2296,467,1,13,349,73,18,10,68,23,0,13,29.7,1.7,6.5,3.0,15.8,2.4,11.6,2.6,7.5,2.5,20.8,4.2,22.8,5.5,24.7,3.5,12.0,3.4,0.7,2.0,93.8,6.9,0.1,1.2,33.1,4.8,2.2,1.2,8.5,2.9,0.0,0.5,0.7445,0.6825,0.1962,0.6321,0.5433,2.7986,0.5984,0.7263,0.5755,0.946,0.8645,0.3984,3.5107,0.9557,0.9353,0.9353,0.9353,0.2553,0.9604,0.5567,0.6983,0.0,2.4707,0.5839,9.7153,0.796,0,0,0,0,0,0,0,0,1,0,0,1,1,1,0,1,0,0,0,1,3,1217,279,49,0,13,2114,438,2,5,159,48,0,13,15,8,6,6,34.7,4.4,0.0,1.6,86.4,3.0,0.1,0.2,6.5,2.0,0.0,1.6,0.6,0.4,0.2,0.3,49500,0.007101233682000002,0.33932676867378514
35,New Mexico,NM,35055,Taos County,35055940101,Census Tract 9401.01; Taos County; New Mexico,119.144203812196,3989,517,2344,221,1484,183,1509,298,236,115,362,74,270,101,455,165,1415,214,476,231,886,156,61,37,69,89,2632,589,46,19,200,54,15,13,92,31,47,4,38.3,5.7,12.9,5.5,24.4,4.0,8.5,2.7,11.6,3.8,35.5,5.4,11.9,4.7,22.5,3.5,4.1,2.4,1.8,2.3,66.0,12.0,1.9,0.8,8.5,2.2,1.0,0.9,6.2,2.1,1.2,0.2,0.8589,0.9324,0.5025,0.4958,0.7368,3.5264,0.8015,0.9687,0.0854,0.9129,0.4095,0.572,2.9485,0.7746,0.7678,0.7678,0.7678,0.3894,0.7696,0.3792,0.593,0.7124,2.8436,0.7428,10.0863,0.8385,0,1,0,0,0,1,1,0,1,0,0,2,0,0,0,0,0,0,0,0,3,4710,352,97,7,9,1307,382,20,26,1160,189,0,13,130,74,8,10,23.7,5.5,0.2,0.2,32.8,6.7,0.5,0.6,29.1,4.9,0.0,1.0,3.3,1.8,0.2,0.2,49501,0.031041222907000007,0.8765072947990638
35,New Mexico,NM,35055,Taos County,35055940102,Census Tract 9401.02; Taos County; New Mexico,65.140497382666,4119,691,2346,274,1732,234,1013,370,50,36,297,154,80,45,135,83,946,208,413,249,619,186,41,45,66,72,2164,792,2,13,380,133,8,12,113,71,40,8,24.6,8.0,2.4,1.7,17.1,8.6,2.3,1.3,3.3,2.2,23.0,6.4,10.0,5.2,15.0,5.2,2.4,2.6,1.6,1.7,52.5,17.1,0.1,0.6,16.2,5.3,0.4,0.7,6.5,4.0,1.0,0.1,0.6459,0.2186,0.2413,0.1139,0.2246,1.4443,0.1959,0.8077,0.0602,0.6456,0.232,0.5494,2.2949,0.3852,0.6781,0.6781,0.6781,0.2553,0.8626,0.2644,0.6087,0.6877,2.6787,0.6749,7.096,0.4112,0,0,0,0,0,0,0,0,0,0,0,0,0,0,0,0,0,0,0,0,0,2623,206,99,0,13,1953,628,0,13,106,69,0,13,103,81,2,7,11.9,5.4,0.0,1.0,47.4,10.3,0.0,1.0,2.6,1.7,0.0,1.0,2.5,2.1,0.0,0.2,49502,0.016961428930000005,0.6238403980654519
35,New Mexico,NM,35055,Taos County,35055952101,Census Tract 9521.01; Taos County; New Mexico,81.291820107268,2988,815,2459,243,1269,293,465,257,229,218,182,126,161,217,182,124,1097,388,258,266,502,258,23,41,69,94,1557,914,103,48,134,102,0,18,0,13,3,1,15.6,7.5,14.9,14.1,14.3,9.4,6.3,8.2,6.1,4.4,36.7,15.1,8.6,8.4,16.8,9.4,1.8,3.2,2.3,3.1,52.1,27.1,4.2,1.9,5.4,4.2,0.0,1.4,0.0,3.1,0.1,0.0,0.4116,0.9567,0.1491,0.3739,0.451,2.3423,0.4579,0.9725,0.0473,0.7377,0.1709,0.6196,2.548,0.5432,0.6753,0.6753,0.6753,0.4912,0.7137,0.0,0.0,0.3692,1.5741,0.2206,7.1397,0.4184,0,1,0,0,0,1,1,0,0,0,0,1,0,0,0,0,0,0,0,0,2,2610,119,106,0,13,1557,782,0,13,0,13,0,13,0,13,0,13,9.4,8.9,0.0,1.3,52.1,16.0,0.0,1.3,0.0,1.3,0.0,1.3,0.0,1.3,0.0,1.3,49503,0.021191216859500005,0.7974825103749623
35,New Mexico,NM,35055,Taos County,35055952102,Census Tract 9521.02; Taos County; New Mexico,501.17904858762,3465,647,2943,280,1293,235,581,256,6,11,385,175,84,79,466,188,929,230,586,299,680,242,137,140,24,60,2149,745,280,125,552,172,0,18,41,39,0,13,16.8,6.7,0.4,0.8,29.8,12.4,3.2,3.0,13.4,4.9,26.8,7.3,16.9,6.7,19.6,7.4,10.6,10.7,0.7,1.8,62.0,18.1,9.6,4.1,18.8,5.9,0.0,1.4,3.2,2.9,0.0,0.4,0.4468,0.0334,0.6589,0.1718,0.796,2.1069,0.3863,0.8977,0.2277,0.8445,0.8239,0.3984,3.1922,0.8769,0.7427,0.7427,0.7427,0.6328,0.8852,0.0,0.3734,0.0,1.8914,0.3355,7.9332,0.5468,0,0,0,0,0,0,0,0,0,0,0,0,0,0,0,0,0,0,0,0,0,3055,190,91,0,13,2109,666,14,23,14,22,0,13,12,21,0,13,14.7,6.7,0.0,1.1,60.9,11.5,0.4,0.7,0.4,0.6,0.0,1.1,0.3,0.6,0.0,1.1,49504,0.1314065825312905,1.9332756798724284
35,New Mexico,NM,35055,Taos County,35055952300,Census Tract 9523; Taos County; New Mexico,920.480917864424,3086,745,2004,273,1406,304,829,305,66,22,300,209,89,49,180,149,684,206,770,343,372,168,90,104,0,52,1791,861,0,18,369,151,57,69,0,13,0,13,26.9,7.5,4.8,2.4,21.3,14.1,4.2,2.6,5.8,4.7,22.2,7.4,25.0,7.4,12.1,5.1,6.4,7.3,0.0,1.8,58.0,24.1,0.0,0.9,18.4,7.8,4.1,4.8,0.0,2.8,0.0,0.4,0.6939,0.5216,0.3957,0.2378,0.43,2.279,0.438,0.7807,0.707,0.4604,0.6102,0.0,2.5583,0.55,0.7163,0.7163,0.7163,0.0,0.8818,0.7254,0.0,0.0,1.6072,0.2316,7.1608,0.4214,0,0,0,0,0,0,0,0,0,0,0,0,0,0,0,0,0,0,0,0,0,1702,208,120,6,11,1785,692,0,13,0,13,0,13,0,13,0,13,14.8,8.3,0.2,0.4,57.8,13.5,0.0,1.3,0.0,1.3,0.0,1.3,0.0,1.3,0.0,1.3,49505,0.24052378302903443,2.5207124768704956
35,New Mexico,NM,35055,Taos County,35055952601,Census Tract 9526.01; Taos County; New Mexico,2.5780636720139998,3081,614,1573,227,1368,253,807,202,97,126,473,171,144,98,298,150,821,215,423,223,199,100,100,74,329,389,1541,726,120,90,68,76,62,70,108,79,95,10,26.6,3.9,5.6,7.1,34.6,10.7,6.0,4.2,9.8,5.1,26.6,8.0,13.7,5.6,6.5,3.9,7.4,5.2,11.3,13.1,50.0,21.4,7.7,5.6,4.3,4.8,4.6,5.0,7.9,5.9,3.1,0.7,0.6881,0.6041,0.7643,0.3546,0.6638,3.0749,0.6803,0.8942,0.1215,0.098,0.6785,0.8946,2.6868,0.6293,0.6593,0.6593,0.6593,0.5921,0.6883,0.7553,0.6742,0.8458,3.5557,0.9464,9.9767,0.8262,0,0,0,0,0,0,0,0,0,0,0,0,0,0,0,0,0,0,0,0,0,4437,165,107,10,19,1307,627,64,90,0,13,0,13,160,94,0,13,12.1,7.4,0.3,0.6,42.4,14.7,2.1,3.0,0.0,1.3,0.0,1.3,5.2,3.4,0.0,1.3,49506,0.0006719182340000001,0.1116386329785177
35,New Mexico,NM,35055,Taos County,35055952602,Census Tract 9526.02; Taos County; New Mexico,23.044537252403998,5318,1051,2500,243,1904,274,2036,819,129,151,704,233,162,145,398,381,1129,335,1455,425,983,477,111,90,0,76,4040,1129,0,26,542,199,44,87,72,104,24,5,38.3,13.4,6.3,7.8,37.0,11.0,4.5,4.1,7.5,6.6,21.2,6.3,27.4,5.4,18.5,7.9,5.8,4.7,0.0,1.5,76.0,15.0,0.0,1.0,21.7,8.1,2.3,4.6,3.8,5.4,0.5,0.1,0.8589,0.6664,0.8073,0.2576,0.5433,3.1335,0.6969,0.7431,0.8189,0.8074,0.565,0.0,2.9344,0.7672,0.8247,0.8247,0.8247,0.0,0.9064,0.5693,0.4271,0.5852,2.488,0.5916,9.3806,0.7556,0,0,0,0,0,0,0,0,0,0,0,0,0,0,0,1,0,0,0,1,1,5181,396,181,0,19,3870,1042,0,19,124,141,0,19,46,54,0,19,20.8,9.4,0.0,0.7,72.8,8.6,0.0,0.7,2.3,2.6,0.0,0.7,0.9,1.0,0.0,0.7,49507,0.0059893943035000015,0.4481811253139355
35,New Mexico,NM,35055,Taos County,35055952701,Census Tract 9527.01; Taos County; New Mexico,208.03624796626,2881,673,1895,276,1394,263,999,335,10,17,420,192,298,153,91,125,1230,367,598,306,569,207,70,50,24,64,1628,772,2,25,122,128,1,13,101,83,116,7,35.9,8.3,1.0,1.8,30.1,12.5,13.3,6.6,3.3,4.5,42.7,13.8,20.8,7.3,20.5,6.4,5.0,3.5,0.8,2.2,56.5,23.3,0.1,1.3,6.4,6.8,0.1,0.9,7.2,6.1,4.0,1.0,0.8321,0.0694,0.6669,0.6892,0.2246,2.4822,0.5001,0.9842,0.4477,0.869,0.4973,0.4204,3.2186,0.8856,0.7063,0.7063,0.7063,0.2553,0.7336,0.2396,0.6434,0.8791,2.751,0.705,9.1581,0.7266,0,0,0,0,0,0,1,0,0,0,0,1,0,0,0,0,0,0,0,0,1,3272,272,176,8,16,1586,564,0,13,9,16,3,9,14,21,8,17,19.5,12.3,0.3,0.6,55.1,11.8,0.0,1.4,0.3,0.6,0.1,0.3,0.5,0.7,0.3,0.6,49508,0.05406215157150002,1.2398854532451529
35,New Mexico,NM,35055,Taos County,35055952702,Census Tract 9527.02; Taos County; New Mexico,254.104369873834,3100,583,1831,269,1083,198,784,384,0,13,226,159,261,131,322,314,816,302,302,238,1147,340,110,123,54,103,2400,620,11,23,445,178,0,18,23,37,135,18,25.3,11.4,0.0,3.9,20.9,14.2,10.4,5.8,10.4,9.4,26.3,10.5,9.7,7.1,37.0,11.9,10.2,11.2,1.8,3.4,77.4,13.7,0.6,1.3,24.3,9.8,0.0,1.7,2.1,3.5,4.4,1.0,0.6609,0.0,0.3806,0.5849,0.6903,2.3167,0.4497,0.8892,0.0572,0.9963,0.81,0.572,3.3247,0.9165,0.8328,0.8328,0.8328,0.2912,0.9224,0.0,0.2614,0.89,2.365,0.5378,8.8392,0.683,0,0,0,0,0,0,0,0,1,0,0,1,0,0,0,1,0,0,0,1,2,2042,118,116,9,49,1987,548,128,95,0,13,0,13,276,180,0,13,10.9,10.9,0.3,1.6,64.1,9.3,4.1,3.0,0.0,1.3,0.0,1.3,8.9,5.7,0.0,1.3,49509,0.06592241946100001,1.6763466630759944
35,New Mexico,NM,35057,Torrance County,35057963201,Census Tract 9632.01; Torrance County; New Mexico,57.489283933546,4212,659,1905,212,1609,232,1154,402,120,88,285,116,356,157,238,139,900,228,713,252,1012,235,18,21,119,114,2012,778,0,18,1216,216,6,16,33,33,0,13,27.6,8.6,6.8,5.3,17.7,6.7,10.9,4.3,5.7,3.4,21.4,5.6,16.9,4.2,24.0,5.1,1.1,1.3,2.9,2.7,47.8,16.9,0.0,0.9,63.8,8.4,0.4,1.0,2.1,2.0,0.0,0.3,0.7069,0.7063,0.2633,0.6055,0.4224,2.7044,0.5699,0.7507,0.2277,0.9374,0.1084,0.6664,2.6906,0.6318,0.6424,0.6424,0.6424,0.0,0.997,0.2644,0.2614,0.0,1.5228,0.2049,7.5602,0.4864,0,0,0,0,0,0,0,0,1,0,0,1,0,0,0,1,0,0,0,1,2,2453,219,87,30,46,1770,474,0,13,0,13,0,13,140,103,72,112,13.6,5.6,0.7,1.1,42.0,7.6,0.0,0.9,0.0,0.9,0.0,0.9,3.3,2.5,1.7,2.6,49510,0.014709569033500004,0.5685650511137781
35,New Mexico,NM,35057,Torrance County,35057963202,Census Tract 9632.02; Torrance County; New Mexico,64.214655288724,3329,552,1449,201,1247,204,1412,394,182,87,354,85,369,104,234,144,595,157,688,183,721,188,77,31,45,69,2311,599,28,34,535,112,41,46,82,58,0,13,42.7,9.6,12.2,5.5,28.4,5.0,16.4,4.8,7.0,4.1,17.9,5.2,20.7,3.7,21.7,5.1,6.2,2.3,1.4,2.2,69.4,13.8,1.9,2.3,36.9,7.4,3.3,3.6,6.6,4.5,0.0,0.4,0.8979,0.921,0.622,0.7713,0.5121,3.7243,0.8494,0.5846,0.4414,0.8973,0.5959,0.5229,3.0421,0.818,0.7878,0.7878,0.7878,0.3894,0.9703,0.6683,0.6138,0.0,2.6418,0.6589,10.196,0.8502,0,1,0,0,0,1,0,0,0,0,0,0,0,0,0,1,0,0,0,1,2,4185,349,116,68,77,1986,437,0,13,167,123,0,13,84,57,6,13,28.0,8.5,2.0,2.2,59.7,7.2,0.0,1.2,5.0,3.3,0.0,1.2,2.5,1.8,0.2,0.4,49511,0.016388450089000004,0.9313602030858804
35,New Mexico,NM,35057,Torrance County,35057963601,Census Tract 9636.01; Torrance County; New Mexico,1095.441300547118,5513,659,2637,225,1952,253,2333,554,295,236,381,142,447,159,626,306,1017,266,1378,293,1250,374,47,60,125,123,2302,887,0,26,1125,220,63,41,38,46,8,2,42.5,8.8,13.9,10.3,19.5,6.8,12.4,4.5,11.4,5.3,18.4,4.8,25.0,3.9,22.7,6.8,2.4,3.1,2.5,2.4,41.8,15.3,0.0,1.0,42.7,7.4,3.2,2.1,1.9,2.3,0.1,0.0,0.8962,0.9459,0.3294,0.661,0.73,3.5625,0.8101,0.6112,0.707,0.9167,0.232,0.636,3.1029,0.8427,0.59,0.59,0.59,0.0,0.9815,0.6597,0.2397,0.3692,2.2501,0.4862,9.5055,0.7707,0,1,0,0,0,1,0,0,1,0,0,1,0,0,0,1,0,0,0,1,3,4198,622,185,4,7,2006,497,94,117,22,50,0,19,111,120,65,75,31.9,8.6,0.1,0.1,36.4,8.0,1.7,2.1,0.4,0.9,0.0,0.7,2.0,2.2,1.2,1.4,49512,0.27958801575900005,2.765964803590647
35,New Mexico,NM,35057,Torrance County,35057963700,Census Tract 9637; Torrance County; New Mexico,2127.084108935028,2149,375,1239,114,791,138,814,283,71,50,87,64,315,143,196,148,762,173,461,153,535,157,16,23,30,71,1310,430,0,18,355,105,65,56,126,66,0,13,38.2,11.5,8.5,5.9,11.0,7.9,21.0,8.4,9.1,6.6,35.5,7.7,21.5,5.4,24.9,5.8,2.0,2.9,1.4,3.3,61.0,16.9,0.0,1.5,28.7,7.4,8.2,6.9,15.9,7.8,0.0,0.6,0.8578,0.808,0.0691,0.8554,0.6309,3.2212,0.7207,0.9687,0.4912,0.9486,0.191,0.5229,3.1224,0.8509,0.7362,0.7362,0.7362,0.0,0.9445,0.8777,0.8605,0.0,2.6827,0.6767,9.7625,0.8018,0,0,0,0,0,0,1,0,1,0,0,2,0,0,0,1,0,0,0,1,3,1619,245,92,134,76,1038,287,21,35,0,13,0,13,68,68,49,68,31.0,10.0,6.2,3.0,48.3,8.5,1.0,1.7,0.0,1.8,0.0,1.8,3.2,3.1,2.3,3.2,49513,0.5411229498080002,4.3559320837926485
35,New Mexico,NM,35057,Torrance County,35057980000,Census Tract 9800; Torrance County; New Mexico,0.982079780752,0,13,0,13,0,13,0,13,0,13,0,26,0,13,0,13,0,13,0,13,0,13,0,18,0,52,0,18,0,18,0,13,0,18,0,13,0,13,-999.0,-999.0,-999.0,-999.0,-999.0,-999.0,-999.0,-999.0,-999.0,-999.0,-999.0,-999.0,-999.0,-999.0,-999.0,-999.0,-999.0,-999.0,-999.0,-999.0,-999.0,-999.0,-999.0,-999.0,-999.0,-999.0,-999.0,-999.0,-999.0,-999.0,-999.0,-999.0,-999.0,-999.0,-999.0,-999.0,-999.0,-999.0,-999.0,-999.0,-999.0,-999.0,-999.0,-999.0,-999.0,-999.0,-999.0,-999.0,-999.0,-999.0,-999.0,-999.0,-999.0,-999.0,-999.0,-999.0,-999.0,-999.0,-999,-999,-999,-999,-999,-999,-999,-999,-999,-999,-999,-999,-999,-999,-999,-999,-999,-999,-999,-999,-999,107,0,13,0,13,0,13,0,13,0,13,0,13,0,13,0,13,-999.0,-999.0,-999.0,-999.0,-999.0,-999.0,-999.0,-999.0,-999.0,-999.0,-999.0,-999.0,-999.0,-999.0,-999.0,-999.0,49514,0.0002558877785000001,0.06426827308718261
35,New Mexico,NM,35059,Union County,35059950200,Census Tract 9502; Union County; New Mexico,3825.04856778676,4074,0,2091,24,1463,114,1241,263,83,58,199,65,356,108,418,104,898,59,870,35,835,158,118,67,77,70,1945,32,32,42,422,96,55,38,116,62,483,42,34.6,7.3,5.8,3.9,13.6,4.3,12.4,3.7,11.6,2.9,22.0,1.4,21.4,0.8,23.3,4.4,8.1,4.5,2.0,1.8,47.7,0.8,1.5,2.0,20.2,4.5,3.8,2.6,7.9,4.1,11.9,1.0,0.8166,0.6232,0.1297,0.661,0.7368,2.9673,0.6488,0.7735,0.4849,0.9271,0.7185,0.5928,3.4968,0.953,0.6416,0.6416,0.6416,0.3656,0.8961,0.7057,0.6742,0.9566,3.5982,0.9534,10.7039,0.8992,0,0,0,0,0,0,0,0,1,0,0,1,0,0,0,0,0,0,1,1,2,3913,298,82,44,28,1718,0,0,13,59,38,0,13,102,35,22,32,20.4,5.5,1.1,0.7,42.2,0.0,0.0,1.0,1.4,0.9,0.0,1.0,2.5,0.9,0.5,0.8,49515,0.9979976584774513,4.553102653845681
35,New Mexico,NM,35061,Valencia County,35061940300,Census Tract 9403; Valencia County; New Mexico,87.804684782666,1450,485,522,118,458,121,250,204,0,13,27,36,96,69,158,134,249,92,413,264,471,269,14,24,0,52,1415,485,0,18,245,97,0,18,0,13,0,13,17.2,12.8,0.0,6.2,5.9,7.7,10.3,6.1,10.9,8.7,17.2,6.6,28.5,13.1,32.5,13.2,3.1,5.2,0.0,3.8,97.6,7.3,0.0,3.4,46.9,14.8,0.0,3.9,0.0,8.4,0.0,0.9,0.4585,0.0,0.0116,0.581,0.7108,1.7619,0.2838,0.5458,0.8584,0.9905,0.3056,0.0,2.7003,0.6376,0.9686,0.9686,0.9686,0.0,0.9871,0.0,0.0,0.0,0.9871,0.0822,6.4179,0.3049,0,0,0,0,0,0,0,0,1,0,0,1,1,1,0,1,0,0,0,1,3,463,262,101,24,34,43,45,0,13,1333,492,0,13,15,23,0,13,57.2,17.1,1.7,2.5,3.0,3.4,0.0,2.7,91.9,5.1,0.0,2.7,1.0,1.6,0.0,2.7,49516,0.022417403506500004,0.7928288806460289
35,New Mexico,NM,35061,Valencia County,35061941400,Census Tract 9414; Valencia County; New Mexico,74.420788683774,3548,566,1225,129,1102,142,455,289,56,46,197,103,172,107,120,85,573,177,1185,387,496,173,58,68,59,80,2510,638,21,37,139,81,19,33,22,25,10,16,12.9,7.9,4.4,3.4,17.9,9.1,8.4,4.9,3.4,2.4,16.1,5.6,33.4,7.1,14.1,5.0,5.3,6.1,1.8,2.4,70.7,14.0,1.7,3.0,11.3,6.7,1.7,3.0,2.0,2.3,0.3,0.4,0.326,0.4757,0.2702,0.4909,0.2335,1.7963,0.2936,0.4849,0.957,0.5912,0.5243,0.572,3.1294,0.8537,0.7947,0.7947,0.7947,0.3776,0.8094,0.4919,0.2501,0.5038,2.4328,0.5675,8.1532,0.5813,0,0,0,0,0,0,0,1,0,0,0,1,0,0,0,0,0,0,0,0,1,4958,96,61,0,13,2109,505,43,80,160,175,0,13,111,87,87,124,8.7,5.3,0.0,1.1,59.4,8.5,1.2,2.2,4.5,4.7,0.0,1.1,3.1,2.5,2.5,3.5,49517,0.019064871683500004,1.0156256246272364
35,New Mexico,NM,35061,Valencia County,35061970101,Census Tract 9701.01; Valencia County; New Mexico,11.557732481004,4745,835,1689,214,1296,204,1986,493,173,120,363,150,673,232,622,255,519,176,1614,428,662,210,103,89,233,153,3904,891,0,18,1431,221,136,73,50,60,0,13,41.9,7.3,10.4,7.6,28.0,10.7,24.1,7.5,13.1,5.7,10.9,3.9,34.0,5.4,14.0,3.9,7.9,6.8,5.1,3.2,82.3,12.0,0.0,1.1,84.7,7.2,10.5,5.4,3.9,4.8,0.0,0.3,0.8916,0.8802,0.6114,0.894,0.7873,4.0645,0.9203,0.213,0.9632,0.5851,0.7076,0.7716,3.2405,0.8927,0.8603,0.8603,0.8603,0.0,0.9994,0.9163,0.4355,0.0,2.3512,0.5313,10.5165,0.8822,0,0,0,0,0,0,0,1,0,0,0,1,0,0,0,1,1,0,0,2,3,1660,301,161,63,84,3585,758,0,13,72,107,0,13,184,151,0,13,23.2,11.1,1.3,1.8,75.6,7.4,0.0,0.8,1.5,2.3,0.0,0.8,3.9,3.2,0.0,0.8,49518,0.0029508662200000008,0.40482327486745895
35,New Mexico,NM,35061,Valencia County,35061970103,Census Tract 9701.03; Valencia County; New Mexico,3.782923920664,3148,605,1189,228,1072,169,849,384,199,136,171,111,45,52,350,299,419,145,815,356,667,309,74,71,33,71,2232,671,0,18,553,221,86,109,49,44,2,3,27.0,11.0,12.1,7.7,16.0,10.0,2.0,2.3,11.1,8.0,13.3,4.8,25.9,10.0,21.2,10.0,6.9,6.5,1.1,2.5,70.9,16.4,0.0,1.5,46.5,14.2,8.0,10.1,4.6,3.9,0.1,0.1,0.6958,0.9193,0.2029,0.0954,0.7187,2.6321,0.5472,0.3315,0.7541,0.8864,0.6455,0.4774,3.0949,0.8396,0.7956,0.7956,0.7956,0.0,0.9867,0.8733,0.4897,0.3692,2.7189,0.6924,9.2415,0.7374,0,1,0,0,0,1,0,0,0,0,0,0,0,0,0,1,0,0,0,1,2,3348,161,124,0,13,2232,539,0,13,0,13,0,13,0,13,0,13,15.0,10.9,0.0,1.3,70.9,8.3,0.0,1.3,0.0,1.3,0.0,1.3,0.0,1.3,0.0,1.3,49519,0.0009637946955000003,0.20440069843805042
35,New Mexico,NM,35061,Valencia County,35061970104,Census Tract 9701.04; Valencia County; New Mexico,4.450769183288,3393,32,1490,190,1388,198,700,398,178,125,433,196,414,191,137,113,525,215,844,195,672,257,87,122,42,76,2099,302,0,18,651,198,1,19,4,13,0,13,20.6,11.7,11.3,7.7,31.2,13.4,18.6,8.6,4.0,3.3,15.5,6.3,24.9,5.8,19.8,7.6,6.2,8.7,1.3,2.3,61.9,8.9,0.0,1.2,43.7,14.2,0.1,1.4,0.3,1.0,0.0,0.4,0.5512,0.903,0.6926,0.8166,0.2862,3.2496,0.7282,0.4515,0.7015,0.8503,0.5959,0.5089,3.1081,0.8447,0.7421,0.7421,0.7421,0.0,0.9831,0.2396,0.0721,0.0,1.2948,0.1432,8.3946,0.6173,0,1,0,0,0,1,0,0,0,0,0,0,0,0,0,1,0,0,0,1,2,2167,392,182,0,13,2041,287,58,91,0,13,0,13,0,13,0,13,28.2,11.8,0.0,1.2,60.2,8.5,1.7,2.7,0.0,1.2,0.0,1.2,0.0,1.2,0.0,1.2,49520,0.0011349273365000004,0.18119822846190925
35,New Mexico,NM,35061,Valencia County,35061970200,Census Tract 9702; Valencia County; New Mexico,4.678306813928,3987,44,1596,192,1555,193,933,374,62,49,359,117,187,97,280,159,951,226,847,172,611,173,63,50,0,52,1954,334,0,18,391,112,42,38,101,73,0,13,23.4,9.4,3.4,2.7,23.1,7.0,6.4,3.3,7.0,4.0,23.9,5.7,21.2,4.3,15.3,4.3,4.1,3.2,0.0,1.4,49.0,8.4,0.0,1.1,24.5,6.8,2.7,2.4,6.5,4.4,0.0,0.3,0.6197,0.351,0.4589,0.38,0.5121,2.3217,0.4511,0.8346,0.4722,0.6619,0.4095,0.0,2.3782,0.4368,0.6519,0.6519,0.6519,0.0,0.9235,0.6121,0.6087,0.0,2.1443,0.4399,7.4961,0.476,0,0,0,0,0,0,0,0,0,0,0,0,0,0,0,1,0,0,0,1,1,2961,200,99,0,13,1711,289,42,64,184,130,0,13,0,13,17,30,12.9,5.7,0.0,1.0,42.9,7.3,1.1,1.6,4.6,3.3,0.0,1.0,0.0,1.0,0.4,0.8,49521,0.0012360117070000004,0.20841170985462817
35,New Mexico,NM,35061,Valencia County,35061970302,Census Tract 9703.02; Valencia County; New Mexico,59.412839850424,2950,449,953,110,922,109,487,206,85,64,172,75,236,104,208,254,419,122,690,173,505,153,133,76,89,95,1957,539,0,18,42,31,12,19,4,10,0,13,16.5,6.5,5.5,4.2,18.7,7.8,13.9,5.8,7.1,8.0,14.2,4.7,23.4,4.8,17.1,5.8,14.4,8.1,3.2,3.3,66.3,15.2,0.0,1.9,4.4,3.3,1.3,2.1,0.4,1.1,0.0,0.4,0.4383,0.5943,0.2995,0.7077,0.5188,2.5586,0.5247,0.3797,0.6136,0.751,0.9138,0.6858,3.3439,0.9213,0.7697,0.7697,0.7697,0.0,0.6906,0.4295,0.0757,0.0,1.1958,0.1205,7.868,0.5364,0,0,0,0,0,0,0,0,0,1,0,1,0,0,0,0,0,0,0,0,1,4716,146,84,342,222,1593,344,0,13,0,13,0,13,16,21,6,8,15.8,9.0,11.6,7.2,54.0,8.2,0.0,1.3,0.0,1.3,0.0,1.3,0.5,0.7,0.2,0.3,49522,0.015165771482500003,0.7874270610148896
35,New Mexico,NM,35061,Valencia County,35061970304,Census Tract 9703.04; Valencia County; New Mexico,7.7527119428799995,3591,799,1254,113,1129,136,511,311,51,43,203,112,405,221,97,77,978,275,816,268,826,258,17,33,33,71,2398,839,0,18,359,146,0,18,34,35,15,3,14.3,8.1,3.4,3.1,18.0,9.7,17.6,8.2,2.7,2.2,27.2,10.2,22.7,4.7,23.1,6.6,1.5,2.9,1.0,2.2,66.8,18.0,0.0,1.4,28.6,11.6,0.0,1.6,3.0,3.2,0.4,0.1,0.3714,0.351,0.274,0.7975,0.1721,1.966,0.3436,0.9041,0.5693,0.9236,0.1435,0.4592,2.9997,0.7993,0.7726,0.7726,0.7726,0.0,0.9442,0.0,0.3532,0.5488,1.8462,0.3172,7.5845,0.4904,0,0,0,0,0,0,1,0,1,0,0,2,0,0,0,1,0,0,0,1,3,1919,251,140,0,13,2341,765,0,13,21,33,0,13,0,13,36,64,22.2,12.2,0.0,1.1,65.2,9.3,0.0,1.1,0.6,0.9,0.0,1.1,0.0,1.1,1.0,1.8,49523,0.0019757993235000005,0.2331031765732515
35,New Mexico,NM,35061,Valencia County,35061970305,Census Tract 9703.05; Valencia County; New Mexico,10.092912458468,2870,545,1096,164,959,176,621,326,0,13,126,103,363,133,169,131,546,229,590,241,393,247,17,33,2,50,2040,644,46,74,383,172,0,18,56,66,33,6,22.9,11.2,0.0,3.2,13.1,10.5,16.8,5.6,5.9,4.7,19.0,8.3,20.6,6.2,13.8,8.4,1.8,3.4,0.1,1.8,71.1,17.9,4.2,6.7,34.9,14.7,0.0,1.9,5.8,7.2,1.1,0.0,0.6079,0.0,0.1169,0.7806,0.4371,1.9425,0.3365,0.6417,0.4351,0.5727,0.1709,0.229,2.0494,0.2467,0.797,0.797,0.797,0.4912,0.9656,0.0,0.5702,0.7006,2.7276,0.6956,7.5165,0.4789,0,0,0,0,0,0,0,0,0,0,0,0,0,0,0,1,0,0,0,1,1,1837,414,172,2,14,1961,655,0,13,0,13,0,13,77,130,0,13,43.2,14.7,0.1,0.5,68.3,14.9,0.0,1.4,0.0,1.4,0.0,1.4,2.7,4.5,0.0,1.4,49524,0.0025755747995000007,0.38273357930785107
35,New Mexico,NM,35061,Valencia County,35061970306,Census Tract 9703.06; Valencia County; New Mexico,9.755708346258,3017,466,1184,147,1089,156,1183,480,145,127,320,157,375,178,124,149,382,125,833,179,382,205,114,81,114,124,2345,540,0,18,372,162,0,18,0,13,7,2,39.4,14.7,11.1,9.9,29.4,13.8,21.0,10.1,4.1,4.9,12.7,4.2,27.6,6.3,12.7,6.6,10.5,7.3,4.0,4.3,77.7,13.3,0.0,1.5,31.4,12.5,0.0,1.7,0.0,3.6,0.2,0.1,0.8698,0.8987,0.6486,0.8554,0.2947,3.5672,0.8113,0.3,0.8269,0.5011,0.8205,0.7277,3.1762,0.8709,0.8344,0.8344,0.8344,0.0,0.9547,0.0,0.0,0.4424,1.3971,0.1691,8.9749,0.7015,0,0,0,0,0,0,0,0,0,0,0,0,0,0,0,1,0,0,0,1,1,1827,139,85,0,13,2213,468,0,13,5,23,0,13,127,93,0,13,12.8,8.3,0.0,1.3,73.4,9.6,0.0,1.3,0.2,0.8,0.0,1.3,4.2,3.0,0.0,1.3,49525,0.0024877724860000007,0.3686802331471027
35,New Mexico,NM,35061,Valencia County,35061970307,Census Tract 9703.07; Valencia County; New Mexico,34.59675079142,4084,1078,1183,239,1043,250,2386,1116,308,236,279,150,824,313,820,369,340,177,1272,629,678,321,33,43,746,395,3530,1105,0,18,904,255,154,185,16,23,0,13,58.4,22.6,19.1,12.9,26.7,12.9,33.0,9.4,20.2,10.6,8.3,4.2,31.1,9.2,16.7,7.2,3.2,4.1,19.7,9.1,86.4,14.6,0.0,1.5,76.4,11.5,14.8,17.4,1.5,2.2,0.0,0.3,0.9739,0.9818,0.5744,0.9549,0.9223,4.4073,0.9719,0.1141,0.9229,0.7332,0.3164,0.9587,3.0453,0.8194,0.8842,0.8842,0.8842,0.0,0.9989,0.9551,0.1949,0.0,2.1489,0.4418,10.4857,0.8789,1,1,0,1,1,4,0,1,0,0,1,2,0,0,0,1,1,0,0,2,8,1268,281,169,0,13,3450,1052,0,13,0,13,0,13,50,196,30,49,26.9,13.8,0.0,1.0,84.5,7.3,0.0,1.0,0.0,1.0,0.0,1.0,1.2,4.9,0.7,1.1,49526,0.008836660764000002,0.5344823162612488
35,New Mexico,NM,35061,Valencia County,35061970401,Census Tract 9704.01; Valencia County; New Mexico,3.21031457736,5684,856,2311,239,2049,255,1687,528,216,137,798,273,548,222,275,157,1117,235,1376,405,1064,426,172,105,116,114,4397,899,147,129,883,165,38,46,62,46,196,17,30.7,8.3,9.8,5.6,38.9,12.4,14.1,5.1,5.0,2.9,19.7,4.9,24.2,4.7,19.3,7.7,8.4,5.0,2.2,2.1,77.4,10.7,6.3,5.5,38.2,6.6,1.9,2.2,3.0,2.3,3.4,0.6,0.7609,0.8607,0.8373,0.7133,0.3691,3.5413,0.8048,0.6753,0.6627,0.8348,0.7338,0.611,3.5176,0.9569,0.8328,0.8328,0.8328,0.5564,0.9733,0.5193,0.3532,0.8588,3.261,0.8797,11.1527,0.9357,0,0,0,0,0,0,0,0,0,0,0,0,0,0,0,1,0,0,0,1,1,6141,521,187,9,22,3812,726,32,53,107,112,0,19,437,386,0,19,25.4,8.7,0.2,0.4,67.1,7.1,0.6,1.0,1.9,1.9,0.0,0.7,7.7,6.4,0.0,0.7,49527,0.0008342412755000002,0.14324071118516254
35,New Mexico,NM,35061,Valencia County,35061970404,Census Tract 9704.04; Valencia County; New Mexico,2.77454634659,5966,829,2384,264,2151,270,2053,809,83,68,591,249,487,235,170,112,1183,249,1319,376,1438,431,105,77,68,103,3811,897,161,169,149,80,0,26,98,113,4,2,34.4,12.7,3.4,2.8,27.5,11.0,12.3,5.5,2.8,2.0,19.8,4.4,22.1,4.4,24.1,6.5,4.9,3.5,1.2,1.8,63.9,12.1,6.7,7.0,6.3,3.3,0.0,1.2,4.6,5.1,0.1,0.0,0.8138,0.351,0.5969,0.6573,0.1804,2.5994,0.5371,0.6801,0.5304,0.9386,0.4881,0.4936,3.1308,0.8542,0.7551,0.7551,0.7551,0.5669,0.7316,0.0,0.4897,0.3692,2.1574,0.4455,8.6427,0.6544,0,0,0,0,0,0,0,0,1,0,0,1,0,0,0,0,0,0,0,0,1,2952,359,182,15,26,3584,776,51,78,113,179,0,19,37,51,11,18,16.7,8.0,0.3,0.4,60.1,6.9,0.9,1.3,1.9,2.9,0.0,0.7,0.6,0.9,0.2,0.3,49528,0.0007050836180000001,0.11945465112274589
35,New Mexico,NM,35061,Valencia County,35061970405,Census Tract 9704.05; Valencia County; New Mexico,22.679493255484,3982,535,1592,192,1527,189,332,171,8,12,303,145,177,110,201,229,887,189,1062,321,489,231,95,109,22,61,2330,674,0,18,40,42,4,15,0,13,5,5,8.5,4.2,0.5,0.7,19.8,9.2,6.4,3.7,5.1,5.7,22.3,5.5,26.7,5.7,12.4,5.6,6.3,7.1,0.6,1.6,58.5,15.0,0.0,1.1,2.5,2.7,0.3,1.0,0.0,2.6,0.1,0.1,0.181,0.0376,0.3401,0.38,0.3768,1.3155,0.1635,0.7842,0.7905,0.4813,0.6033,0.3747,3.034,0.8146,0.7197,0.7197,0.7197,0.0,0.6335,0.253,0.0,0.3692,1.2557,0.1341,6.3249,0.2914,0,0,0,0,0,0,0,0,0,0,0,0,0,0,0,0,0,0,0,0,0,2477,228,115,206,224,1846,396,0,13,247,344,0,13,31,51,0,13,14.9,7.7,5.2,5.5,46.4,9.0,0.0,1.0,6.2,8.5,0.0,1.0,0.8,1.3,0.0,1.0,49529,0.005792609078500001,0.3487046141040364
35,New Mexico,NM,35061,Valencia County,35061970701,Census Tract 9707.01; Valencia County; New Mexico,16.153625050828,4949,730,2060,273,1667,222,1155,489,79,89,438,181,512,212,303,168,840,248,967,351,1188,385,0,18,46,72,3173,885,0,18,828,227,0,18,87,69,201,235,24.1,9.5,3.5,4.1,26.3,10.3,13.7,6.1,6.4,3.8,17.0,5.0,19.5,6.0,25.0,7.1,0.0,1.1,1.0,1.5,64.1,15.2,0.0,0.9,40.2,8.8,0.0,1.1,5.2,4.1,4.1,4.7,0.6352,0.3642,0.5619,0.7017,0.4725,2.7355,0.579,0.5351,0.365,0.9497,0.0,0.4592,2.309,0.3941,0.7563,0.7563,0.7563,0.0,0.9776,0.0,0.532,0.8822,2.3918,0.5491,8.1926,0.5876,0,0,0,0,0,0,0,0,1,0,0,1,0,0,0,1,0,0,0,1,2,4185,272,177,34,47,2793,517,0,13,125,243,0,13,221,214,0,13,16.3,10.7,0.7,1.0,56.4,7.5,0.0,0.8,2.5,4.8,0.0,0.8,4.5,4.3,0.0,0.8,49530,0.004122069172000001,0.40459568913120053
35,New Mexico,NM,35061,Valencia County,35061970800,Census Tract 9708; Valencia County; New Mexico,5.284408575222,3986,650,2026,276,1529,232,1184,570,135,118,385,204,549,239,250,148,930,251,502,256,940,285,84,61,65,83,2724,739,286,166,231,137,97,108,29,34,8,2,29.8,13.5,9.3,7.5,25.2,12.8,17.7,6.8,6.3,3.7,23.3,7.0,12.6,5.4,23.6,6.5,5.5,3.9,1.7,2.2,68.3,14.8,14.1,8.0,11.4,6.5,6.3,7.0,1.9,2.2,0.2,0.0,0.7461,0.8429,0.5284,0.7996,0.4654,3.3824,0.7652,0.8172,0.0978,0.9322,0.541,0.561,2.9492,0.7752,0.7813,0.7813,0.7813,0.7101,0.8106,0.8266,0.2397,0.4424,3.0294,0.8114,10.1423,0.8442,0,0,0,0,0,0,0,0,1,0,0,1,0,0,0,0,0,0,0,0,1,5866,377,144,0,13,2521,591,137,154,0,13,0,13,66,94,0,13,24.7,9.2,0.0,1.0,63.2,9.4,3.4,3.8,0.0,1.0,0.0,1.0,1.7,2.4,0.0,1.0,49531,0.0013505440560000004,0.16419852619955136
35,New Mexico,NM,35061,Valencia County,35061970901,Census Tract 9709.01; Valencia County; New Mexico,7.68740472009,4654,727,2093,306,1733,292,1523,536,181,134,425,155,655,238,558,274,889,276,830,322,1775,419,205,111,227,183,3453,777,10,19,657,287,86,95,59,62,106,7,33.5,10.5,9.1,6.4,24.5,7.9,19.7,7.1,12.3,5.2,19.1,5.7,17.8,5.6,39.0,6.7,11.8,6.1,5.0,3.9,74.2,12.0,0.5,0.9,31.4,10.5,5.0,5.4,3.4,3.6,2.3,0.4,0.8016,0.8346,0.5055,0.8349,0.7613,3.7379,0.8526,0.6468,0.2702,0.9974,0.8596,0.7677,3.5417,0.9606,0.8142,0.8142,0.8142,0.2806,0.9547,0.7756,0.3925,0.8039,3.2073,0.8659,11.3011,0.9458,0,0,0,0,0,0,0,0,1,0,0,1,0,0,0,1,0,0,0,1,2,3959,698,292,31,43,3349,723,0,13,0,13,0,13,64,74,9,15,40.3,12.1,0.7,0.9,72.0,6.9,0.0,0.9,0.0,0.9,0.0,0.9,1.4,1.6,0.2,0.3,49532,0.0019535682635000006,0.2607832996437535
35,New Mexico,NM,35061,Valencia County,35061970902,Census Tract 9709.02; Valencia County; New Mexico,12.143285507756,1637,258,848,83,646,86,592,282,73,71,139,76,243,96,103,81,441,144,197,156,347,112,17,29,33,73,1383,286,0,18,321,95,0,18,21,25,10,3,36.2,16.3,9.9,9.2,21.5,11.4,17.8,7.2,6.3,4.7,26.9,8.7,12.0,8.4,21.2,7.3,2.6,4.5,2.1,4.6,84.5,11.3,0.0,2.1,37.9,10.7,0.0,2.8,3.3,3.7,0.6,0.2,0.8354,0.8645,0.4027,0.8015,0.4654,3.3695,0.7619,0.8992,0.087,0.8864,0.2535,0.6021,2.7282,0.655,0.8729,0.8729,0.8729,0.0,0.9725,0.0,0.3833,0.6146,1.9704,0.3678,8.941,0.6971,0,0,0,0,0,0,0,0,0,0,0,0,0,0,0,1,0,0,0,1,1,1128,252,85,1,3,1312,259,0,13,61,67,0,13,9,17,0,13,39.0,11.5,0.1,0.2,80.1,8.7,0.0,2.4,3.7,3.9,0.0,2.4,0.5,1.0,0.0,2.4,49533,0.0030970900990000007,0.28687765810492405
35,New Mexico,NM,35061,Valencia County,35061971000,Census Tract 9710; Valencia County; New Mexico,7.453873628104,4872,74,1986,258,1878,232,1251,511,282,241,499,212,295,140,281,188,1308,249,629,257,1731,478,0,18,0,52,2729,396,21,36,197,133,36,66,0,13,4,5,25.8,10.5,14.7,11.1,26.6,10.8,8.5,4.0,5.8,3.9,26.8,5.2,12.9,5.3,35.5,9.7,0.0,1.0,0.0,1.1,56.0,8.1,1.1,1.8,9.9,6.4,1.9,3.5,0.0,2.1,0.1,0.1,0.6714,0.9547,0.571,0.4958,0.43,3.1229,0.6938,0.8977,0.1037,0.995,0.0,0.0,1.9964,0.2208,0.7027,0.7027,0.7027,0.3378,0.7906,0.5193,0.0,0.3692,2.0169,0.3858,7.8389,0.5318,0,1,0,0,0,1,0,0,1,0,0,1,0,0,0,0,0,0,0,0,2,2022,306,126,195,131,2264,387,76,101,0,13,0,13,156,163,38,59,16.3,6.0,4.0,2.7,46.5,7.8,1.6,2.1,0.0,0.8,0.0,0.8,3.2,3.4,0.8,1.2,49534,0.0018931492995000005,0.22538338190956023
35,New Mexico,NM,35061,Valencia County,35061971100,Census Tract 9711; Valencia County; New Mexico,228.638816324018,1344,297,607,84,509,93,296,165,59,46,64,40,112,81,246,243,252,79,367,226,292,97,13,23,38,76,680,404,0,18,253,109,5,15,16,20,0,13,22.0,11.3,13.3,9.2,12.6,7.5,12.0,8.5,18.3,15.9,18.8,6.1,27.3,13.0,21.7,7.2,2.6,4.5,2.9,5.7,50.6,27.9,0.0,3.0,41.7,14.2,1.0,2.9,3.1,4.1,0.0,1.0,0.5859,0.9381,0.1046,0.647,0.8982,3.1738,0.7079,0.6314,0.8152,0.8973,0.2535,0.6664,3.2638,0.8995,0.6637,0.6637,0.6637,0.0,0.9799,0.3792,0.3633,0.0,1.7224,0.2709,8.8237,0.6808,0,1,0,0,0,1,0,0,0,0,0,0,0,0,0,1,0,0,0,1,2,705,175,96,0,13,602,150,31,43,6,11,0,13,41,47,0,13,34.4,15.3,0.0,2.9,44.8,12.5,2.3,3.2,0.4,0.8,0.0,2.9,3.1,3.3,0.0,2.9,49535,0.058212097638500014,1.1837759139364894
35,New Mexico,NM,35061,Valencia County,35061971301,Census Tract 9713.01; Valencia County; New Mexico,444.952914335562,1742,407,824,100,553,88,965,323,0,13,142,59,330,144,312,193,260,61,426,200,424,138,63,39,21,53,1054,469,0,18,582,110,58,34,5,8,7,3,55.4,13.3,0.0,6.7,25.7,9.9,28.0,9.3,17.9,9.4,14.9,5.1,24.5,7.5,24.3,5.3,11.4,6.8,1.2,3.1,60.5,22.9,0.0,2.2,70.6,8.2,10.5,5.9,0.9,1.4,0.4,0.1,0.9653,0.0,0.5433,0.9269,0.8922,3.3277,0.7502,0.419,0.68,0.9414,0.8483,0.4936,3.3823,0.9298,0.733,0.733,0.733,0.0,0.9982,0.9163,0.1264,0.5488,2.5897,0.6364,10.0327,0.8329,1,0,0,1,0,2,0,0,1,0,0,1,0,0,0,1,1,0,0,2,5,832,151,47,0,13,961,298,0,13,93,90,0,13,0,13,0,13,27.3,7.5,0.0,2.3,55.2,9.9,0.0,2.3,5.3,4.8,0.0,2.3,0.0,2.3,0.0,2.3,49536,0.11341830954350003,1.6873049551955055
35,New Mexico,NM,35061,Valencia County,35061980100,Census Tract 9801; Valencia County; New Mexico,2.319495023634,17,21,17,21,17,21,13,20,0,13,4,23,0,13,0,13,13,20,0,13,13,20,0,18,0,52,13,21,0,18,17,21,0,18,0,13,0,13,76.5,70.1,0.0,100.0,23.5,100.0,0.0,79.8,0.0,79.8,76.5,44.4,0.0,79.8,76.5,44.4,0.0,100.0,0.0,100.0,76.5,79.6,0.0,100.0,100.0,79.8,0.0,100.0,0.0,79.8,0.0,76.5,0.9962,0.0,0.4724,0.0,0.0,1.4686,0.2023,0.9979,0.0,0.9998,0.0,0.0,1.9977,0.2215,0.8274,0.8274,0.8274,0.0,0.9999,0.0,0.0,0.0,0.9999,0.0855,5.2936,0.1536,1,0,0,0,0,1,1,0,1,0,0,2,0,0,0,1,0,0,0,1,4,82,13,20,0,13,13,20,0,13,0,13,0,13,0,13,0,13,76.5,44.4,0.0,79.8,76.5,44.4,0.0,79.8,0.0,79.8,0.0,79.8,0.0,79.8,0.0,79.8,49537,0.0005904417655000001,0.1074283446710269
35,New Mexico,NM,35061,Valencia County,35061980200,Census Tract 9802; Valencia County; New Mexico,0.20115721149,997,65,0,13,0,13,0,13,0,13,0,26,256,73,0,13,53,101,0,13,0,13,0,18,0,52,606,128,0,18,0,13,0,18,0,13,997,65,-999.0,-999.0,-999.0,-999.0,-999.0,-999.0,27.6,8.8,-999.0,-999.0,5.3,10.3,0.0,3.9,-999.0,-999.0,-999.0,-999.0,0.0,5.2,60.8,12.2,-999.0,-999.0,-999.0,-999.0,-999.0,-999.0,-999.0,-999.0,100.0,0.0,-999.0,-999.0,-999.0,0.9241,-999.0,-999.0,-999.0,0.0418,0.0,-999.0,-999.0,0.0,-999.0,-999.0,0.7349,0.7349,0.7349,-999.0,-999.0,-999.0,-999.0,0.9969,-999.0,-999.0,-999.0,-999.0,-999,-999,-999,1,-999,-999,0,0,-999,-999,0,-999,0,0,-999,-999,-999,-999,1,-999,-999,1576,0,13,76,81,489,105,0,13,37,55,0,13,4,11,0,13,-999.0,-999.0,7.6,8.2,49.0,9.6,0.0,3.9,3.7,5.6,0.0,3.9,0.4,1.1,0.0,3.9,49538,5.106385450000001e-05,0.02830101499882195
35,New Mexico,NM,35061,Valencia County,35061980300,Census Tract 9803; Valencia County; New Mexico,2.464901809038,0,13,0,13,0,13,0,13,0,13,0,26,0,13,0,13,0,13,0,13,0,13,0,18,0,52,0,18,0,18,0,13,0,18,0,13,0,13,-999.0,-999.0,-999.0,-999.0,-999.0,-999.0,-999.0,-999.0,-999.0,-999.0,-999.0,-999.0,-999.0,-999.0,-999.0,-999.0,-999.0,-999.0,-999.0,-999.0,-999.0,-999.0,-999.0,-999.0,-999.0,-999.0,-999.0,-999.0,-999.0,-999.0,-999.0,-999.0,-999.0,-999.0,-999.0,-999.0,-999.0,-999.0,-999.0,-999.0,-999.0,-999.0,-999.0,-999.0,-999.0,-999.0,-999.0,-999.0,-999.0,-999.0,-999.0,-999.0,-999.0,-999.0,-999.0,-999.0,-999.0,-999.0,-999,-999,-999,-999,-999,-999,-999,-999,-999,-999,-999,-999,-999,-999,-999,-999,-999,-999,-999,-999,-999,1678,0,13,0,13,0,13,0,13,0,13,0,13,0,13,0,13,-999.0,-999.0,-999.0,-999.0,-999.0,-999.0,-999.0,-999.0,-999.0,-999.0,-999.0,-999.0,-999.0,-999.0,-999.0,-999.0,49539,0.0006281425870000002,0.13848674041779033
35,New Mexico,NM,35061,Valencia County,35061980400,Census Tract 9804; Valencia County; New Mexico,2.473164391838,0,13,0,13,0,13,0,13,0,13,0,26,0,13,0,13,0,13,0,13,0,13,0,18,0,52,0,18,0,18,0,13,0,18,0,13,0,13,-999.0,-999.0,-999.0,-999.0,-999.0,-999.0,-999.0,-999.0,-999.0,-999.0,-999.0,-999.0,-999.0,-999.0,-999.0,-999.0,-999.0,-999.0,-999.0,-999.0,-999.0,-999.0,-999.0,-999.0,-999.0,-999.0,-999.0,-999.0,-999.0,-999.0,-999.0,-999.0,-999.0,-999.0,-999.0,-999.0,-999.0,-999.0,-999.0,-999.0,-999.0,-999.0,-999.0,-999.0,-999.0,-999.0,-999.0,-999.0,-999.0,-999.0,-999.0,-999.0,-999.0,-999.0,-999.0,-999.0,-999.0,-999.0,-999,-999,-999,-999,-999,-999,-999,-999,-999,-999,-999,-999,-999,-999,-999,-999,-999,-999,-999,-999,-999,5,0,13,0,13,0,13,0,13,0,13,0,13,0,13,0,13,-999.0,-999.0,-999.0,-999.0,-999.0,-999.0,-999.0,-999.0,-999.0,-999.0,-999.0,-999.0,-999.0,-999.0,-999.0,-999.0,49540,0.0006290793525000002,0.1344476810827625
