facility_id,latitude,longitude,city,state,zip,county_fips,county,address1,address2,facility_name,state_name,naics_code,year,bamm_used_desc,emission_classification_code,program_name,program_sys_id,frs_id,cems_used,co2_captured,reported_subparts,bamm_approved,emitted_co2_supplied,tribal_land_id,eggrt_facility_id,parent_company,reported_industry_types,facility_types,submission_id,uu_rd_exempt,reporting_status,process_stationary_cml,comments,rr_mrv_plan_url,rr_monitoring_plan_filename,rr_monitoring_plan
1001286,36.7367,-107.9417,BLOOMFIELD,NM,87413,35045,San Juan,"1754 Arroyo Dr,",,Milagro Gas Plant,New Mexico,211130,2018,,CU_OTHERS,Clean Air Markets Division Business Database,1227,110067022518,,,"C,W",,,,520684,HARVEST PIPELINE CO (100%),"C,W-PROC",Direct Emitter,189029.0,,,,,,,
1001286,36.7367,-107.9417,BLOOMFIELD,NM,87413,35045,San Juan,"1754 Arroyo Dr,",,Milagro Gas Plant,New Mexico,211130,2019,,CU_OTHERS,Clean Air Markets Division Business Database,1227,110067022518,,,"C,W",,,,520684,HARVEST PIPELINE CO (100%),"C,W-PROC",Direct Emitter,231737.0,,,,,,,
1001286,36.7367,-107.9417,BLOOMFIELD,NM,87413,35045,San Juan,"1754 Arroyo Dr,",,Milagro Gas Plant,New Mexico,211130,2020,,CU_OTHERS,Clean Air Markets Division Business Database,1227,110067022518,,,"C,W",,,,520684,HARVEST PIPELINE CO (100%),"C,W-PROC",Direct Emitter,267311.0,,,,,,,
1001286,36.7367,-107.9417,BLOOMFIELD,NM,87413,35045,San Juan,"1754 Arroyo Dr,",,Milagro Gas Plant,New Mexico,211130,2021,,CU_OTHERS,Clean Air Markets Division Business Database,1227,110067022518,,,"C,W",,,,520684,HARVEST PIPELINE CO (100%),"C,W-PROC",Direct Emitter,314574.0,,,,,,,
1001286,36.7367,-107.9417,BLOOMFIELD,NM,87413,35045,San Juan,"1754 Arroyo Dr,",,Milagro Gas Plant,New Mexico,211130,2022,,CU_OTHERS,Clean Air Markets Division Business Database,1227,110067022518,,,"C,W",,,,520684,HARVEST PIPELINE CO (100%),"C,W-PROC",Direct Emitter,345156.0,,,,,,,
1001286,36.7367,-107.9417,BLOOMFIELD,NM,87413,35045,San Juan,"1754 Arroyo Dr,",,Milagro Gas Plant,New Mexico,211130,2023,,CU_OTHERS,Clean Air Markets Division Business Database,1227,110067022518,,,"C,W",,,,520684,HARVEST PIPELINE CO (100%),"C,W-PROC",Direct Emitter,364773.0,,,,,,,
1001286,36.7367,-107.9417,BLOOMFIELD,NM,87413,35045,San Juan,"1754 Arroyo Dr,",,Milagro Gas Plant,New Mexico,213112,2013,,CU_OTHERS,Clean Air Markets Division Business Database,1227,110006091353,,,"C,D,W",,,,520684,"WILLIAMS PARTNERS, LP (100%)","C,D,W-PROC",Direct Emitter,101030.0,,,,,,,
1001286,36.7367,-107.9417,BLOOMFIELD,NM,87413,35045,San Juan,"1754 Arroyo Dr,",,Milagro Gas Plant,New Mexico,213112,2014,,CU_OTHERS,Clean Air Markets Division Business Database,1227,110006091353,,,"C,D,W",,,,520684,"WILLIAMS PARTNERS, LP (100%)","C,D,W-PROC",Direct Emitter,109360.0,,,,,,,
1001286,36.7367,-107.9417,BLOOMFIELD,NM,87413,35045,San Juan,"1754 Arroyo Dr,",,Milagro Gas Plant,New Mexico,213112,2015,,CU_OTHERS,Clean Air Markets Division Business Database,1227,110067022518,,,"C,D,W",,,,520684,"WILLIAMS PARTNERS, LP (100%)","C,D,W-PROC",Direct Emitter,118932.0,,,,,,,
1001286,36.7367,-107.9417,BLOOMFIELD,NM,87413,35045,San Juan,"1754 Arroyo Dr,",,Milagro Gas Plant,New Mexico,213112,2016,,CU_OTHERS,Clean Air Markets Division Business Database,1227,110067022518,,,"C,D,W",,,,520684,"WILLIAMS PARTNERS, LP (100%)","C,D,W-PROC",Direct Emitter,145455.0,,,,,,,
1001286,36.7367,-107.9417,BLOOMFIELD,NM,87413,35045,San Juan,"1754 Arroyo Dr,",,Milagro Gas Plant,New Mexico,213112,2017,,CU_OTHERS,Clean Air Markets Division Business Database,1227,110067022518,,,"C,W",,,,520684,WILLIAMS PARTNERS LP (100%),"C,W-PROC",Direct Emitter,165265.0,,,,,,,
1001286,36.7367,-107.9417,BLOOMFIELD,NM,87413,35045,San Juan,188 CR 4900,,Milagro Cogeneration and Gas Plant,New Mexico,213112,2011,,CU_OTHERS,Clean Air Markets Division Business Database,1227,110006091353,,,"C,D,W",,,,520684,"Williams Field Services Group, LLC (100%)","C,D,W-PROC",Direct Emitter,61724.0,,,,,,,
1001286,36.7367,-107.9417,BLOOMFIELD,NM,87413,35045,San Juan,188 CR 4900,,Milagro Gas Plant,New Mexico,213112,2012,,CU_OTHERS,Clean Air Markets Division Business Database,1227,110006091353,,,"C,D,W",,,,520684,"Williams Field Services Group, LLC (100%)","C,D,W-PROC",Direct Emitter,101035.0,,,,,,,
1001626,35.15927,-106.55982,Albuquerque,NM,87109,35001,BERNALILLO COUNTY,7120 Wyoming Blvd. NE Ste. 20,,New Mexico Gas Company,New Mexico,221210,2015,,DEFAULT,Green House Gas e-GGRT,522212,110071159537,,,"NN,W",,,,522212,TECO ENERGY INC (100%),"NN-LDC,W-LDC","Supplier, LDC - Direct Emissions",134938.0,,,,,,,
1001626,35.15927,-106.55982,Albuquerque,NM,87109,35001,BERNALILLO COUNTY,7120 Wyoming Blvd. NE Ste. 20,,New Mexico Gas Company,New Mexico,221210,2016,,DEFAULT,Green House Gas e-GGRT,522212,110071159537,,,"NN,W",,,,522212,TECO ENERGY INC (100%),"NN-LDC,W-LDC","Supplier, LDC - Direct Emissions",134942.0,,,,,,,
1001626,35.15927,-106.55982,Albuquerque,NM,87109,35001,BERNALILLO COUNTY,7120 Wyoming Blvd. NE Ste. 20,,New Mexico Gas Company,New Mexico,221210,2017,,DEFAULT,Green House Gas e-GGRT,522212,110071159537,,,"NN,W",,,,522212,TECO ENERGY INC (100%),"NN-LDC,W-LDC","Supplier, LDC - Direct Emissions",162050.0,,,,,,,
1001626,35.15927,-106.55982,Albuquerque,NM,87109,35001,BERNALILLO COUNTY,7120 Wyoming Blvd. NE Ste. 20,,New Mexico Gas Company,New Mexico,221210,2018,,DEFAULT,Green House Gas e-GGRT,522212,110071159537,,,"NN,W",,,,522212,TECO ENERGY INC (100%),"NN-LDC,W-LDC","Supplier, LDC - Direct Emissions",182650.0,,,,,,,
1001626,35.15927,-106.55982,Albuquerque,NM,87109,35001,BERNALILLO COUNTY,7120 Wyoming Blvd. NE Ste. 20,,New Mexico Gas Company,New Mexico,221210,2019,,DEFAULT,Green House Gas e-GGRT,522212,110071159537,,,"NN,W",,,,522212,TECO ENERGY INC (100%),"NN-LDC,W-LDC","Supplier, LDC - Direct Emissions",236719.0,,,,,,,
1001626,35.15927,-106.55982,Albuquerque,NM,87109,35001,BERNALILLO COUNTY,7120 Wyoming Blvd. NE Ste. 20,,New Mexico Gas Company,New Mexico,221210,2020,,DEFAULT,Green House Gas e-GGRT,522212,110071159537,,,"NN,W",,,,522212,TECO ENERGY INC (100%),"NN-LDC,W-LDC","Supplier, LDC - Direct Emissions",268131.0,,,,,,,
1001626,35.15927,-106.55982,Albuquerque,NM,87109,35001,BERNALILLO COUNTY,7120 Wyoming Blvd. NE Ste. 20,,New Mexico Gas Company,New Mexico,221210,2021,,DEFAULT,Green House Gas e-GGRT,522212,110071159537,,,"NN,W",,,,522212,TECO ENERGY INC (100%),"NN-LDC,W-LDC","Supplier, LDC - Direct Emissions",318643.0,,,,,,,
1001626,35.15927,-106.55982,Albuquerque,NM,87109,35001,BERNALILLO COUNTY,7120 Wyoming Blvd. NE Ste. 20,,New Mexico Gas Company,New Mexico,221210,2022,,DEFAULT,Green House Gas e-GGRT,522212,110071159537,,,"NN,W",,,,522212,TECO ENERGY INC (100%),"NN-LDC,W-LDC","Supplier, LDC - Direct Emissions",366995.0,,,,,,,
1001626,35.15927,-106.55982,Albuquerque,NM,87109,35001,BERNALILLO COUNTY,7120 Wyoming Blvd. NE Ste. 20,,New Mexico Gas Company,New Mexico,221210,2023,,DEFAULT,Green House Gas e-GGRT,522212,110071159537,,,"NN,W",,,,522212,TECO ENERGY INC (100%),"NN-LDC,W-LDC","Supplier, LDC - Direct Emissions",366996.0,,,,,,,
1001626,35.159792,-106.55982,Albuquerque,NM,87109,35001,BERNALILLO,7120 Wyoming Blvd. NE Ste. 20,,New Mexico Gas Company,New Mexico,221210,2011,,DEFAULT,Green House Gas e-GGRT,522212,110043814771,,,"NN,W",,,,522212,CONTINENTAL ENERGY SYSTEMS (100%),"NN-LDC,W-LDC","Supplier, LDC - Direct Emissions",75961.0,,,,,,,
1001626,35.159792,-106.55982,Albuquerque,NM,87109,35001,BERNALILLO,7120 Wyoming Blvd. NE Ste. 20,,New Mexico Gas Company,New Mexico,221210,2012,,DEFAULT,Green House Gas e-GGRT,522212,110043814771,,,"NN,W",,,,522212,CONTINENTAL ENERGY SYSTEMS (100%),"NN-LDC,W-LDC","Supplier, LDC - Direct Emissions",52550.0,,,,,,,
1001626,35.159792,-106.55982,Albuquerque,NM,87109,35001,BERNALILLO COUNTY,7120 Wyoming Blvd. NE Ste. 20,,New Mexico Gas Company,New Mexico,221210,2013,,DEFAULT,Green House Gas e-GGRT,522212,110043814771,,,"NN,W",,,,522212,CONTINENTAL ENERGY SYSTEMS (100%),"NN-LDC,W-LDC","Supplier, LDC - Direct Emissions",100511.0,,,,,,,
1001626,35.159792,-106.55982,Albuquerque,NM,87109,35001,BERNALILLO COUNTY,7120 Wyoming Blvd. NE Ste. 20,,New Mexico Gas Company,New Mexico,221210,2014,,DEFAULT,Green House Gas e-GGRT,522212,110043814771,,,"NN,W",,,,522212,TECO ENERGY INC (100%),"NN-LDC,W-LDC","Supplier, LDC - Direct Emissions",100509.0,,,,,,,
1001812,36.7592,-108.35967,KIRTLAND,NM,87417,35045,SAN JUAN COUNTY,99 Road 6500,,SAN JUAN RIVER GAS PLANT,New Mexico,211111,2011,,CU_OTHERS,FRS,110007031871,110000562720,,,"C,UU,W",,,,522676,ANADARKO PETROLEUM CORP (100%),"C,UU,W-PROC","Direct Emitter, CO2 Injection",39170.0,,,,,,,
1001812,36.7592,-108.35967,KIRTLAND,NM,87417,35045,SAN JUAN COUNTY,99 Road 6500,,SAN JUAN RIVER GAS PLANT,New Mexico,211111,2012,,CU_OTHERS,FRS,110007031871,110000562720,,,"C,UU,W",,,,522676,Anadarko Petroleum Corporation (100%),"C,UU,W-PROC","Direct Emitter, CO2 Injection",69962.0,,,,,,,
1001812,36.7592,-108.35967,KIRTLAND,NM,87417,35045,SAN JUAN COUNTY,99 Road 6500,,SAN JUAN RIVER GAS PLANT,New Mexico,211111,2013,,CU_OTHERS,FRS,110007031871,110000562720,,,"C,UU,W",,,,522676,Anadarko Petroleum Corporation (100%),"C,UU,W-PROC","Direct Emitter, CO2 Injection",84325.0,,,,,,,
1001812,36.7592,-108.35967,KIRTLAND,NM,87417,35045,SAN JUAN COUNTY,99 Road 6500,,SAN JUAN RIVER GAS PLANT,New Mexico,211111,2014,,CU_OTHERS,FRS,110007031871,110000562720,,,"C,UU,W",,,,522676,CASTLETON COMMODITIES INTERNATIONAL LLC (100%),"C,UU,W-PROC","Direct Emitter, CO2 Injection",124803.0,,,,,,,
1001812,36.7592,-108.35967,KIRTLAND,NM,87417,35045,SAN JUAN COUNTY,99 Road 6500,,SAN JUAN RIVER GAS PLANT,New Mexico,211111,2015,,CU_OTHERS,FRS,110007031871,110000562720,,,"C,UU,W",,,,522676,CASTLETON COMMODITIES INTERNATIONAL LLC (100%),"C,UU,W-PROC","Direct Emitter, CO2 Injection",171236.0,,,,,,,
1001812,36.7592,-108.35967,KIRTLAND,NM,87417,35045,SAN JUAN COUNTY,99 Road 6500,,SAN JUAN RIVER GAS PLANT,New Mexico,211111,2016,,CU_OTHERS,FRS,110007031871,110000562720,,,"C,UU,W",,,,522676,CASTLETON COMMODITIES INTERNATIONAL LLC (100%),"C,UU,W-PROC","Direct Emitter, CO2 Injection",197083.0,,,,,,,
1001812,36.7592,-108.35967,KIRTLAND,NM,87417,35045,SAN JUAN COUNTY,99 Road 6500,,SAN JUAN RIVER GAS PLANT,New Mexico,211111,2017,,CU_OTHERS,FRS,110007031871,110000562720,,,"C,UU,W",,,,522676,CASTLETON COMMODITIES INTERNATIONAL LLC (100%),"C,UU,W-PROC","Direct Emitter, CO2 Injection",187856.0,,,,,,,
1001812,36.7592,-108.35967,KIRTLAND,NM,87417,35045,SAN JUAN COUNTY,99 Road 6500,,SAN JUAN RIVER GAS PLANT,New Mexico,211130,2018,,CU_OTHERS,FRS,110007031871,110000562720,,,"C,UU,W",,,,522676,CASTLETON COMMODITIES INTERNATIONAL LLC (100%),"C,UU,W-PROC","Direct Emitter, CO2 Injection",187855.0,,,,,,,
1001812,36.7592,-108.35967,KIRTLAND,NM,87417,35045,SAN JUAN COUNTY,99 Road 6500,,SAN JUAN RIVER GAS PLANT,New Mexico,211130,2019,,CU_OTHERS,FRS,110007031871,110000562720,,,"C,UU,W",,,,522676,CASTLETON COMMODITIES INTERNATIONAL LLC (100%),"C,UU,W-PROC","Direct Emitter, CO2 Injection",276137.0,,,,,,,
1001812,36.7592,-108.35967,KIRTLAND,NM,87417,35045,SAN JUAN COUNTY,99 Road 6500,,SAN JUAN RIVER GAS PLANT,New Mexico,211130,2020,,CU_OTHERS,FRS,110007031871,110000562720,,,"C,UU,W",,,,522676,CASTLETON COMMODITIES INTERNATIONAL LLC (100%),"C,UU,W-PROC","Direct Emitter, CO2 Injection",250117.0,,,,,,,
1001982,32.511814,-103.287379,OIL CENTER,NM,88240,35025,LEA COUNTY,283 Gulf Road,,"EPNG Station 6521 Eunice A, NM",New Mexico,486210,2013,,CU_OTHERS,FRS,110022784478,110043783572,,,"C,W",,,,522942,"Kinder Morgan Energy Partners, L.P. (100%)","C,W-NGTC",Direct Emitter,88121.0,,,,,,,
1001982,32.511814,-103.287379,OIL CENTER,NM,88240,35025,LEA COUNTY,283 Gulf Road,,"EPNG Station 6521 Eunice A, NM",New Mexico,486210,2014,,CU_OTHERS,FRS,110022784478,110043783572,,,"C,W",,,,522942,"Kinder Morgan Energy Partners, L.P. (100%)","C,W-NGTC",Direct Emitter,104004.0,,,,,,,
1001982,32.511814,-103.287379,OIL CENTER,NM,88240,35025,LEA COUNTY,283 Gulf Road,,"EPNG Station 6521 Eunice A, NM",New Mexico,486210,2015,,CU_OTHERS,FRS,110022784478,110043783572,,,"C,W",,,,522942,KINDER MORGAN INC (100%),"C,W-NGTC",Direct Emitter,172321.0,,,,,,,
1001982,32.511814,-103.287379,OIL CENTER,NM,88240,35025,LEA COUNTY,283 Gulf Road,,"EPNG Station 6521 Eunice A, NM",New Mexico,486210,2016,,CU_OTHERS,FRS,110022784478,110043783572,,,"C,W",,,,522942,KINDER MORGAN INC (100%),"C,W-NGTC",Direct Emitter,137493.0,,,,,,,
1001982,32.511814,-103.287379,OIL CENTER,NM,88240,35025,LEA COUNTY,283 Gulf Road,,"EPNG Station 6521 Eunice A, NM",New Mexico,486210,2017,,CU_OTHERS,FRS,110022784478,110043783572,,,"C,W",,,,522942,KINDER MORGAN INC (100%),"C,W-NGTC",Direct Emitter,170217.0,,,,,,,
1001982,32.511814,-103.287379,OIL CENTER,NM,88240,35025,LEA COUNTY,283 Gulf Road,,"EPNG Station 6521 Eunice A, NM",New Mexico,486210,2018,,CU_OTHERS,FRS,110022784478,110043783572,,,"C,W",,,,522942,KINDER MORGAN INC (100%),"C,W-NGTC",Direct Emitter,289559.0,,,,,,,
1001982,32.511814,-103.287379,OIL CENTER,NM,88240,35025,LEA COUNTY,283 Gulf Road,,"EPNG Station 6521 Eunice A, NM",New Mexico,486210,2019,,CU_OTHERS,FRS,110022784478,110043783572,,,"C,W",,,,522942,KINDER MORGAN INC (100%),"C,W-NGTC",Direct Emitter,289957.0,,,,,,,
1001982,32.511814,-103.287379,OIL CENTER,NM,88240,35025,LEA COUNTY,283 Gulf Road,,"EPNG Station 6521 Eunice A, NM",New Mexico,486210,2020,,CU_OTHERS,FRS,110022784478,110043783572,,,"C,W",,,,522942,KINDER MORGAN INC (100%),"C,W-NGTC",Direct Emitter,324679.0,,,,,,,
1001982,32.511814,-103.287379,OIL CENTER,NM,88240,35025,LEA COUNTY,283 Gulf Road,,"EPNG Station 6521 Eunice A, NM",New Mexico,486210,2021,,CU_OTHERS,FRS,110022784478,110043783572,,,"C,W",,,,522942,KINDER MORGAN INC (100%),"C,W-NGTC",Direct Emitter,309806.0,,,,,,,
1001982,32.511814,-103.287379,OIL CENTER,NM,88240,35025,LEA COUNTY,283 Gulf Road,,"EPNG Station 6521 Eunice A, NM",New Mexico,486210,2022,,CU_OTHERS,FRS,110022784478,110043783572,,,"C,W",,,,522942,KINDER MORGAN INC (100%),"C,W-NGTC",Direct Emitter,339853.0,,,,,,,
1001982,32.511814,-103.287379,OIL CENTER,NM,88240,35025,LEA COUNTY,283 Gulf Road,,"EPNG Station 6521 Eunice A, NM",New Mexico,486210,2023,,CU_OTHERS,FRS,110022784478,110043783572,,,"C,W",,,,522942,KINDER MORGAN INC (100%),"C,W-NGTC",Direct Emitter,358953.0,,,,,,,
1001982,32.670261,-103.404945,OIL CENTER,NM,88240,35025,LEA,283 Gulf Road,,"EPNG Station 6521 Eunice A, NM",New Mexico,486210,2011,,CU_OTHERS,FRS,110022784478,110043783572,,,"C,W",,,,522942,EL PASO CORP (100%),"C,W-NGTC",Direct Emitter,36034.0,,,,,,,
1001982,32.670261,-103.404945,OIL CENTER,NM,88240,35025,LEA,283 Gulf Road,,"EPNG Station 6521 Eunice A, NM",New Mexico,486210,2012,,CU_OTHERS,FRS,110022784478,110043783572,,,"C,W",,,,522942,"Kinder Morgan Energy Partners, L.P. (100%)","C,W-NGTC",Direct Emitter,54233.0,,,,,,,
1002118,32.063688,-104.01868,Malaga,NM,88263,35015,EDDY COUNTY,,,"EPNG Station 6560 Pecos River, NM",New Mexico,486210,2011,,CU_OTHERS,FRS,110007014872,110043784116,,,"C,W",,,,522979,EL PASO CORP (100%),"C,W-NGTC",Direct Emitter,36044.0,,,,,,,
1002118,32.063688,-104.01868,Malaga,NM,88263,35015,EDDY COUNTY,,,"EPNG Station 6560 Pecos River, NM",New Mexico,486210,2012,,CU_OTHERS,FRS,110007014872,110043784116,,,"C,W",,,,522979,"Kinder Morgan Energy Partners, L.P. (100%)","C,W-NGTC",Direct Emitter,53767.0,,,,,,,
1002118,32.063688,-104.01868,Malaga,NM,88263,35015,EDDY COUNTY,,,"EPNG Station 6560 Pecos River, NM",New Mexico,486210,2013,,CU_OTHERS,FRS,110007014872,110043784116,,,"C,W",,,,522979,"Kinder Morgan Energy Partners, L.P. (100%)","C,W-NGTC",Direct Emitter,88123.0,,,,,,,
1002118,32.063688,-104.01868,Malaga,NM,88263,35015,EDDY COUNTY,,,"EPNG Station 6560 Pecos River, NM",New Mexico,486210,2014,,CU_OTHERS,FRS,110007014872,110043784116,,,"C,W",,,,522979,"Kinder Morgan Energy Partners, L.P. (100%)","C,W-NGTC",Direct Emitter,104049.0,,,,,,,
1002118,32.063688,-104.01868,Malaga,NM,88263,35015,EDDY COUNTY,,,"EPNG Station 6560 Pecos River, NM",New Mexico,486210,2015,,CU_OTHERS,FRS,110007014872,110043784116,,,"C,W",,,,522979,KINDER MORGAN INC (100%),"C,W-NGTC",Direct Emitter,157799.0,,,,,,,
1002118,32.063688,-104.01868,Malaga,NM,88263,35015,EDDY COUNTY,,,"EPNG Station 6560 Pecos River, NM",New Mexico,486210,2016,,CU_OTHERS,FRS,110007014872,110043784116,,,"C,W",,,,522979,KINDER MORGAN INC (100%),"C,W-NGTC",Direct Emitter,136128.0,,,,,,,
1002118,32.063688,-104.01868,Malaga,NM,88263,35015,EDDY COUNTY,,,"EPNG Station 6560 Pecos River, NM",New Mexico,486210,2017,,CU_OTHERS,FRS,110007014872,110043784116,,,"C,W",,,,522979,KINDER MORGAN INC (100%),"C,W-NGTC",Direct Emitter,170225.0,,,,,,,
1002118,32.063688,-104.01868,Malaga,NM,88263,35015,EDDY COUNTY,,,"EPNG Station 6560 Pecos River, NM",New Mexico,486210,2018,,CU_OTHERS,FRS,110007014872,110043784116,,,"C,W",,,,522979,KINDER MORGAN INC (100%),"C,W-NGTC",Direct Emitter,290597.0,,,,,,,
1002118,32.063688,-104.01868,Malaga,NM,88263,35015,EDDY COUNTY,,,"EPNG Station 6560 Pecos River, NM",New Mexico,486210,2019,,CU_OTHERS,FRS,110007014872,110043784116,,,"C,W",,,,522979,KINDER MORGAN INC (100%),"C,W-NGTC",Direct Emitter,289948.0,,,,,,,
1002118,32.063688,-104.01868,Malaga,NM,88263,35015,EDDY COUNTY,,,"EPNG Station 6560 Pecos River, NM",New Mexico,486210,2020,,CU_OTHERS,FRS,110007014872,110043784116,,,"C,W",,,,522979,KINDER MORGAN INC (100%),"C,W-NGTC",Direct Emitter,291398.0,,,,,,,
1002118,32.063688,-104.01868,Malaga,NM,88263,35015,EDDY COUNTY,,,"EPNG Station 6560 Pecos River, NM",New Mexico,486210,2021,,CU_OTHERS,FRS,110007014872,110043784116,,,"C,W",,,,522979,KINDER MORGAN INC (100%),"C,W-NGTC",Direct Emitter,310029.0,,,,,,,
1002118,32.063688,-104.01868,Malaga,NM,88263,35015,EDDY COUNTY,,,"EPNG Station 6560 Pecos River, NM",New Mexico,486210,2022,,CU_OTHERS,FRS,110007014872,110043784116,,,"C,W",,,,522979,KINDER MORGAN INC (100%),"C,W-NGTC",Direct Emitter,339859.0,,,,,,,
1002118,32.063688,-104.01868,Malaga,NM,88263,35015,EDDY COUNTY,,,"EPNG Station 6560 Pecos River, NM",New Mexico,486210,2023,,CU_OTHERS,FRS,110007014872,110043784116,,,"C,W",,,,522979,KINDER MORGAN INC (100%),"C,W-NGTC",Direct Emitter,358962.0,,,,,,,
1002233,35.53516,-108.643971,Gallup,NM,87301,35031,MCKINLEY COUNTY,68 EL PASO CIRCLE,,WINGATE FRACTIONATING PLANT,New Mexico,211112,2016,,DEFAULT,FRS,110022697312,110022697312,,,W,,,,523121,WESTERN REFINING INC (100%),W-PROC,Direct Emitter,138173.0,,,,,,,
1002233,35.535366,-108.644968,Gallup,NM,87301,35031,MCKINLEY COUNTY,68 EL PASO CIRCLE,,WINGATE FRACTIONATING PLANT,New Mexico,211112,2017,,DEFAULT,FRS,110022697312,110022697312,,,W,,,,523121,Andeavor Refining (100%),W-PROC,Direct Emitter,173151.0,,,,,,,
1002233,35.535366,-108.644968,Gallup,NM,87301,35031,MCKINLEY COUNTY,68 EL PASO CIRCLE,,WINGATE FRACTIONATING PLANT,New Mexico,424710,2018,,CU_OTHERS,FRS,110022697312,110022697312,,,"C,W",,,,523121,MARATHON PETROLEUM CO LP (100%),"C,W-PROC",Direct Emitter,182468.0,,,,,,,
1002233,35.535556,-108.643139,Gallup,NM,87301,35031,MCKINLEY COUNTY,68 EL PASO CIRCLE,,WINGATE FRACTIONATING PLANT,New Mexico,211112,2013,,CU_OTHERS,FRS,110022697312,110022697312,,,"C,NN,W",,,,523121,CONOCO PHILLIPS (100%),"C,NN-FRAC,W-PROC","Supplier, Direct Emitter",81705.0,,,,,,,
1002233,35.535556,-108.643139,Gallup,NM,87301,35031,MCKINLEY COUNTY,68 EL PASO CIRCLE,,WINGATE FRACTIONATING PLANT,New Mexico,211112,2014,,CU_OTHERS,FRS,110022697312,110022697312,,,"C,NN,W",,,,523121,WESTERN REFINING INC (100%),"C,NN-FRAC,W-PROC","Supplier, Direct Emitter",106707.0,,,,,,,
1002233,35.535556,-108.643139,Gallup,NM,87301,35031,MCKINLEY COUNTY,68 EL PASO CIRCLE,,WINGATE FRACTIONATING PLANT,New Mexico,211112,2015,,DEFAULT,FRS,110022697312,110022697312,,,W,,,,523121,WESTERN REFINING INC (100%),W-PROC,Direct Emitter,119482.0,,,,,,,
1002233,35.535897,-108.643417,Gallup,NM,87301,35031,MCKINLEY,68 EL PASO CIRCLE,,WINGATE FRACTIONATING PLANT,New Mexico,211112,2011,,CU_OTHERS,FRS,110022697312,110022697312,,,"C,NN,W",,,,523121,CONOCO PHILLIPS (100%),"C,NN-FRAC,W-PROC","Supplier, Direct Emitter",36046.0,,,,,,,
1002233,35.535897,-108.643417,Gallup,NM,87301,35031,MCKINLEY,68 EL PASO CIRCLE,,WINGATE FRACTIONATING PLANT,New Mexico,211112,2012,,CU_OTHERS,FRS,110022697312,110022697312,,,"C,NN,W",,,,523121,CONOCO PHILLIPS (100%),"C,NN-FRAC,W-PROC","Supplier, Direct Emitter",46178.0,,,,,,,
1002264,36.732833,-107.976889,BLOOMFIELD,NM,87413,35045,SAN JUAN,1001 ARIZONA,,SAN JUAN GAS PLANT,New Mexico,211112,2011,,CU_OTHERS,FRS,110007030275,110007030275,,,"C,W",,,,523127,BP America Production Company (50%); ConocoPhillips Company (50%),"C,W-PROC",Direct Emitter,36792.0,,,,,,,
1002264,36.732833,-107.976889,BLOOMFIELD,NM,87413,35045,SAN JUAN,1001 ARIZONA,,SAN JUAN GAS PLANT,New Mexico,211112,2012,,CU_OTHERS,FRS,110007030275,110007030275,,,"C,W",,,,523127,BP America Production Company (50%); ConocoPhillips Company (50%),"C,W-PROC",Direct Emitter,42777.0,,,,,,,
1002264,36.732833,-107.976889,BLOOMFIELD,NM,87413,35045,SAN JUAN COUNTY,1001 ARIZONA,,SAN JUAN GAS PLANT,New Mexico,211112,2013,,CU_OTHERS,FRS,110007030275,110007030275,,,"C,W",,,,523127,BP America Production Company (50%); ConocoPhillips Company (50%),"C,W-PROC",Direct Emitter,80485.0,,,,,,,
1002264,36.732833,-107.976889,BLOOMFIELD,NM,87413,35045,SAN JUAN COUNTY,1001 ARIZONA,,SAN JUAN GAS PLANT,New Mexico,211112,2014,,CU_OTHERS,FRS,110007030275,110007030275,,,"C,W",,,,523127,BP America Production Company (50%); ConocoPhillips Company (50%),"C,W-PROC",Direct Emitter,111419.0,,,,,,,
1002264,36.732833,-107.976889,BLOOMFIELD,NM,87413,35045,SAN JUAN COUNTY,1001 ARIZONA,,SAN JUAN GAS PLANT,New Mexico,211112,2015,,CU_OTHERS,FRS,110007030275,110007030275,,,"C,W",,,,523127,BP AMERICA INC (50%); CONOCOPHILLIPS (50%),"C,W-PROC",Direct Emitter,119296.0,,,,,,,
1002264,36.732833,-107.976889,BLOOMFIELD,NM,87413,35045,SAN JUAN COUNTY,1001 ARIZONA,,SAN JUAN GAS PLANT,New Mexico,211112,2016,,CU_OTHERS,FRS,110007030275,110007030275,,,"C,W",,,,523127,BP AMERICA INC (50%); CONOCOPHILLIPS (50%),"C,W-PROC",Direct Emitter,135063.0,,,,,,,
1002264,36.732833,-107.976889,BLOOMFIELD,NM,87413,35045,SAN JUAN COUNTY,1001 ARIZONA,,SAN JUAN GAS PLANT,New Mexico,211112,2017,,CU_OTHERS,FRS,110007030275,110007030275,,,"C,W",,,,523127,BP AMERICA INC (50%); HARVEST PIPELINE CO (50%),"C,W-PROC",Direct Emitter,165911.0,,,,,,,
1002264,36.732833,-107.976889,BLOOMFIELD,NM,87413,35045,SAN JUAN COUNTY,1001 ARIZONA,,SAN JUAN GAS PLANT,New Mexico,211130,2018,,CU_OTHERS,FRS,110007030275,110007030275,,,"C,W",,,,523127,BP AMERICA INC (50%); HARVEST PIPELINE CO (50%),"C,W-PROC",Direct Emitter,180413.0,,,,,,,
1002264,36.732833,-107.976889,BLOOMFIELD,NM,87413,35045,SAN JUAN COUNTY,1001 ARIZONA,,SAN JUAN GAS PLANT,New Mexico,211130,2019,,CU_OTHERS,FRS,110007030275,110007030275,,,"C,W",,,,523127,BP AMERICA INC (50%); HARVEST PIPELINE CO (50%),"C,W-PROC",Direct Emitter,206652.0,,,,,,,
1002264,36.732833,-107.976889,BLOOMFIELD,NM,87413,35045,SAN JUAN COUNTY,1001 ARIZONA,,SAN JUAN GAS PLANT,New Mexico,211130,2020,,CU_OTHERS,FRS,110007030275,110007030275,,,"C,W",,,,523127,BP AMERICA INC (50%); HARVEST PIPELINE CO (50%),"C,W-PROC",Direct Emitter,259521.0,,,,,,,
1002264,36.732833,-107.976889,BLOOMFIELD,NM,87413,35045,SAN JUAN COUNTY,1001 ARIZONA,,SAN JUAN GAS PLANT,New Mexico,211130,2021,,CU_OTHERS,FRS,110007030275,110007030275,,,"C,W",,,,523127,BP AMERICA INC (50%); HARVEST PIPELINE CO (50%),"C,W-PROC",Direct Emitter,313513.0,,,,,,,
1002264,36.732833,-107.976889,BLOOMFIELD,NM,87413,35045,SAN JUAN COUNTY,1001 ARIZONA,,SAN JUAN GAS PLANT,New Mexico,211130,2022,,CU_OTHERS,FRS,110007030275,110007030275,,,"C,W",,,,523127,HILCORP ENERGY CO (50%); Simcoe LLC (50%),"C,W-PROC",Direct Emitter,347399.0,,,,,,,
1002264,36.732833,-107.976889,BLOOMFIELD,NM,87413,35045,SAN JUAN COUNTY,1001 ARIZONA,,SAN JUAN GAS PLANT,New Mexico,211130,2023,,CU_OTHERS,FRS,110007030275,110007030275,,,"C,W",,,,523127,HILCORP ENERGY CO (100%),"C,W-PROC",Direct Emitter,363034.0,,,,,,,
1002447,32.68204,-103.14912,Hobbs,NM,88240,35025,LEA COUNTY,1017 West Stanolind Road,,North Hobbs Reinjection Compression Facility (RCF) and West Injection Battery (WIB),New Mexico,211111,2011,,CU_OTHERS,Green House Gas e-GGRT,523825,110043973947,,,"C,W",,,,523825,OCCIDENTAL PETROLEUM CORP (57.3%); MARATHON PETROLEUM CO LP (4%); CHEVRON CORP (21%); Legacy Reserves Operating LP (2%); EXXONMOBIL CORP (14%); Landreth Company Stockholders (1%),"C,W-PROC",Direct Emitter,96626.0,,,,,,,
1002447,32.68204,-103.14912,Hobbs,NM,88240,35025,LEA COUNTY,1017 West Stanolind Road,,North Hobbs Reinjection Compression Facility (RCF) and West Injection Battery (WIB),New Mexico,211111,2012,,CU_OTHERS,Green House Gas e-GGRT,523825,110043973947,,,"C,W",,,,523825,OCCIDENTAL PETROLEUM CORP (57.3%); MARATHON PETROLEUM CO LP (4%); CHEVRON CORP (21%); Legacy Reserves Operating LP (2%); EXXONMOBIL CORP (14%); Landreth Company Stockholders (1%),"C,W-PROC",Direct Emitter,96636.0,,,,,,,
1002447,32.68204,-103.14912,Hobbs,NM,88240,35025,LEA COUNTY,1017 West Stanolind Road,,North Hobbs Reinjection Compression Facility (RCF) and West Injection Battery (WIB),New Mexico,211111,2013,,CU_OTHERS,Green House Gas e-GGRT,523825,110043973947,,,"C,W",,,,523825,OCCIDENTAL PETROLEUM CORP (57.3%); MARATHON PETROLEUM CO LP (4%); CHEVRON CORP (21%); Legacy Reserves Operating LP (2%); EXXONMOBIL CORP (14%); Landreth Company Stockholders (1%),"C,W-PROC",Direct Emitter,89433.0,,,,,,,
1002447,32.68204,-103.14912,Hobbs,NM,88240,35025,LEA COUNTY,1017 West Stanolind Road,,North Hobbs Reinjection Compression Facility (RCF) and West Injection Battery (WIB),New Mexico,211111,2014,,CU_OTHERS,Green House Gas e-GGRT,523825,110043973947,,,"C,W",,,,523825,OCCIDENTAL PETROLEUM CORP (57.3%); MARATHON PETROLEUM CO LP (4%); CHEVRON CORP (21%); Legacy Reserves Operating LP (2%); EXXONMOBIL CORP (14%); Landreth Company Stockholders (1%),"C,W-PROC",Direct Emitter,122082.0,,,,,,,
1002447,32.68204,-103.14912,Hobbs,NM,88240,35025,LEA COUNTY,1017 West Stanolind Road,,North Hobbs Reinjection Compression Facility (RCF) and West Injection Battery (WIB),New Mexico,211111,2015,,CU_OTHERS,Green House Gas e-GGRT,523825,110043973947,,,"C,W",,,,523825,OCCIDENTAL PETROLEUM CORP (57.3%); MARATHON PETROLEUM CO LP (4%); CHEVRON CORP (21%); LEGACY RESERVES OPERATING LP (2%); EXXON MOBIL CORP (14%); LANDRETH CO STOCKHOLDERS (1%),"C,W-PROC",Direct Emitter,150494.0,,,,,,,
1002447,32.68204,-103.14912,Hobbs,NM,88240,35025,LEA COUNTY,1017 West Stanolind Road,,North Hobbs Reinjection Compression Facility (RCF) and West Injection Battery (WIB),New Mexico,211111,2016,,CU_OTHERS,Green House Gas e-GGRT,523825,110043973947,,,"C,W",,,,523825,OCCIDENTAL PETROLEUM CORP (57.3%); MARATHON PETROLEUM CO LP (4%); CHEVRON CORP (21%); LEGACY RESERVES OPERATING LP (2%); EXXONMOBIL CORP (14%); LANDRETH CO STOCKHOLDERS (1%),"C,W-PROC",Direct Emitter,157001.0,,,,,,,
1002447,32.68204,-103.14912,Hobbs,NM,88240,35025,LEA COUNTY,1017 West Stanolind Road,,North Hobbs Reinjection Compression Facility (RCF) and West Injection Battery (WIB),New Mexico,211120,2019,,CU_OTHERS,Green House Gas e-GGRT,523825,110043973947,,,"C,W",,,,523825,OCCIDENTAL PETROLEUM CORP (57.3%); MARATHON PETROLEUM CORP (4%); CHEVRON CORP (21%); LEGACY RESERVES INC (2%); EXXON MOBIL CORP (14%); LANDRETH CO STOCKHOLDERS (1%),"C,W-PROC",Direct Emitter,354557.0,,,,,,,
1002447,32.68204,-103.14912,Hobbs,NM,88240,35025,LEA COUNTY,1017 West Stanolind Road,,North Hobbs Reinjection Compression Facility (RCF) and West Injection Battery (WIB),New Mexico,211120,2020,,CU_OTHERS,Green House Gas e-GGRT,523825,110043973947,,,"C,W",,,,523825,OCCIDENTAL PETROLEUM CORP (57.3%); MARATHON PETROLEUM CORP (4%); CHEVRON CORP (21%); LEGACY RESERVES INC (2%); EXXON MOBIL CORP (14%); LANDRETH CO STOCKHOLDERS (1%),"C,W-PROC",Direct Emitter,351027.0,,,,,,,
1002447,32.68204,-103.14912,Hobbs,NM,88240,35025,LEA COUNTY,1017 West Stanolind Road,,North Hobbs Reinjection Compression Facility (RCF) and West Injection Battery (WIB),New Mexico,211120,2021,,CU_OTHERS,Green House Gas e-GGRT,523825,110043973947,,,"C,W",,,,523825,OCCIDENTAL PETROLEUM CORP (57.3%); MARATHON PETROLEUM CORP (4%); CHEVRON CORP (21%); LEGACY RESERVES INC (2%); EXXON MOBIL CORP (14%); LANDRETH CO STOCKHOLDERS (1%),"C,W-PROC",Direct Emitter,349696.0,,,,,,,
1002447,32.68204,-103.14912,Hobbs,NM,88240,35025,LEA COUNTY,1017 West Stanolind Road,,North Hobbs Reinjection Compression Facility (RCF) and West Injection Battery (WIB),New Mexico,211120,2022,,CU_OTHERS,Green House Gas e-GGRT,523825,110043973947,,,"C,W",,,,523825,OCCIDENTAL PETROLEUM CORP (57.3%); MARATHON PETROLEUM CORP (4%); CHEVRON CORP (21%); LEGACY RESERVES INC (2%); EXXON MOBIL CORP (14%); LANDRETH CO STOCKHOLDERS (1%),"C,W-PROC",Direct Emitter,350644.0,,,,,,,
1002447,32.68204,-103.14912,Hobbs,NM,88240,35025,LEA COUNTY,1017 West Stanolind Road,,North Hobbs Reinjection Compression Facility (RCF) and West Injection Battery (WIB),New Mexico,211120,2023,,CU_OTHERS,Green House Gas e-GGRT,523825,110043973947,,,"C,W",,,,523825,OCCIDENTAL PETROLEUM CORP (57.3%); MARATHON PETROLEUM CORP (4%); CHEVRON CORP (21%); LEGACY RESERVES INC (2%); EXXON MOBIL CORP (14%); LANDRETH CO STOCKHOLDERS (1%),"C,W-PROC",Direct Emitter,368438.0,,,,,,,
1002515,32.7564,-104.2111,ARTESIA,NM,88210,35015,EDDY,,,ARTESIA GAS PLANT,New Mexico,211112,2011,,CU_OTHERS,FRS,110007021098,110043804096,,,"C,PP,UU,W",,,,523516,CONOCO PHILLIPS (50%); SPECTRA ENERGY CORP (50%),"C,PP,UU,W-PROC","Supplier, Direct Emitter, CO2 Injection",63333.0,,,,,,,
1002515,32.7564,-104.2111,ARTESIA,NM,88210,35015,EDDY COUNTY,,,ARTESIA GAS PLANT,New Mexico,211112,2012,,CU_OTHERS,FRS,110007021098,110043804096,,,"C,PP,UU,W",,,,523516,Phillips 66 (50%); SPECTRA ENERGY CORP (50%),"C,PP,UU,W-PROC","Supplier, Direct Emitter, CO2 Injection",69546.0,,,,,,,
1002515,32.7564,-104.2111,ARTESIA,NM,88210,35015,EDDY COUNTY,,,ARTESIA GAS PLANT,New Mexico,211112,2013,,CU_OTHERS,FRS,110007021098,110043804096,,,"C,PP,UU,W",,,,523516,Phillips 66 (50%); SPECTRA ENERGY CORP (50%),"C,PP,UU,W-PROC","Supplier, Direct Emitter, CO2 Injection",86147.0,,,,,,,
1002515,32.7564,-104.2111,ARTESIA,NM,88210,35015,EDDY COUNTY,,,ARTESIA GAS PLANT,New Mexico,211112,2014,,CU_OTHERS,FRS,110007021098,110043804096,,,"C,PP,UU,W",,,,523516,Phillips 66 (50%); SPECTRA ENERGY CORP (50%),"C,PP,UU,W-PROC","Supplier, Direct Emitter, CO2 Injection",105346.0,,,,,,,
1002515,32.7564,-104.2111,ARTESIA,NM,88210,35015,EDDY COUNTY,,,ARTESIA GAS PLANT,New Mexico,211112,2015,,CU_OTHERS,FRS,110007021098,110043804096,,,"C,PP,UU,W",,,,523516,Phillips 66 (50%); SPECTRA ENERGY CORP (50%),"C,PP,UU,W-PROC","Supplier, Direct Emitter, CO2 Injection",121833.0,,,,,,,
1002515,32.7564,-104.2111,ARTESIA,NM,88210,35015,EDDY COUNTY,,,ARTESIA GAS PLANT,New Mexico,211112,2016,,CU_OTHERS,FRS,110007021098,110043804096,,,"C,PP,UU,W",,,,523516,PHILLIPS 66 (50%); SPECTRA ENERGY (50%),"C,PP,UU,W-PROC","Supplier, Direct Emitter, CO2 Injection",201259.0,,,,,,,
1002515,32.7564,-104.2111,ARTESIA,NM,88210,35015,EDDY COUNTY,,,ARTESIA GAS PLANT,New Mexico,211130,2017,,CU_OTHERS,FRS,110007021098,110043804096,,,"C,PP,UU,W",,,,523516,DCP MIDSTREAM LP (100%),"C,PP,UU,W-PROC","Supplier, Direct Emitter, CO2 Injection",201258.0,,,,,,,
1002515,32.7564,-104.2111,ARTESIA,NM,88210,35015,EDDY COUNTY,,,ARTESIA GAS PLANT,New Mexico,211130,2018,,CU_OTHERS,FRS,110007021098,110043804096,,,"C,PP,UU,W",,,,523516,DCP MIDSTREAM LP (100%),"C,PP,UU,W-PROC","Supplier, Direct Emitter, CO2 Injection",201257.0,,,,,,,
1002515,32.7564,-104.2111,ARTESIA,NM,88210,35015,EDDY COUNTY,,,ARTESIA GAS PLANT,New Mexico,211130,2019,,CU_OTHERS,FRS,110007021098,110043804096,,,"C,PP,UU,W",,,,523516,DCP MIDSTREAM LP (100%),"C,PP,UU,W-PROC","Supplier, Direct Emitter, CO2 Injection",213977.0,,,,,,,
1002515,32.7564,-104.2111,ARTESIA,NM,88210,35015,EDDY COUNTY,,,ARTESIA GAS PLANT,New Mexico,211130,2020,,CU_OTHERS,FRS,110007021098,110043804096,,,"C,PP,UU,W",,,,523516,DCP MIDSTREAM LP (100%),"C,PP,UU,W-PROC","Supplier, Direct Emitter, CO2 Injection",264427.0,,,,,,,
1002515,32.7564,-104.2111,ARTESIA,NM,88210,35015,EDDY COUNTY,,,ARTESIA GAS PLANT,New Mexico,211130,2021,,CU_OTHERS,FRS,110007021098,110043804096,,,"C,PP,UU,W",,,,523516,DCP MIDSTREAM LP (100%),"C,PP,UU,W-PROC","Supplier, Direct Emitter, CO2 Injection",310549.0,,,,,,,
1002515,32.7564,-104.2111,ARTESIA,NM,88210,35015,EDDY COUNTY,,,ARTESIA GAS PLANT,New Mexico,211130,2022,,CU_OTHERS,FRS,110007021098,110043804096,,,"C,PP,UU,W",,,,523516,DCP MIDSTREAM LP (100%),"C,PP,UU,W-PROC","Supplier, Direct Emitter, CO2 Injection",339852.0,,,,,,,
1002515,32.7564,-104.2111,ARTESIA,NM,88210,35015,EDDY COUNTY,,,ARTESIA GAS PLANT,New Mexico,211130,2023,,CU_OTHERS,FRS,110007021098,110043804096,,,"C,PP,UU,W",,,,523516,PHILLIPS 66 (86.8%); ENBRIDGE (US) INC (13.2%),"C,PP,UU,W-PROC","Supplier, Direct Emitter, CO2 Injection",360436.0,,,,,,,
1003085,33.009293,-105.475945,CAPITAN,NM,88316,,,1415 County Road B007,,STATION #8 - CORONA CMP STN,New Mexico,486210,2019,,CU_OTHERS,FRS,110010571871,,,,"C,W",,,52.0,524703,ENERGY TRANSFER LP (100%),"C,W-NGTC",Direct Emitter,209984.0,,,,,,,
1003085,33.009293,-105.475945,CAPITAN,NM,88316,,,1415 County Road B007,,STATION #8 - CORONA CMP STN,New Mexico,486210,2020,,CU_OTHERS,FRS,110010571871,,,,"C,W",,,52.0,524703,ENERGY TRANSFER LP (100%),"C,W-NGTC",Direct Emitter,264542.0,,,,,,,
1003085,33.009293,-105.475945,CAPITAN,NM,88316,,,1415 County Road B007,,STATION #8 - CORONA CMP STN,New Mexico,486210,2021,,CU_OTHERS,FRS,110010571871,,,,"C,W",,,52.0,524703,ENERGY TRANSFER LP (100%),"C,W-NGTC",Direct Emitter,311038.0,,,,,,,
1003085,33.009293,-105.475945,CAPITAN,NM,88316,,,1415 County Road B007,,STATION #8 - CORONA CMP STN,New Mexico,486210,2022,,CU_OTHERS,FRS,110010571871,,,,"C,W",,,52.0,524703,ENERGY TRANSFER LP (100%),"C,W-NGTC",Direct Emitter,342277.0,,,,,,,
1003085,33.009293,-105.475945,CAPITAN,NM,88316,,,1415 County Road B007,,STATION #8 - CORONA CMP STN,New Mexico,486210,2023,,CU_OTHERS,FRS,110010571871,,,,"C,W",,,52.0,524703,ENERGY TRANSFER LP (100%),"C,W-NGTC",Direct Emitter,361309.0,,,,,,,
1003130,32.466667,-104.570556,LAKEWOOD,NM,88254,35015,EDDY,329 MARATHON ROAD,,INDIAN BASIN GAS PLANT,New Mexico,211111,2011,,CU_OTHERS,FRS,110007020856,110007020856,,,"C,W",,,,524678,ENTERPRISE LLC (42.2%); OCCIDENTAL PETROLEUM CORP (39.1%); CHEVRON CORP (2.1%); NGL Ventures LLC (16.6%),"C,W-PROC",Direct Emitter,39147.0,,,,,,,
1003130,32.466667,-104.570556,LAKEWOOD,NM,88254,35015,EDDY,329 MARATHON ROAD,,INDIAN BASIN GAS PLANT,New Mexico,211111,2012,,CU_OTHERS,FRS,110007020856,110007020856,,,"C,W",,,,524678,ENTERPRISE LLC (42.2%); OCCIDENTAL PETROLEUM CORP (39.1%); CHEVRON CORP (2.1%); NGL Ventures LLC (16.6%),"C,W-PROC",Direct Emitter,45044.0,,,,,,,
1003130,32.466667,-104.570556,LAKEWOOD,NM,88254,35015,EDDY COUNTY,329 MARATHON ROAD,,INDIAN BASIN GAS PLANT,New Mexico,211111,2013,,CU_OTHERS,FRS,110007020856,110007020856,,,"C,W",,,,524678,ENTERPRISE LLC (42.2%); OCCIDENTAL PETROLEUM CORP (39.1%); CHEVRON CORP (2.1%); NGL Ventures LLC (16.6%),"C,W-PROC",Direct Emitter,107769.0,,,,,,,
1003130,32.466667,-104.570556,LAKEWOOD,NM,88254,35015,EDDY COUNTY,329 MARATHON ROAD,,INDIAN BASIN GAS PLANT,New Mexico,211111,2014,,CU_OTHERS,FRS,110007020856,110007020856,,,"C,UU,W",,,,524678,ENTERPRISE LLC (42.2%); OCCIDENTAL PETROLEUM CORP (39.1%); CHEVRON CORP (2.1%); NGL Ventures LLC (16.6%),"C,UU,W-PROC","Direct Emitter, CO2 Injection",107768.0,,,,,,,
1003130,32.466667,-104.570556,LAKEWOOD,NM,88254,35015,EDDY COUNTY,329 MARATHON ROAD,,INDIAN BASIN GAS PLANT,New Mexico,211111,2015,,CU_OTHERS,FRS,110007020856,110007020856,,,"C,UU,W",,,,524678,ENTERPRISE PRODUCTS PARTNERS LP (42.2%); OCCIDENTAL PETROLEUM CORP (39.1%); CHEVRON CORP (2.1%); NGL VENTURES LLC (16.6%),"C,UU,W-PROC","Direct Emitter, CO2 Injection",122352.0,,,,,,,
1003130,32.466667,-104.570556,LAKEWOOD,NM,88254,35015,EDDY COUNTY,329 MARATHON ROAD,,INDIAN BASIN GAS PLANT,New Mexico,211111,2016,,CU_OTHERS,FRS,110007020856,110007020856,,,"C,UU,W",,,,524678,ENTERPRISE PRODUCTS PARTNERS LP (42.2%); OCCIDENTAL PETROLEUM CORP (39.1%); CHEVRON CORP (2.1%); NGL VENTURES LLC (16.6%),"C,UU,W-PROC","Direct Emitter, CO2 Injection",138135.0,,,,,,,
1003130,32.466667,-104.570556,LAKEWOOD,NM,88254,35015,EDDY COUNTY,329 MARATHON ROAD,,INDIAN BASIN GAS PLANT,New Mexico,211111,2017,,CU_OTHERS,FRS,110007020856,110007020856,,,"C,PP,W",,,,524678,ENTERPRISE PRODUCTS PARTNERS LP (42.2%); OCCIDENTAL PETROLEUM CORP (39.1%); CHEVRON CORP (2.1%); NGL VENTURES LLC (16.6%),"C,PP,W-PROC","Supplier, Direct Emitter",213917.0,,,,,,,
1003130,32.466667,-104.570556,LAKEWOOD,NM,88254,35015,EDDY COUNTY,329 MARATHON ROAD,,INDIAN BASIN GAS PLANT,New Mexico,211120,2018,,CU_OTHERS,FRS,110007020856,110007020856,,,"C,PP,W",,,,524678,ENTERPRISE PRODUCTS PARTNERS LP (42.2%); OCCIDENTAL PETROLEUM CORP (39.1%); CHEVRON CORP (2.1%); NGL VENTURES LLC (16.6%),"C,PP,W-PROC","Supplier, Direct Emitter",192517.0,,,,,,,
1003130,32.466667,-104.570556,LAKEWOOD,NM,88254,35015,EDDY COUNTY,329 MARATHON ROAD,,INDIAN BASIN GAS PLANT,New Mexico,211120,2019,,CU_OTHERS,FRS,110007020856,110007020856,,,"C,PP,W",,,,524678,ENTERPRISE PRODUCTS PARTNERS LP (42.2%); OCCIDENTAL PETROLEUM CORP (39.1%); CHEVRON CORP (2.1%); NGL VENTURES LLC (16.6%),"C,PP,W-PROC","Supplier, Direct Emitter",319269.0,,,,,,,
1003130,32.466667,-104.570556,LAKEWOOD,NM,88254,35015,EDDY COUNTY,329 MARATHON ROAD,,INDIAN BASIN GAS PLANT,New Mexico,211120,2020,,CU_OTHERS,FRS,110007020856,110007020856,,,"C,PP,W",,,,524678,ENTERPRISE PRODUCTS PARTNERS LP (42.2%); OCCIDENTAL PETROLEUM CORP (39.1%); CHEVRON CORP (2.1%); NGL VENTURES LLC (16.6%),"C,PP,W-PROC","Supplier, Direct Emitter",352382.0,,,,,,,
1003217,35.423494,-108.237385,THOREAU,NM,87323,35031,MCKINLEY COUNTY,2 MILES N OF THOREAU,,STATION #5 - THOREAU CMP STN,New Mexico,486210,2019,,CU_OTHERS,FRS,110022709504,110022709504,,,"C,W",,,,524777,ENERGY TRANSFER LP (100%),"C,W-NGTC",Direct Emitter,210494.0,,,,,,,
1003217,35.423494,-108.237385,THOREAU,NM,87323,35031,MCKINLEY COUNTY,2 MILES N OF THOREAU,,STATION #5 - THOREAU CMP STN,New Mexico,486210,2020,,CU_OTHERS,FRS,110022709504,110022709504,,,"C,W",,,,524777,ENERGY TRANSFER LP (100%),"C,W-NGTC",Direct Emitter,264546.0,,,,,,,
1003217,35.423494,-108.237385,THOREAU,NM,87323,35031,MCKINLEY COUNTY,2 MILES N OF THOREAU,,STATION #5 - THOREAU CMP STN,New Mexico,486210,2021,,CU_OTHERS,FRS,110022709504,110022709504,,,"C,W",,,,524777,ENERGY TRANSFER LP (100%),"C,W-NGTC",Direct Emitter,323999.0,,,,,,,
1003217,35.423494,-108.237385,THOREAU,NM,87323,35031,MCKINLEY COUNTY,2 MILES N OF THOREAU,,STATION #5 - THOREAU CMP STN,New Mexico,486210,2022,,CU_OTHERS,FRS,110022709504,110022709504,,,"C,W",,,,524777,ENERGY TRANSFER LP (100%),"C,W-NGTC",Direct Emitter,342285.0,,,,,,,
1003217,35.423494,-108.237385,THOREAU,NM,87323,35031,MCKINLEY COUNTY,2 MILES N OF THOREAU,,STATION #5 - THOREAU CMP STN,New Mexico,486210,2023,,CU_OTHERS,FRS,110022709504,110022709504,,,"C,W",,,,524777,ENERGY TRANSFER LP (100%),"C,W-NGTC",Direct Emitter,363491.0,,,,,,,
1003313,36.6885,-107.4019,Blanco,NM,87412,35039,RIO ARRIBA COUNTY,,,El Cedro Central Delivery Point,New Mexico,213112,2012,,CU_OTHERS,FRS,110041080521,110043813932,,,"C,W",,,,524418,"Williams Field Services Group, LLC (100%)","C,W-PROC",Direct Emitter,57910.0,,,,,,,
1003313,36.6885,-107.4019,Blanco,NM,87412,35039,RIO ARRIBA COUNTY,,,El Cedro Central Delivery Point,New Mexico,213112,2013,,CU_OTHERS,FRS,110041080521,110043813932,,,"C,W",,,,524418,"WILLIAMS PARTNERS, LP (100%)","C,W-PROC",Direct Emitter,88547.0,,,,,,,
1003313,36.6885,-107.4019,Blanco,NM,87412,35039,RIO ARRIBA COUNTY,,,El Cedro Central Delivery Point,New Mexico,213112,2014,,CU_OTHERS,FRS,110041080521,110043813932,,,"C,W",,,,524418,"WILLIAMS PARTNERS, LP (100%)","C,W-PROC",Direct Emitter,109349.0,,,,,,,
1003313,36.6885,-107.4019,BLANCO,NM,87412,35039,RIO ARRIBA,,,EL CEDRO GAS Treating PLANT,New Mexico,213112,2011,,CU_OTHERS,FRS,110041080521,110043813932,,,"C,W",,,,524418,"Williams Field Services Group, LLC (100%)","C,W-PROC",Direct Emitter,37260.0,,,,,,,
1003315,36.6672,-107.9611,Bloomfield,NM,87413,35045,SAN JUAN,,,Kutz Canyon Gas Plant,New Mexico,211112,2012,,CU_OTHERS,FRS,110041100698,110043794258,,,"C,W",,,,524427,"Williams Field Services Group, LLC (100%)","C,W-PROC",Direct Emitter,57912.0,,,,,,,
1003315,36.6672,-107.9611,Bloomfield,NM,87413,35045,SAN JUAN COUNTY,,,Kutz Canyon Gas Plant,New Mexico,211112,2013,,CU_OTHERS,FRS,110041100698,110043794258,,,"C,W",,,,524427,"WILLIAMS PARTNERS, LP (100%)","C,W-PROC",Direct Emitter,93154.0,,,,,,,
1003315,36.6672,-107.9611,Bloomfield,NM,87413,35045,SAN JUAN COUNTY,,,Kutz Canyon Gas Plant,New Mexico,211112,2014,,CU_OTHERS,FRS,110041100698,110043794258,,,"C,W",,,,524427,"WILLIAMS PARTNERS, LP (100%)","C,W-PROC",Direct Emitter,109356.0,,,,,,,
1003315,36.6672,-107.9611,Bloomfield,NM,87413,35045,SAN JUAN COUNTY,,,Kutz Canyon Gas Plant,New Mexico,211112,2015,,CU_OTHERS,FRS,110041100698,110071161337,,,"C,W",,,,524427,"WILLIAMS PARTNERS, LP (100%)","C,W-PROC",Direct Emitter,119394.0,,,,,,,
1003315,36.6672,-107.9611,Bloomfield,NM,87413,35045,SAN JUAN COUNTY,,,Kutz Canyon Gas Plant,New Mexico,211112,2016,,CU_OTHERS,FRS,110041100698,110071161337,,,"C,W",,,,524427,"WILLIAMS PARTNERS, LP (100%)","C,W-PROC",Direct Emitter,158516.0,,,,,,,
1003315,36.6672,-107.9611,Bloomfield,NM,87413,35045,SAN JUAN COUNTY,,,Kutz Canyon Gas Plant,New Mexico,211112,2017,,CU_OTHERS,FRS,110041100698,110071161337,,,"C,W",,,,524427,WILLIAMS PARTNERS LP (100%),"C,W-PROC",Direct Emitter,165307.0,,,,,,,
1003315,36.6672,-107.9611,Bloomfield,NM,87413,35045,SAN JUAN COUNTY,,,Kutz Canyon Gas Plant,New Mexico,211130,2018,,CU_OTHERS,FRS,110041100698,110071161337,,,"C,W",,,,524427,HARVEST PIPELINE CO (100%),"C,W-PROC",Direct Emitter,194757.0,,,,,,,
1003315,36.6672,-107.9611,Bloomfield,NM,87413,35045,SAN JUAN COUNTY,,,Kutz Canyon Gas Plant,New Mexico,211130,2019,,CU_OTHERS,FRS,110041100698,110071161337,,,"C,W",,,,524427,HARVEST PIPELINE CO (100%),"C,W-PROC",Direct Emitter,235846.0,,,,,,,
1003315,36.6672,-107.9611,Bloomfield,NM,87413,35045,SAN JUAN COUNTY,,,Kutz Canyon Gas Plant,New Mexico,211130,2020,,CU_OTHERS,FRS,110041100698,110071161337,,,"C,W",,,,524427,HARVEST PIPELINE CO (100%),"C,W-PROC",Direct Emitter,303477.0,,,,,,,
1003315,36.6672,-107.9611,Bloomfield,NM,87413,35045,SAN JUAN COUNTY,,,Kutz Canyon Gas Plant,New Mexico,211130,2021,,CU_OTHERS,FRS,110041100698,110071161337,,,"C,W",,,,524427,HARVEST PIPELINE CO (100%),"C,W-PROC",Direct Emitter,330477.0,,,,,,,
1003315,36.6672,-107.9611,Bloomfield,NM,87413,35045,SAN JUAN COUNTY,,,Kutz Canyon Gas Plant,New Mexico,211130,2022,,CU_OTHERS,FRS,110041100698,110071161337,,,"C,W",,,,524427,HARVEST PIPELINE CO (100%),"C,W-PROC",Direct Emitter,349000.0,,,,,,,
1003315,36.6672,-107.9611,BLOOMFIELD,NM,87413,35045,SAN JUAN,,,KUTZ Canyon GAS PLANT,New Mexico,211112,2011,,CU_OTHERS,FRS,110041100698,110043794258,,,"C,W",,,,524427,"Williams Field Services Group, LLC (100%)","C,W-PROC",Direct Emitter,37264.0,,,,,,,
1003323,36.2312,-107.5463,Lybrook,NM,87013,35039,RIO ARRIBA,,,Lybrook Gas Plant,New Mexico,211112,2012,,CU_OTHERS,Green House Gas e-GGRT,524471,110043794016,,,"C,NN,W",,,,524471,"Williams Field Services Group, LLC (100%)","C,NN-FRAC,W-PROC","Supplier, Direct Emitter",75882.0,,,,,,,
1003323,36.2312,-107.5463,Lybrook,NM,87013,35039,RIO ARRIBA,,,Lybrook Natural Gas Processing Plant,New Mexico,211112,2011,,CU_OTHERS,Green House Gas e-GGRT,524471,110043794016,,,"C,NN,W",,,,524471,"Williams Field Services Group, LLC (100%)","C,NN-FRAC,W-PROC","Supplier, Direct Emitter",37272.0,,,,,,,
1003323,36.2312,-107.5463,Lybrook,NM,87013,35039,RIO ARRIBA COUNTY,,,Lybrook Gas Plant,New Mexico,211112,2014,,DEFAULT,Green House Gas e-GGRT,524471,110043794016,,,W,,,,524471,"WILLIAMS PARTNERS, LP (100%)",W-PROC,Direct Emitter,109357.0,,,,,,,
1003735,32.77716,-104.25982,Artesia,NM,88211,35015,EDDY COUNTY,257 Empire Road,,Empire Abo Gas Plant,New Mexico,211111,2011,,CU_OTHERS,Green House Gas e-GGRT,525531,110009458498,,,"C,W",,,,525531,"AKA ENERGY GROUP, LLC (100%)","C,W-PROC",Direct Emitter,63461.0,,,,,,,
1003735,32.77716,-104.25982,Artesia,NM,88211,35015,EDDY COUNTY,257 Empire Road,,Empire Abo Gas Plant,New Mexico,211111,2012,,CU_OTHERS,Green House Gas e-GGRT,525531,110009458498,,,"C,W",,,,525531,"AKA ENERGY GROUP, LLC (100%)","C,W-PROC",Direct Emitter,63424.0,,,,,,,
1003735,32.77716,-104.25982,Artesia,NM,88211,35015,EDDY COUNTY,257 Empire Road,,Empire Abo Gas Plant,New Mexico,211111,2013,,CU_OTHERS,Green House Gas e-GGRT,525531,110009458498,,,"C,W",,,,525531,"AKA ENERGY GROUP, LLC (100%)","C,W-PROC",Direct Emitter,84171.0,,,,,,,
1003735,32.77716,-104.25982,Artesia,NM,88211,35015,EDDY COUNTY,257 Empire Road,,Empire Abo Gas Plant,New Mexico,211111,2014,,CU_OTHERS,Green House Gas e-GGRT,525531,110009458498,,,"C,W",,,,525531,"AKA ENERGY GROUP, LLC (100%)","C,W-PROC",Direct Emitter,110881.0,,,,,,,
1003735,32.77716,-104.25982,Artesia,NM,88211,35015,EDDY COUNTY,257 Empire Road,,Empire Abo Gas Plant,New Mexico,211111,2015,,CU_OTHERS,Green House Gas e-GGRT,525531,110009458498,,,"C,W",,,,525531,AKA ENERGY GROUP LLC (100%),"C,W-PROC",Direct Emitter,142466.0,,,,,,,
1003735,32.77716,-104.25982,Artesia,NM,88211,35015,EDDY COUNTY,257 Empire Road,,Empire Abo Gas Plant,New Mexico,211111,2016,,CU_OTHERS,Green House Gas e-GGRT,525531,110009458498,,,"C,W",,,,525531,AKA ENERGY GROUP LLC (100%),"C,W-PROC",Direct Emitter,142477.0,,,,,,,
1004237,36.348812,-107.953184,BLOOMFIELD,NM,87413,35045,SAN JUAN,81 COUNTY RD 4900,,BLANCO COMPRESSOR STATION C and D,New Mexico,211111,2011,,CU_OTHERS,FRS,110028023421,110056905407,,,"C,W",,,,526497,"Enterprise Field Services, LLC (100%)","C,W-PROC",Direct Emitter,35247.0,,,,,,,
1004237,36.348812,-107.953184,BLOOMFIELD,NM,87413,35045,SAN JUAN,81 COUNTY RD 4900,,BLANCO COMPRESSOR STATION C and D,New Mexico,211111,2012,,CU_OTHERS,FRS,110028023421,110056905407,,,"C,W",,,,526497,"Enterprise Field Services, LLC (100%)","C,W-PROC",Direct Emitter,48923.0,,,,,,,
1004237,36.348812,-107.953184,BLOOMFIELD,NM,87413,35045,SAN JUAN COUNTY,81 COUNTY RD 4900,,BLANCO COMPRESSOR STATION C and D,New Mexico,211111,2013,,CU_OTHERS,FRS,110028023421,110056905407,,,"C,W",,,,526497,"Enterprise Field Services, LLC (100%)","C,W-PROC",Direct Emitter,84024.0,,,,,,,
1004237,36.348812,-107.953184,BLOOMFIELD,NM,87413,35045,SAN JUAN COUNTY,81 COUNTY RD 4900,,BLANCO COMPRESSOR STATION C and D,New Mexico,211111,2014,,CU_OTHERS,FRS,110028023421,110056905407,,,"C,W",,,,526497,"Enterprise Field Services, LLC (100%)","C,W-PROC",Direct Emitter,108720.0,,,,,,,
1004237,36.348812,-107.953184,BLOOMFIELD,NM,87413,35045,SAN JUAN COUNTY,81 COUNTY RD 4900,,BLANCO COMPRESSOR STATION C and D,New Mexico,211111,2015,,CU_OTHERS,FRS,110028023421,110056905407,,,"C,W",,,,526497,ENTERPRISE PRODUCTS PARTNERS LP (100%),"C,W-PROC",Direct Emitter,122867.0,,,,,,,
1004499,36.4838,-108.1199,Bloomfield,NM,87413,35045,SAN JUAN,,,Chaco Gas Plant,New Mexico,211111,2011,,CU_OTHERS,FRS,110041090850,110043802490,,,"C,W",,,,526636,"Enterprise Field Services, LLC (100%)","C,W-PROC",Direct Emitter,109174.0,,,,,,,
1004499,36.4838,-108.1199,Bloomfield,NM,87413,35045,SAN JUAN,,,Chaco Gas Plant,New Mexico,211111,2012,,CU_OTHERS,FRS,110041090850,110043802490,,,"C,W",,,,526636,"Enterprise Field Services, LLC (100%)","C,W-PROC",Direct Emitter,66344.0,,,,,,,
1004499,36.4838,-108.1199,Bloomfield,NM,87413,35045,SAN JUAN COUNTY,,,Chaco Gas Plant,New Mexico,211111,2013,,CU_OTHERS,FRS,110041090850,110043802490,,,"C,W",,,,526636,"Enterprise Field Services, LLC (100%)","C,W-PROC",Direct Emitter,93032.0,,,,,,,
1004499,36.4838,-108.1199,Bloomfield,NM,87413,35045,SAN JUAN COUNTY,,,Chaco Gas Plant,New Mexico,211111,2014,,CU_OTHERS,FRS,110041090850,110043802490,,,"C,W",,,,526636,"Enterprise Field Services, LLC (100%)","C,W-PROC",Direct Emitter,110332.0,,,,,,,
1004499,36.4838,-108.1199,Bloomfield,NM,87413,35045,SAN JUAN COUNTY,,,Chaco Gas Plant,New Mexico,211111,2015,,CU_OTHERS,FRS,110041090850,110043802490,,,"C,W",,,,526636,ENTERPRISE PRODUCTS PARTNERS LP (100%),"C,W-PROC",Direct Emitter,156877.0,,,,,,,
1004499,36.4838,-108.1199,Bloomfield,NM,87413,35045,SAN JUAN COUNTY,,,Chaco Gas Plant,New Mexico,211111,2016,,CU_OTHERS,FRS,110041090850,110043802490,,,"C,W",,,,526636,ENTERPRISE PRODUCTS PARTNERS LP (100%),"C,W-PROC",Direct Emitter,294440.0,,,,,,,
1004499,36.4838,-108.1199,Bloomfield,NM,87413,35045,SAN JUAN COUNTY,,,Chaco Gas Plant,New Mexico,211111,2017,,CU_OTHERS,FRS,110041090850,110043802490,,,"C,W",,,,526636,ENTERPRISE PRODUCTS PARTNERS LP (100%),"C,W-PROC",Direct Emitter,294237.0,,,,,,,
1004499,36.4838,-108.1199,Bloomfield,NM,87413,35045,SAN JUAN COUNTY,,,Chaco Gas Plant,New Mexico,211130,2018,,CU_OTHERS,FRS,110041090850,110043802490,,,"C,W",,,,526636,ENTERPRISE PRODUCTS PARTNERS LP (100%),"C,W-PROC",Direct Emitter,294538.0,,,,,,,
1004499,36.4838,-108.1199,Bloomfield,NM,87413,35045,SAN JUAN COUNTY,,,Chaco Gas Plant,New Mexico,211130,2019,,CU_OTHERS,FRS,110041090850,110043802490,,,"C,W",,,,526636,ENTERPRISE PRODUCTS PARTNERS LP (100%),"C,W-PROC",Direct Emitter,296138.0,,,,,,,
1004499,36.4838,-108.1199,Bloomfield,NM,87413,35045,SAN JUAN COUNTY,,,Chaco Gas Plant,New Mexico,211130,2020,,CU_OTHERS,FRS,110041090850,110043802490,,,"C,W",,,,526636,ENTERPRISE PRODUCTS PARTNERS LP (100%),"C,W-PROC",Direct Emitter,264846.0,,,,,,,
1004499,36.4838,-108.1199,Bloomfield,NM,87413,35045,SAN JUAN COUNTY,,,Chaco Gas Plant,New Mexico,211130,2021,,CU_OTHERS,FRS,110041090850,110043802490,,,"C,W",,,,526636,ENTERPRISE PRODUCTS PARTNERS LP (100%),"C,W-PROC",Direct Emitter,309945.0,,,,,,,
1004499,36.4838,-108.1199,Bloomfield,NM,87413,35045,SAN JUAN COUNTY,,,Chaco Gas Plant,New Mexico,211130,2022,,CU_OTHERS,FRS,110041090850,110043802490,,,"C,W",,,,526636,ENTERPRISE PRODUCTS PARTNERS LP (100%),"C,W-PROC",Direct Emitter,342458.0,,,,,,,
1004499,36.4838,-108.1199,Bloomfield,NM,87413,35045,SAN JUAN COUNTY,,,Chaco Gas Plant,New Mexico,211130,2023,,CU_OTHERS,FRS,110041090850,110043802490,,,"C,W",,,,526636,ENTERPRISE PRODUCTS PARTNERS LP (100%),"C,W-PROC",Direct Emitter,367768.0,,,,,,,
1004502,36.727528,-107.95564,BLOOMFIELD,NM,87413,35045,SAN JUAN COUNTY,119 COUNTY ROAD 4900,,VAL VERDE TREATER,New Mexico,211111,2015,,CU_OTHERS,FRS,110022737289,110022737289,,,"C,W",,,,526646,VAL VERDE GAS GATHERING CO LP (100%),"C,W-PROC",Direct Emitter,122629.0,,,,,,,
1004502,36.727528,-107.95564,BLOOMFIELD,NM,87413,35045,SAN JUAN COUNTY,119 COUNTY ROAD 4900,,VAL VERDE TREATER,New Mexico,211111,2016,,CU_OTHERS,FRS,110022737289,110022737289,,,"C,W",,,,526646,VAL VERDE GAS GATHERING CO LP (100%),"C,W-PROC",Direct Emitter,156338.0,,,,,,,
1004502,36.727528,-107.95564,BLOOMFIELD,NM,87413,35045,SAN JUAN COUNTY,119 COUNTY ROAD 4900,,VAL VERDE TREATER,New Mexico,211111,2017,,CU_OTHERS,FRS,110022737289,110022737289,,,"C,W",,,,526646,VAL VERDE GAS GATHERING CO LP (100%),"C,W-PROC",Direct Emitter,294518.0,,,,,,,
1004502,36.727528,-107.95564,BLOOMFIELD,NM,87413,35045,SAN JUAN COUNTY,119 COUNTY ROAD 4900,,VAL VERDE TREATER,New Mexico,211130,2018,,CU_OTHERS,FRS,110022737289,110022737289,,,"C,W",,,,526646,VAL VERDE GAS GATHERING CO LP (100%),"C,W-PROC",Direct Emitter,294719.0,,,,,,,
1004502,36.727528,-107.95564,BLOOMFIELD,NM,87413,35045,SAN JUAN COUNTY,119 COUNTY ROAD 4900,,VAL VERDE TREATER,New Mexico,211130,2019,,CU_OTHERS,FRS,110022737289,110022737289,,,"C,W",,,,526646,VAL VERDE GAS GATHERING CO LP (100%),"C,W-PROC",Direct Emitter,294897.0,,,,,,,
1004502,36.727528,-107.95564,BLOOMFIELD,NM,87413,35045,SAN JUAN COUNTY,119 COUNTY ROAD 4900,,VAL VERDE TREATER,New Mexico,211130,2020,,CU_OTHERS,FRS,110022737289,110022737289,,,"C,W",,,,526646,VAL VERDE GAS GATHERING CO LP (100%),"C,W-PROC",Direct Emitter,264864.0,,,,,,,
1004502,36.727528,-107.95564,BLOOMFIELD,NM,87413,35045,SAN JUAN COUNTY,119 COUNTY ROAD 4900,,VAL VERDE TREATER,New Mexico,211130,2021,,CU_OTHERS,FRS,110022737289,110022737289,,,"C,W",,,,526646,VAL VERDE GAS GATHERING CO LP (100%),"C,W-PROC",Direct Emitter,320179.0,,,,,,,
1004502,36.727528,-107.95564,BLOOMFIELD,NM,87413,35045,SAN JUAN COUNTY,119 COUNTY ROAD 4900,,VAL VERDE TREATER,New Mexico,211130,2022,,CU_OTHERS,FRS,110022737289,110022737289,,,"C,W",,,,526646,VAL VERDE GAS GATHERING CO LP (100%),"C,W-PROC",Direct Emitter,345910.0,,,,,,,
1004502,36.727528,-107.95564,BLOOMFIELD,NM,87413,35045,SAN JUAN COUNTY,119 COUNTY ROAD 4900,,VAL VERDE TREATER,New Mexico,211130,2023,,CU_OTHERS,FRS,110022737289,110022737289,,,"C,W",,,,526646,VAL VERDE GAS GATHERING CO LP (100%),"C,W-PROC",Direct Emitter,364803.0,,,,,,,
1004502,36.731389,-107.955277,BLOOMFIELD,NM,87413,35045,SAN JUAN,119 COUNTY ROAD 4900,,VAL VERDE TREATER,New Mexico,211111,2011,,CU_OTHERS,FRS,110022737289,110070081895,,,"C,W",,,,526646,VAL VERDE GAS GATHERING CO LP (100%),"C,W-PROC",Direct Emitter,39663.0,,,,,,,
1004502,36.731389,-107.955277,BLOOMFIELD,NM,87413,35045,SAN JUAN,119 COUNTY ROAD 4900,,VAL VERDE TREATER,New Mexico,211111,2012,,CU_OTHERS,FRS,110022737289,110070081895,,,"C,W",,,,526646,VAL VERDE GAS GATHERING CO LP (100%),"C,W-PROC",Direct Emitter,60121.0,,,,,,,
1004502,36.731389,-107.955277,BLOOMFIELD,NM,87413,35045,SAN JUAN COUNTY,119 COUNTY ROAD 4900,,VAL VERDE TREATER,New Mexico,211111,2013,,CU_OTHERS,FRS,110022737289,110070081895,,,"C,W",,,,526646,VAL VERDE GAS GATHERING CO LP (100%),"C,W-PROC",Direct Emitter,84027.0,,,,,,,
1004502,36.731389,-107.955277,BLOOMFIELD,NM,87413,35045,SAN JUAN COUNTY,119 COUNTY ROAD 4900,,VAL VERDE TREATER,New Mexico,211111,2014,,CU_OTHERS,FRS,110022737289,110070081895,,,"C,W",,,,526646,VAL VERDE GAS GATHERING CO LP (100%),"C,W-PROC",Direct Emitter,103086.0,,,,,,,
1004595,36.86064,-107.73712,FARMINGTON,NM,87401,35045,SAN JUAN,13 MI E OF AZTEC,,RATTLESNAKE COMPRESSOR STATION,New Mexico,211111,2011,,CU_OTHERS,FRS,110014001132,110014001132,,,"C,W",,,,526652,"Enterprise Field Services, LLC (100%)","C,W-PROC",Direct Emitter,35342.0,,,,,,,
1004595,36.86064,-107.73712,FARMINGTON,NM,87401,35045,SAN JUAN,13 MI E OF AZTEC,,RATTLESNAKE COMPRESSOR STATION,New Mexico,211111,2012,,CU_OTHERS,FRS,110014001132,110014001132,,,"C,W",,,,526652,"Enterprise Field Services, LLC (100%)","C,W-PROC",Direct Emitter,49815.0,,,,,,,
1004595,36.86064,-107.73712,FARMINGTON,NM,87401,35045,SAN JUAN COUNTY,13 MI E OF AZTEC,,RATTLESNAKE COMPRESSOR STATION,New Mexico,211111,2013,,CU_OTHERS,FRS,110014001132,110014001132,,,"C,W",,,,526652,"Enterprise Field Services, LLC (100%)","C,W-PROC",Direct Emitter,84028.0,,,,,,,
1004595,36.86064,-107.73712,FARMINGTON,NM,87401,35045,SAN JUAN COUNTY,13 MI E OF AZTEC,,RATTLESNAKE COMPRESSOR STATION,New Mexico,211111,2014,,CU_OTHERS,FRS,110014001132,110014001132,,,"C,W",,,,526652,"Enterprise Field Services, LLC (100%)","C,W-PROC",Direct Emitter,102967.0,,,,,,,
1004595,36.86064,-107.73712,FARMINGTON,NM,87401,35045,SAN JUAN COUNTY,13 MI E OF AZTEC,,RATTLESNAKE COMPRESSOR STATION,New Mexico,211111,2015,,CU_OTHERS,FRS,110014001132,110014001132,,,"C,W",,,,526652,ENTERPRISE PRODUCTS PARTNERS LP (100%),"C,W-PROC",Direct Emitter,153555.0,,,,,,,
1004843,29.75853,-95.36753,Lovington,NM,88260,35025,LEA COUNTY,50 Warren Rd,,Targa Midstream Services LLC - Saunders Gas Processing Plant,New Mexico,211112,2011,,CU_OTHERS,Green House Gas e-GGRT,527586,110063989322,,,"C,W",,,,527586,Targa Resources Corporation (100%),"C,W-PROC",Direct Emitter,37345.0,,,,,,,
1004843,29.75853,-95.36753,Lovington,NM,88260,35025,LEA COUNTY,50 Warren Rd,,Targa Midstream Services LLC - Saunders Gas Processing Plant,New Mexico,211112,2012,,CU_OTHERS,Green House Gas e-GGRT,527586,110063989322,,,"C,W",,,,527586,Targa Resources Corporation (100%),"C,W-PROC",Direct Emitter,60130.0,,,,,,,
1004843,29.75853,-95.36753,Lovington,NM,88260,35025,LEA COUNTY,50 Warren Rd,,Targa Midstream Services LLC - Saunders Gas Processing Plant,New Mexico,211112,2013,,CU_OTHERS,Green House Gas e-GGRT,527586,110063989322,,,"C,W",,,,527586,Targa Resources Corporation (100%),"C,W-PROC",Direct Emitter,95620.0,,,,,,,
1004843,29.75853,-95.36753,Lovington,NM,88260,35025,LEA COUNTY,50 Warren Rd,,Targa Midstream Services LLC - Saunders Gas Processing Plant,New Mexico,211112,2014,,CU_OTHERS,Green House Gas e-GGRT,527586,110063989322,,,"C,W",,,,527586,Targa Resources Corporation (100%),"C,W-PROC",Direct Emitter,107197.0,,,,,,,
1004843,29.75853,-95.36753,Lovington,NM,88260,35025,LEA COUNTY,50 Warren Rd,,Targa Midstream Services LLC - Saunders Gas Processing Plant,New Mexico,211112,2015,,CU_OTHERS,Green House Gas e-GGRT,527586,110063989322,,,"C,W",,,,527586,TARGA RESOURCES (100%),"C,W-PROC",Direct Emitter,120506.0,,,,,,,
1004843,33.05375,-103.61022,Lovington,NM,88260,35025,LEA COUNTY,50 Warren Rd,,Saunders Gas Plant,New Mexico,211112,2016,,CU_OTHERS,Green House Gas e-GGRT,527586,110063989322,,,"C,W",,,,527586,TARGA RESOURCES (100%),"C,W-PROC",Direct Emitter,144640.0,,,,,,,
1004843,33.05375,-103.61022,Lovington,NM,88260,35025,LEA COUNTY,50 Warren Rd,,Saunders Gas Plant,New Mexico,211112,2017,,CU_OTHERS,Green House Gas e-GGRT,527586,110063989322,,,"C,W",,,,527586,TARGA RESOURCES (100%),"C,W-PROC",Direct Emitter,170378.0,,,,,,,
1004843,33.05375,-103.61022,Lovington,NM,88260,35025,LEA COUNTY,50 Warren Rd,,Saunders Gas Plant,New Mexico,211130,2018,,CU_OTHERS,Green House Gas e-GGRT,527586,110063989322,,,"C,W",,,,527586,TARGA RESOURCES (100%),"C,W-PROC",Direct Emitter,180983.0,,,,,,,
1004843,33.05375,-103.61022,Lovington,NM,88260,35025,LEA COUNTY,50 Warren Rd,,Saunders Gas Plant,New Mexico,211130,2019,,CU_OTHERS,Green House Gas e-GGRT,527586,110063989322,,,"C,W",,,,527586,TARGA RESOURCES CORP (100%),"C,W-PROC",Direct Emitter,225537.0,,,,,,,
1004843,33.05375,-103.61022,Lovington,NM,88260,35025,LEA COUNTY,50 Warren Rd,,Saunders Gas Plant,New Mexico,211130,2020,,CU_OTHERS,Green House Gas e-GGRT,527586,110063989322,,,"C,W",,,,527586,TARGA RESOURCES CORP (100%),"C,W-PROC",Direct Emitter,266094.0,,,,,,,
1004893,32.610278,-103.311944,Monument,NM,84265,35025,LEA,8201 W Hwy 322,,Targa Midstream Services LLC - Monument Gas Processing Plant,New Mexico,211112,2011,,CU_OTHERS,Green House Gas e-GGRT,527585,110007018262,,,"C,W",,,,527585,Targa Resources Corporation (100%),"C,W-PROC",Direct Emitter,37343.0,,,,,,,
1004893,32.610278,-103.311944,Monument,NM,84265,35025,LEA,8201 W Hwy 322,,Targa Midstream Services LLC - Monument Gas Processing Plant,New Mexico,211112,2012,,CU_OTHERS,Green House Gas e-GGRT,527585,110007018262,,,"C,W",,,,527585,Targa Resources Corporation (100%),"C,W-PROC",Direct Emitter,60131.0,,,,,,,
1004893,32.610278,-103.311944,Monument,NM,84265,35025,LEA COUNTY,8201 W Hwy 322,,Targa Midstream Services LLC - Monument Gas Processing Plant,New Mexico,211112,2013,,CU_OTHERS,Green House Gas e-GGRT,527585,110007018262,,,"C,W",,,,527585,Targa Resources Corporation (100%),"C,W-PROC",Direct Emitter,95621.0,,,,,,,
1004893,32.610278,-103.311944,Monument,NM,84265,35025,LEA COUNTY,8201 W Hwy 322,,Targa Midstream Services LLC - Monument Gas Processing Plant,New Mexico,211112,2014,,CU_OTHERS,Green House Gas e-GGRT,527585,110007018262,,,"C,W",,,,527585,Targa Resources Corporation (100%),"C,W-PROC",Direct Emitter,106976.0,,,,,,,
1004893,32.624135,-103.292931,Monument,NM,84265,35025,LEA COUNTY,8201 W Hwy 322,,Monument Gas Plant,New Mexico,211112,2016,,CU_OTHERS,Green House Gas e-GGRT,527585,110007973933,,,"C,PP,UU,W",,,,527585,TARGA RESOURCES (100%),"C,PP,UU,W-PROC","Supplier, Direct Emitter, CO2 Injection",170384.0,,,,,,,
1004893,32.624135,-103.292931,Monument,NM,84265,35025,LEA COUNTY,8201 W Hwy 322,,Monument Gas Plant,New Mexico,211112,2017,,CU_OTHERS,Green House Gas e-GGRT,527585,110007973933,,,"C,NN,PP,UU,W",,,,527585,TARGA RESOURCES (100%),"C,NN-FRAC,PP,UU,W-PROC","Supplier, Direct Emitter, CO2 Injection",170383.0,,,,,,,
1004893,32.624135,-103.292931,Monument,NM,84265,35025,LEA COUNTY,8201 W Hwy 322,,Monument Gas Plant,New Mexico,211130,2018,,CU_OTHERS,Green House Gas e-GGRT,527585,110007973933,,,"C,NN,PP,UU,W",,,,527585,TARGA RESOURCES (100%),"C,NN-FRAC,PP,UU,W-PROC","Supplier, Direct Emitter, CO2 Injection",180976.0,,,,,,,
1004893,32.624135,-103.292931,Monument,NM,84265,35025,LEA COUNTY,8201 W Hwy 322,,Monument Gas Plant,New Mexico,211130,2019,,CU_OTHERS,Green House Gas e-GGRT,527585,110007973933,,,"C,NN,PP,UU,W",,,,527585,TARGA RESOURCES CORP (100%),"C,NN-FRAC,PP,UU,W-PROC","Supplier, Direct Emitter, CO2 Injection",209089.0,,,,,,,
1004893,32.624135,-103.292931,Monument,NM,84265,35025,LEA COUNTY,8201 W Hwy 322,,Monument Gas Plant,New Mexico,211130,2020,,CU_OTHERS,Green House Gas e-GGRT,527585,110007973933,,,"C,NN,PP,UU,W",,,,527585,TARGA RESOURCES CORP (100%),"C,NN-FRAC,PP,UU,W-PROC","Supplier, Direct Emitter, CO2 Injection",279257.0,,,,,,,
1004893,32.624135,-103.292931,Monument,NM,84265,35025,LEA COUNTY,8201 W Hwy 322,,Monument Gas Plant,New Mexico,211130,2021,,CU_OTHERS,Green House Gas e-GGRT,527585,110007973933,,,"C,NN,PP,UU,W",,,,527585,TARGA RESOURCES CORP (100%),"C,NN-FRAC,PP,UU,W-PROC","Supplier, Direct Emitter, CO2 Injection",311323.0,,,,,,,
1004893,32.624135,-103.292931,Monument,NM,84265,35025,LEA COUNTY,8201 W Hwy 322,,Monument Gas Plant,New Mexico,211130,2022,,CU_OTHERS,Green House Gas e-GGRT,527585,110007973933,,,"C,NN,PP,UU,W",,,,527585,TARGA RESOURCES CORP (100%),"C,NN-FRAC,PP,UU,W-PROC","Supplier, Direct Emitter, CO2 Injection",351082.0,,,,,,,
1004893,32.624135,-103.292931,Monument,NM,84265,35025,LEA COUNTY,8201 W Hwy 322,,Monument Gas Plant,New Mexico,211130,2023,,CU_OTHERS,Green House Gas e-GGRT,527585,110007973933,,,"C,NN,PP,UU,W",,,,527585,TARGA RESOURCES CORP (100%),"C,NN-FRAC,PP,UU,W-PROC","Supplier, Direct Emitter, CO2 Injection",369279.0,,,,,,,
1004893,32.625,-103.294444,Monument,NM,84265,35025,LEA COUNTY,8201 W Hwy 322,,Targa Midstream Services LLC - Monument Gas Processing Plant,New Mexico,211112,2015,,CU_OTHERS,Green House Gas e-GGRT,527585,110007973933,,,"C,PP,UU,W",,,,527585,TARGA RESOURCES (100%),"C,PP,UU,W-PROC","Supplier, Direct Emitter, CO2 Injection",121695.0,,,,,,,
1005018,32.411867,-104.239539,Carlsbad,NM,88220,35015,EDDY,65 Robson Road,,South Carlsbad Turbine Station,New Mexico,211111,2011,,CU_OTHERS,Green House Gas e-GGRT,527279,110043784802,,,"C,W",,,,527279,"Enterprise Field Services, LLC (100%)","C,W-PROC",Direct Emitter,34474.0,,,,,,,
1005018,32.411867,-104.239539,Carlsbad,NM,88220,35015,EDDY,65 Robson Road,,South Carlsbad Turbine Station,New Mexico,211111,2012,,CU_OTHERS,Green House Gas e-GGRT,527279,110043784802,,,"C,W",,,,527279,"Enterprise Field Services, LLC (100%)","C,W-PROC",Direct Emitter,49197.0,,,,,,,
1005018,32.411867,-104.239539,Carlsbad,NM,88220,35015,EDDY COUNTY,65 Robson Road,,South Carlsbad Turbine Station,New Mexico,211111,2013,,CU_OTHERS,Green House Gas e-GGRT,527279,110043784802,,,"C,W",,,,527279,"Enterprise Field Services, LLC (100%)","C,W-PROC",Direct Emitter,84048.0,,,,,,,
1005018,32.411867,-104.239539,Carlsbad,NM,88220,35015,EDDY COUNTY,65 Robson Road,,South Carlsbad Turbine Station,New Mexico,211111,2014,,CU_OTHERS,Green House Gas e-GGRT,527279,110043784802,,,"C,W",,,,527279,"Enterprise Field Services, LLC (100%)","C,W-PROC",Direct Emitter,108744.0,,,,,,,
1005018,32.411867,-104.239539,Carlsbad,NM,88220,35015,EDDY COUNTY,65 Robson Road,,South Carlsbad Turbine Station,New Mexico,211111,2015,,CU_OTHERS,Green House Gas e-GGRT,527279,110043784802,,,"C,W",,,,527279,ENTERPRISE PRODUCTS PARTNERS LP (100%),"C,W-PROC",Direct Emitter,122628.0,,,,,,,
1005018,32.411867,-104.239539,Carlsbad,NM,88220,35015,EDDY COUNTY,65 Robson Road,,South Carlsbad Turbine Station,New Mexico,211111,2016,,CU_OTHERS,Green House Gas e-GGRT,527279,110043784802,,,"C,W",,,,527279,ENTERPRISE PRODUCTS PARTNERS LP (100%),"C,W-PROC",Direct Emitter,293598.0,,,,,,,
1005018,32.411867,-104.239539,Carlsbad,NM,88220,35015,EDDY COUNTY,65 Robson Road,,South Carlsbad Turbine Station,New Mexico,211111,2017,,CU_OTHERS,Green House Gas e-GGRT,527279,110043784802,,,"C,W",,,,527279,ENTERPRISE PRODUCTS PARTNERS LP (100%),"C,W-PROC",Direct Emitter,296038.0,,,,,,,
1005018,32.411867,-104.239539,Carlsbad,NM,88220,35015,EDDY COUNTY,65 Robson Road,,South Carlsbad Turbine Station,New Mexico,211130,2018,,CU_OTHERS,Green House Gas e-GGRT,527279,110043784802,,,"C,W",,,,527279,ENTERPRISE PRODUCTS PARTNERS LP (100%),"C,W-PROC",Direct Emitter,294018.0,,,,,,,
1005018,32.411867,-104.239539,Carlsbad,NM,88220,35015,EDDY COUNTY,65 Robson Road,,South Carlsbad Turbine Station,New Mexico,211130,2019,,CU_OTHERS,Green House Gas e-GGRT,527279,110043784802,,,"C,W",,,,527279,ENTERPRISE PRODUCTS PARTNERS LP (100%),"C,W-PROC",Direct Emitter,294078.0,,,,,,,
1005018,32.411867,-104.239539,Carlsbad,NM,88220,35015,EDDY COUNTY,65 Robson Road,,South Carlsbad Turbine Station,New Mexico,211130,2020,,CU_OTHERS,Green House Gas e-GGRT,527279,110043784802,,,"C,W",,,,527279,ENTERPRISE PRODUCTS PARTNERS LP (100%),"C,W-PROC",Direct Emitter,285762.0,,,,,,,
1005018,32.411867,-104.239539,Carlsbad,NM,88220,35015,EDDY COUNTY,65 Robson Road,,South Carlsbad Turbine Station,New Mexico,211130,2021,,CU_OTHERS,Green House Gas e-GGRT,527279,110043784802,,,"C,W",,,,527279,ENTERPRISE PRODUCTS PARTNERS LP (100%),"C,W-NGTC",Direct Emitter,310249.0,,,,,,,
1005641,32.6953,-103.2853,HOBBS,NM,88240,35025,LEA,,,LINAM RANCH GAS PLANT,New Mexico,211112,2011,,CU_OTHERS,FRS,110041136286,110015846094,,,"C,PP,UU,W",,,,523527,CONOCO PHILLIPS (50%); SPECTRA ENERGY CORP (50%),"C,PP,UU,W-PROC","Supplier, Direct Emitter, CO2 Injection",63370.0,,,,,,,
1005641,32.6953,-103.2853,HOBBS,NM,88240,35025,LEA COUNTY,,,LINAM RANCH GAS PLANT,New Mexico,211112,2012,,CU_OTHERS,FRS,110041136286,110015846094,,,"C,PP,UU,W",,,,523527,Phillips 66 (50%); SPECTRA ENERGY CORP (50%),"C,PP,UU,W-PROC","Supplier, Direct Emitter, CO2 Injection",69547.0,,,,,,,
1005641,32.6953,-103.2853,HOBBS,NM,88240,35025,LEA COUNTY,,,LINAM RANCH GAS PLANT,New Mexico,211112,2013,,CU_OTHERS,FRS,110041136286,110015846094,,,"C,PP,UU,W",,,,523527,Phillips 66 (50%); SPECTRA ENERGY CORP (50%),"C,PP,UU,W-PROC","Supplier, Direct Emitter, CO2 Injection",86162.0,,,,,,,
1005641,32.6953,-103.2853,HOBBS,NM,88240,35025,LEA COUNTY,,,LINAM RANCH GAS PLANT,New Mexico,211112,2014,,CU_OTHERS,FRS,110041136286,110015846094,,,"C,PP,UU,W",,,,523527,Phillips 66 (50%); SPECTRA ENERGY CORP (50%),"C,PP,UU,W-PROC","Supplier, Direct Emitter, CO2 Injection",105741.0,,,,,,,
1005641,32.6953,-103.2853,HOBBS,NM,88240,35025,LEA COUNTY,,,LINAM RANCH GAS PLANT,New Mexico,211112,2015,,CU_OTHERS,FRS,110041136286,110015846094,,,"C,PP,UU,W",,,,523527,Phillips 66 (50%); SPECTRA ENERGY (50%),"C,PP,UU,W-PROC","Supplier, Direct Emitter, CO2 Injection",219397.0,,,,,,,
1005641,32.6953,-103.2853,HOBBS,NM,88240,35025,LEA COUNTY,,,LINAM RANCH GAS PLANT,New Mexico,211112,2016,,CU_OTHERS,FRS,110041136286,110015846094,,,"C,PP,UU,W",,,,523527,Phillips 66 (50%); SPECTRA ENERGY CORP (50%),"C,PP,UU,W-PROC","Supplier, Direct Emitter, CO2 Injection",288377.0,,,,,,,
1005641,32.6953,-103.2853,HOBBS,NM,88240,35025,LEA COUNTY,,,LINAM RANCH GAS PLANT,New Mexico,211130,2017,,CU_OTHERS,FRS,110041136286,110015846094,,,"C,PP,UU,W",,,,523527,DCP MIDSTREAM LP (100%),"C,PP,UU,W-PROC","Supplier, Direct Emitter, CO2 Injection",288317.0,,,,,,,
1005641,32.6953,-103.2853,HOBBS,NM,88240,35025,LEA COUNTY,,,LINAM RANCH GAS PLANT,New Mexico,211130,2018,,CU_OTHERS,FRS,110041136286,110015846094,,,"C,PP,UU,W",,,,523527,DCP MIDSTREAM LP (100%),"C,PP,UU,W-PROC","Supplier, Direct Emitter, CO2 Injection",288298.0,,,,,,,
1005641,32.6953,-103.2853,HOBBS,NM,88240,35025,LEA COUNTY,,,LINAM RANCH GAS PLANT,New Mexico,211130,2019,,CU_OTHERS,FRS,110041136286,110015846094,,,"C,PP,UU,W",,,,523527,DCP MIDSTREAM LP (100%),"C,PP,UU,W-PROC","Supplier, Direct Emitter, CO2 Injection",288217.0,,,,,,,
1005641,32.6953,-103.2853,HOBBS,NM,88240,35025,LEA COUNTY,,,LINAM RANCH GAS PLANT,New Mexico,211130,2020,,CU_OTHERS,FRS,110041136286,110015846094,,,"C,PP,UU,W",,,,523527,DCP MIDSTREAM LP (100%),"C,PP,UU,W-PROC","Supplier, Direct Emitter, CO2 Injection",270877.0,,,,,,,
1005641,32.6953,-103.2853,HOBBS,NM,88240,35025,LEA COUNTY,,,LINAM RANCH GAS PLANT,New Mexico,211130,2021,,CU_OTHERS,FRS,110041136286,110015846094,,,"C,PP,UU,W",,,,523527,DCP MIDSTREAM LP (100%),"C,PP,UU,W-PROC","Supplier, Direct Emitter, CO2 Injection",310650.0,,,,,,,
1005641,32.6953,-103.2853,HOBBS,NM,88240,35025,LEA COUNTY,,,LINAM RANCH GAS PLANT,New Mexico,211130,2022,,CU_OTHERS,FRS,110041136286,110015846094,,,"C,PP,UU,W",,,,523527,DCP MIDSTREAM LP (100%),"C,PP,UU,W-PROC","Supplier, Direct Emitter, CO2 Injection",341018.0,,,,,,,
1005641,32.6953,-103.2853,HOBBS,NM,88240,35025,LEA COUNTY,,,LINAM RANCH GAS PLANT,New Mexico,211130,2023,,CU_OTHERS,FRS,110041136286,110015846094,,,"C,PP,UU,W",,,,523527,PHILLIPS 66 (86.8%); ENBRIDGE (US) INC (13.2%),"C,PP,UU,W-PROC","Supplier, Direct Emitter, CO2 Injection",367641.0,,,,,,,
1005687,35.00596,-107.24127,LAGUNA,NM,87026,35006,CIBOLA COUNTY,2 MI S OF I-40,,STATION #6 - LAGUNA CMP STN,New Mexico,486210,2021,,CU_OTHERS,FRS,110007382019,110007382019,,,"C,W",,,38.0,524765,ENERGY TRANSFER LP (100%),"C,W-NGTC",Direct Emitter,311407.0,,,,,,,
1005687,35.00596,-107.24127,LAGUNA,NM,87026,35006,CIBOLA COUNTY,2 MI S OF I-40,,STATION #6 - LAGUNA CMP STN,New Mexico,486210,2022,,CU_OTHERS,FRS,110007382019,110007382019,,,"C,W",,,38.0,524765,ENERGY TRANSFER LP (100%),"C,W-NGTC",Direct Emitter,342284.0,,,,,,,
1005687,35.00596,-107.24127,LAGUNA,NM,87026,35006,CIBOLA COUNTY,2 MI S OF I-40,,STATION #6 - LAGUNA CMP STN,New Mexico,486210,2023,,CU_OTHERS,FRS,110007382019,110007382019,,,"C,W",,,38.0,524765,ENERGY TRANSFER LP (100%),"C,W-NGTC",Direct Emitter,361305.0,,,,,,,
1005688,34.278333,-106.104166,MOUNTAINAIR,NM,87036,35057,TORRANCE COUNTY,"HWY 55, 18 MI SSE OF MNTNAIR",,STATION #7 - MOUNTAINAIR CMP STN,New Mexico,486210,2018,,CU_OTHERS,FRS,110007013748,110007013748,,,"C,W",,,,524771,ENERGY TRANSFER PARTNERS LP (100%),"C,W-NGTC",Direct Emitter,195275.0,,,,,,,
1005688,34.278333,-106.104166,MOUNTAINAIR,NM,87036,35057,TORRANCE COUNTY,"HWY 55, 18 MI SSE OF MNTNAIR",,STATION #7 - MOUNTAINAIR CMP STN,New Mexico,486210,2019,,CU_OTHERS,FRS,110007013748,110007013748,,,"C,W",,,,524771,ENERGY TRANSFER LP (100%),"C,W-NGTC",Direct Emitter,210751.0,,,,,,,
1005688,34.278333,-106.104166,MOUNTAINAIR,NM,87036,35057,TORRANCE COUNTY,"HWY 55, 18 MI SSE OF MNTNAIR",,STATION #7 - MOUNTAINAIR CMP STN,New Mexico,486210,2020,,CU_OTHERS,FRS,110007013748,110007013748,,,"C,W",,,,524771,ENERGY TRANSFER LP (100%),"C,W-NGTC",Direct Emitter,264538.0,,,,,,,
1005688,34.278333,-106.104166,MOUNTAINAIR,NM,87036,35057,TORRANCE COUNTY,"HWY 55, 18 MI SSE OF MNTNAIR",,STATION #7 - MOUNTAINAIR CMP STN,New Mexico,486210,2021,,CU_OTHERS,FRS,110007013748,110007013748,,,"C,W",,,,524771,ENERGY TRANSFER LP (100%),"C,W-NGTC",Direct Emitter,323981.0,,,,,,,
1005688,34.278333,-106.104166,MOUNTAINAIR,NM,87036,35057,TORRANCE COUNTY,"HWY 55, 18 MI SSE OF MNTNAIR",,STATION #7 - MOUNTAINAIR CMP STN,New Mexico,486210,2022,,CU_OTHERS,FRS,110007013748,110007013748,,,"C,W",,,,524771,ENERGY TRANSFER LP (100%),"C,W-NGTC",Direct Emitter,342281.0,,,,,,,
1005688,34.278333,-106.104166,MOUNTAINAIR,NM,87036,35057,TORRANCE COUNTY,"HWY 55, 18 MI SSE OF MNTNAIR",,STATION #7 - MOUNTAINAIR CMP STN,New Mexico,486210,2023,,CU_OTHERS,FRS,110007013748,110007013748,,,"C,W",,,,524771,ENERGY TRANSFER LP (100%),"C,W-NGTC",Direct Emitter,363511.0,,,,,,,
1005740,32.5144,-103.2819,EUNICE,NM,88231,35025,LEA,,,DCP MIDSTREAM - EUNICE GAS PLANT,New Mexico,211112,2011,,CU_OTHERS,FRS,110007024175,110055499991,,,"C,W",,,,523519,CONOCO PHILLIPS (50%); SPECTRA ENERGY CORP (50%),"C,W-PROC",Direct Emitter,64309.0,,,,,,,
1005740,32.5144,-103.2819,EUNICE,NM,88231,35025,LEA,,,DCP MIDSTREAM - EUNICE GAS PLANT,New Mexico,211112,2012,,CU_OTHERS,FRS,110007024175,110055499991,,,"C,W",,,,523519,Phillips 66 (50%); SPECTRA ENERGY CORP (50%),"C,W-PROC",Direct Emitter,50677.0,,,,,,,
1005740,32.5144,-103.2819,EUNICE,NM,88231,35025,LEA COUNTY,,,DCP MIDSTREAM - EUNICE GAS PLANT,New Mexico,211112,2013,,CU_OTHERS,FRS,110007024175,110055499991,,,"C,W",,,,523519,Phillips 66 (50%); SPECTRA ENERGY CORP (50%),"C,W-PROC",Direct Emitter,86151.0,,,,,,,
1005740,32.5144,-103.2819,EUNICE,NM,88231,35025,LEA COUNTY,,,DCP MIDSTREAM - EUNICE GAS PLANT,New Mexico,211112,2014,,CU_OTHERS,FRS,110007024175,110055499991,,,"C,W",,,,523519,Phillips 66 (50%); SPECTRA ENERGY CORP (50%),"C,W-PROC",Direct Emitter,110904.0,,,,,,,
1005740,32.5144,-103.2819,EUNICE,NM,88231,35025,LEA COUNTY,,,DCP MIDSTREAM - EUNICE GAS PLANT,New Mexico,211112,2015,,CU_OTHERS,FRS,110007024175,110055499991,,,"C,W",,,,523519,Phillips 66 (50%); SPECTRA ENERGY CORP (50%),"C,W-PROC",Direct Emitter,119092.0,,,,,,,
1005740,32.5144,-103.2819,EUNICE,NM,88231,35025,LEA COUNTY,,,DCP MIDSTREAM - EUNICE GAS PLANT,New Mexico,211112,2016,,CU_OTHERS,FRS,110007024175,110055499991,,,"C,W",,,,523519,Phillips 66 (50%); SPECTRA ENERGY (50%),"C,W-PROC",Direct Emitter,201338.0,,,,,,,
1005740,32.5144,-103.2819,EUNICE,NM,88231,35025,LEA COUNTY,,,DCP MIDSTREAM - EUNICE GAS PLANT,New Mexico,211130,2017,,CU_OTHERS,FRS,110007024175,110055499991,,,"C,W",,,,523519,DCP MIDSTREAM LP (100%),"C,W-PROC",Direct Emitter,201337.0,,,,,,,
1005740,32.5144,-103.2819,EUNICE,NM,88231,35025,LEA COUNTY,,,DCP MIDSTREAM - EUNICE GAS PLANT,New Mexico,211130,2018,,CU_OTHERS,FRS,110007024175,110055499991,,,"C,W",,,,523519,DCP MIDSTREAM LP (100%),"C,W-PROC",Direct Emitter,213757.0,,,,,,,
1005740,32.5144,-103.2819,EUNICE,NM,88231,35025,LEA COUNTY,,,DCP MIDSTREAM - EUNICE GAS PLANT,New Mexico,211130,2019,,CU_OTHERS,FRS,110007024175,110055499991,,,"C,W",,,,523519,DCP MIDSTREAM LP (100%),"C,W-PROC",Direct Emitter,217717.0,,,,,,,
1005740,32.5144,-103.2819,EUNICE,NM,88231,35025,LEA COUNTY,,,DCP MIDSTREAM - EUNICE GAS PLANT,New Mexico,211130,2020,,CU_OTHERS,FRS,110007024175,110055499991,,,"C,W",,,,523519,DCP MIDSTREAM LP (100%),"C,W-PROC",Direct Emitter,261147.0,,,,,,,
1005846,36.43421,-107.56535,BLOOMFIELD,NM,87413,35039,Rio Arriba,,,BLOOMFIELD CMP STN,New Mexico,486210,2011,,CU_OTHERS,FRS,110022759585,,,,"C,W",,,,524699,"ENERGY TRANSFER PARTNERS, LP (100%)","C,W-NGTC",Direct Emitter,41008.0,,,,,,,
1005846,36.43421,-107.56535,BLOOMFIELD,NM,87413,35039,Rio Arriba,,,BLOOMFIELD CMP STN,New Mexico,486210,2012,,CU_OTHERS,FRS,110022759585,,,,"C,W",,,,524699,"ENERGY TRANSFER PARTNERS, LP (100%)","C,W-NGTC",Direct Emitter,64584.0,,,,,,,
1005846,36.43421,-107.56535,BLOOMFIELD,NM,87413,35039,Rio Arriba,,,BLOOMFIELD CMP STN,New Mexico,486210,2017,,CU_OTHERS,FRS,110022759585,,,,"C,W",,,,524699,ENERGY TRANSFER PARTNERS LP (100%),"C,W-NGTC",Direct Emitter,172497.0,,,,,,,
1005846,36.43421,-107.56535,BLOOMFIELD,NM,87413,35039,Rio Arriba,,,BLOOMFIELD CMP STN,New Mexico,486210,2018,,CU_OTHERS,FRS,110022759585,,,,"C,W",,,,524699,ENERGY TRANSFER PARTNERS LP (100%),"C,W-NGTC",Direct Emitter,195188.0,,,,,,,
1005846,36.43421,-107.56535,BLOOMFIELD,NM,87413,35039,Rio Arriba,,,BLOOMFIELD CMP STN,New Mexico,486210,2019,,CU_OTHERS,FRS,110022759585,,,,"C,W",,,,524699,ENERGY TRANSFER LP (100%),"C,W-NGTC",Direct Emitter,236124.0,,,,,,,
1005846,36.43421,-107.56535,BLOOMFIELD,NM,87413,35039,Rio Arriba,,,BLOOMFIELD CMP STN,New Mexico,486210,2020,,CU_OTHERS,FRS,110022759585,,,,"C,W",,,,524699,ENERGY TRANSFER LP (100%),"C,W-NGTC",Direct Emitter,267040.0,,,,,,,
1005846,36.43421,-107.56535,BLOOMFIELD,NM,87413,35039,Rio Arriba,,,BLOOMFIELD CMP STN,New Mexico,486210,2021,,CU_OTHERS,FRS,110022759585,,,,"C,W",,,,524699,ENERGY TRANSFER LP (100%),"C,W-NGTC",Direct Emitter,309198.0,,,,,,,
1005846,36.43421,-107.56535,BLOOMFIELD,NM,87413,35039,Rio Arriba,,,BLOOMFIELD CMP STN,New Mexico,486210,2022,,CU_OTHERS,FRS,110022759585,,,,"C,W",,,,524699,ENERGY TRANSFER LP (100%),"C,W-NGTC",Direct Emitter,342197.0,,,,,,,
1005846,36.43421,-107.56535,BLOOMFIELD,NM,87413,35039,Rio Arriba,,,BLOOMFIELD CMP STN,New Mexico,486210,2023,,CU_OTHERS,FRS,110022759585,,,,"C,W",,,,524699,ENERGY TRANSFER LP (100%),"C,W-NGTC",Direct Emitter,360815.0,,,,,,,
1005846,36.43421,-107.56535,BLOOMFIELD,NM,87413,35039,RIO ARRIBA COUNTY,,,BLOOMFIELD CMP STN,New Mexico,486210,2013,,CU_OTHERS,FRS,110022759585,110070081929,,,"C,W",,,,524699,"ENERGY TRANSFER PARTNERS, LP (100%)","C,W-NGTC",Direct Emitter,79961.0,,,,,,,
1005846,36.43421,-107.56535,BLOOMFIELD,NM,87413,35039,RIO ARRIBA COUNTY,,,BLOOMFIELD CMP STN,New Mexico,486210,2014,,CU_OTHERS,FRS,110022759585,110070081929,,,"C,W",,,,524699,"ENERGY TRANSFER PARTNERS, LP (100%)","C,W-NGTC",Direct Emitter,108656.0,,,,,,,
1005846,36.43421,-107.56535,BLOOMFIELD,NM,87413,35039,RIO ARRIBA COUNTY,,,BLOOMFIELD CMP STN,New Mexico,486210,2015,,CU_OTHERS,FRS,110022759585,110071159942,,,"C,W",,,,524699,ENERGY TRANSFER PARTNERS LP (100%),"C,W-NGTC",Direct Emitter,124894.0,,,,,,,
1005846,36.43421,-107.56535,BLOOMFIELD,NM,87413,35039,RIO ARRIBA COUNTY,,,BLOOMFIELD CMP STN,New Mexico,486210,2016,,CU_OTHERS,FRS,110022759585,110071159942,,,"C,W",,,,524699,ENERGY TRANSFER PARTNERS LP (100%),"C,W-NGTC",Direct Emitter,172820.0,,,,,,,
1005897,32.174281,-103.174134,JAL,NM,88252,35025,LEA,,,JAL #3 GAS PLANT,New Mexico,211112,2011,,CU_OTHERS,FRS,110022730311,110055500006,,,"C,UU,W",,,,527875,Southern Union Gas Services (100%),"C,UU,W-PROC","Direct Emitter, CO2 Injection",39106.0,,,,,,,
1005897,32.174281,-103.174134,JAL,NM,88252,35025,LEA COUNTY,,,Jal #3 Gas Plant,New Mexico,211112,2012,,CU_OTHERS,FRS,110022730311,110055500006,,,"C,UU,W",,,,527875,"ENERGY TRANSFER PARTNERS, LP (100%)","C,UU,W-PROC","Direct Emitter, CO2 Injection",110517.0,,,,,,,
1005897,32.174281,-103.174134,JAL,NM,88252,35025,LEA COUNTY,,,Jal #3 Gas Plant,New Mexico,211112,2013,,CU_OTHERS,FRS,110022730311,110055500006,,,"C,UU,W",,,,527875,"ENERGY TRANSFER PARTNERS, LP (100%)","C,UU,W-PROC","Direct Emitter, CO2 Injection",89084.0,,,,,,,
1005897,32.174281,-103.174134,JAL,NM,88252,35025,LEA COUNTY,,,Jal #3 Gas Plant,New Mexico,211112,2014,,CU_OTHERS,FRS,110022730311,110055500006,,,"C,UU,W",,,,527875,"ENERGY TRANSFER PARTNERS, LP (100%)","C,UU,W-PROC","Direct Emitter, CO2 Injection",110642.0,,,,,,,
1005897,32.174281,-103.174134,JAL,NM,88252,35025,LEA COUNTY,,,Jal #3 Gas Plant,New Mexico,211112,2015,,CU_OTHERS,FRS,110022730311,110071160780,,,"C,UU,W",,,,527875,ENERGY TRANSFER PARTNERS LP (100%),"C,UU,W-PROC","Direct Emitter, CO2 Injection",192698.0,,,,,,,
1005897,32.174281,-103.174134,JAL,NM,88252,35025,LEA COUNTY,,,Jal #3 Gas Plant,New Mexico,211112,2016,,CU_OTHERS,FRS,110022730311,110071160780,,,"C,UU,W",,,,527875,ENERGY TRANSFER PARTNERS LP (100%),"C,UU,W-PROC","Direct Emitter, CO2 Injection",154934.0,,,,,,,
1005897,32.174281,-103.174134,JAL,NM,88252,35025,LEA COUNTY,,,Jal #3 Gas Plant,New Mexico,211112,2017,,CU_OTHERS,FRS,110022730311,110071160780,,,"C,UU,W",,,,527875,ENERGY TRANSFER PARTNERS LP (100%),"C,UU,W-PROC","Direct Emitter, CO2 Injection",173348.0,,,,,,,
1005897,32.174281,-103.174134,JAL,NM,88252,35025,LEA COUNTY,,,Jal #3 Gas Plant,New Mexico,211130,2018,,CU_OTHERS,FRS,110022730311,110071160780,,,"C,UU,W",,,,527875,ENERGY TRANSFER PARTNERS LP (100%),"C,UU,W-PROC","Direct Emitter, CO2 Injection",194677.0,,,,,,,
1005897,32.174281,-103.174134,JAL,NM,88252,35025,LEA COUNTY,,,Jal #3 Gas Plant,New Mexico,211130,2019,,CU_OTHERS,FRS,110022730311,110071160780,,,"C,UU,W",,,,527875,ENERGY TRANSFER LP (100%),"C,UU,W-PROC","Direct Emitter, CO2 Injection",233097.0,,,,,,,
1005897,32.174281,-103.174134,JAL,NM,88252,35025,LEA COUNTY,,,Jal #3 Gas Plant,New Mexico,211130,2020,,CU_OTHERS,FRS,110022730311,110071160780,,,"C,UU,W",,,,527875,ENERGY TRANSFER LP (100%),"C,UU,W-PROC","Direct Emitter, CO2 Injection",324801.0,,,,,,,
1005897,32.174281,-103.174134,JAL,NM,88252,35025,LEA COUNTY,,,Jal #3 Gas Plant,New Mexico,211130,2021,,CU_OTHERS,FRS,110022730311,110071160780,,,"C,UU,W",,,,527875,ENERGY TRANSFER LP (100%),"C,UU,W-PROC","Direct Emitter, CO2 Injection",324001.0,,,,,,,
1005897,32.174281,-103.174134,JAL,NM,88252,35025,LEA COUNTY,,,Jal #3 Gas Plant,New Mexico,211130,2022,,CU_OTHERS,FRS,110022730311,110071160780,,,"C,UU,W",,,,527875,ENERGY TRANSFER LP (100%),"C,UU,W-PROC","Direct Emitter, CO2 Injection",345527.0,,,,,,,
1005897,32.174281,-103.174134,JAL,NM,88252,35025,LEA COUNTY,,,Jal #3 Gas Plant,New Mexico,211130,2023,,CU_OTHERS,FRS,110022730311,110071160780,,,"C,UU,W",,,,527875,ENERGY TRANSFER LP (100%),"C,UU,W-PROC","Direct Emitter, CO2 Injection",364629.0,,,,,,,
1006317,33.30324,-104.31032,ROSWELL,NM,88201,35005,CHAVES COUNTY,6381 NORTH MAIN STREET,,STATION #9 - ROSWELL CMP STN,New Mexico,486210,2020,,CU_OTHERS,FRS,110022763990,110022763990,,,"C,W",,,,524775,ENERGY TRANSFER LP (100%),"C,W-NGTC",Direct Emitter,265736.0,,,,,,,
1006317,33.30324,-104.31032,ROSWELL,NM,88201,35005,CHAVES COUNTY,6381 NORTH MAIN STREET,,STATION #9 - ROSWELL CMP STN,New Mexico,486210,2021,,CU_OTHERS,FRS,110022763990,110022763990,,,"C,W",,,,524775,ENERGY TRANSFER LP (100%),"C,W-NGTC",Direct Emitter,323998.0,,,,,,,
1006317,33.30324,-104.31032,ROSWELL,NM,88201,35005,CHAVES COUNTY,6381 NORTH MAIN STREET,,STATION #9 - ROSWELL CMP STN,New Mexico,486210,2022,,CU_OTHERS,FRS,110022763990,110022763990,,,"C,W",,,,524775,ENERGY TRANSFER LP (100%),"C,W-NGTC",Direct Emitter,342273.0,,,,,,,
1006317,33.30324,-104.31032,ROSWELL,NM,88201,35005,CHAVES COUNTY,6381 NORTH MAIN STREET,,STATION #9 - ROSWELL CMP STN,New Mexico,486210,2023,,CU_OTHERS,FRS,110022763990,110022763990,,,"C,W",,,,524775,ENERGY TRANSFER LP (100%),"C,W-NGTC",Direct Emitter,361313.0,,,,,,,
1007441,32.42615,-103.148564,Eunice,NM,88231,35025,LEA,,,Targa Midstream Services LLC - Eunice Gas Processing Plant,New Mexico,211112,2011,,CU_OTHERS,Green House Gas e-GGRT,527583,110007018253,,,"C,PP,UU,W",,,,527583,Targa Resources Corporation (100%),"C,PP,UU,W-PROC","Supplier, Direct Emitter, CO2 Injection",40416.0,,,,,,,
1007441,32.42615,-103.148564,Eunice,NM,88231,35025,LEA,,,Targa Midstream Services LLC - Eunice Gas Processing Plant,New Mexico,211112,2012,,CU_OTHERS,Green House Gas e-GGRT,527583,110007018253,,,"C,PP,UU,W",,,,527583,Targa Resources Corporation (100%),"C,PP,UU,W-PROC","Supplier, Direct Emitter, CO2 Injection",73823.0,,,,,,,
1007441,32.42615,-103.148564,Eunice,NM,88231,35025,LEA COUNTY,,,Eunice Gas Plant,New Mexico,211112,2016,,CU_OTHERS,Green House Gas e-GGRT,527583,110071159283,,,"C,PP,UU,W",,,,527583,TARGA RESOURCES (100%),"C,PP,UU,W-PROC","Supplier, Direct Emitter, CO2 Injection",288417.0,,,,,,,
1007441,32.42615,-103.148564,Eunice,NM,88231,35025,LEA COUNTY,,,Eunice Gas Plant,New Mexico,211112,2017,,CU_OTHERS,Green House Gas e-GGRT,527583,110071159283,,,"C,PP,UU,W",,,,527583,TARGA RESOURCES CORP (100%),"C,PP,UU,W-PROC","Supplier, Direct Emitter, CO2 Injection",288397.0,,,,,,,
1007441,32.42615,-103.148564,Eunice,NM,88231,35025,LEA COUNTY,,,Eunice Gas Plant,New Mexico,211130,2018,,CU_OTHERS,Green House Gas e-GGRT,527583,110071159283,,,"C,PP,UU,W",,,,527583,TARGA RESOURCES CORP (100%),"C,PP,UU,W-PROC","Supplier, Direct Emitter, CO2 Injection",288357.0,,,,,,,
1007441,32.42615,-103.148564,Eunice,NM,88231,35025,LEA COUNTY,,,Eunice Gas Plant,New Mexico,211130,2019,,CU_OTHERS,Green House Gas e-GGRT,527583,110071159283,,,"C,PP,UU,W",,,,527583,TARGA RESOURCES CORP (100%),"C,PP,UU,W-PROC","Supplier, Direct Emitter, CO2 Injection",325480.0,,,,,,,
1007441,32.42615,-103.148564,Eunice,NM,88231,35025,LEA COUNTY,,,Eunice Gas Plant,New Mexico,211130,2020,,CU_OTHERS,Green House Gas e-GGRT,527583,110071159283,,,"C,PP,UU,W",,,,527583,TARGA RESOURCES CORP (100%),"C,PP,UU,W-PROC","Supplier, Direct Emitter, CO2 Injection",266082.0,,,,,,,
1007441,32.42615,-103.148564,Eunice,NM,88231,35025,LEA COUNTY,,,Eunice Gas Plant,New Mexico,211130,2021,,CU_OTHERS,Green House Gas e-GGRT,527583,110071159283,,,"C,PP,UU,W",,,,527583,TARGA RESOURCES CORP (100%),"C,PP,UU,W-PROC","Supplier, Direct Emitter, CO2 Injection",311322.0,,,,,,,
1007441,32.42615,-103.148564,Eunice,NM,88231,35025,LEA COUNTY,,,Eunice Gas Plant,New Mexico,211130,2022,,CU_OTHERS,Green House Gas e-GGRT,527583,110071159283,,,"C,PP,UU,W",,,,527583,TARGA RESOURCES CORP (100%),"C,PP,UU,W-PROC","Supplier, Direct Emitter, CO2 Injection",351761.0,,,,,,,
1007441,32.42615,-103.148564,Eunice,NM,88231,35025,LEA COUNTY,,,Eunice Gas Plant,New Mexico,211130,2023,,CU_OTHERS,Green House Gas e-GGRT,527583,110071159283,,,"C,PP,UU,W",,,,527583,TARGA RESOURCES CORP (100%),"C,PP,UU,W-PROC","Supplier, Direct Emitter, CO2 Injection",364029.0,,,,,,,
1007441,32.42615,-103.148564,Eunice,NM,88231,35025,LEA COUNTY,,,Targa Midstream Services LLC - Eunice Gas Processing Plant,New Mexico,211112,2013,,CU_OTHERS,Green House Gas e-GGRT,527583,110007018253,,,"C,PP,UU,W",,,,527583,Targa Resources Corporation (100%),"C,PP,UU,W-PROC","Supplier, Direct Emitter, CO2 Injection",95806.0,,,,,,,
1007441,32.42615,-103.148564,Eunice,NM,88231,35025,LEA COUNTY,,,Targa Midstream Services LLC - Eunice Gas Processing Plant,New Mexico,211112,2014,,CU_OTHERS,Green House Gas e-GGRT,527583,110007018253,,,"C,PP,UU,W",,,,527583,Targa Resources Corporation (100%),"C,PP,UU,W-PROC","Supplier, Direct Emitter, CO2 Injection",107662.0,,,,,,,
1007441,32.42615,-103.148564,Eunice,NM,88231,35025,LEA COUNTY,,,Targa Midstream Services LLC - Eunice Gas Processing Plant,New Mexico,211112,2015,,CU_OTHERS,Green House Gas e-GGRT,527583,110071159283,,,"C,PP,UU,W",,,,527583,TARGA RESOURCES (100%),"C,PP,UU,W-PROC","Supplier, Direct Emitter, CO2 Injection",144629.0,,,,,,,
1008229,32.84142,-104.40106,Artesia,NM,88210,35015,EDDY COUNTY,105 South Fourth Street,,YPC 430 Permian Basin,New Mexico,211111,2011,,DEFAULT,Green House Gas e-GGRT,538099,110022679485,,,W,,,,538099,Yates Petroleum Corporation (100%),W-ONSH,Onshore Oil & Gas Production,110591.0,,,,,,,
1008229,32.84142,-104.40106,Artesia,NM,88210,35015,EDDY COUNTY,105 South Fourth Street,,YPC 430 Permian Basin,New Mexico,211111,2012,,DEFAULT,Green House Gas e-GGRT,538099,110022679485,,,W,,,,538099,Yates Petroleum Corporation (100%),W-ONSH,Onshore Oil & Gas Production,110588.0,,,,,,,
1008229,32.84142,-104.40106,Artesia,NM,88210,35015,EDDY COUNTY,105 South Fourth Street,,YPC 430 Permian Basin,New Mexico,211111,2013,,DEFAULT,Green House Gas e-GGRT,538099,110022679485,,,W,,,,538099,Yates Petroleum Corporation (100%),W-ONSH,Onshore Oil & Gas Production,110585.0,,,,,,,
1008229,32.84142,-104.40106,Artesia,NM,88210,35015,EDDY COUNTY,105 South Fourth Street,,YPC 430 Permian Basin,New Mexico,211111,2014,,DEFAULT,Green House Gas e-GGRT,538099,110022679485,,,W,,,,538099,Yates Petroleum Corporation (100%),W-ONSH,Onshore Oil & Gas Production,110581.0,,,,,,,
1008229,32.84142,-104.40106,Artesia,NM,88210,,,105 South Fourth Street,,YPC 430 Permian Basin,New Mexico,211111,2015,,DEFAULT,Green House Gas e-GGRT,538099,,,,W,,,,538099,YATES PETROLEUM CORP (100%),W-ONSH,Onshore Oil & Gas Production,122918.0,,,,,,,
1008229,32.84142,-104.40106,Artesia,NM,88210,,,105 South Fourth Street,,YPC 430 Permian Basin,New Mexico,211111,2016,,DEFAULT,Green House Gas e-GGRT,538099,,,,W,,,,538099,EOG Y Resources Inc (100%),W-ONSH,Onshore Oil & Gas Production,148954.0,,,,,,,
1008230,32.84142,-104.40106,Artesia,NM,88210,35015,EDDY COUNTY,105 South Fourth Street,,YPC 515 Powder River Basin,New Mexico,211111,2011,,DEFAULT,Green House Gas e-GGRT,538103,110022679485,,,W,,,,538103,Yates Petroleum Corporation (100%),W-ONSH,Onshore Oil & Gas Production,110592.0,,,,,,,
1008230,32.84142,-104.40106,Artesia,NM,88210,35015,EDDY COUNTY,105 South Fourth Street,,YPC 515 Powder River Basin,New Mexico,211111,2012,,DEFAULT,Green House Gas e-GGRT,538103,110022679485,,,W,,,,538103,Yates Petroleum Corporation (100%),W-ONSH,Onshore Oil & Gas Production,110589.0,,,,,,,
1008230,32.84142,-104.40106,Artesia,NM,88210,35015,EDDY COUNTY,105 South Fourth Street,,YPC 515 Powder River Basin,New Mexico,211111,2013,,DEFAULT,Green House Gas e-GGRT,538103,110022679485,,,W,,,,538103,Yates Petroleum Corporation (100%),W-ONSH,Onshore Oil & Gas Production,110586.0,,,,,,,
1008230,32.84142,-104.40106,Artesia,NM,88210,35015,EDDY COUNTY,105 South Fourth Street,,YPC 515 Powder River Basin,New Mexico,211111,2014,,DEFAULT,Green House Gas e-GGRT,538103,110022679485,,,W,,,,538103,Yates Petroleum Corporation (100%),W-ONSH,Onshore Oil & Gas Production,110582.0,,,,,,,
1008230,32.84142,-104.40106,Artesia,NM,88210,,,105 South Fourth Street,,YPC 515 Powder River Basin,New Mexico,211111,2015,,DEFAULT,Green House Gas e-GGRT,538103,,,,W,,,,538103,YATES PETROLEUM CORP (100%),W-ONSH,Onshore Oil & Gas Production,122919.0,,,,,,,
1008230,32.84142,-104.40106,Artesia,NM,88210,,,105 South Fourth Street,,YPC 515 Powder River Basin,New Mexico,211111,2016,,DEFAULT,Green House Gas e-GGRT,538103,,,,W,,,,538103,EOG Y Resources Inc (100%),W-ONSH,Onshore Oil & Gas Production,148955.0,,,,,,,
1008232,32.84142,-104.40106,Artesia,NM,88210,35015,EDDY COUNTY,105 South Fourth Street,,YPC 535 Green River Basin,New Mexico,211111,2011,,DEFAULT,Green House Gas e-GGRT,538105,110022679485,,,W,,,,538105,Yates Petroleum Corporation (100%),W-ONSH,Onshore Oil & Gas Production,110593.0,,,,,,,
1008232,32.84142,-104.40106,Artesia,NM,88210,35015,EDDY COUNTY,105 South Fourth Street,,YPC 535 Green River Basin,New Mexico,211111,2012,,DEFAULT,Green House Gas e-GGRT,538105,110022679485,,,W,,,,538105,Yates Petroleum Corporation (100%),W-ONSH,Onshore Oil & Gas Production,110590.0,,,,,,,
1008232,32.84142,-104.40106,Artesia,NM,88210,35015,EDDY COUNTY,105 South Fourth Street,,YPC 535 Green River Basin,New Mexico,211111,2013,,DEFAULT,Green House Gas e-GGRT,538105,110022679485,,,W,,,,538105,Yates Petroleum Corporation (100%),W-ONSH,Onshore Oil & Gas Production,110587.0,,,,,,,
1008232,32.84142,-104.40106,Artesia,NM,88210,35015,EDDY COUNTY,105 South Fourth Street,,YPC 535 Green River Basin,New Mexico,211111,2014,,DEFAULT,Green House Gas e-GGRT,538105,110022679485,,,W,,,,538105,Yates Petroleum Corporation (100%),W-ONSH,Onshore Oil & Gas Production,111460.0,,,,,,,
1008232,32.84142,-104.40106,Artesia,NM,88210,35015,EDDY COUNTY,105 South Fourth Street,,YPC 535 Green River Basin,New Mexico,211111,2015,,DEFAULT,Green House Gas e-GGRT,538105,110022679485,,,W,,,,538105,YATES PETROLEUM CORP (100%),W-ONSH,Onshore Oil & Gas Production,122920.0,,,,,,,
1008232,32.84142,-104.40106,Artesia,NM,88210,35015,EDDY COUNTY,105 South Fourth Street,,YPC 535 Green River Basin,New Mexico,211111,2016,,DEFAULT,Green House Gas e-GGRT,538105,110022679485,,,W,,,,538105,EOG Y Resources Inc (100%),W-ONSH,Onshore Oil & Gas Production,148956.0,,,,,,,
1008235,32.608207,-103.308827,Monument,NM,88265,,,43 Brady Lane,,"EPNG Station 6550 Monument Plant, NM",New Mexico,486210,2015,,CU_OTHERS,Green House Gas e-GGRT,538111,110055512663,,,"C,W",,,,538111,KINDER MORGAN INC (100%),"C,W-NGTC",Direct Emitter,172323.0,,,,,,,
1008235,32.608207,-103.308827,Monument,NM,88265,,,43 Brady Lane,,"EPNG Station 6550 Monument Plant, NM",New Mexico,486210,2016,,CU_OTHERS,Green House Gas e-GGRT,538111,110055512663,,,"C,W",,,,538111,KINDER MORGAN INC (100%),"C,W-NGTC",Direct Emitter,172314.0,,,,,,,
1008235,32.608207,-103.308827,Monument,NM,88265,,,43 Brady Lane,,"EPNG Station 6550 Monument Plant, NM",New Mexico,486210,2017,,CU_OTHERS,Green House Gas e-GGRT,538111,,,,"C,W",,,,538111,KINDER MORGAN INC (100%),"C,W-NGTC",Direct Emitter,170370.0,,,,,,,
1008235,32.608207,-103.308827,Monument,NM,88265,,,43 Brady Lane,,"EPNG Station 6550 Monument Plant, NM",New Mexico,486210,2018,,CU_OTHERS,Green House Gas e-GGRT,538111,,,,"C,W",,,,538111,KINDER MORGAN INC (100%),"C,W-NGTC",Direct Emitter,289618.0,,,,,,,
1008235,32.608207,-103.308827,Monument,NM,88265,,,43 Brady Lane,,"EPNG Station 6550 Monument Plant, NM",New Mexico,486210,2019,,CU_OTHERS,Green House Gas e-GGRT,538111,,,,"C,W",,,,538111,KINDER MORGAN INC (100%),"C,W-NGTC",Direct Emitter,289958.0,,,,,,,
1008235,32.608207,-103.308827,Monument,NM,88265,,,43 Brady Lane,,"EPNG Station 6550 Monument Plant, NM",New Mexico,486210,2020,,CU_OTHERS,Green House Gas e-GGRT,538111,,,,"C,W",,,,538111,KINDER MORGAN INC (100%),"C,W-NGTC",Direct Emitter,270061.0,,,,,,,
1008332,32.2995,-103.4539,JAL,NM,88252,35025,LEA COUNTY,,,ANTELOPE RIDGE GAS PLANT,New Mexico,211112,2013,,CU_OTHERS,FRS,110021329524,110038981778,,,"C,W",,,,537383,Phillips 66 (50%); SPECTRA ENERGY CORP (50%),"C,W-PROC",Direct Emitter,86146.0,,,,,,,
1008332,32.2995,-103.4539,JAL,NM,88252,35025,LEA COUNTY,,,ANTELOPE RIDGE GAS PLANT,New Mexico,211112,2014,,CU_OTHERS,FRS,110021329524,110038981778,,,"C,W",,,,537383,Phillips 66 (50%); SPECTRA ENERGY CORP (50%),"C,W-PROC",Direct Emitter,110889.0,,,,,,,
1008358,32.71629,-104.44602,Artesia,NM,88210,35015,EDDY COUNTY,278 Pipeline Road,,Agave Dagger Draw Gas Plant,New Mexico,211111,2013,,CU_OTHERS,Green House Gas e-GGRT,537993,110010658252,,,"C,PP,UU,W",,,,537993,Yates Petroleum Corporation (100%),"C,PP,UU,W-PROC","Supplier, Direct Emitter, CO2 Injection",94313.0,,,,,,,
1008358,32.71629,-104.44602,Artesia,NM,88210,35015,EDDY COUNTY,278 Pipeline Road,,Agave Dagger Draw Gas Plant,New Mexico,211111,2015,,CU_OTHERS,Green House Gas e-GGRT,537993,110010658252,,,"C,PP,UU,W",,,,537993,Agave Energy Holdings (100%),"C,PP,UU,W-PROC","Supplier, Direct Emitter, CO2 Injection",123122.0,,,,,,,
1008358,32.71629,-104.44602,Artesia,NM,88210,35015,EDDY COUNTY,278 Pipeline Road,,Agave Dagger Draw Gas Plant,New Mexico,211111,2016,,CU_OTHERS,Green House Gas e-GGRT,537993,110010658252,,,"C,PP,UU,W",,,,537993,AGAVE ENERGY HOLDINGS (100%),"C,PP,UU,W-PROC","Supplier, Direct Emitter, CO2 Injection",171443.0,,,,,,,
1008408,36.72176,-108.18322,Farmington,NM,87401,35045,SAN JUAN,2010 Afton Place,,Energen Resources 580 San Juan Basin,New Mexico,211111,2011,,DEFAULT,Green House Gas e-GGRT,537958,110055513216,,,W,,,,537958,Energen Corporation (100%),W-ONSH,Onshore Oil & Gas Production,35725.0,,,,,,,
1008408,36.72176,-108.18322,Farmington,NM,87401,35045,SAN JUAN,2010 Afton Place,,Energen Resources 580 San Juan Basin,New Mexico,211111,2012,,DEFAULT,Green House Gas e-GGRT,537958,110055513216,,,W,,,,537958,Energen Corporation (100%),W-ONSH,Onshore Oil & Gas Production,52232.0,,,,,,,
1008408,36.72176,-108.18322,Farmington,NM,87401,35045,SAN JUAN COUNTY,2010 Afton Place,,Energen Resources 580 San Juan Basin,New Mexico,211111,2013,,DEFAULT,Green House Gas e-GGRT,537958,110055513216,,,W,,,,537958,Energen Corporation (100%),W-ONSH,Onshore Oil & Gas Production,85551.0,,,,,,,
1008408,36.72176,-108.18322,Farmington,NM,87401,35045,SAN JUAN COUNTY,2010 Afton Place,,Energen Resources 580 San Juan Basin,New Mexico,211111,2014,,DEFAULT,Green House Gas e-GGRT,537958,110055513216,,,W,,,,537958,Energen Corporation (100%),W-ONSH,Onshore Oil & Gas Production,109088.0,,,,,,,
1008408,36.72176,-108.18322,Farmington,NM,87401,,,2010 Afton Place,,Energen Resources 580 San Juan Basin,New Mexico,211111,2015,,DEFAULT,Green House Gas e-GGRT,537958,,,,W,,,,537958,ENERGEN CORP (100%),W-ONSH,Onshore Oil & Gas Production,114724.0,,,,,,,
1008432,32.813792,-103.771877,Maljamar,NM,88264,35025,LEA,1001 Conoco Road,,Maljamar Gas Plant,New Mexico,211112,2011,,CU_OTHERS,Green House Gas e-GGRT,538285,110055513369,,,"C,W",,,,538285,"AKA ENERGY GROUP, LLC (100%)","C,W-PROC",Direct Emitter,34607.0,,,,,,,
1008432,32.813792,-103.771877,Maljamar,NM,88264,35025,LEA,1001 Conoco Road,,Maljamar Gas Plant,New Mexico,211112,2012,,CU_OTHERS,Green House Gas e-GGRT,538285,110055513369,,,"C,W",,,,538285,"AKA ENERGY GROUP, LLC (100%)","C,W-PROC",Direct Emitter,51713.0,,,,,,,
1008432,32.813792,-103.771877,Maljamar,NM,88264,35025,LEA COUNTY,1001 Conoco Road,,Maljamar Gas Plant,New Mexico,211112,2013,,CU_OTHERS,Green House Gas e-GGRT,538285,110055513369,,,"C,W",,,,538285,"AKA ENERGY GROUP, LLC (100%)","C,W-PROC",Direct Emitter,84176.0,,,,,,,
1008432,32.813792,-103.771877,Maljamar,NM,88264,35025,LEA COUNTY,1001 Conoco Road,,Maljamar Gas Plant,New Mexico,211112,2014,,CU_OTHERS,Green House Gas e-GGRT,538285,110055513369,,,"C,UU,W",,,,538285,"AKA ENERGY GROUP, LLC (100%)","C,UU,W-PROC","Direct Emitter, CO2 Injection",119455.0,,,,,,,
1008432,32.813889,-103.771944,Maljamar,NM,88264,35025,LEA COUNTY,1001 Conoco Road,,Maljamar Gas Plant,New Mexico,211112,2015,,CU_OTHERS,Green House Gas e-GGRT,538285,110000534020,,,"C,UU,W",,,,538285,AKA ENERGY GROUP LLC (100%),"C,UU,W-PROC","Direct Emitter, CO2 Injection",121574.0,,,,,,,
1008432,32.813889,-103.771944,Maljamar,NM,88264,35025,LEA COUNTY,1001 Conoco Road,,Maljamar Gas Plant,New Mexico,211112,2016,,CU_OTHERS,Green House Gas e-GGRT,538285,110000534020,,,"C,UU,W",,,,538285,AKA ENERGY GROUP LLC (100%),"C,UU,W-PROC","Direct Emitter, CO2 Injection",169648.0,,,,,,,
1008432,32.813889,-103.771944,Maljamar,NM,88264,35025,LEA COUNTY,1001 Conoco Road,,Maljamar Gas Plant,New Mexico,211112,2017,,CU_OTHERS,Green House Gas e-GGRT,538285,110000534020,,,"C,UU,W",,,,538285,AKA ENERGY GROUP LLC (100%),"C,UU,W-PROC","Direct Emitter, CO2 Injection",191797.0,,,,,,,
1008432,32.813889,-103.771944,Maljamar,NM,88264,35025,LEA COUNTY,1001 Conoco Road,,Maljamar Gas Plant,New Mexico,211130,2018,,CU_OTHERS,Green House Gas e-GGRT,538285,110000534020,,,"C,UU,W",,,,538285,AKA ENERGY GROUP LLC (100%),"C,UU,W-PROC","Direct Emitter, CO2 Injection",189035.0,,,,,,,
1008432,32.813889,-103.771944,Maljamar,NM,88264,35025,LEA COUNTY,1001 Conoco Road,,Maljamar Gas Plant,New Mexico,211130,2019,,CU_OTHERS,Green House Gas e-GGRT,538285,110000534020,,,"C,UU,W",,,,538285,Durango Midstream LLC (100%),"C,UU,W-PROC","Direct Emitter, CO2 Injection",241137.0,,,,,,,
1008432,32.813889,-103.771944,Maljamar,NM,88264,35025,LEA COUNTY,1001 Conoco Road,,Maljamar Gas Plant,New Mexico,211130,2020,,CU_OTHERS,Green House Gas e-GGRT,538285,110000534020,,,"C,UU,W",,,,538285,Durango Midstream LLC (100%),"C,UU,W-PROC","Direct Emitter, CO2 Injection",292657.0,,,,,,,
1008432,32.813889,-103.771944,Maljamar,NM,88264,35025,LEA COUNTY,1001 Conoco Road,,Maljamar Gas Plant,New Mexico,211130,2021,,CU_OTHERS,Green House Gas e-GGRT,538285,110000534020,,,"C,UU,W",,,,538285,Durango Midstream LLC (100%),"C,UU,W-PROC","Direct Emitter, CO2 Injection",330817.0,,,,,,,
1008432,32.813889,-103.771944,Maljamar,NM,88264,35025,LEA COUNTY,1001 Conoco Road,,Maljamar Gas Plant,New Mexico,211130,2022,,CU_OTHERS,Green House Gas e-GGRT,538285,110000534020,,,"C,UU,W",,,,538285,Durango Midstream LLC (100%),"C,UU,W-PROC","Direct Emitter, CO2 Injection",350477.0,,,,,,,
1008432,32.813889,-103.771944,Maljamar,NM,88264,35025,LEA COUNTY,1001 Conoco Road,,Maljamar Gas Plant,New Mexico,211130,2023,,CU_OTHERS,Green House Gas e-GGRT,538285,110000534020,,,"C,UU,W",,,,538285,Durango Midstream LLC (100%),"C,UU,W-PROC","Direct Emitter, CO2 Injection",369058.0,,,,,,,
1008540,36.71949,-108.19697,Farmington,NM,87401,35045,SAN JUAN COUNTY,709 E Murray Drive,,Dugan Production Corp- San Juan Basin,New Mexico,211111,2011,,DEFAULT,Green House Gas e-GGRT,538514,110022697615,,,W,,,,538514,Dugan Production Corp (100%),W-ONSH,Onshore Oil & Gas Production,111063.0,,,,,,,
1008540,36.71949,-108.19697,Farmington,NM,87401,35045,SAN JUAN COUNTY,709 E Murray Drive,,Dugan Production Corp- San Juan Basin,New Mexico,211111,2012,,DEFAULT,Green House Gas e-GGRT,538514,110022697615,,,W,,,,538514,Dugan Production Corp (100%),W-ONSH,Onshore Oil & Gas Production,111064.0,,,,,,,
1008540,36.71949,-108.19697,Farmington,NM,87401,35045,SAN JUAN COUNTY,709 E Murray Drive,,Dugan Production Corp- San Juan Basin,New Mexico,211111,2013,,DEFAULT,Green House Gas e-GGRT,538514,110022697615,,,W,,,,538514,Dugan Production Corp (100%),W-ONSH,Onshore Oil & Gas Production,111547.0,,,,,,,
1008540,36.71949,-108.19697,Farmington,NM,87401,35045,SAN JUAN COUNTY,709 E Murray Drive,,Dugan Production Corp- San Juan Basin,New Mexico,211111,2014,,DEFAULT,Green House Gas e-GGRT,538514,110022697615,,,W,,,,538514,Dugan Production Corp (100%),W-ONSH,Onshore Oil & Gas Production,111645.0,,,,,,,
1008540,36.71949,-108.19697,Farmington,NM,87401,,,709 E Murray Drive,,Dugan Production Corp- San Juan Basin,New Mexico,211111,2015,,DEFAULT,Green House Gas e-GGRT,538514,,,,W,,,,538514,DUGAN PRODUCTION CORP (100%),W-ONSH,Onshore Oil & Gas Production,239257.0,,,,,,,
1008540,36.71949,-108.19697,Farmington,NM,87401,,,709 E Murray Drive,,Dugan Production Corp- San Juan Basin,New Mexico,211111,2016,,DEFAULT,Green House Gas e-GGRT,538514,,,,W,,,,538514,DUGAN PRODUCTION CORP (100%),W-ONSH,Onshore Oil & Gas Production,319688.0,,,,,,,
1008540,36.71949,-108.19697,Farmington,NM,87401,,,709 E Murray Drive,,Dugan Production Corp- San Juan Basin,New Mexico,211111,2017,,DEFAULT,Green House Gas e-GGRT,538514,,,,W,,,,538514,DUGAN PRODUCTION CORP (100%),W-ONSH,Onshore Oil & Gas Production,172513.0,,,,,,,
1008540,36.71949,-108.19697,Farmington,NM,87401,,,709 E Murray Drive,,Dugan Production Corp- San Juan Basin,New Mexico,211130,2018,,DEFAULT,Green House Gas e-GGRT,538514,,Y,,W,,,,538514,DUGAN PRODUCTION CORP (100%),W-ONSH,Onshore Oil & Gas Production,190478.0,,,,,,,
1008540,36.71949,-108.19697,Farmington,NM,87401,,,709 E Murray Drive,,Dugan Production Corp- San Juan Basin,New Mexico,211130,2019,,DEFAULT,Green House Gas e-GGRT,538514,,,,W,,,,538514,DUGAN PRODUCTION CORP (100%),W-ONSH,Onshore Oil & Gas Production,240057.0,,,,,,,
1008540,36.71949,-108.19697,Farmington,NM,87401,,,709 E Murray Drive,,Dugan Production Corp- San Juan Basin,New Mexico,211130,2020,,DEFAULT,Green House Gas e-GGRT,538514,,,,W,,,,538514,DUGAN PRODUCTION CORP (100%),W-ONSH,Onshore Oil & Gas Production,294218.0,,,,,,,
1008540,36.71949,-108.19697,Farmington,NM,87401,,,709 E Murray Drive,,Dugan Production Corp- San Juan Basin,New Mexico,211130,2021,,DEFAULT,Green House Gas e-GGRT,538514,,,,W,,,,538514,DUGAN PRODUCTION CORP (100%),W-ONSH,Onshore Oil & Gas Production,351818.0,,,,,,,
1008540,36.71949,-108.19697,Farmington,NM,87401,,,709 E Murray Drive,,Dugan Production Corp- San Juan Basin,New Mexico,211130,2022,,DEFAULT,Green House Gas e-GGRT,538514,,,,W,,,,538514,DUGAN PRODUCTION CORP (100%),W-ONSH,Onshore Oil & Gas Production,351061.0,,,,,,,
1008540,36.71949,-108.19697,Farmington,NM,87401,,,709 E Murray Drive,,Dugan Production Corp- San Juan Basin,New Mexico,211130,2023,,DEFAULT,Green House Gas e-GGRT,538514,,,,W,,,,538514,DUGAN PRODUCTION CORP (100%),W-ONSH,Onshore Oil & Gas Production,368171.0,,,,,,,
1009141,36.7561,-108.05952,Aztec,NM,87410,35045,SAN JUAN COUNTY,382 Road 3100,,XTO Energy Inc 595 Piceance,New Mexico,211111,2013,,DEFAULT,Green House Gas e-GGRT,537431,110055516035,,,W,,,,537431,EXXONMOBIL CORP (100%),W-ONSH,Onshore Oil & Gas Production,103248.0,,,,,,,
1009141,36.7561,-108.05952,Aztec,NM,87410,35045,SAN JUAN COUNTY,382 Road 3100,,XTO Energy Inc 595 Piceance,New Mexico,211111,2014,,DEFAULT,Green House Gas e-GGRT,537431,110055516035,,,W,,,,537431,EXXONMOBIL CORP (100%),W-ONSH,Onshore Oil & Gas Production,105751.0,,,,,,,
1009141,36.7561,-108.05952,Aztec,NM,87410,,,382 Road 3100,,XTO Energy Inc 595 Piceance,New Mexico,211111,2015,,DEFAULT,Green House Gas e-GGRT,537431,,,,W,,,,537431,EXXONMOBIL CORP (100%),W-ONSH,Onshore Oil & Gas Production,193800.0,,,,,,,
1009141,36.7561,-108.05952,Aztec,NM,87410,,,382 Road 3100,,XTO Energy Inc 595 Piceance,New Mexico,211111,2016,,DEFAULT,Green House Gas e-GGRT,537431,,,,W,,,,537431,EXXONMOBIL CORP (100%),W-ONSH,Onshore Oil & Gas Production,172302.0,,,,,,,
1009141,36.7561,-108.05952,Aztec,NM,87410,,,382 Road 3100,,XTO Energy Inc 595 Piceance,New Mexico,211111,2017,,DEFAULT,Green House Gas e-GGRT,537431,,,,W,,,,537431,EXXONMOBIL CORP (100%),W-ONSH,Onshore Oil & Gas Production,172282.0,,,,,,,
1009141,36.7561,-108.05952,Aztec,NM,87410,,,382 Road 3100,,XTO Energy Inc 595 Piceance,New Mexico,211130,2018,,DEFAULT,Green House Gas e-GGRT,537431,,,,W,,,,537431,EXXON MOBIL CORP (100%),W-ONSH,Onshore Oil & Gas Production,304157.0,,,,,,,
1009141,36.7561,-108.05952,Aztec,NM,87410,,,382 Road 3100,,XTO Energy Inc 595 Piceance,New Mexico,211130,2019,,DEFAULT,Green House Gas e-GGRT,537431,,,,W,,,,537431,EXXON MOBIL CORP (100%),W-ONSH,Onshore Oil & Gas Production,209734.0,,,,,,,
1009141,36.7561,-108.05952,Aztec,NM,87410,,,382 Road 3100,,XTO Energy Inc 595 Piceance,New Mexico,211130,2020,,DEFAULT,Green House Gas e-GGRT,537431,,,,W,,,,537431,EXXON MOBIL CORP (100%),W-ONSH,Onshore Oil & Gas Production,304158.0,,,,,,,
1009142,36.7561,-108.05952,Aztec,NM,87410,35045,SAN JUAN,382 Road 3100,,XTO Energy Inc 580 San Juan,New Mexico,211111,2011,,DEFAULT,Green House Gas e-GGRT,537432,110055516035,,,W,,,,537432,ExxonMobil Corporation (100%),W-ONSH,Onshore Oil & Gas Production,40430.0,,,,,,,
1009142,36.7561,-108.05952,Aztec,NM,87410,35045,SAN JUAN,382 Road 3100,,XTO Energy Inc 580 San Juan,New Mexico,211111,2012,,DEFAULT,Green House Gas e-GGRT,537432,110055516035,,,W,,,,537432,EXXONMOBIL CORP (100%),W-ONSH,Onshore Oil & Gas Production,103124.0,,,,,,,
1009142,36.7561,-108.05952,Aztec,NM,87410,35045,SAN JUAN COUNTY,382 Road 3100,,XTO Energy Inc 580 San Juan,New Mexico,211111,2013,,DEFAULT,Green House Gas e-GGRT,537432,110055516035,,,W,,,,537432,EXXONMOBIL CORP (100%),W-ONSH,Onshore Oil & Gas Production,103250.0,,,,,,,
1009142,36.7561,-108.05952,Aztec,NM,87410,35045,SAN JUAN COUNTY,382 Road 3100,,XTO Energy Inc 580 San Juan,New Mexico,211111,2014,,DEFAULT,Green House Gas e-GGRT,537432,110055516035,,,W,,,,537432,EXXONMOBIL CORP (100%),W-ONSH,Onshore Oil & Gas Production,111541.0,,,,,,,
1009142,36.7561,-108.05952,Aztec,NM,87410,35045,SAN JUAN COUNTY,382 Road 3100,,XTO Energy Inc 580 San Juan,New Mexico,211111,2015,,DEFAULT,Green House Gas e-GGRT,537432,110055516035,,,W,,,,537432,EXXON MOBIL CORP (100%),W-ONSH,Onshore Oil & Gas Production,239199.0,,,,,,,
1009142,36.7561,-108.05952,Aztec,NM,87410,35045,SAN JUAN COUNTY,382 Road 3100,,XTO Energy Inc 580 San Juan,New Mexico,211111,2016,,DEFAULT,Green House Gas e-GGRT,537432,110055516035,,,W,,,,537432,EXXONMOBIL CORP (100%),W-ONSH,Onshore Oil & Gas Production,172346.0,,,,,,,
1009142,36.7561,-108.05952,Aztec,NM,87410,35045,SAN JUAN COUNTY,382 Road 3100,,XTO Energy Inc 580 San Juan,New Mexico,211111,2017,,DEFAULT,Green House Gas e-GGRT,537432,110055516035,,,W,,,,537432,EXXONMOBIL CORP (100%),W-ONSH,Onshore Oil & Gas Production,172283.0,,,,,,,
1009242,37.795963,-122.022317,Aztec,NM,87410,06013,CONTRA COSTA,332 Road 3100,,San Juan Basin,New Mexico,211111,2011,,DEFAULT,Green House Gas e-GGRT,537781,110002701238,,,W,,,,537781,CHEVRON CORP (100%),W-ONSH,Onshore Oil & Gas Production,125024.0,,,,,,,
1009242,37.795963,-122.022317,Farmington,NM,87401,06013,CONTRA COSTA,200 Energy Court,,San Juan Basin,New Mexico,211111,2012,,DEFAULT,Green House Gas e-GGRT,537781,110002701238,,,W,,,,537781,CHEVRON CORP (100%),W-ONSH,Onshore Oil & Gas Production,125027.0,,,,,,,
1009242,37.795963,-122.022317,Farmington,NM,87401,06013,CONTRA COSTA COUNTY,200 Energy Court,,San Juan Basin,New Mexico,211111,2013,,DEFAULT,Green House Gas e-GGRT,537781,110002701238,,,W,,,,537781,CHEVRON CORP (100%),W-ONSH,Onshore Oil & Gas Production,111353.0,,,,,,,
1009242,37.795963,-122.022317,Farmington,NM,87401,06013,CONTRA COSTA COUNTY,200 Energy Court,,San Juan Basin,New Mexico,211111,2014,,DEFAULT,Green House Gas e-GGRT,537781,110002701238,,,W,,,,537781,CHEVRON CORP (100%),W-ONSH,Onshore Oil & Gas Production,156539.0,,,,,,,
1009242,37.795963,-122.022317,Farmington,NM,87401,,,200 Energy Court,,San Juan Basin,New Mexico,211111,2015,,DEFAULT,Green House Gas e-GGRT,537781,,,,W,,,,537781,CHEVRON CORP (100%),W-ONSH,Onshore Oil & Gas Production,116233.0,,,,,,,
1009242,37.795963,-122.022317,Farmington,NM,87401,,,200 Energy Court,,San Juan Basin,New Mexico,211111,2016,,DEFAULT,Green House Gas e-GGRT,537781,,,,W,,,,537781,CHEVRON CORP (100%),W-ONSH,Onshore Oil & Gas Production,156532.0,,,,,,,
1009242,37.795963,-122.022317,Farmington,NM,87401,,,200 Energy Court,,San Juan Basin,New Mexico,211111,2017,,DEFAULT,Green House Gas e-GGRT,537781,,,,W,,,,537781,Enduring Resources (100%),W-ONSH,Onshore Oil & Gas Production,170039.0,,,,,,,
1009242,37.795963,-122.022317,Farmington,NM,87401,,,200 Energy Court,,San Juan Basin,New Mexico,211120,2018,,DEFAULT,Green House Gas e-GGRT,537781,,,,W,,,,537781,ENDURING RESOURCES LLC (100%),W-ONSH,Onshore Oil & Gas Production,188739.0,,,,,,,
1009242,37.795963,-122.022317,Farmington,NM,87401,,,200 Energy Court,,San Juan Basin,New Mexico,211120,2019,,DEFAULT,Green House Gas e-GGRT,537781,,,,W,,,,537781,ENDURING RESOURCES LLC (100%),W-ONSH,Onshore Oil & Gas Production,221317.0,,,,,,,
1009242,37.795963,-122.022317,Farmington,NM,87401,,,200 Energy Court,,San Juan Basin,New Mexico,211120,2020,,DEFAULT,Green House Gas e-GGRT,537781,,,,W,,,,537781,ENDURING RESOURCES LLC (100%),W-ONSH,Onshore Oil & Gas Production,285137.0,,,,,,,
1009242,37.795963,-122.022317,Farmington,NM,87401,,,200 Energy Court,,San Juan Basin,New Mexico,211120,2021,,DEFAULT,Green House Gas e-GGRT,537781,,,,W,,,,537781,ENDURING RESOURCES LLC (100%),W-ONSH,Onshore Oil & Gas Production,317902.0,,,,,,,
1009242,37.795963,-122.022317,Farmington,NM,87401,,,200 Energy Court,,San Juan Basin,New Mexico,211120,2022,,DEFAULT,Green House Gas e-GGRT,537781,,,,W,,,,537781,ENDURING RESOURCES LLC (100%),W-ONSH,Onshore Oil & Gas Production,349590.0,,,,,,,
1009242,37.795963,-122.022317,Farmington,NM,87401,,,200 Energy Court,,San Juan Basin,New Mexico,211120,2023,,DEFAULT,Green House Gas e-GGRT,537781,,,,W,,,,537781,ENDURING RESOURCES LLC (100%),W-ONSH,Onshore Oil & Gas Production,369458.0,,,,,,,
1009331,36.348812,-107.953184,Bloomfield,NM,87413,35045,SAN JUAN COUNTY,81 County Road 4900,,EPNG Station 6526 Blanco,New Mexico,486210,2011,,CU_OTHERS,Green House Gas e-GGRT,538064,110070082030,,,"C,W",,,,538064,EL PASO CORP (100%),"C,W-NGTC",Direct Emitter,35985.0,,,,,,,
1009331,36.348812,-107.953184,Bloomfield,NM,87413,35045,SAN JUAN COUNTY,81 County Road 4900,,EPNG Station 6526 Blanco,New Mexico,486210,2012,,CU_OTHERS,Green House Gas e-GGRT,538064,110070082030,,,"C,W",,,,538064,"Kinder Morgan Energy Partners, L.P. (100%)","C,W-NGTC",Direct Emitter,56471.0,,,,,,,
1009331,36.348812,-107.953184,Bloomfield,NM,87413,35045,SAN JUAN COUNTY,81 County Road 4900,,EPNG Station 6526 Blanco,New Mexico,486210,2013,,CU_OTHERS,Green House Gas e-GGRT,538064,110070082030,,,"C,W",,,,538064,"Kinder Morgan Energy Partners, L.P. (100%)","C,W-NGTC",Direct Emitter,89206.0,,,,,,,
1009331,36.348812,-107.953184,Bloomfield,NM,87413,35045,SAN JUAN COUNTY,81 County Road 4900,,EPNG Station 6526 Blanco,New Mexico,486210,2014,,CU_OTHERS,Green House Gas e-GGRT,538064,110070082030,,,"C,W",,,,538064,"Kinder Morgan Energy Partners, L.P. (100%)","C,W-NGTC",Direct Emitter,104010.0,,,,,,,
1009331,36.348812,-107.953184,Bloomfield,NM,87413,35045,SAN JUAN COUNTY,81 County Road 4900,,EPNG Station 6526 Blanco,New Mexico,486210,2015,,CU_OTHERS,Green House Gas e-GGRT,538064,110071159806,,,"C,W",,,,538064,KINDER MORGAN INC (100%),"C,W-NGTC",Direct Emitter,157796.0,,,,,,,
1009331,36.348812,-107.953184,Bloomfield,NM,87413,35045,SAN JUAN COUNTY,81 County Road 4900,,EPNG Station 6526 Blanco,New Mexico,486210,2016,,CU_OTHERS,Green House Gas e-GGRT,538064,110071159806,,,"C,W",,,,538064,KINDER MORGAN INC (100%),"C,W-NGTC",Direct Emitter,136099.0,,,,,,,
1009331,36.348812,-107.953184,Bloomfield,NM,87413,35045,SAN JUAN COUNTY,81 County Road 4900,,EPNG Station 6526 Blanco,New Mexico,486210,2017,,CU_OTHERS,Green House Gas e-GGRT,538064,110071159806,,,"C,W",,,,538064,KINDER MORGAN INC (100%),"C,W-NGTC",Direct Emitter,324112.0,,,,,,,
1009331,36.348812,-107.953184,Bloomfield,NM,87413,35045,SAN JUAN COUNTY,81 County Road 4900,,EPNG Station 6526 Blanco,New Mexico,486210,2018,,CU_OTHERS,Green House Gas e-GGRT,538064,110071159806,,,"C,W",,,,538064,KINDER MORGAN INC (100%),"C,W-NGTC",Direct Emitter,324114.0,,,,,,,
1009331,36.348812,-107.953184,Bloomfield,NM,87413,35045,SAN JUAN COUNTY,81 County Road 4900,,EPNG Station 6526 Blanco,New Mexico,486210,2019,,CU_OTHERS,Green House Gas e-GGRT,538064,110071159806,,,"C,W",,,,538064,KINDER MORGAN INC (100%),"C,W-NGTC",Direct Emitter,324117.0,,,,,,,
1009331,36.348812,-107.953184,Bloomfield,NM,87413,35045,SAN JUAN COUNTY,81 County Road 4900,,EPNG Station 6526 Blanco,New Mexico,486210,2020,,CU_OTHERS,Green House Gas e-GGRT,538064,110071159806,,,"C,W",,,,538064,KINDER MORGAN INC (100%),"C,W-NGTC",Direct Emitter,323606.0,,,,,,,
1009331,36.348812,-107.953184,Bloomfield,NM,87413,35045,SAN JUAN COUNTY,81 County Road 4900,,EPNG Station 6526 Blanco,New Mexico,486210,2021,,CU_OTHERS,Green House Gas e-GGRT,538064,110071159806,,,"C,W",,,,538064,KINDER MORGAN INC (100%),"C,W-NGTC",Direct Emitter,310602.0,,,,,,,
1009331,36.348812,-107.953184,Bloomfield,NM,87413,35045,SAN JUAN COUNTY,81 County Road 4900,,EPNG Station 6526 Blanco,New Mexico,486210,2022,,CU_OTHERS,Green House Gas e-GGRT,538064,110071159806,,,"C,W",,,,538064,KINDER MORGAN INC (100%),"C,W-NGTC",Direct Emitter,349365.0,,,,,,,
1009331,36.348812,-107.953184,Bloomfield,NM,87413,35045,SAN JUAN COUNTY,81 County Road 4900,,EPNG Station 6526 Blanco,New Mexico,486210,2023,,CU_OTHERS,Green House Gas e-GGRT,538064,110071159806,,,"C,W",,,,538064,KINDER MORGAN INC (100%),"C,W-NGTC",Direct Emitter,358975.0,,,,,,,
1009389,36.7561,-108.05952,Aztec,NM,87410,35045,SAN JUAN,382 Road 3100,,XTO Energy Inc 575 Uintah,New Mexico,211111,2011,,DEFAULT,Green House Gas e-GGRT,537433,110055516035,,,W,,,,537433,ExxonMobil Corporation (100%),W-ONSH,Onshore Oil & Gas Production,40433.0,,,,,,,
1009389,36.7561,-108.05952,Aztec,NM,87410,35045,SAN JUAN,382 Road 3100,,XTO Energy Inc 575 Uintah,New Mexico,211111,2012,,DEFAULT,Green House Gas e-GGRT,537433,110055516035,,,W,,,,537433,EXXONMOBIL CORP (100%),W-ONSH,Onshore Oil & Gas Production,103128.0,,,,,,,
1009389,36.7561,-108.05952,Aztec,NM,87410,35045,SAN JUAN COUNTY,382 Road 3100,,XTO Energy Inc 575 Uintah,New Mexico,211111,2013,,DEFAULT,Green House Gas e-GGRT,537433,110055516035,,,W,,,,537433,EXXONMOBIL CORP (100%),W-ONSH,Onshore Oil & Gas Production,103253.0,,,,,,,
1009435,36.7914962,-108.1310083,Farmington,NM,87402,,,6540 East Main,,"Coleman Oil & Gas, Inc. 022 San Juan Basin Province",New Mexico,211111,2011,,DEFAULT,Green House Gas e-GGRT,538878,110055516785,,,W,,,,538878,"Coleman Oil and Gas, Inc. (100%)",W-ONSH,Onshore Oil & Gas Production,37181.0,,,,,,,
1009901,32.275303,-108.067506,Deming,NM,88030,35029,LUNA,1900 Deming Station Road SW,,"EPNG Station 6525 Florida, NM",New Mexico,486210,2012,,CU_OTHERS,Green House Gas e-GGRT,544153,110055518293,,,"C,W",,,,544153,"Kinder Morgan Energy Partners, L.P. (100%)","C,W-NGTC",Direct Emitter,56175.0,,,,,,,
1009901,32.275303,-108.067506,Deming,NM,88030,35029,LUNA COUNTY,1900 Deming Station Road SW,,"EPNG Station 6525 Florida, NM",New Mexico,486210,2013,,CU_OTHERS,Green House Gas e-GGRT,544153,110055518293,,,"C,W",,,,544153,"Kinder Morgan Energy Partners, L.P. (100%)","C,W-NGTC",Direct Emitter,89640.0,,,,,,,
1009901,32.275303,-108.067506,Deming,NM,88030,35029,LUNA COUNTY,1900 Deming Station Road SW,,"EPNG Station 6525 Florida, NM",New Mexico,486210,2014,,CU_OTHERS,Green House Gas e-GGRT,544153,110055518293,,,"C,W",,,,544153,"Kinder Morgan Energy Partners, L.P. (100%)","C,W-NGTC",Direct Emitter,104007.0,,,,,,,
1009901,32.275303,-108.067506,Deming,NM,88030,35029,LUNA COUNTY,1900 Deming Station Road SW,,"EPNG Station 6525 Florida, NM",New Mexico,486210,2015,,CU_OTHERS,Green House Gas e-GGRT,544153,110055518293,,,"C,W",,,,544153,KINDER MORGAN INC (100%),"C,W-NGTC",Direct Emitter,156633.0,,,,,,,
1009901,32.275303,-108.067506,Deming,NM,88030,35029,LUNA COUNTY,1900 Deming Station Road SW,,"EPNG Station 6525 Florida, NM",New Mexico,486210,2016,,CU_OTHERS,Green House Gas e-GGRT,544153,110055518293,,,"C,W",,,,544153,KINDER MORGAN INC (100%),"C,W-NGTC",Direct Emitter,136082.0,,,,,,,
1009901,32.275303,-108.067506,Deming,NM,88030,35029,LUNA COUNTY,1900 Deming Station Road SW,,"EPNG Station 6525 Florida, NM",New Mexico,486210,2017,,CU_OTHERS,Green House Gas e-GGRT,544153,110055518293,,,"C,W",,,,544153,KINDER MORGAN INC (100%),"C,W-NGTC",Direct Emitter,170233.0,,,,,,,
1009901,32.275303,-108.067506,Deming,NM,88030,35029,LUNA COUNTY,1900 Deming Station Road SW,,"EPNG Station 6525 Florida, NM",New Mexico,486210,2018,,CU_OTHERS,Green House Gas e-GGRT,544153,110055518293,,,"C,W",,,,544153,KINDER MORGAN INC (100%),"C,W-NGTC",Direct Emitter,289560.0,,,,,,,
1009901,32.275303,-108.067506,Deming,NM,88030,35029,LUNA COUNTY,1900 Deming Station Road SW,,"EPNG Station 6525 Florida, NM",New Mexico,486210,2019,,CU_OTHERS,Green House Gas e-GGRT,544153,110055518293,,,"C,W",,,,544153,KINDER MORGAN INC (100%),"C,W-NGTC",Direct Emitter,289825.0,,,,,,,
1009901,32.275303,-108.067506,Deming,NM,88030,35029,LUNA COUNTY,1900 Deming Station Road SW,,"EPNG Station 6525 Florida, NM",New Mexico,486210,2020,,CU_OTHERS,Green House Gas e-GGRT,544153,110055518293,,,"C,W",,,,544153,KINDER MORGAN INC (100%),"C,W-NGTC",Direct Emitter,291379.0,,,,,,,
1009901,32.275303,-108.067506,Deming,NM,88030,35029,LUNA COUNTY,1900 Deming Station Road SW,,"EPNG Station 6525 Florida, NM",New Mexico,486210,2021,,CU_OTHERS,Green House Gas e-GGRT,544153,110055518293,,,"C,W",,,,544153,KINDER MORGAN INC (100%),"C,W-NGTC",Direct Emitter,319958.0,,,,,,,
1009901,32.275303,-108.067506,Deming,NM,88030,35029,LUNA COUNTY,1900 Deming Station Road SW,,"EPNG Station 6525 Florida, NM",New Mexico,486210,2022,,CU_OTHERS,Green House Gas e-GGRT,544153,110055518293,,,"C,W",,,,544153,KINDER MORGAN INC (100%),"C,W-NGTC",Direct Emitter,339854.0,,,,,,,
1009901,32.275303,-108.067506,Deming,NM,88030,35029,LUNA COUNTY,1900 Deming Station Road SW,,"EPNG Station 6525 Florida, NM",New Mexico,486210,2023,,CU_OTHERS,Green House Gas e-GGRT,544153,110055518293,,,"C,W",,,,544153,KINDER MORGAN INC (100%),"C,W-NGTC",Direct Emitter,358997.0,,,,,,,
1009980,33.39817,-104.52277,Roswell,NM,88201,35005,CHAVES COUNTY,"500 North Main St., Suite 1",,"Nadel and Gussman Heyco, LLC Permian Basin No. 430",New Mexico,211111,2011,,DEFAULT,Green House Gas e-GGRT,544437,110020821789,,,W,,,,544437,"Nadel and Gussman HEYCO, LLC (100%)",W-ONSH,Onshore Oil & Gas Production,38821.0,,,,,,,
1009980,33.39817,-104.52277,Roswell,NM,88201,35005,CHAVES COUNTY,"500 North Main St., Suite 1",,"Nadel and Gussman Heyco, LLC Permian Basin No. 430",New Mexico,211111,2012,,DEFAULT,Green House Gas e-GGRT,544437,110020821789,,,W,,,,544437,"Nadel and Gussman HEYCO, LLC (100%)",W-ONSH,Onshore Oil & Gas Production,46622.0,,,,,,,
1009980,33.39817,-104.52277,Roswell,NM,88201,35005,CHAVES COUNTY,"500 North Main St., Suite 1",,"Nadel and Gussman Heyco, LLC Permian Basin No. 430",New Mexico,211111,2014,,DEFAULT,Green House Gas e-GGRT,544437,110020821789,,,W,,,,544437,"Nadel and Gussman HEYCO, LLC (100%)",W-ONSH,Onshore Oil & Gas Production,111084.0,,,,,,,
1010224,36.75668,-107.97866,Bloomfield,NM,87413,35045,SAN JUAN,3200 North 1st St. (PO Box 249),,"Black Hills Exploration and Production (New Mexico, San Juan Basin Field Facilities)",New Mexico,211111,2011,,DEFAULT,Green House Gas e-GGRT,545917,110055519924,,,W,,,,545917,BLACK HILLS CORPORATION (100%),W-ONSH,Onshore Oil & Gas Production,110556.0,,,,,,,
1010224,36.75668,-107.97866,Bloomfield,NM,87413,35045,SAN JUAN,3200 North 1st St. (PO Box 249),,"Black Hills Exploration and Production (New Mexico, San Juan Basin Field Facilities)",New Mexico,211111,2012,,DEFAULT,Green House Gas e-GGRT,545917,110055519924,,,W,,,,545917,BLACK HILLS CORPORATION (100%),W-ONSH,Onshore Oil & Gas Production,110594.0,,,,,,,
1010224,36.75668,-107.97866,Bloomfield,NM,87413,35045,SAN JUAN COUNTY,3200 North 1st St. (PO Box 249),,"Black Hills Exploration and Production (New Mexico, San Juan Basin Field Facilities)",New Mexico,211111,2013,,DEFAULT,Green House Gas e-GGRT,545917,110055519924,,,W,,,,545917,BLACK HILLS CORPORATION (100%),W-ONSH,Onshore Oil & Gas Production,110595.0,,,,,,,
1010224,36.75668,-107.97866,Bloomfield,NM,87413,35045,SAN JUAN COUNTY,3200 North 1st St. (PO Box 249),,"Black Hills Exploration and Production (New Mexico, San Juan Basin Field Facilities)",New Mexico,211111,2014,,DEFAULT,Green House Gas e-GGRT,545917,110055519924,,,W,,,,545917,BLACK HILLS CORPORATION (100%),W-ONSH,Onshore Oil & Gas Production,110599.0,,,,,,,
1010224,36.75668,-107.97866,Bloomfield,NM,87413,,,3200 North 1st St. (PO Box 249),,"Black Hills Exploration and Production (New Mexico, San Juan Basin Field Facilities)",New Mexico,211111,2015,,DEFAULT,Green House Gas e-GGRT,545917,,,,W,,,,545917,BLACK HILLS CORP (100%),W-ONSH,Onshore Oil & Gas Production,187952.0,,,,,,,
1010477,32.31603,-108.6068,Lordsburg,NM,88045,35023,HIDALGO,,,EPNG Station 6543 Lordsburg,New Mexico,486210,2012,,CU_OTHERS,Green House Gas e-GGRT,547797,110055520814,,,"C,W",,,,547797,"Kinder Morgan Energy Partners, L.P. (100%)","C,W-NGTC",Direct Emitter,55208.0,,,,,,,
1010477,32.31603,-108.6068,Lordsburg,NM,88045,35023,HIDALGO COUNTY,,,EPNG Station 6543 Lordsburg,New Mexico,486210,2013,,CU_OTHERS,Green House Gas e-GGRT,547797,110055520814,,,"C,W",,,,547797,"Kinder Morgan Energy Partners, L.P. (100%)","C,W-NGTC",Direct Emitter,88122.0,,,,,,,
1010477,32.31603,-108.6068,Lordsburg,NM,88045,35023,HIDALGO COUNTY,,,EPNG Station 6543 Lordsburg,New Mexico,486210,2014,,CU_OTHERS,Green House Gas e-GGRT,547797,110055520814,,,"C,W",,,,547797,"Kinder Morgan Energy Partners, L.P. (100%)","C,W-NGTC",Direct Emitter,104012.0,,,,,,,
1010477,32.31603,-108.6068,Lordsburg,NM,88045,35023,HIDALGO COUNTY,,,EPNG Station 6543 Lordsburg,New Mexico,486210,2015,,CU_OTHERS,Green House Gas e-GGRT,547797,110071160952,,,"C,W",,,,547797,KINDER MORGAN INC (100%),"C,W-NGTC",Direct Emitter,172328.0,,,,,,,
1010477,32.31603,-108.6068,Lordsburg,NM,88045,35023,HIDALGO COUNTY,,,EPNG Station 6543 Lordsburg,New Mexico,486210,2016,,CU_OTHERS,Green House Gas e-GGRT,547797,110071160952,,,"C,W",,,,547797,KINDER MORGAN INC (100%),"C,W-NGTC",Direct Emitter,156545.0,,,,,,,
1010477,32.31603,-108.6068,Lordsburg,NM,88045,35023,HIDALGO COUNTY,,,EPNG Station 6543 Lordsburg,New Mexico,486210,2017,,CU_OTHERS,Green House Gas e-GGRT,547797,110071160952,,,"C,W",,,,547797,KINDER MORGAN INC (100%),"C,W-NGTC",Direct Emitter,170234.0,,,,,,,
1010477,32.31603,-108.6068,Lordsburg,NM,88045,35023,HIDALGO COUNTY,,,EPNG Station 6543 Lordsburg,New Mexico,486210,2018,,CU_OTHERS,Green House Gas e-GGRT,547797,110071160952,,,"C,W",,,,547797,KINDER MORGAN INC (100%),"C,W-NGTC",Direct Emitter,289617.0,,,,,,,
1010477,32.31603,-108.6068,Lordsburg,NM,88045,35023,HIDALGO COUNTY,,,EPNG Station 6543 Lordsburg,New Mexico,486210,2019,,CU_OTHERS,Green House Gas e-GGRT,547797,110071160952,,,"C,W",,,,547797,KINDER MORGAN INC (100%),"C,W-NGTC",Direct Emitter,289941.0,,,,,,,
1010477,32.31603,-108.6068,Lordsburg,NM,88045,35023,HIDALGO COUNTY,,,EPNG Station 6543 Lordsburg,New Mexico,486210,2020,,CU_OTHERS,Green House Gas e-GGRT,547797,110071160952,,,"C,W",,,,547797,KINDER MORGAN INC (100%),"C,W-NGTC",Direct Emitter,291380.0,,,,,,,
1010477,32.31603,-108.6068,Lordsburg,NM,88045,35023,HIDALGO COUNTY,,,EPNG Station 6543 Lordsburg,New Mexico,486210,2021,,CU_OTHERS,Green House Gas e-GGRT,547797,110071160952,,,"C,W",,,,547797,KINDER MORGAN INC (100%),"C,W-NGTC",Direct Emitter,309889.0,,,,,,,
1010477,32.31603,-108.6068,Lordsburg,NM,88045,35023,HIDALGO COUNTY,,,EPNG Station 6543 Lordsburg,New Mexico,486210,2022,,CU_OTHERS,Green House Gas e-GGRT,547797,110071160952,,,"C,W",,,,547797,KINDER MORGAN INC (100%),"C,W-NGTC",Direct Emitter,339855.0,,,,,,,
1010477,32.31603,-108.6068,Lordsburg,NM,88045,35023,HIDALGO COUNTY,,,EPNG Station 6543 Lordsburg,New Mexico,486210,2023,,CU_OTHERS,Green House Gas e-GGRT,547797,110071160952,,,"C,W",,,,547797,KINDER MORGAN INC (100%),"C,W-NGTC",Direct Emitter,359005.0,,,,,,,
1010488,32.630257,-103.873545,Carlsbad,NM,88220,35015,EDDY COUNTY,492 Shugart Road,,Chaparral Gas Plant,New Mexico,211111,2015,,CU_OTHERS,Green House Gas e-GGRT,547907,110038367111,,,"C,W",,,,547907,ENTERPRISE PRODUCTS PARTNERS LP (100%),"C,W-PROC",Direct Emitter,147977.0,,,,,,,
1010488,32.630257,-103.873545,Carlsbad,NM,88220,35015,EDDY COUNTY,492 Shugart Road,,Chaparral Gas Plant,New Mexico,211111,2016,,CU_OTHERS,Green House Gas e-GGRT,547907,110038367111,,,"C,W",,,,547907,ENTERPRISE PRODUCTS PARTNERS LP (100%),"C,W-PROC",Direct Emitter,156034.0,,,,,,,
1010488,32.630257,-103.873545,Carlsbad,NM,88220,35015,EDDY COUNTY,492 Shugart Road,,Chaparral Gas Plant,New Mexico,211111,2017,,CU_OTHERS,Green House Gas e-GGRT,547907,110038367111,,,"C,W",,,,547907,ENTERPRISE PRODUCTS PARTNERS LP (100%),"C,W-PROC",Direct Emitter,161927.0,,,,,,,
1010488,32.630257,-103.873545,Carlsbad,NM,88220,35015,EDDY COUNTY,492 Shugart Road,,Chaparral Gas Plant,New Mexico,211130,2018,,CU_OTHERS,Green House Gas e-GGRT,547907,110038367111,,,"C,W",,,,547907,ENTERPRISE PRODUCTS PARTNERS LP (100%),"C,W-PROC",Direct Emitter,189101.0,,,,,,,
1010488,32.630257,-103.873545,Carlsbad,NM,88220,35015,EDDY COUNTY,492 Shugart Road,,Chaparral Gas Plant,New Mexico,211130,2019,,CU_OTHERS,Green House Gas e-GGRT,547907,110038367111,,,"C,W",,,,547907,ENTERPRISE PRODUCTS PARTNERS LP (100%),"C,W-PROC",Direct Emitter,207302.0,,,,,,,
1010488,32.630257,-103.873545,Carlsbad,NM,88220,35015,EDDY COUNTY,492 Shugart Road,,Chaparral Gas Plant,New Mexico,211130,2020,,CU_OTHERS,Green House Gas e-GGRT,547907,110038367111,,,"C,W",,,,547907,ENTERPRISE PRODUCTS PARTNERS LP (100%),"C,W-PROC",Direct Emitter,264848.0,,,,,,,
1010488,32.630257,-103.873545,Carlsbad,NM,88220,35015,EDDY COUNTY,492 Shugart Road,,Chaparral Gas Plant,New Mexico,211130,2021,,CU_OTHERS,Green House Gas e-GGRT,547907,110038367111,,,"C,W",,,,547907,ENTERPRISE PRODUCTS PARTNERS LP (100%),"C,W-PROC",Direct Emitter,309946.0,,,,,,,
1010488,32.630257,-103.873545,Carlsbad,NM,88220,35015,EDDY COUNTY,492 Shugart Road,,Chaparral Gas Plant,New Mexico,211130,2022,,CU_OTHERS,Green House Gas e-GGRT,547907,110038367111,,,"C,W",,,,547907,ENTERPRISE PRODUCTS PARTNERS LP (100%),"C,W-PROC",Direct Emitter,342459.0,,,,,,,
1010488,32.630257,-103.873545,Carlsbad,NM,88220,35015,EDDY COUNTY,492 Shugart Road,,Chaparral Gas Plant,New Mexico,211130,2023,,CU_OTHERS,Green House Gas e-GGRT,547907,110038367111,,,"C,W",,,,547907,ENTERPRISE PRODUCTS PARTNERS LP (100%),"C,W-PROC",Direct Emitter,360147.0,,,,,,,
1010559,32.081918,-104.485005,Carlsbad,NM,88220,,,"32.082, -104.485",,"EPNG Station 6595 Washington Ranch, NM",New Mexico,486210,2015,,CU_OTHERS,Green House Gas e-GGRT,547808,110055521172,,,"C,W",,,,547808,KINDER MORGAN INC (100%),"C,W-PROC,W-UNSTG",Direct Emitter,157800.0,,,,,,,
1010559,32.081918,-104.485005,Carlsbad,NM,88220,,,"32.082, -104.485",,"EPNG Station 6595 Washington Ranch, NM",New Mexico,486210,2016,,CU_OTHERS,Green House Gas e-GGRT,547808,110055521172,,,"C,W",,,,547808,KINDER MORGAN INC (100%),"C,W-PROC,W-UNSTG",Direct Emitter,156643.0,,,,,,,
1010559,32.081918,-104.485005,Carlsbad,NM,88220,,,"32.082, -104.485",,"EPNG Station 6595 Washington Ranch, NM",New Mexico,486210,2017,,CU_OTHERS,Green House Gas e-GGRT,547808,,,,"C,W",,,,547808,KINDER MORGAN INC (100%),"C,W-PROC,W-UNSTG",Direct Emitter,170236.0,,,,,,,
1010559,32.081918,-104.485005,Carlsbad,NM,88220,,,"32.082, -104.485",,"EPNG Station 6595 Washington Ranch, NM",New Mexico,486210,2018,,CU_OTHERS,Green House Gas e-GGRT,547808,,,,"C,W",,,,547808,KINDER MORGAN INC (100%),"C,W-PROC,W-UNSTG",Direct Emitter,290619.0,,,,,,,
1010559,32.081918,-104.485005,Carlsbad,NM,88220,,,"32.082, -104.485",,"EPNG Station 6595 Washington Ranch, NM",New Mexico,486210,2019,,CU_OTHERS,Green House Gas e-GGRT,547808,,,,"C,W",,,,547808,KINDER MORGAN INC (100%),"C,W-PROC,W-UNSTG",Direct Emitter,304137.0,,,,,,,
1010559,32.081918,-104.485005,Carlsbad,NM,88220,,,"32.082, -104.485",,"EPNG Station 6595 Washington Ranch, NM",New Mexico,486210,2020,,CU_OTHERS,Green House Gas e-GGRT,547808,,,,"C,W",,,,547808,KINDER MORGAN INC (100%),"C,W-PROC,W-UNSTG",Direct Emitter,270081.0,,,,,,,
1010559,32.081918,-104.485005,Carlsbad,NM,88220,,,"32.082, -104.485",,"EPNG Station 6595 Washington Ranch, NM",New Mexico,486210,2021,,CU_OTHERS,Green House Gas e-GGRT,547808,,,,"C,W",,,,547808,KINDER MORGAN INC (100%),"C,W-PROC,W-UNSTG",Direct Emitter,309923.0,,,,,,,
1010559,32.081918,-104.485005,Carlsbad,NM,88220,,,"32.082, -104.485",,"EPNG Station 6595 Washington Ranch, NM",New Mexico,486210,2022,,CU_OTHERS,Green House Gas e-GGRT,547808,,,,"C,W",,,,547808,KINDER MORGAN INC (100%),"C,W-PROC,W-UNSTG",Direct Emitter,339865.0,,,,,,,
1010559,32.081918,-104.485005,Carlsbad,NM,88220,,,"32.082, -104.485",,"EPNG Station 6595 Washington Ranch, NM",New Mexico,486210,2023,,CU_OTHERS,Green House Gas e-GGRT,547808,,,,"C,W",,,,547808,KINDER MORGAN INC (100%),"C,W-PROC,W-UNSTG",Direct Emitter,365364.0,,,,,,,
1010955,32.268790484065,-107.74437960606,Deming,NM,88030,35029,LUNA COUNTY,309 South Gold Avenue,,City of Deming,New Mexico,221210,2013,,DEFAULT,Green House Gas e-GGRT,553137,110056413091,,,"NN,W",,,,553137,City of Deming (100%),"NN-LDC,W-LDC","Supplier, LDC - Direct Emissions",92475.0,,,,,,,
1010955,32.268790484065,-107.74437960606,Deming,NM,88030,35029,LUNA COUNTY,309 South Gold Avenue,,City of Deming,New Mexico,221210,2014,,DEFAULT,Green House Gas e-GGRT,553137,110056413091,,,"NN,W",,,,553137,City of Deming (100%),"NN-LDC,W-LDC","Supplier, LDC - Direct Emissions",108756.0,,,,,,,
1010955,32.268790484065,-107.74437960606,Deming,NM,88030,,,1275 E. Pine St,,City of Deming,New Mexico,221210,2018,,DEFAULT,Green House Gas e-GGRT,553137,,,,"NN,W",,,,553137,CITY OF DEMING (100%),"NN-LDC,W-LDC","Supplier, LDC - Direct Emissions",178420.0,,,,,,,
1010955,32.268790484065,-107.74437960606,Deming,NM,88030,,,1275 E. Pine St,,City of Deming,New Mexico,221210,2019,,DEFAULT,Green House Gas e-GGRT,553137,,,,"NN,W",,,,553137,CITY OF DEMING (100%),"NN-LDC,W-LDC","Supplier, LDC - Direct Emissions",269306.0,,,,,,,
1010955,32.268790484065,-107.74437960606,Deming,NM,88030,,,1275 E. Pine St,,City of Deming,New Mexico,221210,2020,,DEFAULT,Green House Gas e-GGRT,553137,,,,"NN,W",,,,553137,CITY OF DEMING (100%),"NN-LDC,W-LDC","Supplier, LDC - Direct Emissions",269282.0,,,,,,,
1010955,32.268790484065,-107.74437960606,Deming,NM,88030,,,1275 E. Pine St,,City of Deming,New Mexico,221210,2021,,DEFAULT,Green House Gas e-GGRT,553137,,,,"NN,W",,,,553137,CITY OF DEMING (100%),"NN-LDC,W-LDC","Supplier, LDC - Direct Emissions",319293.0,,,,,,,
1010955,32.268790484065,-107.74437960606,Deming,NM,88030,,,1275 E. Pine St,,City of Deming,New Mexico,221210,2022,,DEFAULT,Green House Gas e-GGRT,553137,,,,"NN,W",,,,553137,CITY OF DEMING NEW MEXICO (100%),"NN-LDC,W-LDC","Supplier, LDC - Direct Emissions",350518.0,,,,,,,
1010955,32.268790484065,-107.74437960606,Deming,NM,88030,,,1275 E. Pine St,,City of Deming,New Mexico,221210,2023,,DEFAULT,Green House Gas e-GGRT,553137,,,,"NN,W",,,,553137,CITY OF DEMING NEW MEXICO (100%),"NN-LDC,W-LDC","Supplier, LDC - Direct Emissions",369326.0,,,,,,,
1010955,32.268790484065,-107.74437960606,Deming,NM,88030,,,309 South Gold Avenue,,City of Deming,New Mexico,221210,2015,,DEFAULT,Green House Gas e-GGRT,553137,,,,"NN,W",,,,553137,CITY OF DEMING (100%),"NN-LDC,W-LDC","Supplier, LDC - Direct Emissions",142796.0,,,,,,,
1010955,32.268790484065,-107.74437960606,Deming,NM,88030,,,309 South Gold Avenue,,City of Deming,New Mexico,221210,2016,,DEFAULT,Green House Gas e-GGRT,553137,,,,"NN,W",,,,553137,CITY OF DEMING (100%),"NN-LDC,W-LDC","Supplier, LDC - Direct Emissions",138040.0,,,,,,,
1010955,32.268790484065,-107.74437960606,Deming,NM,88030,,,309 South Gold Avenue,,City of Deming,New Mexico,221210,2017,,DEFAULT,Green House Gas e-GGRT,553137,,,,"NN,W",,,,553137,CITY OF DEMING (100%),"NN-LDC,W-LDC","Supplier, LDC - Direct Emissions",168352.0,,,,,,,
1011020,32.1137,-106.853,La Mesa,NM,88044,35013,DONA ANA COUNTY,,,"EPNG Station 6503 Afton, NM",New Mexico,486210,2020,,CU_OTHERS,Green House Gas e-GGRT,553577,110070930976,,,"C,W",,,,553577,KINDER MORGAN INC (100%),"C,W-NGTC",Direct Emitter,291338.0,,,,,,,
1011020,32.1137,-106.853,La Mesa,NM,88044,35013,DONA ANA COUNTY,,,"EPNG Station 6503 Afton, NM",New Mexico,486210,2021,,CU_OTHERS,Green House Gas e-GGRT,553577,110070930976,,,"C,W",,,,553577,KINDER MORGAN INC (100%),"C,W-NGTC",Direct Emitter,309914.0,,,,,,,
1011020,32.1137,-106.853,La Mesa,NM,88044,35013,DONA ANA COUNTY,,,"EPNG Station 6503 Afton, NM",New Mexico,486210,2022,,CU_OTHERS,Green House Gas e-GGRT,553577,110070930976,,,"C,W",,,,553577,KINDER MORGAN INC (100%),"C,W-NGTC",Direct Emitter,339858.0,,,,,,,
1011020,32.1137,-106.853,La Mesa,NM,88044,35013,DONA ANA COUNTY,,,"EPNG Station 6503 Afton, NM",New Mexico,486210,2023,,CU_OTHERS,Green House Gas e-GGRT,553577,110070930976,,,"C,W",,,,553577,KINDER MORGAN INC (100%),"C,W-NGTC",Direct Emitter,359014.0,,,,,,,
1011064,32.210433,-103.521409,Jal,NM,88252,35025,LEA COUNTY,1934 W NM Highway 128,,Red Hills Gas Processing Plant,New Mexico,211111,2013,,CU_OTHERS,Green House Gas e-GGRT,553798,110057067739,,,"C,W",,,,553798,Yates Petroleum Corporation (100%),"C,W-PROC",Direct Emitter,90597.0,,,,,,,
1011064,32.210433,-103.521409,Jal,NM,88252,35025,LEA COUNTY,1934 W NM Highway 128,,Red Hills Gas Processing Plant,New Mexico,211111,2014,,CU_OTHERS,Green House Gas e-GGRT,553798,110057067739,,,"C,W",,,,553798,Yates Petroleum Corporation (100%),"C,W-PROC",Direct Emitter,124458.0,,,,,,,
1011064,32.210433,-103.521409,Jal,NM,88252,35025,LEA COUNTY,1934 W NM Highway 128,,Red Hills Gas Processing Plant,New Mexico,211111,2015,,CU_OTHERS,Green House Gas e-GGRT,553798,110057067739,,,"C,W",,,,553798,Agave Energy Holdings (100%),"C,W-PROC",Direct Emitter,118363.0,,,,,,,
1011064,32.210433,-103.521409,Jal,NM,88252,35025,LEA COUNTY,1934 W NM Highway 128,,Red Hills Gas Processing Plant,New Mexico,211111,2016,,CU_OTHERS,Green House Gas e-GGRT,553798,110057067739,,,"C,W",,,,553798,AGAVE ENERGY HOLDINGS (100%),"C,W-PROC",Direct Emitter,144175.0,,,,,,,
1011064,32.210433,-103.521409,Jal,NM,88252,35025,LEA COUNTY,1934 W NM Highway 128,,Red Hills Gas Processing Plant,New Mexico,211111,2017,,CU_OTHERS,Green House Gas e-GGRT,553798,110057067739,,,"C,W",,,,553798,LUCID ENERGY DELAWARE (100%),"C,W-PROC",Direct Emitter,172454.0,,,,,,,
1011064,32.210433,-103.521409,Jal,NM,88252,35025,LEA COUNTY,1934 W NM Highway 128,,Red Hills Gas Processing Plant,New Mexico,211130,2018,,CU_OTHERS,Green House Gas e-GGRT,553798,110057067739,,,"C,W",,,,553798,LUCID ENERGY DELAWARE (100%),"C,W-PROC",Direct Emitter,182521.0,,,,,,,
1011064,32.210433,-103.521409,Jal,NM,88252,35025,LEA COUNTY,1934 W NM Highway 128,,Red Hills Gas Processing Plant,New Mexico,211130,2019,,CU_OTHERS,Green House Gas e-GGRT,553798,110057067739,,,"C,W",,,,553798,LUCID ENERGY GROUP II LLC (100%),"C,W-PROC",Direct Emitter,240378.0,,,,,,,
1011064,32.210433,-103.521409,Jal,NM,88252,35025,LEA COUNTY,1934 W NM Highway 128,,Red Hills Gas Processing Plant,New Mexico,211130,2020,,CU_OTHERS,Green House Gas e-GGRT,553798,110057067739,,,"C,W",,,,553798,LUCID ENERGY GROUP II LLC (100%),"C,W-PROC",Direct Emitter,267919.0,,,,,,,
1011064,32.210433,-103.521409,Jal,NM,88252,35025,LEA COUNTY,1934 W NM Highway 128,,Red Hills Gas Processing Plant,New Mexico,211130,2021,,CU_OTHERS,Green House Gas e-GGRT,553798,110057067739,,,"C,PP,RR (RPT),W",,,,553798,LUCID ENERGY GROUP II LLC (100%),"C,PP,RR (RPT),W-PROC","Supplier, Direct Emitter, CO2 Injection",353782.0,,,,,https://www.epa.gov/system/files/documents/2021-12/rhgpp_mrvplan.pdf,https://www.epa.gov/ghgreporting/subpart-rr-annual-monitoring-reports,
1011064,32.210433,-103.521409,Jal,NM,88252,35025,LEA COUNTY,1934 W NM Highway 128,,Red Hills Gas Processing Plant,New Mexico,211130,2022,,CU_OTHERS,Green House Gas e-GGRT,553798,110057067739,,,"C,PP,RR (RPT),W",,,,553798,LUCID ENERGY GROUP II LLC (100%),"C,PP,RR (RPT),W-PROC","Supplier, Direct Emitter, CO2 Injection",369280.0,,,,,https://www.epa.gov/system/files/documents/2021-12/rhgpp_mrvplan.pdf,https://www.epa.gov/ghgreporting/subpart-rr-annual-monitoring-reports,
1011064,32.210433,-103.521409,Jal,NM,88252,35025,LEA COUNTY,1934 W NM Highway 128,,Red Hills Gas Processing Plant,New Mexico,211130,2023,,CU_OTHERS,Green House Gas e-GGRT,553798,110057067739,,,"C,PP,RR (RPT),W",,,,553798,LUCID ENERGY GROUP II LLC (100%),"C,PP,RR (RPT),W-PROC","Supplier, Direct Emitter, CO2 Injection",369347.0,,,,,https://www.epa.gov/system/files/documents/2021-12/rhgpp_mrvplan.pdf,https://www.epa.gov/ghgreporting/subpart-rr-annual-monitoring-reports,
1011072,32.195718,-104.105015,MALAGA,NM,88263,35015,EDDY COUNTY,393 HIGBY HOLE RD,,WILLOW LAKE COMPRESSOR STATION,New Mexico,211112,2017,,CU_OTHERS,Green House Gas e-GGRT,553840,110056294497,,,"C,W",,,,553840,CRESTWOOD MIDSTREAM PARTNERS LP (100%),"C,W-PROC",Direct Emitter,163381.0,,,,,,,
1011072,32.195718,-104.105015,MALAGA,NM,88263,35015,EDDY COUNTY,393 HIGBY HOLE RD,,WILLOW LAKE COMPRESSOR STATION,New Mexico,211130,2018,,CU_OTHERS,Green House Gas e-GGRT,553840,110056294497,,,"C,W",,,,553840,CRESTWOOD MIDSTREAM PARTNERS LP (100%),"C,W-PROC",Direct Emitter,183736.0,,,,,,,
1011278,32.262797,-104.144584,Loving,NM,88256,35015,EDDY COUNTY,827 Bounds Road,,Palo Duro Gas Processing Facility,New Mexico,211111,2013,,CU_OTHERS,Green House Gas e-GGRT,556017,110046491827,,,"C,W",,,,556017,Yates Petroleum Corporation (100%),"C,W-PROC",Direct Emitter,110551.0,,,,,,,
1011278,32.262797,-104.144584,Loving,NM,88256,35015,EDDY COUNTY,827 Bounds Road,,Palo Duro Gas Processing Facility,New Mexico,211111,2014,,CU_OTHERS,Green House Gas e-GGRT,556017,110046491827,,,"C,W",,,,556017,Yates Petroleum Corporation (100%),"C,W-PROC",Direct Emitter,111080.0,,,,,,,
1011278,32.262797,-104.144584,Loving,NM,88256,35015,EDDY COUNTY,827 Bounds Road,,Palo Duro Gas Processing Facility,New Mexico,211111,2015,,CU_OTHERS,Green House Gas e-GGRT,556017,110046491827,,,"C,W",,,,556017,Agave Energy Holdings (100%),"C,W-PROC",Direct Emitter,118375.0,,,,,,,
1011278,32.262797,-104.144584,Loving,NM,88256,35015,EDDY COUNTY,827 Bounds Road,,Palo Duro Gas Processing Facility,New Mexico,211111,2016,,CU_OTHERS,Green House Gas e-GGRT,556017,110046491827,,,"C,W",,,,556017,AGAVE ENERGY HOLDINGS (100%),"C,W-PROC",Direct Emitter,138679.0,,,,,,,
1011356,32.643022,-103.8088667,Lea County,NM,88240,35025,Lea,,,ZIA II GAS PLANT,New Mexico,211130,2017,,CU_OTHERS,Green House Gas e-GGRT,557038,,,,"C,PP,UU,W",,,,557038,DCP MIDSTREAM LP (100%),"C,PP,UU,W-PROC","Supplier, Direct Emitter, CO2 Injection",214997.0,,,,,,,
1011356,32.643022,-103.8088667,Lea County,NM,88240,35025,Lea,,,ZIA II GAS PLANT,New Mexico,211130,2018,,CU_OTHERS,Green House Gas e-GGRT,557038,,,,"C,PP,UU,W",,,,557038,DCP MIDSTREAM LP (100%),"C,PP,UU,W-PROC","Supplier, Direct Emitter, CO2 Injection",214077.0,,,,,,,
1011356,32.643022,-103.8088667,Lea County,NM,88240,35025,Lea,,,ZIA II GAS PLANT,New Mexico,211130,2019,,CU_OTHERS,Green House Gas e-GGRT,557038,,,,"C,PP,UU,W",,,,557038,DCP MIDSTREAM LP (100%),"C,PP,UU,W-PROC","Supplier, Direct Emitter, CO2 Injection",236121.0,,,,,,,
1011356,32.643022,-103.8088667,Lea County,NM,88240,35025,Lea,,,ZIA II GAS PLANT,New Mexico,211130,2020,,CU_OTHERS,Green House Gas e-GGRT,557038,,,,"C,PP,UU,W",,,,557038,DCP MIDSTREAM LP (100%),"C,PP,UU,W-PROC","Supplier, Direct Emitter, CO2 Injection",292257.0,,,,,,,
1011356,32.643022,-103.8088667,Lea County,NM,88240,35025,Lea,,,ZIA II GAS PLANT,New Mexico,211130,2021,,CU_OTHERS,Green House Gas e-GGRT,557038,,,,"C,PP,UU,W",,,,557038,DCP MIDSTREAM LP (100%),"C,PP,UU,W-PROC","Supplier, Direct Emitter, CO2 Injection",310611.0,,,,,,,
1011356,32.643022,-103.8088667,Lea County,NM,88240,35025,Lea,,,ZIA II GAS PLANT,New Mexico,211130,2022,,CU_OTHERS,Green House Gas e-GGRT,557038,,,,"C,PP,UU,W",,,,557038,DCP MIDSTREAM LP (100%),"C,PP,UU,W-PROC","Supplier, Direct Emitter, CO2 Injection",349140.0,,,,,,,
1011356,32.643022,-103.8088667,Lea County,NM,88240,35025,Lea,,,ZIA II GAS PLANT,New Mexico,211130,2023,,CU_OTHERS,Green House Gas e-GGRT,557038,,,,"C,PP,UU,W",,,,557038,PHILLIPS 66 (86.8%); ENBRIDGE (US) INC (13.2%),"C,PP,UU,W-PROC","Supplier, Direct Emitter, CO2 Injection",360404.0,,,,,,,
1011356,32.643022,-103.8088667,Lea County,NM,88240,35025,LEA COUNTY,,,ZIA II GAS PLANT,New Mexico,211112,2015,,CU_OTHERS,Green House Gas e-GGRT,557038,110059777120,,,"C,PP,UU,W",,,,557038,Phillips 66 (50%); SPECTRA ENERGY (50%),"C,PP,UU,W-PROC","Supplier, Direct Emitter, CO2 Injection",121929.0,,,,,,,
1011356,32.643022,-103.8088667,Lea County,NM,88240,35025,LEA COUNTY,,,ZIA II GAS PLANT,New Mexico,211112,2016,,CU_OTHERS,Green House Gas e-GGRT,557038,110059777120,,,"C,PP,UU,W",,,,557038,Phillips 66 (50%); SPECTRA ENERGY (50%),"C,PP,UU,W-PROC","Supplier, Direct Emitter, CO2 Injection",143246.0,,,,,,,
1012193,36.08256,-95.67245,Bloomfield,NM,87413,,,1755 Arroyo Dr,,Williams G&B Facility  San Juan Basin 580,New Mexico,213112,2016,,DEFAULT,Green House Gas e-GGRT,563818,110070082205,,,W,,,,563818,"WILLIAMS PARTNERS, LP (100%)",W-GB,Onshore Gathering & Boosting,158974.0,,,,,,,
1012193,36.08256,-95.67245,Bloomfield,NM,87413,,,1755 Arroyo Dr,,Williams G&B Facility  San Juan Basin 580,New Mexico,213112,2017,,DEFAULT,Green House Gas e-GGRT,563818,110070082205,,,W,,,35.0,563818,WILLIAMS PARTNERS LP (100%),W-GB,Onshore Gathering & Boosting,171654.0,,,,,,,
1012193,36.08256,-95.67245,Bloomfield,NM,87413,,,1755 Arroyo Dr,,Williams G&B Facility  San Juan Basin 580,New Mexico,213112,2018,,DEFAULT,Green House Gas e-GGRT,563818,110070082205,,,W,,,35.0,563818,HARVEST PIPELINE CO (100%),W-GB,Onshore Gathering & Boosting,189028.0,,,,,,,
1012193,36.08256,-95.67245,Bloomfield,NM,87413,,,1755 Arroyo Dr,,Williams G&B Facility  San Juan Basin 580,New Mexico,213112,2019,,DEFAULT,Green House Gas e-GGRT,563818,110070082205,,,W,,,35.0,563818,HARVEST PIPELINE CO (100%),W-GB,Onshore Gathering & Boosting,212352.0,,,,,,,
1012193,36.08256,-95.67245,Bloomfield,NM,87413,,,1755 Arroyo Dr,,Williams G&B Facility  San Juan Basin 580,New Mexico,213112,2020,,DEFAULT,Green House Gas e-GGRT,563818,110070082205,,,W,,,35.0,563818,HARVEST PIPELINE CO (100%),W-GB,Onshore Gathering & Boosting,268437.0,,,,,,,
1012193,36.08256,-95.67245,Bloomfield,NM,87413,,,1755 Arroyo Dr,,Williams G&B Facility  San Juan Basin 580,New Mexico,213112,2021,,DEFAULT,Green House Gas e-GGRT,563818,110070082205,,,W,,,35.0,563818,HARVEST PIPELINE CO (100%),W-GB,Onshore Gathering & Boosting,327541.0,,,,,,,
1012193,36.08256,-95.67245,Bloomfield,NM,87413,,,1755 Arroyo Dr,,Williams G&B Facility  San Juan Basin 580,New Mexico,213112,2022,,DEFAULT,Green House Gas e-GGRT,563818,110070082205,,,W,,,35.0,563818,HARVEST PIPELINE CO (100%),W-GB,Onshore Gathering & Boosting,350264.0,,,,,,,
1012193,36.08256,-95.67245,Bloomfield,NM,87413,,,1755 Arroyo Dr,,Williams G&B Facility  San Juan Basin 580,New Mexico,213112,2023,,DEFAULT,Green House Gas e-GGRT,563818,110070082205,,,W,,,35.0,563818,HARVEST PIPELINE CO (100%),W-GB,Onshore Gathering & Boosting,367373.0,,,,,,,
1012310,36.72769,-108.16206,Farmington,NM,87401,35045,SAN JUAN COUNTY,200 Energy Court,,San Juan Basin Gathering and Boosting,New Mexico,211111,2016,,DEFAULT,Green House Gas e-GGRT,564087,110061101891,,,W,,,,564087,CHEVRON CORP (100%),W-GB,Onshore Gathering & Boosting,134808.0,,,,,,,
1012310,36.72769,-108.16206,Farmington,NM,87401,35045,SAN JUAN COUNTY,200 Energy Court,,San Juan Basin Gathering and Boosting,New Mexico,211111,2017,,DEFAULT,Green House Gas e-GGRT,564087,110061101891,,,W,,,,564087,"ENDURING RESOURCES, LLC (100%)",W-GB,Onshore Gathering & Boosting,167587.0,,,,,,,
1012310,36.72769,-108.16206,Farmington,NM,87401,35045,SAN JUAN COUNTY,200 Energy Court,,San Juan Basin Gathering and Boosting,New Mexico,211120,2018,,DEFAULT,Green House Gas e-GGRT,564087,110061101891,,,W,,,,564087,ENDURING RESOURCES LLC (100%),W-GB,Onshore Gathering & Boosting,214717.0,,,,,,,
1012310,36.72769,-108.16206,Farmington,NM,87401,35045,SAN JUAN COUNTY,200 Energy Court,,San Juan Basin Gathering and Boosting,New Mexico,211120,2019,,DEFAULT,Green House Gas e-GGRT,564087,110061101891,,,W,,,,564087,ENDURING RESOURCES LLC (100%),W-GB,Onshore Gathering & Boosting,216617.0,,,,,,,
1012310,36.72769,-108.16206,Farmington,NM,87401,35045,SAN JUAN COUNTY,200 Energy Court,,San Juan Basin Gathering and Boosting,New Mexico,211120,2020,,DEFAULT,Green House Gas e-GGRT,564087,110061101891,,,W,,,,564087,ENDURING RESOURCES LLC (100%),W-GB,Onshore Gathering & Boosting,272577.0,,,,,,,
1012310,36.72769,-108.16206,Farmington,NM,87401,35045,SAN JUAN COUNTY,200 Energy Court,,San Juan Basin Gathering and Boosting,New Mexico,211120,2021,,DEFAULT,Green House Gas e-GGRT,564087,110061101891,,,W,,,,564087,ENDURING RESOURCES LLC (100%),W-GB,Onshore Gathering & Boosting,312115.0,,,,,,,
1012310,36.72769,-108.16206,Farmington,NM,87401,35045,SAN JUAN COUNTY,200 Energy Court,,San Juan Basin Gathering and Boosting,New Mexico,211120,2022,,DEFAULT,Green House Gas e-GGRT,564087,110061101891,,,W,,,,564087,ENDURING RESOURCES LLC (100%),W-GB,Onshore Gathering & Boosting,348246.0,,,,,,,
1012310,36.72769,-108.16206,Farmington,NM,87401,35045,SAN JUAN COUNTY,200 Energy Court,,San Juan Basin Gathering and Boosting,New Mexico,211120,2023,,DEFAULT,Green House Gas e-GGRT,564087,110061101891,,,W,,,,564087,ENDURING RESOURCES LLC (100%),W-GB,Onshore Gathering & Boosting,364907.0,,,,,,,
1012453,36.2699403,-108.1903059,Famington,NM,87499,,,709 E. Murray Drive,,Dugan Production Corp-San Juan Basin G&B,New Mexico,211111,2016,,DEFAULT,Green House Gas e-GGRT,564681,110070082296,,,W,,,,564681,DUGAN PRODUCTION CORP (100%),W-GB,Onshore Gathering & Boosting,324796.0,,,,,,,
1012453,36.2699403,-108.1903059,Famington,NM,87499,,,709 E. Murray Drive,,Dugan Production Corp-San Juan Basin G&B,New Mexico,211111,2017,,DEFAULT,Green House Gas e-GGRT,564681,,,,W,,,,564681,DUGAN PRODUCTION CORP (100%),W-GB,Onshore Gathering & Boosting,171597.0,,,,,,,
1012453,36.2699403,-108.1903059,Famington,NM,87499,,,709 E. Murray Drive,,Dugan Production Corp-San Juan Basin G&B,New Mexico,211130,2018,,DEFAULT,Green House Gas e-GGRT,564681,,,,W,,,,564681,DUGAN PRODUCTION CORP (100%),W-GB,Onshore Gathering & Boosting,182833.0,,,,,,,
1012453,36.2699403,-108.1903059,Famington,NM,87499,,,709 E. Murray Drive,,Dugan Production Corp-San Juan Basin G&B,New Mexico,211130,2019,,DEFAULT,Green House Gas e-GGRT,564681,,,,W,,,,564681,DUGAN PRODUCTION CORP (100%),W-GB,Onshore Gathering & Boosting,319689.0,,,,,,,
1012453,36.2699403,-108.1903059,Famington,NM,87499,,,709 E. Murray Drive,,Dugan Production Corp-San Juan Basin G&B,New Mexico,211130,2020,,DEFAULT,Green House Gas e-GGRT,564681,,,,W,,,,564681,DUGAN PRODUCTION CORP (100%),W-GB,Onshore Gathering & Boosting,293557.0,,,,,,,
1012453,36.2699403,-108.1903059,Famington,NM,87499,,,709 E. Murray Drive,,Dugan Production Corp-San Juan Basin G&B,New Mexico,211130,2021,,DEFAULT,Green House Gas e-GGRT,564681,,,,W,,,,564681,DUGAN PRODUCTION CORP (100%),W-GB,Onshore Gathering & Boosting,351287.0,,,,,,,
1012453,36.2699403,-108.1903059,Famington,NM,87499,,,709 E. Murray Drive,,Dugan Production Corp-San Juan Basin G&B,New Mexico,211130,2022,,DEFAULT,Green House Gas e-GGRT,564681,,,,W,,,,564681,DUGAN PRODUCTION CORP (100%),W-GB,Onshore Gathering & Boosting,351084.0,,,,,,,
1012453,36.2699403,-108.1903059,Famington,NM,87499,,,709 E. Murray Drive,,Dugan Production Corp-San Juan Basin G&B,New Mexico,211130,2023,,DEFAULT,Green House Gas e-GGRT,564681,,,,W,,,,564681,DUGAN PRODUCTION CORP (100%),W-GB,Onshore Gathering & Boosting,361953.0,,,,,,,
1012463,32.161288,-103.828358,Loving,NM,88256,35015,EDDY COUNTY,,,South Eddy Cryo Plant,New Mexico,211112,2016,,CU_OTHERS,Green House Gas e-GGRT,565224,110071161971,,,"C,W",,,,565224,ENTERPRISE PRODUCTS PARTNERS LP (100%),"C,W-PROC",Direct Emitter,152335.0,,,,,,,
1012463,32.161288,-103.828358,Loving,NM,88256,35015,EDDY COUNTY,,,South Eddy Cryo Plant,New Mexico,211112,2017,,CU_OTHERS,Green House Gas e-GGRT,565224,110071161971,,,"C,W",,,,565224,ENTERPRISE PRODUCTS PARTNERS LP (100%),"C,W-PROC",Direct Emitter,162535.0,,,,,,,
1012463,32.161288,-103.828358,Loving,NM,88256,35015,EDDY COUNTY,,,South Eddy Cryo Plant,New Mexico,211130,2018,,CU_OTHERS,Green House Gas e-GGRT,565224,110071161971,,,"C,W",,,,565224,ENTERPRISE PRODUCTS PARTNERS LP (100%),"C,W-PROC",Direct Emitter,189102.0,,,,,,,
1012463,32.161288,-103.828358,Loving,NM,88256,35015,EDDY COUNTY,,,South Eddy Cryo Plant,New Mexico,211130,2019,,CU_OTHERS,Green House Gas e-GGRT,565224,110071161971,,,"C,W",,,,565224,ENTERPRISE PRODUCTS PARTNERS LP (100%),"C,W-PROC",Direct Emitter,230880.0,,,,,,,
1012463,32.161288,-103.828358,Loving,NM,88256,35015,EDDY COUNTY,,,South Eddy Cryo Plant,New Mexico,211130,2020,,CU_OTHERS,Green House Gas e-GGRT,565224,110071161971,,,"C,W",,,,565224,ENTERPRISE PRODUCTS PARTNERS LP (100%),"C,W-PROC",Direct Emitter,264858.0,,,,,,,
1012463,32.161288,-103.828358,Loving,NM,88256,35015,EDDY COUNTY,,,South Eddy Cryo Plant,New Mexico,211130,2021,,CU_OTHERS,Green House Gas e-GGRT,565224,110071161971,,,"C,W",,,,565224,ENTERPRISE PRODUCTS PARTNERS LP (100%),"C,W-PROC",Direct Emitter,310268.0,,,,,,,
1012463,32.161288,-103.828358,Loving,NM,88256,35015,EDDY COUNTY,,,South Eddy Cryo Plant,New Mexico,211130,2022,,CU_OTHERS,Green House Gas e-GGRT,565224,110071161971,,,"C,W",,,,565224,ENTERPRISE PRODUCTS PARTNERS LP (100%),"C,W-PROC",Direct Emitter,342971.0,,,,,,,
1012463,32.161288,-103.828358,Loving,NM,88256,35015,EDDY COUNTY,,,South Eddy Cryo Plant,New Mexico,211130,2023,,CU_OTHERS,Green House Gas e-GGRT,565224,110071161971,,,"C,W",,,,565224,ENTERPRISE PRODUCTS PARTNERS LP (100%),"C,W-PROC",Direct Emitter,360151.0,,,,,,,
1012577,36.7561,-108.05952,Aztec,NM,87410,35045,SAN JUAN COUNTY,382 Road 3100,,XTO Energy Inc 575 Uintah  GB,New Mexico,211111,2016,,DEFAULT,Green House Gas e-GGRT,565683,110071161902,,,W,,,,565683,EXXONMOBIL CORP (100%),W-GB,Onshore Gathering & Boosting,155075.0,,,,,,,
1012577,36.7561,-108.05952,Aztec,NM,87410,35045,SAN JUAN COUNTY,382 Road 3100,,XTO Energy Inc 575 Uintah  GB,New Mexico,211111,2017,,DEFAULT,Green House Gas e-GGRT,565683,110071161902,,,W,,,,565683,EXXONMOBIL CORP (100%),W-GB,Onshore Gathering & Boosting,172183.0,,,,,,,
1012577,36.7561,-108.05952,Aztec,NM,87410,35045,SAN JUAN COUNTY,382 Road 3100,,XTO Energy Inc 575 Uintah  GB,New Mexico,211130,2018,,DEFAULT,Green House Gas e-GGRT,565683,110071161902,,,W,,,,565683,EXXONMOBIL CORP (100%),W-GB,Onshore Gathering & Boosting,200685.0,,,,,,,
1012577,36.7561,-108.05952,Aztec,NM,87410,35045,SAN JUAN COUNTY,382 Road 3100,,XTO Energy Inc 575 Uintah  GB,New Mexico,211130,2019,,DEFAULT,Green House Gas e-GGRT,565683,110071161902,,,W,,,,565683,EXXON MOBIL CORP (100%),W-GB,Onshore Gathering & Boosting,237560.0,,,,,,,
1012581,36.7561,-108.05952,Aztec,NM,87410,35045,SAN JUAN COUNTY,382 Road 3100,,XTO Energy Inc 595 Piceance  GB,New Mexico,211111,2016,,DEFAULT,Green House Gas e-GGRT,565646,110071161902,,,W,,,,565646,EXXONMOBIL CORP (100%),W-GB,Onshore Gathering & Boosting,155054.0,,,,,,,
1012581,36.7561,-108.05952,Aztec,NM,87410,35045,SAN JUAN COUNTY,382 Road 3100,,XTO Energy Inc 595 Piceance  GB,New Mexico,211111,2017,,DEFAULT,Green House Gas e-GGRT,565646,110071161902,,,W,,,,565646,EXXONMOBIL CORP (100%),W-GB,Onshore Gathering & Boosting,172185.0,,,,,,,
1012581,36.7561,-108.05952,Aztec,NM,87410,35045,SAN JUAN COUNTY,382 Road 3100,,XTO Energy Inc 595 Piceance  GB,New Mexico,211130,2018,,DEFAULT,Green House Gas e-GGRT,565646,110071161902,,,W,,,,565646,EXXONMOBIL CORP (100%),W-GB,Onshore Gathering & Boosting,200684.0,,,,,,,
1012581,36.7561,-108.05952,Aztec,NM,87410,35045,SAN JUAN COUNTY,382 Road 3100,,XTO Energy Inc 595 Piceance  GB,New Mexico,211130,2019,,DEFAULT,Green House Gas e-GGRT,565646,110071161902,,,W,,,,565646,EXXON MOBIL CORP (100%),W-GB,Onshore Gathering & Boosting,209730.0,,,,,,,
1012581,36.7561,-108.05952,Aztec,NM,87410,35045,SAN JUAN COUNTY,382 Road 3100,,XTO Energy Inc 595 Piceance  GB,New Mexico,211130,2020,,DEFAULT,Green House Gas e-GGRT,565646,110071161902,,,W,,,,565646,EXXON MOBIL CORP (100%),W-GB,Onshore Gathering & Boosting,267921.0,,,,,,,
1012588,36.7561,-108.05952,Aztec,NM,87410,35045,SAN JUAN COUNTY,382 Road 3100,,XTO Energy Inc 580 San Juan  GB,New Mexico,211111,2016,,DEFAULT,Green House Gas e-GGRT,565681,110071161902,,,W,,,,565681,EXXONMOBIL CORP (100%),W-GB,Onshore Gathering & Boosting,155074.0,,,,,,,
1012588,36.7561,-108.05952,Aztec,NM,87410,35045,SAN JUAN COUNTY,382 Road 3100,,XTO Energy Inc 580 San Juan  GB,New Mexico,211111,2017,,DEFAULT,Green House Gas e-GGRT,565681,110071161902,,,W,,,,565681,EXXONMOBIL CORP (100%),W-GB,Onshore Gathering & Boosting,172184.0,,,,,,,
1012626,36.8599119,-107.6215321,NAVAJO DAM,NM,87419,,,FOREST RD 218,,GATHERING/BOOSTING SAN JUAN BASIN 580,New Mexico,211112,2016,,DEFAULT,Green House Gas e-GGRT,566322,110070082411,,,W,,,,566322,SOUTHLAND ROYALTY CO (100%),W-GB,Onshore Gathering & Boosting,169639.0,,,,,,,
1012626,36.8599119,-107.6215321,NAVAJO DAM,NM,87419,,,FOREST RD 218,,GATHERING/BOOSTING SAN JUAN BASIN 580,New Mexico,211112,2017,,DEFAULT,Green House Gas e-GGRT,566322,,,,W,,,,566322,SOUTHLAND ROYALTY CO (100%),W-GB,Onshore Gathering & Boosting,169636.0,,,,,,,
1012626,36.8599119,-107.6215321,NAVAJO DAM,NM,87419,,,FOREST RD 218,,GATHERING/BOOSTING SAN JUAN BASIN 580,New Mexico,211130,2018,,DEFAULT,Green House Gas e-GGRT,566322,,,,W,,,,566322,SOUTHLAND ROYALTY CO (100%),W-GB,Onshore Gathering & Boosting,181158.0,,,,,,,
1012626,36.8599119,-107.6215321,NAVAJO DAM,NM,87419,,,FOREST RD 218,,GATHERING/BOOSTING SAN JUAN BASIN 580,New Mexico,211130,2019,,DEFAULT,Green House Gas e-GGRT,566322,,,,W,,,,566322,SOUTHLAND ROYALTY CO (100%),W-GB,Onshore Gathering & Boosting,208648.0,,,,,,,
1012626,36.8599119,-107.6215321,NAVAJO DAM,NM,87419,,,FOREST RD 218,,GATHERING/BOOSTING SAN JUAN BASIN 580,New Mexico,211130,2020,,DEFAULT,Green House Gas e-GGRT,566322,,,,W,,,,566322,SOUTHLAND ROYALTY CO (100%),W-GB,Onshore Gathering & Boosting,267987.0,,,,,,,
1012626,36.8599119,-107.6215321,NAVAJO DAM,NM,87419,,,FOREST RD 218,,GATHERING/BOOSTING SAN JUAN BASIN 580,New Mexico,211130,2021,,DEFAULT,Green House Gas e-GGRT,566322,,,,W,,,,566322,Morningstar Partners LP (100%),W-GB,Onshore Gathering & Boosting,314965.0,,,,,,,
1012626,36.8599119,-107.6215321,NAVAJO DAM,NM,87419,,,FOREST RD 218,,GATHERING/BOOSTING SAN JUAN BASIN 580,New Mexico,211130,2022,,DEFAULT,Green House Gas e-GGRT,566322,,,,W,,,,566322,MORNINGSTAR PARTNERS LP (100%),W-GB,Onshore Gathering & Boosting,346648.0,,,,,,,
1012626,36.8599119,-107.6215321,NAVAJO DAM,NM,87419,,,FOREST RD 218,,GATHERING/BOOSTING SAN JUAN BASIN 580,New Mexico,211130,2023,,DEFAULT,Green House Gas e-GGRT,566322,,,,W,,,,566322,MORNINGSTAR PARTNERS LP (100%),W-GB,Onshore Gathering & Boosting,365561.0,,,,,,,
1012724,36.7471661,-108.214028,Farmington,NM,87401,,,2010 Afton Place,,"LOGOS OPERATING, LLC",New Mexico,211111,2016,,DEFAULT,Green House Gas e-GGRT,566602,110070082464,,,W,,,,566602,LOGOS RESOURCES LLC (100%),W-ONSH,Onshore Oil & Gas Production,242477.0,,,,,,,
1012724,36.7471661,-108.214028,Farmington,NM,87401,,,2010 Afton Place,,"LOGOS OPERATING, LLC",New Mexico,211111,2017,,DEFAULT,Green House Gas e-GGRT,566602,,,,W,,,,566602,LOGOS RESOURCES II LLC (100%),W-ONSH,Onshore Oil & Gas Production,172139.0,,,,,,,
1012724,36.7471661,-108.214028,Farmington,NM,87401,,,2010 Afton Place,,"LOGOS OPERATING, LLC",New Mexico,211130,2018,,DEFAULT,Green House Gas e-GGRT,566602,,,,W,,,,566602,LOGOS RESOURCES II LLC (100%),W-ONSH,Onshore Oil & Gas Production,195941.0,,,,,,,
1012724,36.7471661,-108.214028,Farmington,NM,87401,,,2010 Afton Place,,"LOGOS OPERATING, LLC",New Mexico,211130,2019,,DEFAULT,Green House Gas e-GGRT,566602,,,,W,,,,566602,LOGOS RESOURCES LLC (100%),W-ONSH,Onshore Oil & Gas Production,278277.0,,,,,,,
1012724,36.7471661,-108.214028,Farmington,NM,87401,,,2010 Afton Place,,"LOGOS OPERATING, LLC",New Mexico,211130,2020,,DEFAULT,Green House Gas e-GGRT,566602,,,,W,,,,566602,LOGOS RESOURCES LLC (100%),W-ONSH,Onshore Oil & Gas Production,292617.0,,,,,,,
1012724,36.7471661,-108.214028,Farmington,NM,87401,,,2010 Afton Place,,"LOGOS OPERATING, LLC",New Mexico,211130,2021,,DEFAULT,Green House Gas e-GGRT,566602,,,,W,,,,566602,LOGOS RESOURCES LLC (100%),W-ONSH,Onshore Oil & Gas Production,323045.0,,,,,,,
1012724,36.7471661,-108.214028,Farmington,NM,87401,,,2010 Afton Place,,"LOGOS OPERATING, LLC",New Mexico,211130,2022,,DEFAULT,Green House Gas e-GGRT,566602,,,,W,,,,566602,LOGOS RESOURCES LLC (100%),W-ONSH,Onshore Oil & Gas Production,348490.0,,,,,,,
1012724,36.7471661,-108.214028,Farmington,NM,87401,,,2010 Afton Place,,"LOGOS OPERATING, LLC",New Mexico,211130,2023,,DEFAULT,Green House Gas e-GGRT,566602,,,,W,,,,566602,LOGOS RESOURCES LLC (100%),W-ONSH,Onshore Oil & Gas Production,366840.0,,,,,,,
1013038,32.901819901,-103.855895923999,Carlsbad,NM,88220,,,2423 Bonita Street,,Marathon Oil Permian (AAPG Basin Number 430),New Mexico,211111,2017,,DEFAULT,Green House Gas e-GGRT,569422,,,,W,,,,569422,MARATHON OIL CO (100%),W-ONSH,Onshore Oil & Gas Production,170863.0,,,,,,,
1013038,32.901819901,-103.855895923999,Carlsbad,NM,88220,,,4111 S Tidwell Rd,,Marathon Oil Permian (AAPG Basin Number 430),New Mexico,211120,2018,,DEFAULT,Green House Gas e-GGRT,569422,,,,W,,,,569422,MARATHON OIL CO (100%),W-ONSH,Onshore Oil & Gas Production,195453.0,,,,,,,
1013038,32.901819901,-103.855895923999,Carlsbad,NM,88220,,,4111 S Tidwell Rd,,Marathon Oil Permian (AAPG Basin Number 430),New Mexico,211120,2019,,DEFAULT,Green House Gas e-GGRT,569422,,,,W,,,,569422,MARATHON OIL CORP (100%),W-ONSH,Onshore Oil & Gas Production,237957.0,,,,,,,
1013038,32.901819901,-103.855895923999,Carlsbad,NM,88220,,,4111 S Tidwell Rd,,Marathon Oil Permian (AAPG Basin Number 430),New Mexico,211120,2020,,DEFAULT,Green House Gas e-GGRT,569422,,,,W,,,,569422,MARATHON OIL CORP (100%),W-ONSH,Onshore Oil & Gas Production,285558.0,,,,,,,
1013038,32.901819901,-103.855895923999,Carlsbad,NM,88220,,,4111 S Tidwell Rd,,Marathon Oil Permian (AAPG Basin Number 430),New Mexico,211120,2021,,DEFAULT,Green House Gas e-GGRT,569422,,,,W,,,,569422,MARATHON OIL CORP (100%),W-ONSH,Onshore Oil & Gas Production,323920.0,,,,,,,
1013038,32.901819901,-103.855895923999,Carlsbad,NM,88220,,,4111 S Tidwell Rd,,Marathon Oil Permian (AAPG Basin Number 430),New Mexico,211120,2022,,DEFAULT,Green House Gas e-GGRT,569422,,,,W,,,,569422,MARATHON OIL CORP (100%),W-ONSH,Onshore Oil & Gas Production,351079.0,,,,,,,
1013038,32.901819901,-103.855895923999,Carlsbad,NM,88220,,,4111 S Tidwell Rd,,Marathon Oil Permian (AAPG Basin Number 430),New Mexico,211120,2023,,DEFAULT,Green House Gas e-GGRT,569422,,,,W,,,,569422,MARATHON OIL CORP (100%),W-ONSH,Onshore Oil & Gas Production,361086.0,,,,,,,
1013364,32.265851,-104.11239,Loving,NM,88256,35015,EDDY COUNTY,1098 Bounds Road,,Roadrunner Gas Processing Plant,New Mexico,211130,2018,,CU_OTHERS,Green House Gas e-GGRT,571861,110070525521,,,"C,W",,,,571861,LUCID ENERGY DELAWARE (100%),"C,W-PROC",Direct Emitter,181469.0,,,,,,,
1013364,32.265851,-104.11239,Loving,NM,88256,35015,EDDY COUNTY,1098 Bounds Road,,Roadrunner Gas Processing Plant,New Mexico,211130,2019,,CU_OTHERS,Green House Gas e-GGRT,571861,110070525521,,,"C,W",,,,571861,LUCID ENERGY GROUP II LLC (100%),"C,W-PROC",Direct Emitter,232578.0,,,,,,,
1013364,32.265851,-104.11239,Loving,NM,88256,35015,EDDY COUNTY,1098 Bounds Road,,Roadrunner Gas Processing Plant,New Mexico,211130,2020,,CU_OTHERS,Green House Gas e-GGRT,571861,110070525521,,,"C,W",,,,571861,LUCID ENERGY GROUP II LLC (100%),"C,W-PROC",Direct Emitter,281497.0,,,,,,,
1013364,32.265851,-104.11239,Loving,NM,88256,35015,EDDY COUNTY,1098 Bounds Road,,Roadrunner Gas Processing Plant,New Mexico,211130,2021,,CU_OTHERS,Green House Gas e-GGRT,571861,110070525521,,,"C,W",,,,571861,LUCID ENERGY GROUP II LLC (100%),"C,W-PROC",Direct Emitter,320397.0,,,,,,,
1013364,32.265851,-104.11239,Loving,NM,88256,35015,EDDY COUNTY,1098 Bounds Road,,Roadrunner Gas Processing Plant,New Mexico,211130,2022,,CU_OTHERS,Green House Gas e-GGRT,571861,110070525521,,,"C,W",,,,571861,TARGA RESOURCES CORP (100%),"C,W-PROC",Direct Emitter,365297.0,,,,,,,
1013364,32.265851,-104.11239,Loving,NM,88256,35015,EDDY COUNTY,1098 Bounds Road,,Roadrunner Gas Processing Plant,New Mexico,211130,2023,,CU_OTHERS,Green House Gas e-GGRT,571861,110070525521,,,"C,W",,,,571861,TARGA RESOURCES CORP (100%),"C,W-PROC",Direct Emitter,368898.0,,,,,,,
1013549,34.1175561,-105.66627086,Corona,NM,88318,35027,LINCOLN COUNTY,,,"EPNG Station 6552 Lincoln, NM",New Mexico,486210,2019,,CU_OTHERS,Green House Gas e-GGRT,573084,110070716095,,,"C,W",,,,573084,KINDER MORGAN INC (100%),"C,W-NGTC",Direct Emitter,289943.0,,,,,,,
1013549,34.1175561,-105.66627086,Corona,NM,88318,35027,LINCOLN COUNTY,,,"EPNG Station 6552 Lincoln, NM",New Mexico,486210,2020,,CU_OTHERS,Green House Gas e-GGRT,573084,110070716095,,,"C,W",,,,573084,KINDER MORGAN INC (100%),"C,W-NGTC",Direct Emitter,323488.0,,,,,,,
1013549,34.1175561,-105.66627086,Corona,NM,88318,35027,LINCOLN COUNTY,,,"EPNG Station 6552 Lincoln, NM",New Mexico,486210,2021,,CU_OTHERS,Green House Gas e-GGRT,573084,110070716095,,,"C,W",,,,573084,KINDER MORGAN INC (100%),"C,W-NGTC",Direct Emitter,311430.0,,,,,,,
1013549,34.1175561,-105.66627086,Corona,NM,88318,35027,LINCOLN COUNTY,,,"EPNG Station 6552 Lincoln, NM",New Mexico,486210,2022,,CU_OTHERS,Green House Gas e-GGRT,573084,110070716095,,,"C,W",,,,573084,KINDER MORGAN INC (100%),"C,W-NGTC",Direct Emitter,339861.0,,,,,,,
1013549,34.1175561,-105.66627086,Corona,NM,88318,35027,LINCOLN COUNTY,,,"EPNG Station 6552 Lincoln, NM",New Mexico,486210,2023,,CU_OTHERS,Green House Gas e-GGRT,573084,110070716095,,,"C,W",,,,573084,KINDER MORGAN INC (100%),"C,W-NGTC",Direct Emitter,359037.0,,,,,,,
1013550,35.3930538,-108.22624538,Thoreau,NM,87323,35031,MCKINLEY COUNTY,,,"EPNG Station 6527 Bluewater, NM",New Mexico,486210,2019,,CU_OTHERS,Green House Gas e-GGRT,573083,110070716014,,,"C,W",,,,573083,KINDER MORGAN INC (100%),"C,W-NGTC",Direct Emitter,289818.0,,,,,,,
1013550,35.3930538,-108.22624538,Thoreau,NM,87323,35031,MCKINLEY COUNTY,,,"EPNG Station 6527 Bluewater, NM",New Mexico,486210,2020,,CU_OTHERS,Green House Gas e-GGRT,573083,110070716014,,,"C,W",,,,573083,KINDER MORGAN INC (100%),"C,W-NGTC",Direct Emitter,323544.0,,,,,,,
1013550,35.3930538,-108.22624538,Thoreau,NM,87323,35031,MCKINLEY COUNTY,,,"EPNG Station 6527 Bluewater, NM",New Mexico,486210,2021,,CU_OTHERS,Green House Gas e-GGRT,573083,110070716014,,,"C,W",,,,573083,KINDER MORGAN INC (100%),"C,W-NGTC",Direct Emitter,309921.0,,,,,,,
1013550,35.3930538,-108.22624538,Thoreau,NM,87323,35031,MCKINLEY COUNTY,,,"EPNG Station 6527 Bluewater, NM",New Mexico,486210,2022,,CU_OTHERS,Green House Gas e-GGRT,573083,110070716014,,,"C,W",,,,573083,KINDER MORGAN INC (100%),"C,W-NGTC",Direct Emitter,339860.0,,,,,,,
1013550,35.3930538,-108.22624538,Thoreau,NM,87323,35031,MCKINLEY COUNTY,,,"EPNG Station 6527 Bluewater, NM",New Mexico,486210,2023,,CU_OTHERS,Green House Gas e-GGRT,573083,110070716014,,,"C,W",,,,573083,KINDER MORGAN INC (100%),"C,W-NGTC",Direct Emitter,359036.0,,,,,,,
1013562,33.71192245,-104.54848296,Roswell,NM,88201,35005,CHAVES COUNTY,,,"EPNG Station 6570 Roswell, NM",New Mexico,486210,2020,,CU_OTHERS,Green House Gas e-GGRT,573085,110070943593,,,"C,W",,,,573085,KINDER MORGAN INC (100%),"C,W-NGTC",Direct Emitter,291320.0,,,,,,,
1013562,33.71192245,-104.54848296,Roswell,NM,88201,35005,CHAVES COUNTY,,,"EPNG Station 6570 Roswell, NM",New Mexico,486210,2021,,CU_OTHERS,Green House Gas e-GGRT,573085,110070943593,,,"C,W",,,,573085,KINDER MORGAN INC (100%),"C,W-NGTC",Direct Emitter,310470.0,,,,,,,
1013562,33.71192245,-104.54848296,Roswell,NM,88201,35005,CHAVES COUNTY,,,"EPNG Station 6570 Roswell, NM",New Mexico,486210,2022,,CU_OTHERS,Green House Gas e-GGRT,573085,110070943593,,,"C,W",,,,573085,KINDER MORGAN INC (100%),"C,W-NGTC",Direct Emitter,339862.0,,,,,,,
1013562,33.71192245,-104.54848296,Roswell,NM,88201,35005,CHAVES COUNTY,,,"EPNG Station 6570 Roswell, NM",New Mexico,486210,2023,,CU_OTHERS,Green House Gas e-GGRT,573085,110070943593,,,"C,W",,,,573085,KINDER MORGAN INC (100%),"C,W-NGTC",Direct Emitter,359038.0,,,,,,,
1013621,32.540693,-103.522351,Hobbs,NM,88240,35025,LEA COUNTY,674 Marathon Rd,,DKL Libby Gas Plant,New Mexico,211130,2019,,CU_OTHERS,Green House Gas e-GGRT,573821,110070789268,,,"C,W",,,,573821,3 Bear Delaware Operating  NM LLC (100%),"C,W-PROC",Direct Emitter,325940.0,,,,,,,
1013621,32.540693,-103.522351,Hobbs,NM,88240,35025,LEA COUNTY,674 Marathon Rd,,DKL Libby Gas Plant,New Mexico,211130,2020,,CU_OTHERS,Green House Gas e-GGRT,573821,110070789268,,,"C,W",,,,573821,3 BEAR DELAWARE OPERATING  NM LLC (100%),"C,W-PROC",Direct Emitter,272877.0,,,,,,,
1013621,32.540693,-103.522351,Hobbs,NM,88240,35025,LEA COUNTY,674 Marathon Rd,,DKL Libby Gas Plant,New Mexico,211130,2021,,CU_OTHERS,Green House Gas e-GGRT,573821,110070789268,,,"C,W",,,,573821,3 BEAR DELAWARE OPERATING  NM LLC (100%),"C,W-PROC",Direct Emitter,314327.0,,,,,,,
1013621,32.540693,-103.522351,Hobbs,NM,88240,35025,LEA COUNTY,674 Marathon Rd,,DKL Libby Gas Plant,New Mexico,211130,2022,,CU_OTHERS,Green House Gas e-GGRT,573821,110070789268,,,"C,W",,,,573821,DELEK US HOLDINGS INC (100%),"C,W-PROC",Direct Emitter,352838.0,,,,,,,
1013621,32.540693,-103.522351,Hobbs,NM,88240,35025,LEA COUNTY,674 Marathon Rd,,DKL Libby Gas Plant,New Mexico,211130,2023,,CU_OTHERS,Green House Gas e-GGRT,573821,110070789268,,,"C,W",,,,573821,DELEK US HOLDINGS INC (100%),"C,W-PROC",Direct Emitter,362830.0,,,,,,,
1013739,32.535209,-103.825291,Carlsbad,NM,88220,,,55 Buffalo Grass Rd.,,Marlan Gas Plant,New Mexico,211130,2019,,CU_OTHERS,Green House Gas e-GGRT,574624,,,,"C,W",,,,574624,SUMMIT MIDSTREAM PARTNERS LP (100%),"C,W-PROC",Direct Emitter,324075.0,,,,,,,
1013739,32.535209,-103.825291,Carlsbad,NM,88220,,,55 Buffalo Grass Rd.,,Marlan Gas Plant,New Mexico,211130,2020,,CU_OTHERS,Green House Gas e-GGRT,574624,,,,"C,W",,,,574624,SUMMIT MIDSTREAM PARTNERS LP (100%),"C,W-PROC",Direct Emitter,317939.0,,,,,,,
1013739,32.535209,-103.825291,Carlsbad,NM,88220,,,55 Buffalo Grass Rd.,,Marlan Gas Plant,New Mexico,211130,2021,,CU_OTHERS,Green House Gas e-GGRT,574624,,,,"C,W",,,,574624,SUMMIT MIDSTREAM PARTNERS LP (100%),"C,W-PROC",Direct Emitter,324073.0,,,,,,,
1013739,32.535209,-103.825291,Carlsbad,NM,88220,,,55 Buffalo Grass Rd.,,Marlan Gas Plant,New Mexico,211130,2022,,CU_OTHERS,Green House Gas e-GGRT,574624,,,,"C,W",,,,574624,SUMMIT MIDSTREAM PARTNERS LP (100%),"C,W-PROC",Direct Emitter,350821.0,,,,,,,
1013739,32.535209,-103.825291,Carlsbad,NM,88220,,,55 Buffalo Grass Rd.,,Marlan Gas Plant,New Mexico,211130,2023,,CU_OTHERS,Green House Gas e-GGRT,574624,,,,"C,W",,,,574624,SUMMIT MIDSTREAM PARTNERS LP (100%),"C,W-PROC",Direct Emitter,367491.0,,,,,,,
1013774,32.265179,-104.126166,Loving,NM,88256,35015,EDDY COUNTY,977 Bounds Rd,,Black River Gas Processing Plant,New Mexico,211130,2019,,CU_OTHERS,Green House Gas e-GGRT,575161,110070028366,,,"C,W",,,,575161,"San Mateo Midstream II, LLC (100%)","C,W-PROC",Direct Emitter,282458.0,,,,,,,
1013774,32.265179,-104.126166,Loving,NM,88256,35015,EDDY COUNTY,977 Bounds Rd,,Black River Gas Processing Plant,New Mexico,211130,2020,,CU_OTHERS,Green House Gas e-GGRT,575161,110070028366,,,"C,W",,,,575161,SAN MATEO MIDSTREAM LLC (100%),"C,W-PROC",Direct Emitter,268044.0,,,,,,,
1013774,32.265179,-104.126166,Loving,NM,88256,35015,EDDY COUNTY,977 Bounds Rd,,Black River Gas Processing Plant,New Mexico,211130,2021,,CU_OTHERS,Green House Gas e-GGRT,575161,110070028366,,,"C,W",,,,575161,SAN MATEO MIDSTREAM LLC (100%),"C,W-PROC",Direct Emitter,331697.0,,,,,,,
1013774,32.265179,-104.126166,Loving,NM,88256,35015,EDDY COUNTY,977 Bounds Rd,,Black River Gas Processing Plant,New Mexico,211130,2022,,CU_OTHERS,Green House Gas e-GGRT,575161,110070028366,,,"C,W",,,,575161,SAN MATEO MIDSTREAM LLC (100%),"C,W-PROC",Direct Emitter,367478.0,,,,,,,
1013774,32.265179,-104.126166,Loving,NM,88256,35015,EDDY COUNTY,977 Bounds Rd,,Black River Gas Processing Plant,New Mexico,211130,2023,,CU_OTHERS,Green House Gas e-GGRT,575161,110070028366,,,"C,W",,,,575161,SAN MATEO MIDSTREAM LLC (100%),"C,W-PROC",Direct Emitter,367492.0,,,,,,,
1013826,34.58284,-106.69525,Belen,NM,87002,35061,VALENCIA COUNTY,98 TURBINE ROAD,,EPNG Belen Compressor Station,New Mexico,486210,2020,,CU_OTHERS,Green House Gas e-GGRT,576161,110070930995,,,"C,W",,,,576161,KINDER MORGAN INC (100%),"C,W-NGTC",Direct Emitter,291340.0,,,,,,,
1013826,34.58284,-106.69525,Belen,NM,87002,35061,VALENCIA COUNTY,98 TURBINE ROAD,,EPNG Belen Compressor Station,New Mexico,486210,2021,,CU_OTHERS,Green House Gas e-GGRT,576161,110070930995,,,"C,W",,,,576161,KINDER MORGAN INC (100%),"C,W-NGTC",Direct Emitter,310685.0,,,,,,,
1013826,34.58284,-106.69525,Belen,NM,87002,35061,VALENCIA COUNTY,98 TURBINE ROAD,,EPNG Belen Compressor Station,New Mexico,486210,2022,,CU_OTHERS,Green House Gas e-GGRT,576161,110070930995,,,"C,W",,,,576161,KINDER MORGAN INC (100%),"C,W-NGTC",Direct Emitter,339856.0,,,,,,,
1013826,34.58284,-106.69525,Belen,NM,87002,35061,VALENCIA COUNTY,98 TURBINE ROAD,,EPNG Belen Compressor Station,New Mexico,486210,2023,,CU_OTHERS,Green House Gas e-GGRT,576161,110070930995,,,"C,W",,,,576161,KINDER MORGAN INC (100%),"C,W-NGTC",Direct Emitter,359050.0,,,,,,,
1013827,33.331252,-103.573993,Tatum,NM,88267,35025,LEA COUNTY,,,EPNG Caprock Compressor Station,New Mexico,486210,2020,,CU_OTHERS,Green House Gas e-GGRT,576181,110070931053,,,"C,W",,,,576181,KINDER MORGAN INC (100%),"C,W-NGTC",Direct Emitter,291377.0,,,,,,,
1013827,33.331252,-103.573993,Tatum,NM,88267,35025,LEA COUNTY,,,EPNG Caprock Compressor Station,New Mexico,486210,2021,,CU_OTHERS,Green House Gas e-GGRT,576181,110070931053,,,"C,W",,,,576181,KINDER MORGAN INC (100%),"C,W-NGTC",Direct Emitter,310686.0,,,,,,,
1013827,33.331252,-103.573993,Tatum,NM,88267,35025,LEA COUNTY,,,EPNG Caprock Compressor Station,New Mexico,486210,2022,,CU_OTHERS,Green House Gas e-GGRT,576181,110070931053,,,"C,W",,,,576181,KINDER MORGAN INC (100%),"C,W-NGTC",Direct Emitter,339857.0,,,,,,,
1013827,33.331252,-103.573993,Tatum,NM,88267,35025,LEA COUNTY,,,EPNG Caprock Compressor Station,New Mexico,486210,2023,,CU_OTHERS,Green House Gas e-GGRT,576181,110070931053,,,"C,W",,,,576181,KINDER MORGAN INC (100%),"C,W-NGTC",Direct Emitter,359051.0,,,,,,,
1013845,32.7599498199006,-103.197900155813,Hobbs,NM,88240,,,4801 Business Park Blvd,,Mewbourne Oil Company - Permian Basin 430,New Mexico,211120,2015,,DEFAULT,Green House Gas e-GGRT,576301,,,,W,,,,576301,,W-ONSH,Onshore Oil & Gas Production,263991.0,,,,,,,
1013845,32.7599498199006,-103.197900155813,Hobbs,NM,88240,,,4801 Business Park Blvd,,Mewbourne Oil Company - Permian Basin 430,New Mexico,211120,2016,,DEFAULT,Green House Gas e-GGRT,576301,,,,W,,,,576301,Mewbourne Oil CO (100%),W-ONSH,Onshore Oil & Gas Production,293097.0,,,,,,,
1013845,32.7599498199006,-103.197900155813,Hobbs,NM,88240,,,4801 Business Park Blvd,,Mewbourne Oil Company - Permian Basin 430,New Mexico,211120,2017,,DEFAULT,Green House Gas e-GGRT,576301,,,,W,,,,576301,Mewbourne Oil CO (100%),W-ONSH,Onshore Oil & Gas Production,296598.0,,,,,,,
1013845,32.7599498199006,-103.197900155813,Hobbs,NM,88240,,,4801 Business Park Blvd,,Mewbourne Oil Company - Permian Basin 430,New Mexico,211120,2018,,DEFAULT,Green House Gas e-GGRT,576301,,,,W,,,,576301,Mewbourne Oil CO (100%),W-ONSH,Onshore Oil & Gas Production,299258.0,,,,,,,
1013845,32.7599498199006,-103.197900155813,Hobbs,NM,88240,,,4801 Business Park Blvd,,Mewbourne Oil Company - Permian Basin 430,New Mexico,211120,2019,,DEFAULT,Green House Gas e-GGRT,576301,,,,W,,,,576301,Mewbourne Oil CO (100%),W-ONSH,Onshore Oil & Gas Production,296638.0,,,,,,,
1013845,32.7599498199006,-103.197900155813,Hobbs,NM,88240,,,4801 Business Park Blvd,,Mewbourne Oil Company - Permian Basin 430,New Mexico,211120,2020,,DEFAULT,Green House Gas e-GGRT,576301,,,,W,,,,576301,Mewbourne Oil CO (100%),W-ONSH,Onshore Oil & Gas Production,296600.0,,,,,,,
1013845,32.7599498199006,-103.197900155813,Hobbs,NM,88240,,,4801 Business Park Blvd,,Mewbourne Oil Company - Permian Basin 430,New Mexico,211120,2021,,DEFAULT,Green House Gas e-GGRT,576301,,,,W,,,,576301,MEWBOURNE HOLDINGS INC (100%),W-ONSH,Onshore Oil & Gas Production,324299.0,,,,,,,
1013845,32.7599498199006,-103.197900155813,Hobbs,NM,88240,,,4801 Business Park Blvd,,Mewbourne Oil Company - Permian Basin 430,New Mexico,211120,2022,,DEFAULT,Green House Gas e-GGRT,576301,,,,W,,,,576301,MEWBOURNE HOLDINGS INC (100%),W-ONSH,Onshore Oil & Gas Production,352738.0,,,,,,,
1013845,32.7599498199006,-103.197900155813,Hobbs,NM,88240,,,4801 Business Park Blvd,,Mewbourne Oil Company - Permian Basin 430,New Mexico,211120,2023,,DEFAULT,Green House Gas e-GGRT,576301,,,,W,,,,576301,MEWBOURNE HOLDINGS INC (100%),W-ONSH,Onshore Oil & Gas Production,368458.0,,,,,,,
1013937,32.540693,-103.522351,Hobbs,NM,88240,35025,LEA COUNTY,674 Marathon Rd,,DKL - 430 - Permian Basin Gathering and Boosting,New Mexico,211120,2020,,DEFAULT,Green House Gas e-GGRT,577521,110070930993,,,W,,,,577521,3 BEAR DELAWARE OPERATING  NM LLC (100%),W-GB,Onshore Gathering & Boosting,295877.0,,,,,,,
1013937,32.540693,-103.522351,Hobbs,NM,88240,35025,LEA COUNTY,674 Marathon Rd,,DKL - 430 - Permian Basin Gathering and Boosting,New Mexico,211120,2021,,DEFAULT,Green House Gas e-GGRT,577521,110070930993,,,W,,,,577521,3 BEAR DELAWARE OPERATING  NM LLC (100%),W-GB,Onshore Gathering & Boosting,347217.0,,,,,,,
1013937,32.540693,-103.522351,Hobbs,NM,88240,35025,LEA COUNTY,674 Marathon Rd,,DKL - 430 - Permian Basin Gathering and Boosting,New Mexico,211120,2022,,DEFAULT,Green House Gas e-GGRT,577521,110070930993,,,W,,,,577521,DELEK US HOLDINGS INC (100%),W-GB,Onshore Gathering & Boosting,348552.0,,,,,,,
1013937,32.540693,-103.522351,Hobbs,NM,88240,35025,LEA COUNTY,674 Marathon Rd,,DKL - 430 - Permian Basin Gathering and Boosting,New Mexico,211120,2023,,DEFAULT,Green House Gas e-GGRT,577521,110070930993,,,W,,,,577521,DELEK US HOLDINGS INC (100%),W-GB,Onshore Gathering & Boosting,362839.0,,,,,,,
1013964,32.761073,-103.197581,Hobbs,NM,88240,35025,LEA COUNTY,"4801 Business Park Blvd, Hobbs, NM 88240",,Mewbourne Oil Company - Permian Basin 430 Gf,New Mexico,486210,2016,,DEFAULT,Green House Gas e-GGRT,577444,110070931025,,,W,,,,577444,Mewbourne Oil CO (100%),W-GB,Onshore Gathering & Boosting,263786.0,,,,,,,
1013964,32.761073,-103.197581,Hobbs,NM,88240,35025,LEA COUNTY,"4801 Business Park Blvd, Hobbs, NM 88240",,Mewbourne Oil Company - Permian Basin 430 Gf,New Mexico,486210,2017,,DEFAULT,Green House Gas e-GGRT,577444,110070931025,,,W,,,,577444,Mewbourne Oil CO (100%),W-GB,Onshore Gathering & Boosting,263787.0,,,,,,,
1013964,32.761073,-103.197581,Hobbs,NM,88240,35025,LEA COUNTY,"4801 Business Park Blvd, Hobbs, NM 88240",,Mewbourne Oil Company - Permian Basin 430 Gf,New Mexico,486210,2018,,DEFAULT,Green House Gas e-GGRT,577444,110070931025,,,W,,,,577444,Mewbourne Oil CO (100%),W-GB,Onshore Gathering & Boosting,263795.0,,,,,,,
1013964,32.761073,-103.197581,Hobbs,NM,88240,35025,LEA COUNTY,"4801 Business Park Blvd, Hobbs, NM 88240",,Mewbourne Oil Company - Permian Basin 430 Gf,New Mexico,486210,2019,,DEFAULT,Green House Gas e-GGRT,577444,110070931025,,,W,,,,577444,Mewbourne Oil CO (100%),W-GB,Onshore Gathering & Boosting,263798.0,,,,,,,
1013964,32.761073,-103.197581,Hobbs,NM,88240,35025,LEA COUNTY,"4801 Business Park Blvd, Hobbs, NM 88240",,Mewbourne Oil Company - Permian Basin 430 Gf,New Mexico,486210,2020,,DEFAULT,Green House Gas e-GGRT,577444,110070931025,,,W,,,,577444,Mewbourne Oil CO (100%),W-GB,Onshore Gathering & Boosting,268126.0,,,,,,,
1013964,32.761073,-103.197581,Hobbs,NM,88240,35025,LEA COUNTY,"4801 Business Park Blvd, Hobbs, NM 88240",,Mewbourne Oil Company - Permian Basin 430 Gf,New Mexico,486210,2021,,DEFAULT,Green House Gas e-GGRT,577444,110070931025,,,W,,,,577444,MEWBOURNE HOLDINGS INC (100%),W-GB,Onshore Gathering & Boosting,313009.0,,,,,,,
1013964,32.761073,-103.197581,Hobbs,NM,88240,35025,LEA COUNTY,"4801 Business Park Blvd, Hobbs, NM 88240",,Mewbourne Oil Company - Permian Basin 430 Gf,New Mexico,486210,2022,,DEFAULT,Green House Gas e-GGRT,577444,110070931025,,,W,,,,577444,MEWBOURNE HOLDINGS INC (100%),W-GB,Onshore Gathering & Boosting,349705.0,,,,,,,
1013964,32.761073,-103.197581,Hobbs,NM,88240,35025,LEA COUNTY,"4801 Business Park Blvd, Hobbs, NM 88240",,Mewbourne Oil Company - Permian Basin 430 Gf,New Mexico,486210,2023,,DEFAULT,Green House Gas e-GGRT,577444,110070931025,,,W,,,,577444,MEWBOURNE HOLDINGS INC (100%),W-GB,Onshore Gathering & Boosting,367365.0,,,,,,,
1014383,32.271766,-103.813963,Malaga,NM,88263,35015,EDDY COUNTY,,,USA Compression Partners LLC,New Mexico,211130,2021,,DEFAULT,Green House Gas e-GGRT,581261,110071232150,,,W,,,,581261,USA COMPRESSION PARTNERS LP (100%),W-GB,Onshore Gathering & Boosting,318419.0,,,,,,,
1014396,32.160418,-103.838592,Malaga,NM,88263,35015,EDDY COUNTY,932 Buck Jackson Road,,Cowboy CDP,New Mexico,211120,2021,,CU_OTHERS,Green House Gas e-GGRT,581844,110070671361,,,"C,W",,,,581844,EXXON MOBIL CORP (100%),"C,W-PROC",Direct Emitter,323757.0,,,,,,,
1014396,32.160418,-103.838592,Malaga,NM,88263,35015,EDDY COUNTY,932 Buck Jackson Road,,Cowboy CDP,New Mexico,211120,2022,,CU_OTHERS,Green House Gas e-GGRT,581844,110070671361,,,"C,W",,,,581844,EXXON MOBIL CORP (100%),"C,W-PROC",Direct Emitter,340408.0,,,,,,,
1014396,32.160418,-103.838592,Malaga,NM,88263,35015,EDDY COUNTY,932 Buck Jackson Road,,Cowboy CDP,New Mexico,211120,2023,,CU_OTHERS,Green House Gas e-GGRT,581844,110070671361,,,"C,W",,,,581844,EXXON MOBIL CORP (100%),"C,W-PROC",Direct Emitter,365293.0,,,,,,,
1014467,32.1371469260185,-103.287467366585,Jal,NM,88252,,,465 W NM Hwy 128,,Dark Horse Treating Plant,New Mexico,211130,2022,,CU_OTHERS,Green House Gas e-GGRT,582541,,,,"C,UU,W",,,,582541,PINON MIDSTREAM LLC (100%),"C,UU,W-PROC","Direct Emitter, CO2 Injection",366517.0,,,,,,,
1014467,32.1371469260185,-103.287467366585,Jal,NM,88252,,,465 W NM Hwy 128,,Dark Horse Treating Plant,New Mexico,211130,2023,,CU_OTHERS,Green House Gas e-GGRT,582541,,,,"C,UU,W",,,,582541,PINON MIDSTREAM LLC (100%),"C,UU,W-PROC","Direct Emitter, CO2 Injection",366518.0,,,,,,,
1014673,32.266807,-104.120841,Loving,NM,88256,35015,EDDY COUNTY,1025 Bounds Road,,Sendero Carlsbad Plant,New Mexico,211130,2022,,CU_OTHERS,Green House Gas e-GGRT,585522,110070151860,,,"C,W",,,,585522,CRESTWOOD EQUITY PARTNERS LP (100%),"C,W-PROC",Direct Emitter,346632.0,,,,,,,
1014673,32.266807,-104.120841,Loving,NM,88256,35015,EDDY COUNTY,1025 Bounds Road,,Sendero Carlsbad Plant,New Mexico,211130,2023,,CU_OTHERS,Green House Gas e-GGRT,585522,110070151860,,,"C,W",,,,585522,ENERGY TRANSFER LP (100%),"C,W-PROC",Direct Emitter,364536.0,,,,,,,
1014727,32.9363815536122,-104.284043136934,Carlsbad,NM,88220,,,415 Who Who Dr,,Capitan Energy 430,New Mexico,211120,2018,,DEFAULT,Green House Gas e-GGRT,586221,,,,W,,,,586221,Capitan Energy (100%),W-ONSH,Onshore Oil & Gas Production,352437.0,,,,,,,
1014727,32.9363815536122,-104.284043136934,Carlsbad,NM,88220,,,415 Who Who Dr,,Capitan Energy 430,New Mexico,211120,2019,,DEFAULT,Green House Gas e-GGRT,586221,,,,W,,,,586221,Capitan Energy (100%),W-ONSH,Onshore Oil & Gas Production,369249.0,,,,,,,
1014727,32.9363815536122,-104.284043136934,Carlsbad,NM,88220,,,415 Who Who Dr,,Capitan Energy 430,New Mexico,211120,2020,,DEFAULT,Green House Gas e-GGRT,586221,,,,W,,,,586221,Capitan Energy (100%),W-ONSH,Onshore Oil & Gas Production,352439.0,,,,,,,
1014727,32.9363815536122,-104.284043136934,Carlsbad,NM,88220,,,415 Who Who Dr,,Capitan Energy 430,New Mexico,211120,2021,,DEFAULT,Green House Gas e-GGRT,586221,,,,W,,,,586221,Capitan Energy (100%),W-ONSH,Onshore Oil & Gas Production,348882.0,,,,,,,
1014727,32.9363815536122,-104.284043136934,Carlsbad,NM,88220,,,415 Who Who Dr,,Capitan Energy 430,New Mexico,211120,2022,,DEFAULT,Green House Gas e-GGRT,586221,,,,W,,,,586221,Capitan Energy Inc (100%),W-ONSH,Onshore Oil & Gas Production,348884.0,,,,,,,
1014727,32.9363815536122,-104.284043136934,Carlsbad,NM,88220,,,415 Who Who Dr,,Capitan Energy 430,New Mexico,211120,2023,,DEFAULT,Green House Gas e-GGRT,586221,,,,W,,,,586221,Capitan Energy Inc (100%),W-ONSH,Onshore Oil & Gas Production,362897.0,,,,,,,
1014815,32.71629,-104.44602,Artesia,NM,88210,35015,EDDY COUNTY,278 Pipeline Road,,Dagger Draw Gas Plant,New Mexico,211130,2023,,CU_OTHERS,Green House Gas e-GGRT,587341,110010658252,,,"C,UU,W",,,,587341,Durango Midstream LLC (100%),"C,UU,W-PROC","Direct Emitter, CO2 Injection",367663.0,,,,,,,
1014869,32.430452002413,-104.258183037982,Carlsbad,NM,88220,,,2424 Bonita St,,LM Touchdown LLC,New Mexico,211130,2023,,DEFAULT,Green House Gas e-GGRT,588181,,,,W,,,,588181,LM Touchdown LLC (100%),W-GB,Onshore Gathering & Boosting,362472.0,,,,,,,
1014894,32.7813,-104.2265,Riverside,NM,88210,35015,EDDY COUNTY,,,Atoka #1 Compressor Station,New Mexico,486210,2023,,CU_OTHERS,Green House Gas e-GGRT,588381,110071664838,,,"C,W",,,,588381,ENERGY TRANSFER LP (100%),"C,W-NGTC",Direct Emitter,363949.0,,,,,,,
